tile_a,route_a,fold_a,tile_b,route_b,fold_b,overlap_m2,pct_of_tile
O2021_82_16_1_0024_00004781_10cm_2000_0.tif,82-16,2,O2021_82_24_1_0022_00001739_10cm_0_1000.tif,82-24,2,6956.0,69.56
O2021_82_16_1_0024_00004781_10cm_3000_0.tif,82-16,2,O2021_82_24_1_0022_00001739_10cm_1000_1000.tif,82-24,2,6956.0,69.56
O2021_82_16_1_0024_00004781_10cm_3000_0.tif,82-16,2,O2021_82_24_1_0022_00001739_10cm_0_1000.tif,82-24,2,2444.0,24.44
O2021_82_16_1_0024_00004781_10cm_4000_0.tif,82-16,2,O2021_82_24_1_0022_00001739_10cm_2000_2000.tif,82-24,2,444.0,4.44
O2021_82_16_1_0024_00004781_10cm_4000_0.tif,82-16,2,O2021_82_24_1_0022_00001739_10cm_1000_1000.tif,82-24,2,2444.0,24.44
O2021_82_16_1_0024_00004781_10cm_4000_0.tif,82-16,2,O2021_82_24_1_0022_00001739_10cm_2000_1000.tif,82-24,2,6956.0,69.56
O2021_82_16_1_0024_00004781_10cm_5000_0.tif,82-16,2,O2021_82_24_1_0022_00001739_10cm_2000_2000.tif,82-24,2,156.0,1.56
O2021_82_16_1_0024_00004781_10cm_5000_0.tif,82-16,2,O2021_82_24_1_0022_00001739_10cm_3000_2000.tif,82-24,2,444.0,4.44
O2021_82_16_1_0024_00004781_10cm_5000_0.tif,82-16,2,O2021_82_24_1_0022_00001739_10cm_2000_1000.tif,82-24,2,2444.0,24.44
O2021_82_16_1_0024_00004781_10cm_5000_0.tif,82-16,2,O2021_82_24_1_0022_00001739_10cm_3000_1000.tif,82-24,2,6956.0,69.56
O2021_82_16_1_0024_00004781_10cm_5000_1000.tif,82-16,2,O2021_82_24_1_0022_00001739_10cm_2000_2000.tif,82-24,2,2444.0,24.44
O2021_82_16_1_0024_00004781_10cm_5000_1000.tif,82-16,2,O2021_82_24_1_0022_00001739_10cm_3000_2000.tif,82-24,2,6956.0,69.56
O2021_82_16_1_0024_00004781_10cm_6000_0.tif,82-16,2,O2021_82_24_1_0022_00001739_10cm_4000_2000.tif,82-24,2,444.0,4.44
O2021_82_16_1_0024_00004781_10cm_6000_0.tif,82-16,2,O2021_82_24_1_0022_00001739_10cm_3000_2000.tif,82-24,2,156.0,1.56
O2021_82_16_1_0024_00004781_10cm_6000_0.tif,82-16,2,O2021_82_24_1_0022_00001739_10cm_4000_1000.tif,82-24,2,6956.0,69.56
O2021_82_16_1_0024_00004781_10cm_6000_0.tif,82-16,2,O2021_82_24_1_0022_00001739_10cm_3000_1000.tif,82-24,2,2444.0,24.44
O2021_82_16_1_0024_00004781_10cm_6000_1000.tif,82-16,2,O2021_82_24_1_0022_00001739_10cm_4000_2000.tif,82-24,2,6956.0,69.56
O2021_82_16_1_0024_00004781_10cm_6000_1000.tif,82-16,2,O2021_82_24_1_0022_00001739_10cm_3000_2000.tif,82-24,2,2444.0,24.44
O2021_82_16_1_0024_00004781_10cm_7000_0.tif,82-16,2,O2021_82_24_1_0022_00001739_10cm_5000_2000.tif,82-24,2,444.0,4.44
O2021_82_16_1_0024_00004781_10cm_7000_0.tif,82-16,2,O2021_82_24_1_0022_00001739_10cm_4000_2000.tif,82-24,2,156.0,1.56
O2021_82_16_1_0024_00004781_10cm_7000_0.tif,82-16,2,O2021_82_24_1_0022_00001739_10cm_5000_1000.tif,82-24,2,6956.0,69.56
O2021_82_16_1_0024_00004781_10cm_7000_0.tif,82-16,2,O2021_82_24_1_0022_00001739_10cm_4000_1000.tif,82-24,2,2444.0,24.44
O2021_82_16_1_0024_00004781_10cm_7000_1000.tif,82-16,2,O2021_82_24_1_0022_00001739_10cm_5000_3000.tif,82-24,2,4958.0,49.58
O2021_82_16_1_0024_00004781_10cm_7000_1000.tif,82-16,2,O2021_82_24_1_0022_00001739_10cm_5000_2000.tif,82-24,2,6956.0,69.56
O2021_82_16_1_0024_00004781_10cm_7000_1000.tif,82-16,2,O2021_82_24_1_0022_00001739_10cm_4000_2000.tif,82-24,2,2444.0,24.44
O2021_82_16_1_0024_00004781_10cm_7440_1000.tif,82-16,2,O2021_82_24_1_0022_00001739_10cm_5000_3000.tif,82-24,2,5494.0,54.94
O2021_82_16_1_0024_00004781_10cm_7440_1000.tif,82-16,2,O2021_82_24_1_0022_00001739_10cm_6000_3000.tif,82-24,2,1206.0,12.06
O2021_82_16_1_0024_00004781_10cm_7440_1000.tif,82-16,2,O2021_82_24_1_0023_00001726_10cm_0_0.tif,82-24,2,1988.0,19.88
O2021_82_16_1_0024_00004781_10cm_7440_1000.tif,82-16,2,O2021_82_24_1_0023_00001727_10cm_0_3000.tif,82-24,2,2660.0,26.6
O2021_82_16_1_0024_00004781_10cm_7440_1000.tif,82-16,2,O2021_82_24_1_0022_00001739_10cm_5000_2000.tif,82-24,2,7708.0,77.08
O2021_82_16_1_0024_00004781_10cm_7440_1000.tif,82-16,2,O2021_82_24_1_0022_00001739_10cm_6000_2000.tif,82-24,2,1692.0,16.92
O2021_82_16_1_0024_00004781_10cm_7440_1000.tif,82-16,2,O2021_82_24_1_0023_00001727_10cm_0_2000.tif,82-24,2,1820.0,18.2
O2021_82_16_1_0024_00004781_10cm_8000_0.tif,82-16,2,O2021_82_24_1_0022_00001739_10cm_5000_2000.tif,82-24,2,492.0,4.92
O2021_82_16_1_0024_00004781_10cm_8000_0.tif,82-16,2,O2021_82_24_1_0022_00001739_10cm_6000_2000.tif,82-24,2,108.0,1.08
O2021_82_16_1_0024_00004781_10cm_8000_0.tif,82-16,2,O2021_82_24_1_0023_00001727_10cm_0_2000.tif,82-24,2,980.0,9.8
O2021_82_16_1_0024_00004781_10cm_8000_0.tif,82-16,2,O2021_82_24_1_0022_00001739_10cm_5000_1000.tif,82-24,2,7708.0,77.08
O2021_82_16_1_0024_00004781_10cm_8000_0.tif,82-16,2,O2021_82_24_1_0022_00001739_10cm_6000_1000.tif,82-24,2,1692.0,16.92
O2021_82_16_1_0024_00004781_10cm_8000_0.tif,82-16,2,O2021_82_24_1_0023_00001727_10cm_0_1000.tif,82-24,2,1820.0,18.2
O2021_82_16_1_0024_00004782_10cm_2000_1000.tif,82-16,2,O2021_82_24_1_0022_00001739_10cm_0_0.tif,82-24,2,3572.0,35.72
O2021_82_16_1_0024_00004782_10cm_2000_1000.tif,82-16,2,O2021_82_24_1_0022_00001738_10cm_0_3000.tif,82-24,2,5548.0,55.48
O2021_82_16_1_0024_00004782_10cm_2000_1000.tif,82-16,2,O2021_82_24_1_0022_00001738_10cm_0_2000.tif,82-24,2,6570.0,65.7
O2021_82_16_1_0024_00004782_10cm_2000_2000.tif,82-16,2,O2021_82_24_1_0022_00001739_10cm_0_1000.tif,82-24,2,3572.0,35.72
O2021_82_16_1_0024_00004782_10cm_2000_2000.tif,82-16,2,O2021_82_24_1_0022_00001739_10cm_0_0.tif,82-24,2,4028.0,40.28
O2021_82_16_1_0024_00004782_10cm_2000_2000.tif,82-16,2,O2021_82_24_1_0022_00001738_10cm_0_3000.tif,82-24,2,1752.0,17.52
O2021_82_16_1_0024_00004782_10cm_2000_3000.tif,82-16,2,O2021_82_24_1_0022_00001739_10cm_0_1000.tif,82-24,2,4940.0,49.4
O2021_82_16_1_0024_00004782_10cm_2000_3000.tif,82-16,2,O2021_82_24_1_0022_00001739_10cm_0_0.tif,82-24,2,2660.0,26.6
O2021_82_16_1_0024_00004782_10cm_2000_3000.tif,82-16,2,O2021_82_24_1_0022_00001738_10cm_0_3000.tif,82-24,2,438.0,4.38
O2021_82_16_1_0024_00004782_10cm_3000_1000.tif,82-16,2,O2021_82_24_1_0022_00001739_10cm_1000_0.tif,82-24,2,3572.0,35.72
O2021_82_16_1_0024_00004782_10cm_3000_1000.tif,82-16,2,O2021_82_24_1_0022_00001739_10cm_0_0.tif,82-24,2,1128.0,11.28
O2021_82_16_1_0024_00004782_10cm_3000_1000.tif,82-16,2,O2021_82_24_1_0022_00001738_10cm_1000_3000.tif,82-24,2,5548.0,55.48
O2021_82_16_1_0024_00004782_10cm_3000_1000.tif,82-16,2,O2021_82_24_1_0022_00001738_10cm_0_3000.tif,82-24,2,2052.0,20.52
O2021_82_16_1_0024_00004782_10cm_3000_1000.tif,82-16,2,O2021_82_24_1_0022_00001738_10cm_0_2000.tif,82-24,2,2430.0,24.3
O2021_82_16_1_0024_00004782_10cm_3000_1000.tif,82-16,2,O2021_82_24_1_0022_00001738_10cm_1000_2000.tif,82-24,2,6570.0,65.7
O2021_82_16_1_0024_00004782_10cm_3000_2000.tif,82-16,2,O2021_82_24_1_0022_00001739_10cm_1000_1000.tif,82-24,2,3572.0,35.72
O2021_82_16_1_0024_00004782_10cm_3000_2000.tif,82-16,2,O2021_82_24_1_0022_00001739_10cm_0_1000.tif,82-24,2,1128.0,11.28
O2021_82_16_1_0024_00004782_10cm_3000_2000.tif,82-16,2,O2021_82_24_1_0022_00001739_10cm_1000_0.tif,82-24,2,4028.0,40.28
O2021_82_16_1_0024_00004782_10cm_3000_2000.tif,82-16,2,O2021_82_24_1_0022_00001739_10cm_0_0.tif,82-24,2,1272.0,12.72
O2021_82_16_1_0024_00004782_10cm_3000_2000.tif,82-16,2,O2021_82_24_1_0022_00001738_10cm_1000_3000.tif,82-24,2,1752.0,17.52
O2021_82_16_1_0024_00004782_10cm_3000_2000.tif,82-16,2,O2021_82_24_1_0022_00001738_10cm_0_3000.tif,82-24,2,648.0,6.48
O2021_82_16_1_0024_00004782_10cm_3000_3000.tif,82-16,2,O2021_82_24_1_0022_00001739_10cm_1000_1000.tif,82-24,2,4940.0,49.4
O2021_82_16_1_0024_00004782_10cm_3000_3000.tif,82-16,2,O2021_82_24_1_0022_00001739_10cm_0_1000.tif,82-24,2,1560.0,15.6
O2021_82_16_1_0024_00004782_10cm_3000_3000.tif,82-16,2,O2021_82_24_1_0022_00001739_10cm_1000_0.tif,82-24,2,2660.0,26.6
O2021_82_16_1_0024_00004782_10cm_3000_3000.tif,82-16,2,O2021_82_24_1_0022_00001739_10cm_0_0.tif,82-24,2,840.0,8.4
O2021_82_16_1_0024_00004782_10cm_3000_3000.tif,82-16,2,O2021_82_24_1_0022_00001738_10cm_1000_3000.tif,82-24,2,438.0,4.38
O2021_82_16_1_0024_00004782_10cm_3000_3000.tif,82-16,2,O2021_82_24_1_0022_00001738_10cm_0_3000.tif,82-24,2,162.0,1.62
O2021_82_16_1_0024_00004782_10cm_4000_1000.tif,82-16,2,O2021_82_24_1_0022_00001739_10cm_2000_0.tif,82-24,2,3572.0,35.72
O2021_82_16_1_0024_00004782_10cm_4000_1000.tif,82-16,2,O2021_82_24_1_0022_00001739_10cm_1000_0.tif,82-24,2,1128.0,11.28
O2021_82_16_1_0024_00004782_10cm_4000_1000.tif,82-16,2,O2021_82_24_1_0022_00001738_10cm_2000_3000.tif,82-24,2,5548.0,55.48
O2021_82_16_1_0024_00004782_10cm_4000_1000.tif,82-16,2,O2021_82_24_1_0022_00001738_10cm_1000_3000.tif,82-24,2,2052.0,20.52
O2021_82_16_1_0024_00004782_10cm_4000_1000.tif,82-16,2,O2021_82_24_1_0022_00001738_10cm_1000_2000.tif,82-24,2,2430.0,24.3
O2021_82_16_1_0024_00004782_10cm_4000_1000.tif,82-16,2,O2021_82_24_1_0022_00001738_10cm_2000_2000.tif,82-24,2,6570.0,65.7
O2021_82_16_1_0024_00004782_10cm_4000_2000.tif,82-16,2,O2021_82_24_1_0022_00001739_10cm_1000_1000.tif,82-24,2,1128.0,11.28
O2021_82_16_1_0024_00004782_10cm_4000_2000.tif,82-16,2,O2021_82_24_1_0022_00001739_10cm_2000_1000.tif,82-24,2,3572.0,35.72
O2021_82_16_1_0024_00004782_10cm_4000_2000.tif,82-16,2,O2021_82_24_1_0022_00001739_10cm_2000_0.tif,82-24,2,4028.0,40.28
O2021_82_16_1_0024_00004782_10cm_4000_2000.tif,82-16,2,O2021_82_24_1_0022_00001739_10cm_1000_0.tif,82-24,2,1272.0,12.72
O2021_82_16_1_0024_00004782_10cm_4000_2000.tif,82-16,2,O2021_82_24_1_0022_00001738_10cm_2000_3000.tif,82-24,2,1752.0,17.52
O2021_82_16_1_0024_00004782_10cm_4000_2000.tif,82-16,2,O2021_82_24_1_0022_00001738_10cm_1000_3000.tif,82-24,2,648.0,6.48
O2021_82_16_1_0024_00004782_10cm_4000_3000.tif,82-16,2,O2021_82_24_1_0022_00001739_10cm_1000_1000.tif,82-24,2,1560.0,15.6
O2021_82_16_1_0024_00004782_10cm_4000_3000.tif,82-16,2,O2021_82_24_1_0022_00001739_10cm_2000_1000.tif,82-24,2,4940.0,49.4
O2021_82_16_1_0024_00004782_10cm_4000_3000.tif,82-16,2,O2021_82_24_1_0022_00001739_10cm_2000_0.tif,82-24,2,2660.0,26.6
O2021_82_16_1_0024_00004782_10cm_4000_3000.tif,82-16,2,O2021_82_24_1_0022_00001739_10cm_1000_0.tif,82-24,2,840.0,8.4
O2021_82_16_1_0024_00004782_10cm_4000_3000.tif,82-16,2,O2021_82_24_1_0022_00001738_10cm_2000_3000.tif,82-24,2,438.0,4.38
O2021_82_16_1_0024_00004782_10cm_4000_3000.tif,82-16,2,O2021_82_24_1_0022_00001738_10cm_1000_3000.tif,82-24,2,162.0,1.62
O2021_82_16_1_0024_00004782_10cm_5000_1000.tif,82-16,2,O2021_82_24_1_0022_00001739_10cm_2000_0.tif,82-24,2,1128.0,11.28
O2021_82_16_1_0024_00004782_10cm_5000_1000.tif,82-16,2,O2021_82_24_1_0022_00001739_10cm_3000_0.tif,82-24,2,3572.0,35.72
O2021_82_16_1_0024_00004782_10cm_5000_1000.tif,82-16,2,O2021_82_24_1_0022_00001738_10cm_2000_3000.tif,82-24,2,2052.0,20.52
O2021_82_16_1_0024_00004782_10cm_5000_1000.tif,82-16,2,O2021_82_24_1_0022_00001738_10cm_3000_3000.tif,82-24,2,5548.0,55.48
O2021_82_16_1_0024_00004782_10cm_5000_1000.tif,82-16,2,O2021_82_24_1_0022_00001738_10cm_3000_2000.tif,82-24,2,6570.0,65.7
O2021_82_16_1_0024_00004782_10cm_5000_1000.tif,82-16,2,O2021_82_24_1_0022_00001738_10cm_2000_2000.tif,82-24,2,2430.0,24.3
O2021_82_16_1_0024_00004782_10cm_5000_2000.tif,82-16,2,O2021_82_24_1_0022_00001739_10cm_2000_1000.tif,82-24,2,1128.0,11.28
O2021_82_16_1_0024_00004782_10cm_5000_2000.tif,82-16,2,O2021_82_24_1_0022_00001739_10cm_3000_1000.tif,82-24,2,3572.0,35.72
O2021_82_16_1_0024_00004782_10cm_5000_2000.tif,82-16,2,O2021_82_24_1_0022_00001739_10cm_2000_0.tif,82-24,2,1272.0,12.72
O2021_82_16_1_0024_00004782_10cm_5000_2000.tif,82-16,2,O2021_82_24_1_0022_00001739_10cm_3000_0.tif,82-24,2,4028.0,40.28
O2021_82_16_1_0024_00004782_10cm_5000_2000.tif,82-16,2,O2021_82_24_1_0022_00001738_10cm_2000_3000.tif,82-24,2,648.0,6.48
O2021_82_16_1_0024_00004782_10cm_5000_2000.tif,82-16,2,O2021_82_24_1_0022_00001738_10cm_3000_3000.tif,82-24,2,1752.0,17.52
O2021_82_16_1_0024_00004782_10cm_5000_3000.tif,82-16,2,O2021_82_24_1_0022_00001739_10cm_2000_1000.tif,82-24,2,1560.0,15.6
O2021_82_16_1_0024_00004782_10cm_5000_3000.tif,82-16,2,O2021_82_24_1_0022_00001739_10cm_3000_1000.tif,82-24,2,4940.0,49.4
O2021_82_16_1_0024_00004782_10cm_5000_3000.tif,82-16,2,O2021_82_24_1_0022_00001739_10cm_2000_0.tif,82-24,2,840.0,8.4
O2021_82_16_1_0024_00004782_10cm_5000_3000.tif,82-16,2,O2021_82_24_1_0022_00001739_10cm_3000_0.tif,82-24,2,2660.0,26.6
O2021_82_16_1_0024_00004782_10cm_5000_3000.tif,82-16,2,O2021_82_24_1_0022_00001738_10cm_2000_3000.tif,82-24,2,162.0,1.62
O2021_82_16_1_0024_00004782_10cm_5000_3000.tif,82-16,2,O2021_82_24_1_0022_00001738_10cm_3000_3000.tif,82-24,2,438.0,4.38
O2021_82_16_1_0024_00004782_10cm_6000_0.tif,82-16,2,O2021_82_24_1_0022_00001738_10cm_3000_2000.tif,82-24,2,270.0,2.7
O2021_82_16_1_0024_00004782_10cm_6000_0.tif,82-16,2,O2021_82_24_1_0022_00001738_10cm_4000_2000.tif,82-24,2,730.0,7.3
O2021_82_16_1_0024_00004782_10cm_6000_0.tif,82-16,2,O2021_82_24_1_0022_00001738_10cm_4000_1000.tif,82-24,2,6570.0,65.7
O2021_82_16_1_0024_00004782_10cm_6000_0.tif,82-16,2,O2021_82_24_1_0022_00001738_10cm_3000_1000.tif,82-24,2,2430.0,24.3
O2021_82_16_1_0024_00004782_10cm_6000_1000.tif,82-16,2,O2021_82_24_1_0022_00001739_10cm_4000_0.tif,82-24,2,3572.0,35.72
O2021_82_16_1_0024_00004782_10cm_6000_1000.tif,82-16,2,O2021_82_24_1_0022_00001739_10cm_3000_0.tif,82-24,2,1128.0,11.28
O2021_82_16_1_0024_00004782_10cm_6000_1000.tif,82-16,2,O2021_82_24_1_0022_00001738_10cm_4000_3000.tif,82-24,2,5548.0,55.48
O2021_82_16_1_0024_00004782_10cm_6000_1000.tif,82-16,2,O2021_82_24_1_0022_00001738_10cm_3000_3000.tif,82-24,2,2052.0,20.52
O2021_82_16_1_0024_00004782_10cm_6000_1000.tif,82-16,2,O2021_82_24_1_0022_00001738_10cm_3000_2000.tif,82-24,2,2430.0,24.3
O2021_82_16_1_0024_00004782_10cm_6000_1000.tif,82-16,2,O2021_82_24_1_0022_00001738_10cm_4000_2000.tif,82-24,2,6570.0,65.7
O2021_82_16_1_0024_00004782_10cm_6000_2000.tif,82-16,2,O2021_82_24_1_0022_00001739_10cm_4000_1000.tif,82-24,2,3572.0,35.72
O2021_82_16_1_0024_00004782_10cm_6000_2000.tif,82-16,2,O2021_82_24_1_0022_00001739_10cm_3000_1000.tif,82-24,2,1128.0,11.28
O2021_82_16_1_0024_00004782_10cm_6000_2000.tif,82-16,2,O2021_82_24_1_0022_00001739_10cm_4000_0.tif,82-24,2,4028.0,40.28
O2021_82_16_1_0024_00004782_10cm_6000_2000.tif,82-16,2,O2021_82_24_1_0022_00001739_10cm_3000_0.tif,82-24,2,1272.0,12.72
O2021_82_16_1_0024_00004782_10cm_6000_2000.tif,82-16,2,O2021_82_24_1_0022_00001738_10cm_4000_3000.tif,82-24,2,1752.0,17.52
O2021_82_16_1_0024_00004782_10cm_6000_2000.tif,82-16,2,O2021_82_24_1_0022_00001738_10cm_3000_3000.tif,82-24,2,648.0,6.48
O2021_82_16_1_0024_00004782_10cm_6000_3000.tif,82-16,2,O2021_82_24_1_0022_00001739_10cm_4000_1000.tif,82-24,2,4940.0,49.4
O2021_82_16_1_0024_00004782_10cm_6000_3000.tif,82-16,2,O2021_82_24_1_0022_00001739_10cm_3000_1000.tif,82-24,2,1560.0,15.6
O2021_82_16_1_0024_00004782_10cm_6000_3000.tif,82-16,2,O2021_82_24_1_0022_00001739_10cm_4000_0.tif,82-24,2,2660.0,26.6
O2021_82_16_1_0024_00004782_10cm_6000_3000.tif,82-16,2,O2021_82_24_1_0022_00001739_10cm_3000_0.tif,82-24,2,840.0,8.4
O2021_82_16_1_0024_00004782_10cm_6000_3000.tif,82-16,2,O2021_82_24_1_0022_00001738_10cm_4000_3000.tif,82-24,2,438.0,4.38
O2021_82_16_1_0024_00004782_10cm_6000_3000.tif,82-16,2,O2021_82_24_1_0022_00001738_10cm_3000_3000.tif,82-24,2,162.0,1.62
O2021_82_16_1_0024_00004782_10cm_7000_0.tif,82-16,2,O2021_82_24_1_0022_00001738_10cm_4000_2000.tif,82-24,2,270.0,2.7
O2021_82_16_1_0024_00004782_10cm_7000_0.tif,82-16,2,O2021_82_24_1_0022_00001738_10cm_5000_2000.tif,82-24,2,730.0,7.3
O2021_82_16_1_0024_00004782_10cm_7000_0.tif,82-16,2,O2021_82_24_1_0022_00001738_10cm_4000_1000.tif,82-24,2,2430.0,24.3
O2021_82_16_1_0024_00004782_10cm_7000_0.tif,82-16,2,O2021_82_24_1_0022_00001738_10cm_5000_1000.tif,82-24,2,6570.0,65.7
O2021_82_16_1_0024_00004782_10cm_7000_1000.tif,82-16,2,O2021_82_24_1_0022_00001739_10cm_4000_0.tif,82-24,2,1128.0,11.28
O2021_82_16_1_0024_00004782_10cm_7000_1000.tif,82-16,2,O2021_82_24_1_0022_00001739_10cm_5000_0.tif,82-24,2,3572.0,35.72
O2021_82_16_1_0024_00004782_10cm_7000_1000.tif,82-16,2,O2021_82_24_1_0022_00001738_10cm_5000_3000.tif,82-24,2,5548.0,55.48
O2021_82_16_1_0024_00004782_10cm_7000_1000.tif,82-16,2,O2021_82_24_1_0022_00001738_10cm_4000_3000.tif,82-24,2,2052.0,20.52
O2021_82_16_1_0024_00004782_10cm_7000_1000.tif,82-16,2,O2021_82_24_1_0022_00001738_10cm_4000_2000.tif,82-24,2,2430.0,24.3
O2021_82_16_1_0024_00004782_10cm_7000_1000.tif,82-16,2,O2021_82_24_1_0022_00001738_10cm_5000_2000.tif,82-24,2,6570.0,65.7
O2021_82_16_1_0024_00004782_10cm_7000_2000.tif,82-16,2,O2021_82_24_1_0022_00001739_10cm_5000_1000.tif,82-24,2,3572.0,35.72
O2021_82_16_1_0024_00004782_10cm_7000_2000.tif,82-16,2,O2021_82_24_1_0022_00001739_10cm_4000_1000.tif,82-24,2,1128.0,11.28
O2021_82_16_1_0024_00004782_10cm_7000_2000.tif,82-16,2,O2021_82_24_1_0022_00001739_10cm_4000_0.tif,82-24,2,1272.0,12.72
O2021_82_16_1_0024_00004782_10cm_7000_2000.tif,82-16,2,O2021_82_24_1_0022_00001739_10cm_5000_0.tif,82-24,2,4028.0,40.28
O2021_82_16_1_0024_00004782_10cm_7000_2000.tif,82-16,2,O2021_82_24_1_0022_00001738_10cm_5000_3000.tif,82-24,2,1752.0,17.52
O2021_82_16_1_0024_00004782_10cm_7000_2000.tif,82-16,2,O2021_82_24_1_0022_00001738_10cm_4000_3000.tif,82-24,2,648.0,6.48
O2021_82_16_1_0024_00004782_10cm_7000_3000.tif,82-16,2,O2021_82_24_1_0022_00001739_10cm_5000_1000.tif,82-24,2,4940.0,49.4
O2021_82_16_1_0024_00004782_10cm_7000_3000.tif,82-16,2,O2021_82_24_1_0022_00001739_10cm_4000_1000.tif,82-24,2,1560.0,15.6
O2021_82_16_1_0024_00004782_10cm_7000_3000.tif,82-16,2,O2021_82_24_1_0022_00001739_10cm_4000_0.tif,82-24,2,840.0,8.4
O2021_82_16_1_0024_00004782_10cm_7000_3000.tif,82-16,2,O2021_82_24_1_0022_00001739_10cm_5000_0.tif,82-24,2,2660.0,26.6
O2021_82_16_1_0024_00004782_10cm_7000_3000.tif,82-16,2,O2021_82_24_1_0022_00001738_10cm_5000_3000.tif,82-24,2,438.0,4.38
O2021_82_16_1_0024_00004782_10cm_7000_3000.tif,82-16,2,O2021_82_24_1_0022_00001738_10cm_4000_3000.tif,82-24,2,162.0,1.62
O2021_82_16_1_0024_00004782_10cm_7440_1000.tif,82-16,2,O2021_82_24_1_0022_00001739_10cm_6000_0.tif,82-24,2,940.0,9.4
O2021_82_16_1_0024_00004782_10cm_7440_1000.tif,82-16,2,O2021_82_24_1_0022_00001739_10cm_5000_0.tif,82-24,2,3760.0,37.6
O2021_82_16_1_0024_00004782_10cm_7440_1000.tif,82-16,2,O2021_82_24_1_0023_00001727_10cm_0_0.tif,82-24,2,2280.0,22.8
O2021_82_16_1_0024_00004782_10cm_7440_1000.tif,82-16,2,O2021_82_24_1_0022_00001738_10cm_6000_3000.tif,82-24,2,1292.0,12.92
O2021_82_16_1_0024_00004782_10cm_7440_1000.tif,82-16,2,O2021_82_24_1_0022_00001738_10cm_5000_3000.tif,82-24,2,6308.0,63.08
O2021_82_16_1_0024_00004782_10cm_7440_1000.tif,82-16,2,O2021_82_24_1_0023_00001728_10cm_0_3000.tif,82-24,2,2800.0,28.0
O2021_82_16_1_0024_00004782_10cm_7440_1000.tif,82-16,2,O2021_82_24_1_0022_00001738_10cm_5000_2000.tif,82-24,2,7470.0,74.7
O2021_82_16_1_0024_00004782_10cm_7440_1000.tif,82-16,2,O2021_82_24_1_0022_00001738_10cm_6000_2000.tif,82-24,2,1530.0,15.3
O2021_82_16_1_0024_00004782_10cm_7440_1000.tif,82-16,2,O2021_82_24_1_0023_00001728_10cm_0_2000.tif,82-24,2,1764.0,17.64
O2021_82_16_1_0024_00004782_10cm_7440_2000.tif,82-16,2,O2021_82_24_1_0022_00001739_10cm_5000_1000.tif,82-24,2,3760.0,37.6
O2021_82_16_1_0024_00004782_10cm_7440_2000.tif,82-16,2,O2021_82_24_1_0022_00001739_10cm_6000_1000.tif,82-24,2,940.0,9.4
O2021_82_16_1_0024_00004782_10cm_7440_2000.tif,82-16,2,O2021_82_24_1_0023_00001727_10cm_0_1000.tif,82-24,2,2280.0,22.8
O2021_82_16_1_0024_00004782_10cm_7440_2000.tif,82-16,2,O2021_82_24_1_0022_00001739_10cm_6000_0.tif,82-24,2,1060.0,10.6
O2021_82_16_1_0024_00004782_10cm_7440_2000.tif,82-16,2,O2021_82_24_1_0022_00001739_10cm_5000_0.tif,82-24,2,4240.0,42.4
O2021_82_16_1_0024_00004782_10cm_7440_2000.tif,82-16,2,O2021_82_24_1_0023_00001727_10cm_0_0.tif,82-24,2,720.0,7.2
O2021_82_16_1_0024_00004782_10cm_7440_2000.tif,82-16,2,O2021_82_24_1_0022_00001738_10cm_6000_3000.tif,82-24,2,408.0,4.08
O2021_82_16_1_0024_00004782_10cm_7440_2000.tif,82-16,2,O2021_82_24_1_0022_00001738_10cm_5000_3000.tif,82-24,2,1992.0,19.92
O2021_82_16_1_0024_00004782_10cm_7440_3000.tif,82-16,2,O2021_82_24_1_0022_00001739_10cm_5000_1000.tif,82-24,2,5200.0,52.0
O2021_82_16_1_0024_00004782_10cm_7440_3000.tif,82-16,2,O2021_82_24_1_0022_00001739_10cm_6000_1000.tif,82-24,2,1300.0,13.0
O2021_82_16_1_0024_00004782_10cm_7440_3000.tif,82-16,2,O2021_82_24_1_0023_00001727_10cm_0_1000.tif,82-24,2,2820.0,28.2
O2021_82_16_1_0024_00004782_10cm_7440_3000.tif,82-16,2,O2021_82_24_1_0022_00001739_10cm_6000_0.tif,82-24,2,700.0,7.0
O2021_82_16_1_0024_00004782_10cm_7440_3000.tif,82-16,2,O2021_82_24_1_0022_00001739_10cm_5000_0.tif,82-24,2,2800.0,28.0
O2021_82_16_1_0024_00004782_10cm_7440_3000.tif,82-16,2,O2021_82_24_1_0023_00001727_10cm_0_0.tif,82-24,2,180.0,1.8
O2021_82_16_1_0024_00004782_10cm_7440_3000.tif,82-16,2,O2021_82_24_1_0022_00001738_10cm_6000_3000.tif,82-24,2,102.0,1.02
O2021_82_16_1_0024_00004782_10cm_7440_3000.tif,82-16,2,O2021_82_24_1_0022_00001738_10cm_5000_3000.tif,82-24,2,498.0,4.98
O2021_82_16_1_0024_00004782_10cm_8000_0.tif,82-16,2,O2021_82_24_1_0022_00001738_10cm_5000_2000.tif,82-24,2,830.0,8.3
O2021_82_16_1_0024_00004782_10cm_8000_0.tif,82-16,2,O2021_82_24_1_0022_00001738_10cm_6000_2000.tif,82-24,2,170.0,1.7
O2021_82_16_1_0024_00004782_10cm_8000_0.tif,82-16,2,O2021_82_24_1_0023_00001728_10cm_0_2000.tif,82-24,2,1036.0,10.36
O2021_82_16_1_0024_00004782_10cm_8000_0.tif,82-16,2,O2021_82_24_1_0022_00001738_10cm_6000_1000.tif,82-24,2,1530.0,15.3
O2021_82_16_1_0024_00004782_10cm_8000_0.tif,82-16,2,O2021_82_24_1_0022_00001738_10cm_5000_1000.tif,82-24,2,7470.0,74.7
O2021_82_16_1_0024_00004782_10cm_8000_0.tif,82-16,2,O2021_82_24_1_0023_00001728_10cm_0_1000.tif,82-24,2,1764.0,17.64
O2021_82_16_1_0024_00004783_10cm_5000_1000.tif,82-16,2,O2021_82_24_1_0022_00001738_10cm_3000_0.tif,82-24,2,3952.0,39.52
O2021_82_16_1_0024_00004783_10cm_5000_1000.tif,82-16,2,O2021_82_24_1_0022_00001737_10cm_3000_3000.tif,82-24,2,6300.0,63.0
O2021_82_16_1_0024_00004783_10cm_5000_1000.tif,82-16,2,O2021_82_24_1_0022_00001737_10cm_3000_2000.tif,82-24,2,6375.0,63.75
O2021_82_16_1_0024_00004783_10cm_6000_0.tif,82-16,2,O2021_82_24_1_0022_00001737_10cm_4000_2000.tif,82-24,2,1125.0,11.25
O2021_82_16_1_0024_00004783_10cm_6000_0.tif,82-16,2,O2021_82_24_1_0022_00001737_10cm_3000_2000.tif,82-24,2,375.0,3.75
O2021_82_16_1_0024_00004783_10cm_6000_1000.tif,82-16,2,O2021_82_24_1_0022_00001738_10cm_3000_0.tif,82-24,2,1248.0,12.48
O2021_82_16_1_0024_00004783_10cm_6000_1000.tif,82-16,2,O2021_82_24_1_0022_00001738_10cm_4000_0.tif,82-24,2,3952.0,39.52
O2021_82_16_1_0024_00004783_10cm_6000_1000.tif,82-16,2,O2021_82_24_1_0022_00001737_10cm_4000_3000.tif,82-24,2,6300.0,63.0
O2021_82_16_1_0024_00004783_10cm_6000_1000.tif,82-16,2,O2021_82_24_1_0022_00001737_10cm_3000_3000.tif,82-24,2,2100.0,21.0
O2021_82_16_1_0024_00004783_10cm_6000_1000.tif,82-16,2,O2021_82_24_1_0022_00001737_10cm_4000_2000.tif,82-24,2,6375.0,63.75
O2021_82_16_1_0024_00004783_10cm_6000_1000.tif,82-16,2,O2021_82_24_1_0022_00001737_10cm_3000_2000.tif,82-24,2,2125.0,21.25
O2021_82_16_1_0024_00004783_10cm_6000_2000.tif,82-16,2,O2021_82_24_1_0022_00001738_10cm_4000_1000.tif,82-24,2,3952.0,39.52
O2021_82_16_1_0024_00004783_10cm_6000_2000.tif,82-16,2,O2021_82_24_1_0022_00001738_10cm_3000_1000.tif,82-24,2,1248.0,12.48
O2021_82_16_1_0024_00004783_10cm_6000_2000.tif,82-16,2,O2021_82_24_1_0022_00001738_10cm_3000_0.tif,82-24,2,1152.0,11.52
O2021_82_16_1_0024_00004783_10cm_6000_2000.tif,82-16,2,O2021_82_24_1_0022_00001738_10cm_4000_0.tif,82-24,2,3648.0,36.48
O2021_82_16_1_0024_00004783_10cm_6000_2000.tif,82-16,2,O2021_82_24_1_0022_00001737_10cm_4000_3000.tif,82-24,2,1200.0,12.0
O2021_82_16_1_0024_00004783_10cm_6000_2000.tif,82-16,2,O2021_82_24_1_0022_00001737_10cm_3000_3000.tif,82-24,2,400.0,4.0
O2021_82_16_1_0024_00004783_10cm_6000_3000.tif,82-16,2,O2021_82_24_1_0022_00001738_10cm_4000_1000.tif,82-24,2,5320.0,53.2
O2021_82_16_1_0024_00004783_10cm_6000_3000.tif,82-16,2,O2021_82_24_1_0022_00001738_10cm_3000_1000.tif,82-24,2,1680.0,16.8
O2021_82_16_1_0024_00004783_10cm_6000_3000.tif,82-16,2,O2021_82_24_1_0022_00001738_10cm_3000_0.tif,82-24,2,720.0,7.2
O2021_82_16_1_0024_00004783_10cm_6000_3000.tif,82-16,2,O2021_82_24_1_0022_00001738_10cm_4000_0.tif,82-24,2,2280.0,22.8
O2021_82_16_1_0024_00004783_10cm_7000_0.tif,82-16,2,O2021_82_24_1_0022_00001737_10cm_4000_2000.tif,82-24,2,375.0,3.75
O2021_82_16_1_0024_00004783_10cm_7000_0.tif,82-16,2,O2021_82_24_1_0022_00001737_10cm_5000_2000.tif,82-24,2,1125.0,11.25
O2021_82_16_1_0024_00004783_10cm_7000_1000.tif,82-16,2,O2021_82_24_1_0022_00001738_10cm_5000_0.tif,82-24,2,3952.0,39.52
O2021_82_16_1_0024_00004783_10cm_7000_1000.tif,82-16,2,O2021_82_24_1_0022_00001738_10cm_4000_0.tif,82-24,2,1248.0,12.48
O2021_82_16_1_0024_00004783_10cm_7000_1000.tif,82-16,2,O2021_82_24_1_0022_00001737_10cm_4000_3000.tif,82-24,2,2100.0,21.0
O2021_82_16_1_0024_00004783_10cm_7000_1000.tif,82-16,2,O2021_82_24_1_0022_00001737_10cm_5000_3000.tif,82-24,2,6300.0,63.0
O2021_82_16_1_0024_00004783_10cm_7000_1000.tif,82-16,2,O2021_82_24_1_0022_00001737_10cm_4000_2000.tif,82-24,2,2125.0,21.25
O2021_82_16_1_0024_00004783_10cm_7000_1000.tif,82-16,2,O2021_82_24_1_0022_00001737_10cm_5000_2000.tif,82-24,2,6375.0,63.75
O2021_82_16_1_0024_00004783_10cm_7000_2000.tif,82-16,2,O2021_82_24_1_0022_00001738_10cm_4000_1000.tif,82-24,2,1248.0,12.48
O2021_82_16_1_0024_00004783_10cm_7000_2000.tif,82-16,2,O2021_82_24_1_0022_00001738_10cm_5000_1000.tif,82-24,2,3952.0,39.52
O2021_82_16_1_0024_00004783_10cm_7000_2000.tif,82-16,2,O2021_82_24_1_0022_00001738_10cm_5000_0.tif,82-24,2,3648.0,36.48
O2021_82_16_1_0024_00004783_10cm_7000_2000.tif,82-16,2,O2021_82_24_1_0022_00001738_10cm_4000_0.tif,82-24,2,1152.0,11.52
O2021_82_16_1_0024_00004783_10cm_7000_2000.tif,82-16,2,O2021_82_24_1_0022_00001737_10cm_4000_3000.tif,82-24,2,400.0,4.0
O2021_82_16_1_0024_00004783_10cm_7000_2000.tif,82-16,2,O2021_82_24_1_0022_00001737_10cm_5000_3000.tif,82-24,2,1200.0,12.0
O2021_82_16_1_0024_00004783_10cm_7000_3000.tif,82-16,2,O2021_82_24_1_0022_00001738_10cm_4000_1000.tif,82-24,2,1680.0,16.8
O2021_82_16_1_0024_00004783_10cm_7000_3000.tif,82-16,2,O2021_82_24_1_0022_00001738_10cm_5000_1000.tif,82-24,2,5320.0,53.2
O2021_82_16_1_0024_00004783_10cm_7000_3000.tif,82-16,2,O2021_82_24_1_0022_00001738_10cm_5000_0.tif,82-24,2,2280.0,22.8
O2021_82_16_1_0024_00004783_10cm_7000_3000.tif,82-16,2,O2021_82_24_1_0022_00001738_10cm_4000_0.tif,82-24,2,720.0,7.2
O2021_82_16_1_0024_00004783_10cm_7440_1000.tif,82-16,2,O2021_82_24_1_0022_00001738_10cm_5000_0.tif,82-24,2,4160.0,41.6
O2021_82_16_1_0024_00004783_10cm_7440_1000.tif,82-16,2,O2021_82_24_1_0022_00001738_10cm_6000_0.tif,82-24,2,1040.0,10.4
O2021_82_16_1_0024_00004783_10cm_7440_1000.tif,82-16,2,O2021_82_24_1_0023_00001728_10cm_0_0.tif,82-24,2,2449.0,24.49
O2021_82_16_1_0024_00004783_10cm_7440_1000.tif,82-16,2,O2021_82_24_1_0022_00001737_10cm_6000_3000.tif,82-24,2,1596.0,15.96
O2021_82_16_1_0024_00004783_10cm_7440_1000.tif,82-16,2,O2021_82_24_1_0022_00001737_10cm_5000_3000.tif,82-24,2,6804.0,68.04
O2021_82_16_1_0024_00004783_10cm_7440_1000.tif,82-16,2,O2021_82_24_1_0023_00001729_10cm_0_3000.tif,82-24,2,2790.0,27.9
O2021_82_16_1_0024_00004783_10cm_7440_1000.tif,82-16,2,O2021_82_24_1_0022_00001737_10cm_5000_2000.tif,82-24,2,6885.0,68.85
O2021_82_16_1_0024_00004783_10cm_7440_1000.tif,82-16,2,O2021_82_24_1_0022_00001737_10cm_6000_2000.tif,82-24,2,1615.0,16.15
O2021_82_16_1_0024_00004783_10cm_7440_1000.tif,82-16,2,O2021_82_24_1_0023_00001729_10cm_0_2000.tif,82-24,2,1800.0,18.0
O2021_82_16_1_0024_00004783_10cm_7440_2000.tif,82-16,2,O2021_82_24_1_0022_00001738_10cm_6000_1000.tif,82-24,2,1040.0,10.4
O2021_82_16_1_0024_00004783_10cm_7440_2000.tif,82-16,2,O2021_82_24_1_0022_00001738_10cm_5000_1000.tif,82-24,2,4160.0,41.6
O2021_82_16_1_0024_00004783_10cm_7440_2000.tif,82-16,2,O2021_82_24_1_0023_00001728_10cm_0_1000.tif,82-24,2,2449.0,24.49
O2021_82_16_1_0024_00004783_10cm_7440_2000.tif,82-16,2,O2021_82_24_1_0022_00001738_10cm_5000_0.tif,82-24,2,3840.0,38.4
O2021_82_16_1_0024_00004783_10cm_7440_2000.tif,82-16,2,O2021_82_24_1_0022_00001738_10cm_6000_0.tif,82-24,2,960.0,9.6
O2021_82_16_1_0024_00004783_10cm_7440_2000.tif,82-16,2,O2021_82_24_1_0023_00001728_10cm_0_0.tif,82-24,2,651.0,6.51
O2021_82_16_1_0024_00004783_10cm_7440_2000.tif,82-16,2,O2021_82_24_1_0022_00001737_10cm_6000_3000.tif,82-24,2,304.0,3.04
O2021_82_16_1_0024_00004783_10cm_7440_2000.tif,82-16,2,O2021_82_24_1_0022_00001737_10cm_5000_3000.tif,82-24,2,1296.0,12.96
O2021_82_16_1_0024_00004783_10cm_7440_3000.tif,82-16,2,O2021_82_24_1_0022_00001738_10cm_6000_1000.tif,82-24,2,1400.0,14.0
O2021_82_16_1_0024_00004783_10cm_7440_3000.tif,82-16,2,O2021_82_24_1_0022_00001738_10cm_5000_1000.tif,82-24,2,5600.0,56.0
O2021_82_16_1_0024_00004783_10cm_7440_3000.tif,82-16,2,O2021_82_24_1_0023_00001728_10cm_0_1000.tif,82-24,2,3007.0,30.07
O2021_82_16_1_0024_00004783_10cm_7440_3000.tif,82-16,2,O2021_82_24_1_0022_00001738_10cm_5000_0.tif,82-24,2,2400.0,24.0
O2021_82_16_1_0024_00004783_10cm_7440_3000.tif,82-16,2,O2021_82_24_1_0022_00001738_10cm_6000_0.tif,82-24,2,600.0,6.0
O2021_82_16_1_0024_00004783_10cm_7440_3000.tif,82-16,2,O2021_82_24_1_0023_00001728_10cm_0_0.tif,82-24,2,93.0,0.93
O2021_82_16_1_0024_00004783_10cm_8000_0.tif,82-16,2,O2021_82_24_1_0023_00001729_10cm_0_3000.tif,82-24,2,210.0,2.1
O2021_82_16_1_0024_00004783_10cm_8000_0.tif,82-16,2,O2021_82_24_1_0022_00001737_10cm_5000_2000.tif,82-24,2,1215.0,12.15
O2021_82_16_1_0024_00004783_10cm_8000_0.tif,82-16,2,O2021_82_24_1_0022_00001737_10cm_6000_2000.tif,82-24,2,285.0,2.85
O2021_82_16_1_0024_00004783_10cm_8000_0.tif,82-16,2,O2021_82_24_1_0023_00001729_10cm_0_2000.tif,82-24,2,1200.0,12.0
O2021_82_16_1_0025_00005217_10cm_0_1000.tif,82-16,2,O2021_82_24_1_0022_00001738_10cm_5000_0.tif,82-24,2,840.0,8.4
O2021_82_16_1_0025_00005217_10cm_0_1000.tif,82-16,2,O2021_82_24_1_0022_00001738_10cm_4000_0.tif,82-24,2,3160.0,31.6
O2021_82_16_1_0025_00005217_10cm_0_1000.tif,82-16,2,O2021_82_24_1_0022_00001737_10cm_4000_3000.tif,82-24,2,5760.0,57.6
O2021_82_16_1_0025_00005217_10cm_0_1000.tif,82-16,2,O2021_82_24_1_0022_00001737_10cm_5000_3000.tif,82-24,2,1440.0,14.4
O2021_82_16_1_0025_00005217_10cm_0_1000.tif,82-16,2,O2021_82_24_1_0022_00001737_10cm_4000_2000.tif,82-24,2,7760.0,77.6
O2021_82_16_1_0025_00005217_10cm_0_1000.tif,82-16,2,O2021_82_24_1_0022_00001737_10cm_5000_2000.tif,82-24,2,1940.0,19.4
O2021_82_16_1_0025_00005217_10cm_0_2000.tif,82-16,2,O2021_82_24_1_0022_00001738_10cm_4000_1000.tif,82-24,2,3160.0,31.6
O2021_82_16_1_0025_00005217_10cm_0_2000.tif,82-16,2,O2021_82_24_1_0022_00001738_10cm_5000_1000.tif,82-24,2,840.0,8.4
O2021_82_16_1_0025_00005217_10cm_0_2000.tif,82-16,2,O2021_82_24_1_0022_00001738_10cm_5000_0.tif,82-24,2,1260.0,12.6
O2021_82_16_1_0025_00005217_10cm_0_2000.tif,82-16,2,O2021_82_24_1_0022_00001738_10cm_4000_0.tif,82-24,2,4740.0,47.4
O2021_82_16_1_0025_00005217_10cm_0_2000.tif,82-16,2,O2021_82_24_1_0022_00001737_10cm_4000_3000.tif,82-24,2,2240.0,22.4
O2021_82_16_1_0025_00005217_10cm_0_2000.tif,82-16,2,O2021_82_24_1_0022_00001737_10cm_5000_3000.tif,82-24,2,560.0,5.6
O2021_82_16_1_0025_00005217_10cm_0_3000.tif,82-16,2,O2021_82_24_1_0022_00001738_10cm_4000_1000.tif,82-24,2,4740.0,47.4
O2021_82_16_1_0025_00005217_10cm_0_3000.tif,82-16,2,O2021_82_24_1_0022_00001738_10cm_5000_1000.tif,82-24,2,1260.0,12.6
O2021_82_16_1_0025_00005217_10cm_0_3000.tif,82-16,2,O2021_82_24_1_0022_00001738_10cm_5000_0.tif,82-24,2,840.0,8.4
O2021_82_16_1_0025_00005217_10cm_0_3000.tif,82-16,2,O2021_82_24_1_0022_00001738_10cm_4000_0.tif,82-24,2,3160.0,31.6
O2021_82_16_1_0025_00005217_10cm_0_3000.tif,82-16,2,O2021_82_24_1_0022_00001737_10cm_4000_3000.tif,82-24,2,640.0,6.4
O2021_82_16_1_0025_00005217_10cm_0_3000.tif,82-16,2,O2021_82_24_1_0022_00001737_10cm_5000_3000.tif,82-24,2,160.0,1.6
O2021_82_16_1_0025_00005217_10cm_1000_1000.tif,82-16,2,O2021_82_24_1_0022_00001738_10cm_5000_0.tif,82-24,2,3160.0,31.6
O2021_82_16_1_0025_00005217_10cm_1000_1000.tif,82-16,2,O2021_82_24_1_0022_00001738_10cm_6000_0.tif,82-24,2,840.0,8.4
O2021_82_16_1_0025_00005217_10cm_1000_1000.tif,82-16,2,O2021_82_24_1_0023_00001728_10cm_0_0.tif,82-24,2,2144.0,21.44
O2021_82_16_1_0025_00005217_10cm_1000_1000.tif,82-16,2,O2021_82_24_1_0022_00001737_10cm_6000_3000.tif,82-24,2,1440.0,14.4
O2021_82_16_1_0025_00005217_10cm_1000_1000.tif,82-16,2,O2021_82_24_1_0022_00001737_10cm_5000_3000.tif,82-24,2,5760.0,57.6
O2021_82_16_1_0025_00005217_10cm_1000_1000.tif,82-16,2,O2021_82_24_1_0023_00001729_10cm_0_3000.tif,82-24,2,2945.0,29.45
O2021_82_16_1_0025_00005217_10cm_1000_1000.tif,82-16,2,O2021_82_24_1_0022_00001737_10cm_5000_2000.tif,82-24,2,7760.0,77.6
O2021_82_16_1_0025_00005217_10cm_1000_1000.tif,82-16,2,O2021_82_24_1_0022_00001737_10cm_6000_2000.tif,82-24,2,1940.0,19.4
O2021_82_16_1_0025_00005217_10cm_1000_1000.tif,82-16,2,O2021_82_24_1_0023_00001729_10cm_0_2000.tif,82-24,2,2232.0,22.32
O2021_82_16_1_0025_00005217_10cm_1000_2000.tif,82-16,2,O2021_82_24_1_0022_00001738_10cm_6000_1000.tif,82-24,2,840.0,8.4
O2021_82_16_1_0025_00005217_10cm_1000_2000.tif,82-16,2,O2021_82_24_1_0022_00001738_10cm_5000_1000.tif,82-24,2,3160.0,31.6
O2021_82_16_1_0025_00005217_10cm_1000_2000.tif,82-16,2,O2021_82_24_1_0023_00001728_10cm_0_1000.tif,82-24,2,2144.0,21.44
O2021_82_16_1_0025_00005217_10cm_1000_2000.tif,82-16,2,O2021_82_24_1_0022_00001738_10cm_5000_0.tif,82-24,2,4740.0,47.4
O2021_82_16_1_0025_00005217_10cm_1000_2000.tif,82-16,2,O2021_82_24_1_0022_00001738_10cm_6000_0.tif,82-24,2,1260.0,12.6
O2021_82_16_1_0025_00005217_10cm_1000_2000.tif,82-16,2,O2021_82_24_1_0023_00001728_10cm_0_0.tif,82-24,2,1056.0,10.56
O2021_82_16_1_0025_00005217_10cm_1000_2000.tif,82-16,2,O2021_82_24_1_0022_00001737_10cm_6000_3000.tif,82-24,2,560.0,5.6
O2021_82_16_1_0025_00005217_10cm_1000_2000.tif,82-16,2,O2021_82_24_1_0022_00001737_10cm_5000_3000.tif,82-24,2,2240.0,22.4
O2021_82_16_1_0025_00005217_10cm_1000_2000.tif,82-16,2,O2021_82_24_1_0023_00001729_10cm_0_3000.tif,82-24,2,155.0,1.55
O2021_82_16_1_0025_00005217_10cm_1000_3000.tif,82-16,2,O2021_82_24_1_0022_00001738_10cm_6000_1000.tif,82-24,2,1260.0,12.6
O2021_82_16_1_0025_00005217_10cm_1000_3000.tif,82-16,2,O2021_82_24_1_0022_00001738_10cm_5000_1000.tif,82-24,2,4740.0,47.4
O2021_82_16_1_0025_00005217_10cm_1000_3000.tif,82-16,2,O2021_82_24_1_0023_00001728_10cm_0_1000.tif,82-24,2,2784.0,27.84
O2021_82_16_1_0025_00005217_10cm_1000_3000.tif,82-16,2,O2021_82_24_1_0022_00001738_10cm_5000_0.tif,82-24,2,3160.0,31.6
O2021_82_16_1_0025_00005217_10cm_1000_3000.tif,82-16,2,O2021_82_24_1_0022_00001738_10cm_6000_0.tif,82-24,2,840.0,8.4
O2021_82_16_1_0025_00005217_10cm_1000_3000.tif,82-16,2,O2021_82_24_1_0023_00001728_10cm_0_0.tif,82-24,2,416.0,4.16
O2021_82_16_1_0025_00005217_10cm_1000_3000.tif,82-16,2,O2021_82_24_1_0022_00001737_10cm_6000_3000.tif,82-24,2,160.0,1.6
O2021_82_16_1_0025_00005217_10cm_1000_3000.tif,82-16,2,O2021_82_24_1_0022_00001737_10cm_5000_3000.tif,82-24,2,640.0,6.4
O2021_82_16_1_0025_00005217_10cm_2000_0.tif,82-16,2,O2021_82_24_1_0022_00001737_10cm_7000_2000.tif,82-24,2,60.0,0.6
O2021_82_16_1_0025_00005217_10cm_2000_0.tif,82-16,2,O2021_82_24_1_0022_00001737_10cm_6000_2000.tif,82-24,2,240.0,2.4
O2021_82_16_1_0025_00005217_10cm_2000_0.tif,82-16,2,O2021_82_24_1_0023_00001729_10cm_0_2000.tif,82-24,2,1932.0,19.32
O2021_82_16_1_0025_00005217_10cm_2000_0.tif,82-16,2,O2021_82_24_1_0023_00001729_10cm_1000_2000.tif,82-24,2,868.0,8.68
O2021_82_16_1_0025_00005217_10cm_2000_0.tif,82-16,2,O2021_82_24_1_0022_00001737_10cm_7000_1000.tif,82-24,2,1940.0,19.4
O2021_82_16_1_0025_00005217_10cm_2000_1000.tif,82-16,2,O2021_82_24_1_0022_00001738_10cm_6000_0.tif,82-24,2,3160.0,31.6
O2021_82_16_1_0025_00005217_10cm_2000_1000.tif,82-16,2,O2021_82_24_1_0022_00001738_10cm_7000_0.tif,82-24,2,840.0,8.4
O2021_82_16_1_0025_00005217_10cm_2000_1000.tif,82-16,2,O2021_82_24_1_0023_00001728_10cm_0_0.tif,82-24,2,4556.0,45.56
O2021_82_16_1_0025_00005217_10cm_2000_1000.tif,82-16,2,O2021_82_24_1_0023_00001728_10cm_1000_0.tif,82-24,2,2144.0,21.44
O2021_82_16_1_0025_00005217_10cm_2000_1000.tif,82-16,2,O2021_82_24_1_0022_00001737_10cm_7000_3000.tif,82-24,2,1440.0,14.4
O2021_82_16_1_0025_00005217_10cm_2000_1000.tif,82-16,2,O2021_82_24_1_0022_00001737_10cm_6000_3000.tif,82-24,2,5760.0,57.6
O2021_82_16_1_0025_00005217_10cm_2000_1000.tif,82-16,2,O2021_82_24_1_0023_00001729_10cm_0_3000.tif,82-24,2,6555.0,65.55
O2021_82_16_1_0025_00005217_10cm_2000_1000.tif,82-16,2,O2021_82_24_1_0023_00001729_10cm_1000_3000.tif,82-24,2,2945.0,29.45
O2021_82_16_1_0025_00005217_10cm_2000_1000.tif,82-16,2,O2021_82_24_1_0022_00001737_10cm_7000_2000.tif,82-24,2,1940.0,19.4
O2021_82_16_1_0025_00005217_10cm_2000_1000.tif,82-16,2,O2021_82_24_1_0022_00001737_10cm_6000_2000.tif,82-24,2,7760.0,77.6
O2021_82_16_1_0025_00005217_10cm_2000_1000.tif,82-16,2,O2021_82_24_1_0023_00001729_10cm_0_2000.tif,82-24,2,4968.0,49.68
O2021_82_16_1_0025_00005217_10cm_2000_1000.tif,82-16,2,O2021_82_24_1_0023_00001729_10cm_1000_2000.tif,82-24,2,2232.0,22.32
O2021_82_16_1_0025_00005217_10cm_2000_2000.tif,82-16,2,O2021_82_24_1_0022_00001738_10cm_7000_1000.tif,82-24,2,840.0,8.4
O2021_82_16_1_0025_00005217_10cm_2000_2000.tif,82-16,2,O2021_82_24_1_0022_00001738_10cm_6000_1000.tif,82-24,2,3160.0,31.6
O2021_82_16_1_0025_00005217_10cm_2000_2000.tif,82-16,2,O2021_82_24_1_0023_00001728_10cm_1000_1000.tif,82-24,2,2144.0,21.44
O2021_82_16_1_0025_00005217_10cm_2000_2000.tif,82-16,2,O2021_82_24_1_0023_00001728_10cm_0_1000.tif,82-24,2,4556.0,45.56
O2021_82_16_1_0025_00005217_10cm_2000_2000.tif,82-16,2,O2021_82_24_1_0022_00001738_10cm_6000_0.tif,82-24,2,4740.0,47.4
O2021_82_16_1_0025_00005217_10cm_2000_2000.tif,82-16,2,O2021_82_24_1_0022_00001738_10cm_7000_0.tif,82-24,2,1260.0,12.6
O2021_82_16_1_0025_00005217_10cm_2000_2000.tif,82-16,2,O2021_82_24_1_0023_00001728_10cm_0_0.tif,82-24,2,2244.0,22.44
O2021_82_16_1_0025_00005217_10cm_2000_2000.tif,82-16,2,O2021_82_24_1_0023_00001728_10cm_1000_0.tif,82-24,2,1056.0,10.56
O2021_82_16_1_0025_00005217_10cm_2000_2000.tif,82-16,2,O2021_82_24_1_0022_00001737_10cm_7000_3000.tif,82-24,2,560.0,5.6
O2021_82_16_1_0025_00005217_10cm_2000_2000.tif,82-16,2,O2021_82_24_1_0022_00001737_10cm_6000_3000.tif,82-24,2,2240.0,22.4
O2021_82_16_1_0025_00005217_10cm_2000_2000.tif,82-16,2,O2021_82_24_1_0023_00001729_10cm_0_3000.tif,82-24,2,345.0,3.45
O2021_82_16_1_0025_00005217_10cm_2000_2000.tif,82-16,2,O2021_82_24_1_0023_00001729_10cm_1000_3000.tif,82-24,2,155.0,1.55
O2021_82_16_1_0025_00005217_10cm_2000_3000.tif,82-16,2,O2021_82_24_1_0022_00001738_10cm_7000_1000.tif,82-24,2,1260.0,12.6
O2021_82_16_1_0025_00005217_10cm_2000_3000.tif,82-16,2,O2021_82_24_1_0022_00001738_10cm_6000_1000.tif,82-24,2,4740.0,47.4
O2021_82_16_1_0025_00005217_10cm_2000_3000.tif,82-16,2,O2021_82_24_1_0023_00001728_10cm_1000_1000.tif,82-24,2,2784.0,27.84
O2021_82_16_1_0025_00005217_10cm_2000_3000.tif,82-16,2,O2021_82_24_1_0023_00001728_10cm_0_1000.tif,82-24,2,5916.0,59.16
O2021_82_16_1_0025_00005217_10cm_2000_3000.tif,82-16,2,O2021_82_24_1_0022_00001738_10cm_6000_0.tif,82-24,2,3160.0,31.6
O2021_82_16_1_0025_00005217_10cm_2000_3000.tif,82-16,2,O2021_82_24_1_0022_00001738_10cm_7000_0.tif,82-24,2,840.0,8.4
O2021_82_16_1_0025_00005217_10cm_2000_3000.tif,82-16,2,O2021_82_24_1_0023_00001728_10cm_0_0.tif,82-24,2,884.0,8.84
O2021_82_16_1_0025_00005217_10cm_2000_3000.tif,82-16,2,O2021_82_24_1_0023_00001728_10cm_1000_0.tif,82-24,2,416.0,4.16
O2021_82_16_1_0025_00005217_10cm_2000_3000.tif,82-16,2,O2021_82_24_1_0022_00001737_10cm_7000_3000.tif,82-24,2,160.0,1.6
O2021_82_16_1_0025_00005217_10cm_2000_3000.tif,82-16,2,O2021_82_24_1_0022_00001737_10cm_6000_3000.tif,82-24,2,640.0,6.4
O2021_82_16_1_0025_00005217_10cm_3000_0.tif,82-16,2,O2021_82_24_1_0022_00001737_10cm_7000_2000.tif,82-24,2,240.0,2.4
O2021_82_16_1_0025_00005217_10cm_3000_0.tif,82-16,2,O2021_82_24_1_0022_00001737_10cm_7820_2000.tif,82-24,2,114.0,1.14
O2021_82_16_1_0025_00005217_10cm_3000_0.tif,82-16,2,O2021_82_24_1_0023_00001729_10cm_1000_2000.tif,82-24,2,1932.0,19.32
O2021_82_16_1_0025_00005217_10cm_3000_0.tif,82-16,2,O2021_82_24_1_0022_00001737_10cm_7000_1000.tif,82-24,2,7760.0,77.6
O2021_82_16_1_0025_00005217_10cm_3000_0.tif,82-16,2,O2021_82_24_1_0023_00001729_10cm_2000_2000.tif,82-24,2,868.0,8.68
O2021_82_16_1_0025_00005217_10cm_3000_0.tif,82-16,2,O2021_82_24_1_0022_00001737_10cm_7820_1000.tif,82-24,2,3686.0,36.86
O2021_82_16_1_0025_00005217_10cm_3000_1000.tif,82-16,2,O2021_82_24_1_0022_00001738_10cm_8000_0.tif,82-24,2,1440.0,14.4
O2021_82_16_1_0025_00005217_10cm_3000_1000.tif,82-16,2,O2021_82_24_1_0022_00001738_10cm_7000_0.tif,82-24,2,3160.0,31.6
O2021_82_16_1_0025_00005217_10cm_3000_1000.tif,82-16,2,O2021_82_24_1_0023_00001728_10cm_2000_0.tif,82-24,2,2144.0,21.44
O2021_82_16_1_0025_00005217_10cm_3000_1000.tif,82-16,2,O2021_82_24_1_0022_00001737_10cm_7820_3000.tif,82-24,2,2736.0,27.36
O2021_82_16_1_0025_00005217_10cm_3000_1000.tif,82-16,2,O2021_82_24_1_0023_00001728_10cm_1000_0.tif,82-24,2,4556.0,45.56
O2021_82_16_1_0025_00005217_10cm_3000_1000.tif,82-16,2,O2021_82_24_1_0022_00001737_10cm_7000_3000.tif,82-24,2,5760.0,57.6
O2021_82_16_1_0025_00005217_10cm_3000_1000.tif,82-16,2,O2021_82_24_1_0023_00001729_10cm_2000_3000.tif,82-24,2,2945.0,29.45
O2021_82_16_1_0025_00005217_10cm_3000_1000.tif,82-16,2,O2021_82_24_1_0023_00001729_10cm_1000_3000.tif,82-24,2,6555.0,65.55
O2021_82_16_1_0025_00005217_10cm_3000_1000.tif,82-16,2,O2021_82_24_1_0022_00001737_10cm_7000_2000.tif,82-24,2,7760.0,77.6
O2021_82_16_1_0025_00005217_10cm_3000_1000.tif,82-16,2,O2021_82_24_1_0022_00001737_10cm_7820_2000.tif,82-24,2,3686.0,36.86
O2021_82_16_1_0025_00005217_10cm_3000_1000.tif,82-16,2,O2021_82_24_1_0023_00001729_10cm_1000_2000.tif,82-24,2,4968.0,49.68
O2021_82_16_1_0025_00005217_10cm_3000_1000.tif,82-16,2,O2021_82_24_1_0023_00001729_10cm_2000_2000.tif,82-24,2,2232.0,22.32
O2021_82_16_1_0025_00005217_10cm_3000_2000.tif,82-16,2,O2021_82_24_1_0022_00001738_10cm_7000_1000.tif,82-24,2,3160.0,31.6
O2021_82_16_1_0025_00005217_10cm_3000_2000.tif,82-16,2,O2021_82_24_1_0022_00001738_10cm_7850_1000.tif,82-24,2,1440.0,14.4
O2021_82_16_1_0025_00005217_10cm_3000_2000.tif,82-16,2,O2021_82_24_1_0023_00001728_10cm_2000_1000.tif,82-24,2,2144.0,21.44
O2021_82_16_1_0025_00005217_10cm_3000_2000.tif,82-16,2,O2021_82_24_1_0023_00001728_10cm_1000_1000.tif,82-24,2,4556.0,45.56
O2021_82_16_1_0025_00005217_10cm_3000_2000.tif,82-16,2,O2021_82_24_1_0022_00001738_10cm_8000_0.tif,82-24,2,2160.0,21.6
O2021_82_16_1_0025_00005217_10cm_3000_2000.tif,82-16,2,O2021_82_24_1_0022_00001738_10cm_7000_0.tif,82-24,2,4740.0,47.4
O2021_82_16_1_0025_00005217_10cm_3000_2000.tif,82-16,2,O2021_82_24_1_0023_00001728_10cm_2000_0.tif,82-24,2,1056.0,10.56
O2021_82_16_1_0025_00005217_10cm_3000_2000.tif,82-16,2,O2021_82_24_1_0022_00001737_10cm_7820_3000.tif,82-24,2,1064.0,10.64
O2021_82_16_1_0025_00005217_10cm_3000_2000.tif,82-16,2,O2021_82_24_1_0023_00001728_10cm_1000_0.tif,82-24,2,2244.0,22.44
O2021_82_16_1_0025_00005217_10cm_3000_2000.tif,82-16,2,O2021_82_24_1_0022_00001737_10cm_7000_3000.tif,82-24,2,2240.0,22.4
O2021_82_16_1_0025_00005217_10cm_3000_2000.tif,82-16,2,O2021_82_24_1_0023_00001729_10cm_2000_3000.tif,82-24,2,155.0,1.55
O2021_82_16_1_0025_00005217_10cm_3000_2000.tif,82-16,2,O2021_82_24_1_0023_00001729_10cm_1000_3000.tif,82-24,2,345.0,3.45
O2021_82_16_1_0025_00005217_10cm_3000_3000.tif,82-16,2,O2021_82_24_1_0022_00001738_10cm_7000_1000.tif,82-24,2,4740.0,47.4
O2021_82_16_1_0025_00005217_10cm_3000_3000.tif,82-16,2,O2021_82_24_1_0022_00001738_10cm_7850_1000.tif,82-24,2,2160.0,21.6
O2021_82_16_1_0025_00005217_10cm_3000_3000.tif,82-16,2,O2021_82_24_1_0023_00001728_10cm_2000_1000.tif,82-24,2,2784.0,27.84
O2021_82_16_1_0025_00005217_10cm_3000_3000.tif,82-16,2,O2021_82_24_1_0023_00001728_10cm_1000_1000.tif,82-24,2,5916.0,59.16
O2021_82_16_1_0025_00005217_10cm_3000_3000.tif,82-16,2,O2021_82_24_1_0022_00001738_10cm_8000_0.tif,82-24,2,1440.0,14.4
O2021_82_16_1_0025_00005217_10cm_3000_3000.tif,82-16,2,O2021_82_24_1_0022_00001738_10cm_7000_0.tif,82-24,2,3160.0,31.6
O2021_82_16_1_0025_00005217_10cm_3000_3000.tif,82-16,2,O2021_82_24_1_0023_00001728_10cm_2000_0.tif,82-24,2,416.0,4.16
O2021_82_16_1_0025_00005217_10cm_3000_3000.tif,82-16,2,O2021_82_24_1_0022_00001737_10cm_7820_3000.tif,82-24,2,304.0,3.04
O2021_82_16_1_0025_00005217_10cm_3000_3000.tif,82-16,2,O2021_82_24_1_0023_00001728_10cm_1000_0.tif,82-24,2,884.0,8.84
O2021_82_16_1_0025_00005217_10cm_3000_3000.tif,82-16,2,O2021_82_24_1_0022_00001737_10cm_7000_3000.tif,82-24,2,640.0,6.4
O2021_82_16_1_0025_00005217_10cm_4000_0.tif,82-16,2,O2021_82_24_1_0022_00001737_10cm_7820_2000.tif,82-24,2,186.0,1.86
O2021_82_16_1_0025_00005217_10cm_4000_0.tif,82-16,2,O2021_82_24_1_0023_00001729_10cm_2000_2000.tif,82-24,2,1932.0,19.32
O2021_82_16_1_0025_00005217_10cm_4000_0.tif,82-16,2,O2021_82_24_1_0023_00001729_10cm_3000_2000.tif,82-24,2,868.0,8.68
O2021_82_16_1_0025_00005217_10cm_4000_0.tif,82-16,2,O2021_82_24_1_0022_00001737_10cm_7820_1000.tif,82-24,2,6014.0,60.14
O2021_82_16_1_0025_00005217_10cm_4000_1000.tif,82-16,2,O2021_82_24_1_0022_00001738_10cm_8000_0.tif,82-24,2,2560.0,25.6
O2021_82_16_1_0025_00005217_10cm_4000_1000.tif,82-16,2,O2021_82_24_1_0023_00001728_10cm_3000_0.tif,82-24,2,2144.0,21.44
O2021_82_16_1_0025_00005217_10cm_4000_1000.tif,82-16,2,O2021_82_24_1_0023_00001728_10cm_2000_0.tif,82-24,2,4556.0,45.56
O2021_82_16_1_0025_00005217_10cm_4000_1000.tif,82-16,2,O2021_82_24_1_0022_00001737_10cm_7820_3000.tif,82-24,2,4464.0,44.64
O2021_82_16_1_0025_00005217_10cm_4000_1000.tif,82-16,2,O2021_82_24_1_0023_00001729_10cm_2000_3000.tif,82-24,2,6555.0,65.55
O2021_82_16_1_0025_00005217_10cm_4000_1000.tif,82-16,2,O2021_82_24_1_0023_00001729_10cm_3000_3000.tif,82-24,2,2945.0,29.45
O2021_82_16_1_0025_00005217_10cm_4000_1000.tif,82-16,2,O2021_82_24_1_0022_00001737_10cm_7820_2000.tif,82-24,2,6014.0,60.14
O2021_82_16_1_0025_00005217_10cm_4000_1000.tif,82-16,2,O2021_82_24_1_0023_00001729_10cm_2000_2000.tif,82-24,2,4968.0,49.68
O2021_82_16_1_0025_00005217_10cm_4000_1000.tif,82-16,2,O2021_82_24_1_0023_00001729_10cm_3000_2000.tif,82-24,2,2232.0,22.32
O2021_82_16_1_0025_00005217_10cm_4000_2000.tif,82-16,2,O2021_82_24_1_0022_00001738_10cm_7850_1000.tif,82-24,2,2560.0,25.6
O2021_82_16_1_0025_00005217_10cm_4000_2000.tif,82-16,2,O2021_82_24_1_0023_00001728_10cm_2000_1000.tif,82-24,2,4556.0,45.56
O2021_82_16_1_0025_00005217_10cm_4000_2000.tif,82-16,2,O2021_82_24_1_0023_00001728_10cm_3000_1000.tif,82-24,2,2144.0,21.44
O2021_82_16_1_0025_00005217_10cm_4000_2000.tif,82-16,2,O2021_82_24_1_0022_00001738_10cm_8000_0.tif,82-24,2,3840.0,38.4
O2021_82_16_1_0025_00005217_10cm_4000_2000.tif,82-16,2,O2021_82_24_1_0023_00001728_10cm_3000_0.tif,82-24,2,1056.0,10.56
O2021_82_16_1_0025_00005217_10cm_4000_2000.tif,82-16,2,O2021_82_24_1_0023_00001728_10cm_2000_0.tif,82-24,2,2244.0,22.44
O2021_82_16_1_0025_00005217_10cm_4000_2000.tif,82-16,2,O2021_82_24_1_0022_00001737_10cm_7820_3000.tif,82-24,2,1736.0,17.36
O2021_82_16_1_0025_00005217_10cm_4000_2000.tif,82-16,2,O2021_82_24_1_0023_00001729_10cm_2000_3000.tif,82-24,2,345.0,3.45
O2021_82_16_1_0025_00005217_10cm_4000_2000.tif,82-16,2,O2021_82_24_1_0023_00001729_10cm_3000_3000.tif,82-24,2,155.0,1.55
O2021_82_16_1_0025_00005217_10cm_4000_3000.tif,82-16,2,O2021_82_24_1_0022_00001738_10cm_7850_1000.tif,82-24,2,3840.0,38.4
O2021_82_16_1_0025_00005217_10cm_4000_3000.tif,82-16,2,O2021_82_24_1_0023_00001728_10cm_2000_1000.tif,82-24,2,5916.0,59.16
O2021_82_16_1_0025_00005217_10cm_4000_3000.tif,82-16,2,O2021_82_24_1_0023_00001728_10cm_3000_1000.tif,82-24,2,2784.0,27.84
O2021_82_16_1_0025_00005217_10cm_4000_3000.tif,82-16,2,O2021_82_24_1_0022_00001738_10cm_8000_0.tif,82-24,2,2560.0,25.6
O2021_82_16_1_0025_00005217_10cm_4000_3000.tif,82-16,2,O2021_82_24_1_0023_00001728_10cm_3000_0.tif,82-24,2,416.0,4.16
O2021_82_16_1_0025_00005217_10cm_4000_3000.tif,82-16,2,O2021_82_24_1_0023_00001728_10cm_2000_0.tif,82-24,2,884.0,8.84
O2021_82_16_1_0025_00005217_10cm_4000_3000.tif,82-16,2,O2021_82_24_1_0022_00001737_10cm_7820_3000.tif,82-24,2,496.0,4.96
O2021_82_16_1_0025_00005217_10cm_5000_0.tif,82-16,2,O2021_82_24_1_0023_00001729_10cm_4000_2000.tif,82-24,2,868.0,8.68
O2021_82_16_1_0025_00005217_10cm_5000_0.tif,82-16,2,O2021_82_24_1_0023_00001729_10cm_3000_2000.tif,82-24,2,1932.0,19.32
O2021_82_16_1_0025_00005217_10cm_5000_1000.tif,82-16,2,O2021_82_24_1_0023_00001728_10cm_3000_0.tif,82-24,2,4556.0,45.56
O2021_82_16_1_0025_00005217_10cm_5000_1000.tif,82-16,2,O2021_82_24_1_0023_00001728_10cm_4000_0.tif,82-24,2,2144.0,21.44
O2021_82_16_1_0025_00005217_10cm_5000_1000.tif,82-16,2,O2021_82_24_1_0023_00001729_10cm_4000_3000.tif,82-24,2,2945.0,29.45
O2021_82_16_1_0025_00005217_10cm_5000_1000.tif,82-16,2,O2021_82_24_1_0023_00001729_10cm_3000_3000.tif,82-24,2,6555.0,65.55
O2021_82_16_1_0025_00005217_10cm_5000_1000.tif,82-16,2,O2021_82_24_1_0023_00001729_10cm_4000_2000.tif,82-24,2,2232.0,22.32
O2021_82_16_1_0025_00005217_10cm_5000_1000.tif,82-16,2,O2021_82_24_1_0023_00001729_10cm_3000_2000.tif,82-24,2,4968.0,49.68
O2021_82_16_1_0025_00005217_10cm_5000_2000.tif,82-16,2,O2021_82_24_1_0023_00001728_10cm_4000_1000.tif,82-24,2,2144.0,21.44
O2021_82_16_1_0025_00005217_10cm_5000_2000.tif,82-16,2,O2021_82_24_1_0023_00001728_10cm_3000_1000.tif,82-24,2,4556.0,45.56
O2021_82_16_1_0025_00005217_10cm_5000_2000.tif,82-16,2,O2021_82_24_1_0023_00001728_10cm_3000_0.tif,82-24,2,2244.0,22.44
O2021_82_16_1_0025_00005217_10cm_5000_2000.tif,82-16,2,O2021_82_24_1_0023_00001728_10cm_4000_0.tif,82-24,2,1056.0,10.56
O2021_82_16_1_0025_00005217_10cm_5000_2000.tif,82-16,2,O2021_82_24_1_0023_00001729_10cm_4000_3000.tif,82-24,2,155.0,1.55
O2021_82_16_1_0025_00005217_10cm_5000_2000.tif,82-16,2,O2021_82_24_1_0023_00001729_10cm_3000_3000.tif,82-24,2,345.0,3.45
O2021_82_16_1_0025_00005217_10cm_5000_3000.tif,82-16,2,O2021_82_24_1_0023_00001728_10cm_4000_1000.tif,82-24,2,2784.0,27.84
O2021_82_16_1_0025_00005217_10cm_5000_3000.tif,82-16,2,O2021_82_24_1_0023_00001728_10cm_3000_1000.tif,82-24,2,5916.0,59.16
O2021_82_16_1_0025_00005217_10cm_5000_3000.tif,82-16,2,O2021_82_24_1_0023_00001728_10cm_3000_0.tif,82-24,2,884.0,8.84
O2021_82_16_1_0025_00005217_10cm_5000_3000.tif,82-16,2,O2021_82_24_1_0023_00001728_10cm_4000_0.tif,82-24,2,416.0,4.16
O2021_82_16_1_0025_00005217_10cm_6000_0.tif,82-16,2,O2021_82_24_1_0023_00001729_10cm_5000_2000.tif,82-24,2,868.0,8.68
O2021_82_16_1_0025_00005217_10cm_6000_0.tif,82-16,2,O2021_82_24_1_0023_00001729_10cm_4000_2000.tif,82-24,2,1932.0,19.32
O2021_82_16_1_0025_00005217_10cm_6000_0.tif,82-16,2,O2021_82_24_1_0023_00001729_10cm_5000_1000.tif,82-24,2,2232.0,22.32
O2021_82_16_1_0025_00005217_10cm_6000_1000.tif,82-16,2,O2021_82_24_1_0023_00001728_10cm_4000_0.tif,82-24,2,4556.0,45.56
O2021_82_16_1_0025_00005217_10cm_6000_1000.tif,82-16,2,O2021_82_24_1_0023_00001728_10cm_5000_0.tif,82-24,2,2144.0,21.44
O2021_82_16_1_0025_00005217_10cm_6000_1000.tif,82-16,2,O2021_82_24_1_0023_00001729_10cm_5000_3000.tif,82-24,2,2945.0,29.45
O2021_82_16_1_0025_00005217_10cm_6000_1000.tif,82-16,2,O2021_82_24_1_0023_00001729_10cm_4000_3000.tif,82-24,2,6555.0,65.55
O2021_82_16_1_0025_00005217_10cm_6000_1000.tif,82-16,2,O2021_82_24_1_0023_00001729_10cm_5000_2000.tif,82-24,2,2232.0,22.32
O2021_82_16_1_0025_00005217_10cm_6000_1000.tif,82-16,2,O2021_82_24_1_0023_00001729_10cm_4000_2000.tif,82-24,2,4968.0,49.68
O2021_82_16_1_0025_00005217_10cm_6000_2000.tif,82-16,2,O2021_82_24_1_0023_00001728_10cm_4000_1000.tif,82-24,2,4556.0,45.56
O2021_82_16_1_0025_00005217_10cm_6000_2000.tif,82-16,2,O2021_82_24_1_0023_00001728_10cm_5000_1000.tif,82-24,2,2144.0,21.44
O2021_82_16_1_0025_00005217_10cm_6000_2000.tif,82-16,2,O2021_82_24_1_0023_00001728_10cm_4000_0.tif,82-24,2,2244.0,22.44
O2021_82_16_1_0025_00005217_10cm_6000_2000.tif,82-16,2,O2021_82_24_1_0023_00001728_10cm_5000_0.tif,82-24,2,1056.0,10.56
O2021_82_16_1_0025_00005217_10cm_6000_2000.tif,82-16,2,O2021_82_24_1_0023_00001729_10cm_5000_3000.tif,82-24,2,155.0,1.55
O2021_82_16_1_0025_00005217_10cm_6000_2000.tif,82-16,2,O2021_82_24_1_0023_00001729_10cm_4000_3000.tif,82-24,2,345.0,3.45
O2021_82_16_1_0025_00005217_10cm_6000_3000.tif,82-16,2,O2021_82_24_1_0023_00001728_10cm_4000_1000.tif,82-24,2,5916.0,59.16
O2021_82_16_1_0025_00005217_10cm_6000_3000.tif,82-16,2,O2021_82_24_1_0023_00001728_10cm_5000_1000.tif,82-24,2,2784.0,27.84
O2021_82_16_1_0025_00005217_10cm_6000_3000.tif,82-16,2,O2021_82_24_1_0023_00001728_10cm_4000_0.tif,82-24,2,884.0,8.84
O2021_82_16_1_0025_00005217_10cm_6000_3000.tif,82-16,2,O2021_82_24_1_0023_00001728_10cm_5000_0.tif,82-24,2,416.0,4.16
O2021_82_16_1_0025_00005217_10cm_7000_0.tif,82-16,2,O2021_82_24_1_0023_00001729_10cm_5000_2000.tif,82-24,2,1932.0,19.32
O2021_82_16_1_0025_00005217_10cm_7000_0.tif,82-16,2,O2021_82_24_1_0023_00001729_10cm_6000_2000.tif,82-24,2,868.0,8.68
O2021_82_16_1_0025_00005217_10cm_7000_0.tif,82-16,2,O2021_82_24_1_0023_00001729_10cm_6000_1000.tif,82-24,2,2232.0,22.32
O2021_82_16_1_0025_00005217_10cm_7000_0.tif,82-16,2,O2021_82_24_1_0023_00001729_10cm_5000_1000.tif,82-24,2,4968.0,49.68
O2021_82_16_1_0025_00005217_10cm_7000_1000.tif,82-16,2,O2021_82_24_1_0023_00001728_10cm_6000_0.tif,82-24,2,2144.0,21.44
O2021_82_16_1_0025_00005217_10cm_7000_1000.tif,82-16,2,O2021_82_24_1_0023_00001728_10cm_5000_0.tif,82-24,2,4556.0,45.56
O2021_82_16_1_0025_00005217_10cm_7000_1000.tif,82-16,2,O2021_82_24_1_0023_00001729_10cm_5000_3000.tif,82-24,2,6555.0,65.55
O2021_82_16_1_0025_00005217_10cm_7000_1000.tif,82-16,2,O2021_82_24_1_0023_00001729_10cm_6000_3000.tif,82-24,2,2945.0,29.45
O2021_82_16_1_0025_00005217_10cm_7000_1000.tif,82-16,2,O2021_82_24_1_0023_00001729_10cm_5000_2000.tif,82-24,2,4968.0,49.68
O2021_82_16_1_0025_00005217_10cm_7000_1000.tif,82-16,2,O2021_82_24_1_0023_00001729_10cm_6000_2000.tif,82-24,2,2232.0,22.32
O2021_82_16_1_0025_00005217_10cm_7000_2000.tif,82-16,2,O2021_82_24_1_0023_00001728_10cm_6000_1000.tif,82-24,2,2144.0,21.44
O2021_82_16_1_0025_00005217_10cm_7000_2000.tif,82-16,2,O2021_82_24_1_0023_00001728_10cm_5000_1000.tif,82-24,2,4556.0,45.56
O2021_82_16_1_0025_00005217_10cm_7000_2000.tif,82-16,2,O2021_82_24_1_0023_00001728_10cm_6000_0.tif,82-24,2,1056.0,10.56
O2021_82_16_1_0025_00005217_10cm_7000_2000.tif,82-16,2,O2021_82_24_1_0023_00001728_10cm_5000_0.tif,82-24,2,2244.0,22.44
O2021_82_16_1_0025_00005217_10cm_7000_2000.tif,82-16,2,O2021_82_24_1_0023_00001729_10cm_5000_3000.tif,82-24,2,345.0,3.45
O2021_82_16_1_0025_00005217_10cm_7000_2000.tif,82-16,2,O2021_82_24_1_0023_00001729_10cm_6000_3000.tif,82-24,2,155.0,1.55
O2021_82_16_1_0025_00005217_10cm_7000_3000.tif,82-16,2,O2021_82_24_1_0023_00001728_10cm_6000_1000.tif,82-24,2,2784.0,27.84
O2021_82_16_1_0025_00005217_10cm_7000_3000.tif,82-16,2,O2021_82_24_1_0023_00001728_10cm_5000_1000.tif,82-24,2,5916.0,59.16
O2021_82_16_1_0025_00005217_10cm_7000_3000.tif,82-16,2,O2021_82_24_1_0023_00001728_10cm_6000_0.tif,82-24,2,416.0,4.16
O2021_82_16_1_0025_00005217_10cm_7000_3000.tif,82-16,2,O2021_82_24_1_0023_00001728_10cm_5000_0.tif,82-24,2,884.0,8.84
O2021_82_16_1_0025_00005217_10cm_7450_1000.tif,82-16,2,O2021_82_24_1_0024_00005686_10cm_0_1000.tif,82-24,2,1026.0,10.26
O2021_82_16_1_0025_00005217_10cm_7450_1000.tif,82-16,2,O2021_82_24_1_0023_00001728_10cm_6000_0.tif,82-24,2,5159.0,51.59
O2021_82_16_1_0025_00005217_10cm_7450_1000.tif,82-16,2,O2021_82_24_1_0023_00001728_10cm_5000_0.tif,82-24,2,1541.0,15.41
O2021_82_16_1_0025_00005217_10cm_7450_1000.tif,82-16,2,O2021_82_24_1_0023_00001729_10cm_5000_3000.tif,82-24,2,2280.0,22.8
O2021_82_16_1_0025_00005217_10cm_7450_1000.tif,82-16,2,O2021_82_24_1_0023_00001729_10cm_6000_3000.tif,82-24,2,7220.0,72.2
O2021_82_16_1_0025_00005217_10cm_7450_1000.tif,82-16,2,O2021_82_24_1_0024_00005686_10cm_0_0.tif,82-24,2,2774.0,27.74
O2021_82_16_1_0025_00005217_10cm_7450_1000.tif,82-16,2,O2021_82_24_1_0023_00001729_10cm_5000_2000.tif,82-24,2,1728.0,17.28
O2021_82_16_1_0025_00005217_10cm_7450_1000.tif,82-16,2,O2021_82_24_1_0023_00001729_10cm_6000_2000.tif,82-24,2,5472.0,54.72
O2021_82_16_1_0025_00005217_10cm_7450_1000.tif,82-16,2,O2021_82_24_1_0024_00005687_10cm_0_3000.tif,82-24,2,2565.0,25.65
O2021_82_16_1_0025_00005217_10cm_7450_1000.tif,82-16,2,O2021_82_24_1_0024_00005687_10cm_0_2000.tif,82-24,2,360.0,3.6
O2021_82_16_1_0025_00005217_10cm_7450_2000.tif,82-16,2,O2021_82_24_1_0024_00005686_10cm_0_2000.tif,82-24,2,1026.0,10.26
O2021_82_16_1_0025_00005217_10cm_7450_2000.tif,82-16,2,O2021_82_24_1_0023_00001728_10cm_6000_1000.tif,82-24,2,5159.0,51.59
O2021_82_16_1_0025_00005217_10cm_7450_2000.tif,82-16,2,O2021_82_24_1_0023_00001728_10cm_5000_1000.tif,82-24,2,1541.0,15.41
O2021_82_16_1_0025_00005217_10cm_7450_2000.tif,82-16,2,O2021_82_24_1_0024_00005686_10cm_0_1000.tif,82-24,2,2774.0,27.74
O2021_82_16_1_0025_00005217_10cm_7450_2000.tif,82-16,2,O2021_82_24_1_0023_00001728_10cm_6000_0.tif,82-24,2,2541.0,25.41
O2021_82_16_1_0025_00005217_10cm_7450_2000.tif,82-16,2,O2021_82_24_1_0023_00001728_10cm_5000_0.tif,82-24,2,759.0,7.59
O2021_82_16_1_0025_00005217_10cm_7450_2000.tif,82-16,2,O2021_82_24_1_0023_00001729_10cm_5000_3000.tif,82-24,2,120.0,1.2
O2021_82_16_1_0025_00005217_10cm_7450_2000.tif,82-16,2,O2021_82_24_1_0023_00001729_10cm_6000_3000.tif,82-24,2,380.0,3.8
O2021_82_16_1_0025_00005217_10cm_7450_3000.tif,82-16,2,O2021_82_24_1_0024_00005686_10cm_0_3000.tif,82-24,2,76.0,0.76
O2021_82_16_1_0025_00005217_10cm_7450_3000.tif,82-16,2,O2021_82_24_1_0024_00005686_10cm_0_2000.tif,82-24,2,1786.0,17.86
O2021_82_16_1_0025_00005217_10cm_7450_3000.tif,82-16,2,O2021_82_24_1_0023_00001728_10cm_6000_1000.tif,82-24,2,6699.0,66.99
O2021_82_16_1_0025_00005217_10cm_7450_3000.tif,82-16,2,O2021_82_24_1_0023_00001728_10cm_5000_1000.tif,82-24,2,2001.0,20.01
O2021_82_16_1_0025_00005217_10cm_7450_3000.tif,82-16,2,O2021_82_24_1_0024_00005686_10cm_0_1000.tif,82-24,2,2014.0,20.14
O2021_82_16_1_0025_00005217_10cm_7450_3000.tif,82-16,2,O2021_82_24_1_0023_00001728_10cm_6000_0.tif,82-24,2,1001.0,10.01
O2021_82_16_1_0025_00005217_10cm_7450_3000.tif,82-16,2,O2021_82_24_1_0023_00001728_10cm_5000_0.tif,82-24,2,299.0,2.99
O2021_82_16_1_0025_00005217_10cm_8000_0.tif,82-16,2,O2021_82_24_1_0024_00005686_10cm_0_0.tif,82-24,2,1026.0,10.26
O2021_82_16_1_0025_00005217_10cm_8000_0.tif,82-16,2,O2021_82_24_1_0023_00001729_10cm_5000_2000.tif,82-24,2,672.0,6.72
O2021_82_16_1_0025_00005217_10cm_8000_0.tif,82-16,2,O2021_82_24_1_0023_00001729_10cm_6000_2000.tif,82-24,2,2128.0,21.28
O2021_82_16_1_0025_00005217_10cm_8000_0.tif,82-16,2,O2021_82_24_1_0024_00005687_10cm_0_3000.tif,82-24,2,1935.0,19.35
O2021_82_16_1_0025_00005217_10cm_8000_0.tif,82-16,2,O2021_82_24_1_0024_00005687_10cm_0_2000.tif,82-24,2,4140.0,41.4
O2021_82_16_1_0025_00005217_10cm_8000_0.tif,82-16,2,O2021_82_24_1_0023_00001729_10cm_6000_1000.tif,82-24,2,5472.0,54.72
O2021_82_16_1_0025_00005217_10cm_8000_0.tif,82-16,2,O2021_82_24_1_0023_00001729_10cm_5000_1000.tif,82-24,2,1728.0,17.28
O2021_82_16_1_0025_00005218_10cm_0_0.tif,82-16,2,O2021_82_24_1_0022_00001738_10cm_4000_1000.tif,82-24,2,7524.0,75.24
O2021_82_16_1_0025_00005218_10cm_0_0.tif,82-16,2,O2021_82_24_1_0022_00001738_10cm_5000_1000.tif,82-24,2,2376.0,23.76
O2021_82_16_1_0025_00005218_10cm_0_0.tif,82-16,2,O2021_82_24_1_0022_00001738_10cm_5000_0.tif,82-24,2,24.0,0.24
O2021_82_16_1_0025_00005218_10cm_0_0.tif,82-16,2,O2021_82_24_1_0022_00001738_10cm_4000_0.tif,82-24,2,76.0,0.76
O2021_82_16_1_0025_00005218_10cm_0_1000.tif,82-16,2,O2021_82_24_1_0022_00001739_10cm_4000_0.tif,82-24,2,2628.0,26.28
O2021_82_16_1_0025_00005218_10cm_0_1000.tif,82-16,2,O2021_82_24_1_0022_00001739_10cm_5000_0.tif,82-24,2,972.0,9.72
O2021_82_16_1_0025_00005218_10cm_0_1000.tif,82-16,2,O2021_82_24_1_0022_00001738_10cm_5000_3000.tif,82-24,2,1560.0,15.6
O2021_82_16_1_0025_00005218_10cm_0_1000.tif,82-16,2,O2021_82_24_1_0022_00001738_10cm_4000_3000.tif,82-24,2,4940.0,49.4
O2021_82_16_1_0025_00005218_10cm_0_1000.tif,82-16,2,O2021_82_24_1_0022_00001738_10cm_4000_2000.tif,82-24,2,7524.0,75.24
O2021_82_16_1_0025_00005218_10cm_0_1000.tif,82-16,2,O2021_82_24_1_0022_00001738_10cm_5000_2000.tif,82-24,2,2376.0,23.76
O2021_82_16_1_0025_00005218_10cm_0_1000.tif,82-16,2,O2021_82_24_1_0022_00001738_10cm_4000_1000.tif,82-24,2,76.0,0.76
O2021_82_16_1_0025_00005218_10cm_0_1000.tif,82-16,2,O2021_82_24_1_0022_00001738_10cm_5000_1000.tif,82-24,2,24.0,0.24
O2021_82_16_1_0025_00005218_10cm_0_2000.tif,82-16,2,O2021_82_24_1_0022_00001739_10cm_5000_1000.tif,82-24,2,972.0,9.72
O2021_82_16_1_0025_00005218_10cm_0_2000.tif,82-16,2,O2021_82_24_1_0022_00001739_10cm_4000_1000.tif,82-24,2,2628.0,26.28
O2021_82_16_1_0025_00005218_10cm_0_2000.tif,82-16,2,O2021_82_24_1_0022_00001739_10cm_4000_0.tif,82-24,2,4672.0,46.72
O2021_82_16_1_0025_00005218_10cm_0_2000.tif,82-16,2,O2021_82_24_1_0022_00001739_10cm_5000_0.tif,82-24,2,1728.0,17.28
O2021_82_16_1_0025_00005218_10cm_0_2000.tif,82-16,2,O2021_82_24_1_0022_00001738_10cm_5000_3000.tif,82-24,2,840.0,8.4
O2021_82_16_1_0025_00005218_10cm_0_2000.tif,82-16,2,O2021_82_24_1_0022_00001738_10cm_4000_3000.tif,82-24,2,2660.0,26.6
O2021_82_16_1_0025_00005218_10cm_0_2000.tif,82-16,2,O2021_82_24_1_0022_00001738_10cm_4000_2000.tif,82-24,2,76.0,0.76
O2021_82_16_1_0025_00005218_10cm_0_2000.tif,82-16,2,O2021_82_24_1_0022_00001738_10cm_5000_2000.tif,82-24,2,24.0,0.24
O2021_82_16_1_0025_00005218_10cm_0_3000.tif,82-16,2,O2021_82_24_1_0022_00001739_10cm_5000_1000.tif,82-24,2,1512.0,15.12
O2021_82_16_1_0025_00005218_10cm_0_3000.tif,82-16,2,O2021_82_24_1_0022_00001739_10cm_4000_1000.tif,82-24,2,4088.0,40.88
O2021_82_16_1_0025_00005218_10cm_0_3000.tif,82-16,2,O2021_82_24_1_0022_00001739_10cm_4000_0.tif,82-24,2,3212.0,32.12
O2021_82_16_1_0025_00005218_10cm_0_3000.tif,82-16,2,O2021_82_24_1_0022_00001739_10cm_5000_0.tif,82-24,2,1188.0,11.88
O2021_82_16_1_0025_00005218_10cm_0_3000.tif,82-16,2,O2021_82_24_1_0022_00001738_10cm_5000_3000.tif,82-24,2,360.0,3.6
O2021_82_16_1_0025_00005218_10cm_0_3000.tif,82-16,2,O2021_82_24_1_0022_00001738_10cm_4000_3000.tif,82-24,2,1140.0,11.4
O2021_82_16_1_0025_00005218_10cm_1000_0.tif,82-16,2,O2021_82_24_1_0023_00001728_10cm_0_2000.tif,82-24,2,910.0,9.1
O2021_82_16_1_0025_00005218_10cm_1000_0.tif,82-16,2,O2021_82_24_1_0022_00001738_10cm_6000_1000.tif,82-24,2,2376.0,23.76
O2021_82_16_1_0025_00005218_10cm_1000_0.tif,82-16,2,O2021_82_24_1_0022_00001738_10cm_5000_1000.tif,82-24,2,7524.0,75.24
O2021_82_16_1_0025_00005218_10cm_1000_0.tif,82-16,2,O2021_82_24_1_0023_00001728_10cm_0_1000.tif,82-24,2,2590.0,25.9
O2021_82_16_1_0025_00005218_10cm_1000_0.tif,82-16,2,O2021_82_24_1_0022_00001738_10cm_5000_0.tif,82-24,2,76.0,0.76
O2021_82_16_1_0025_00005218_10cm_1000_0.tif,82-16,2,O2021_82_24_1_0022_00001738_10cm_6000_0.tif,82-24,2,24.0,0.24
O2021_82_16_1_0025_00005218_10cm_1000_1000.tif,82-16,2,O2021_82_24_1_0022_00001739_10cm_6000_0.tif,82-24,2,972.0,9.72
O2021_82_16_1_0025_00005218_10cm_1000_1000.tif,82-16,2,O2021_82_24_1_0022_00001739_10cm_5000_0.tif,82-24,2,2628.0,26.28
O2021_82_16_1_0025_00005218_10cm_1000_1000.tif,82-16,2,O2021_82_24_1_0023_00001727_10cm_0_0.tif,82-24,2,2405.0,24.05
O2021_82_16_1_0025_00005218_10cm_1000_1000.tif,82-16,2,O2021_82_24_1_0022_00001738_10cm_6000_3000.tif,82-24,2,1560.0,15.6
O2021_82_16_1_0025_00005218_10cm_1000_1000.tif,82-16,2,O2021_82_24_1_0022_00001738_10cm_5000_3000.tif,82-24,2,4940.0,49.4
O2021_82_16_1_0025_00005218_10cm_1000_1000.tif,82-16,2,O2021_82_24_1_0023_00001728_10cm_0_3000.tif,82-24,2,3115.0,31.15
O2021_82_16_1_0025_00005218_10cm_1000_1000.tif,82-16,2,O2021_82_24_1_0022_00001738_10cm_5000_2000.tif,82-24,2,7524.0,75.24
O2021_82_16_1_0025_00005218_10cm_1000_1000.tif,82-16,2,O2021_82_24_1_0022_00001738_10cm_6000_2000.tif,82-24,2,2376.0,23.76
O2021_82_16_1_0025_00005218_10cm_1000_1000.tif,82-16,2,O2021_82_24_1_0023_00001728_10cm_0_2000.tif,82-24,2,2590.0,25.9
O2021_82_16_1_0025_00005218_10cm_1000_1000.tif,82-16,2,O2021_82_24_1_0022_00001738_10cm_6000_1000.tif,82-24,2,24.0,0.24
O2021_82_16_1_0025_00005218_10cm_1000_1000.tif,82-16,2,O2021_82_24_1_0022_00001738_10cm_5000_1000.tif,82-24,2,76.0,0.76
O2021_82_16_1_0025_00005218_10cm_1000_2000.tif,82-16,2,O2021_82_24_1_0022_00001739_10cm_5000_1000.tif,82-24,2,2628.0,26.28
O2021_82_16_1_0025_00005218_10cm_1000_2000.tif,82-16,2,O2021_82_24_1_0022_00001739_10cm_6000_1000.tif,82-24,2,972.0,9.72
O2021_82_16_1_0025_00005218_10cm_1000_2000.tif,82-16,2,O2021_82_24_1_0023_00001727_10cm_0_1000.tif,82-24,2,2405.0,24.05
O2021_82_16_1_0025_00005218_10cm_1000_2000.tif,82-16,2,O2021_82_24_1_0022_00001739_10cm_6000_0.tif,82-24,2,1728.0,17.28
O2021_82_16_1_0025_00005218_10cm_1000_2000.tif,82-16,2,O2021_82_24_1_0022_00001739_10cm_5000_0.tif,82-24,2,4672.0,46.72
O2021_82_16_1_0025_00005218_10cm_1000_2000.tif,82-16,2,O2021_82_24_1_0023_00001727_10cm_0_0.tif,82-24,2,1295.0,12.95
O2021_82_16_1_0025_00005218_10cm_1000_2000.tif,82-16,2,O2021_82_24_1_0022_00001738_10cm_6000_3000.tif,82-24,2,840.0,8.4
O2021_82_16_1_0025_00005218_10cm_1000_2000.tif,82-16,2,O2021_82_24_1_0022_00001738_10cm_5000_3000.tif,82-24,2,2660.0,26.6
O2021_82_16_1_0025_00005218_10cm_1000_2000.tif,82-16,2,O2021_82_24_1_0023_00001728_10cm_0_3000.tif,82-24,2,385.0,3.85
O2021_82_16_1_0025_00005218_10cm_1000_2000.tif,82-16,2,O2021_82_24_1_0022_00001738_10cm_5000_2000.tif,82-24,2,76.0,0.76
O2021_82_16_1_0025_00005218_10cm_1000_2000.tif,82-16,2,O2021_82_24_1_0022_00001738_10cm_6000_2000.tif,82-24,2,24.0,0.24
O2021_82_16_1_0025_00005218_10cm_1000_3000.tif,82-16,2,O2021_82_24_1_0022_00001739_10cm_5000_1000.tif,82-24,2,4088.0,40.88
O2021_82_16_1_0025_00005218_10cm_1000_3000.tif,82-16,2,O2021_82_24_1_0022_00001739_10cm_6000_1000.tif,82-24,2,1512.0,15.12
O2021_82_16_1_0025_00005218_10cm_1000_3000.tif,82-16,2,O2021_82_24_1_0023_00001727_10cm_0_1000.tif,82-24,2,3145.0,31.45
O2021_82_16_1_0025_00005218_10cm_1000_3000.tif,82-16,2,O2021_82_24_1_0022_00001739_10cm_6000_0.tif,82-24,2,1188.0,11.88
O2021_82_16_1_0025_00005218_10cm_1000_3000.tif,82-16,2,O2021_82_24_1_0022_00001739_10cm_5000_0.tif,82-24,2,3212.0,32.12
O2021_82_16_1_0025_00005218_10cm_1000_3000.tif,82-16,2,O2021_82_24_1_0023_00001727_10cm_0_0.tif,82-24,2,555.0,5.55
O2021_82_16_1_0025_00005218_10cm_1000_3000.tif,82-16,2,O2021_82_24_1_0022_00001738_10cm_6000_3000.tif,82-24,2,360.0,3.6
O2021_82_16_1_0025_00005218_10cm_1000_3000.tif,82-16,2,O2021_82_24_1_0022_00001738_10cm_5000_3000.tif,82-24,2,1140.0,11.4
O2021_82_16_1_0025_00005218_10cm_2000_0.tif,82-16,2,O2021_82_24_1_0023_00001728_10cm_1000_2000.tif,82-24,2,910.0,9.1
O2021_82_16_1_0025_00005218_10cm_2000_0.tif,82-16,2,O2021_82_24_1_0023_00001728_10cm_0_2000.tif,82-24,2,1690.0,16.9
O2021_82_16_1_0025_00005218_10cm_2000_0.tif,82-16,2,O2021_82_24_1_0022_00001738_10cm_7000_1000.tif,82-24,2,2376.0,23.76
O2021_82_16_1_0025_00005218_10cm_2000_0.tif,82-16,2,O2021_82_24_1_0022_00001738_10cm_6000_1000.tif,82-24,2,7524.0,75.24
O2021_82_16_1_0025_00005218_10cm_2000_0.tif,82-16,2,O2021_82_24_1_0023_00001728_10cm_1000_1000.tif,82-24,2,2590.0,25.9
O2021_82_16_1_0025_00005218_10cm_2000_0.tif,82-16,2,O2021_82_24_1_0023_00001728_10cm_0_1000.tif,82-24,2,4810.0,48.1
O2021_82_16_1_0025_00005218_10cm_2000_0.tif,82-16,2,O2021_82_24_1_0022_00001738_10cm_6000_0.tif,82-24,2,76.0,0.76
O2021_82_16_1_0025_00005218_10cm_2000_0.tif,82-16,2,O2021_82_24_1_0022_00001738_10cm_7000_0.tif,82-24,2,24.0,0.24
O2021_82_16_1_0025_00005218_10cm_2000_1000.tif,82-16,2,O2021_82_24_1_0022_00001739_10cm_6000_0.tif,82-24,2,2628.0,26.28
O2021_82_16_1_0025_00005218_10cm_2000_1000.tif,82-16,2,O2021_82_24_1_0022_00001739_10cm_7000_0.tif,82-24,2,972.0,9.72
O2021_82_16_1_0025_00005218_10cm_2000_1000.tif,82-16,2,O2021_82_24_1_0023_00001727_10cm_0_0.tif,82-24,2,4095.0,40.95
O2021_82_16_1_0025_00005218_10cm_2000_1000.tif,82-16,2,O2021_82_24_1_0022_00001738_10cm_6000_3000.tif,82-24,2,4940.0,49.4
O2021_82_16_1_0025_00005218_10cm_2000_1000.tif,82-16,2,O2021_82_24_1_0022_00001738_10cm_7000_3000.tif,82-24,2,1560.0,15.6
O2021_82_16_1_0025_00005218_10cm_2000_1000.tif,82-16,2,O2021_82_24_1_0023_00001727_10cm_1000_0.tif,82-24,2,2405.0,24.05
O2021_82_16_1_0025_00005218_10cm_2000_1000.tif,82-16,2,O2021_82_24_1_0023_00001728_10cm_0_3000.tif,82-24,2,5785.0,57.85
O2021_82_16_1_0025_00005218_10cm_2000_1000.tif,82-16,2,O2021_82_24_1_0023_00001728_10cm_1000_3000.tif,82-24,2,3115.0,31.15
O2021_82_16_1_0025_00005218_10cm_2000_1000.tif,82-16,2,O2021_82_24_1_0022_00001738_10cm_7000_2000.tif,82-24,2,2376.0,23.76
O2021_82_16_1_0025_00005218_10cm_2000_1000.tif,82-16,2,O2021_82_24_1_0022_00001738_10cm_6000_2000.tif,82-24,2,7524.0,75.24
O2021_82_16_1_0025_00005218_10cm_2000_1000.tif,82-16,2,O2021_82_24_1_0023_00001728_10cm_1000_2000.tif,82-24,2,2590.0,25.9
O2021_82_16_1_0025_00005218_10cm_2000_1000.tif,82-16,2,O2021_82_24_1_0023_00001728_10cm_0_2000.tif,82-24,2,4810.0,48.1
O2021_82_16_1_0025_00005218_10cm_2000_1000.tif,82-16,2,O2021_82_24_1_0022_00001738_10cm_7000_1000.tif,82-24,2,24.0,0.24
O2021_82_16_1_0025_00005218_10cm_2000_1000.tif,82-16,2,O2021_82_24_1_0022_00001738_10cm_6000_1000.tif,82-24,2,76.0,0.76
O2021_82_16_1_0025_00005218_10cm_2000_2000.tif,82-16,2,O2021_82_24_1_0022_00001739_10cm_7000_1000.tif,82-24,2,972.0,9.72
O2021_82_16_1_0025_00005218_10cm_2000_2000.tif,82-16,2,O2021_82_24_1_0022_00001739_10cm_6000_1000.tif,82-24,2,2628.0,26.28
O2021_82_16_1_0025_00005218_10cm_2000_2000.tif,82-16,2,O2021_82_24_1_0023_00001727_10cm_0_1000.tif,82-24,2,4095.0,40.95
O2021_82_16_1_0025_00005218_10cm_2000_2000.tif,82-16,2,O2021_82_24_1_0023_00001727_10cm_1000_1000.tif,82-24,2,2405.0,24.05
O2021_82_16_1_0025_00005218_10cm_2000_2000.tif,82-16,2,O2021_82_24_1_0022_00001739_10cm_6000_0.tif,82-24,2,4672.0,46.72
O2021_82_16_1_0025_00005218_10cm_2000_2000.tif,82-16,2,O2021_82_24_1_0022_00001739_10cm_7000_0.tif,82-24,2,1728.0,17.28
O2021_82_16_1_0025_00005218_10cm_2000_2000.tif,82-16,2,O2021_82_24_1_0023_00001727_10cm_0_0.tif,82-24,2,2205.0,22.05
O2021_82_16_1_0025_00005218_10cm_2000_2000.tif,82-16,2,O2021_82_24_1_0022_00001738_10cm_6000_3000.tif,82-24,2,2660.0,26.6
O2021_82_16_1_0025_00005218_10cm_2000_2000.tif,82-16,2,O2021_82_24_1_0022_00001738_10cm_7000_3000.tif,82-24,2,840.0,8.4
O2021_82_16_1_0025_00005218_10cm_2000_2000.tif,82-16,2,O2021_82_24_1_0023_00001727_10cm_1000_0.tif,82-24,2,1295.0,12.95
O2021_82_16_1_0025_00005218_10cm_2000_2000.tif,82-16,2,O2021_82_24_1_0023_00001728_10cm_0_3000.tif,82-24,2,715.0,7.15
O2021_82_16_1_0025_00005218_10cm_2000_2000.tif,82-16,2,O2021_82_24_1_0023_00001728_10cm_1000_3000.tif,82-24,2,385.0,3.85
O2021_82_16_1_0025_00005218_10cm_2000_2000.tif,82-16,2,O2021_82_24_1_0022_00001738_10cm_7000_2000.tif,82-24,2,24.0,0.24
O2021_82_16_1_0025_00005218_10cm_2000_2000.tif,82-16,2,O2021_82_24_1_0022_00001738_10cm_6000_2000.tif,82-24,2,76.0,0.76
O2021_82_16_1_0025_00005218_10cm_2000_3000.tif,82-16,2,O2021_82_24_1_0022_00001739_10cm_7000_1000.tif,82-24,2,1512.0,15.12
O2021_82_16_1_0025_00005218_10cm_2000_3000.tif,82-16,2,O2021_82_24_1_0022_00001739_10cm_6000_1000.tif,82-24,2,4088.0,40.88
O2021_82_16_1_0025_00005218_10cm_2000_3000.tif,82-16,2,O2021_82_24_1_0023_00001727_10cm_0_1000.tif,82-24,2,5355.0,53.55
O2021_82_16_1_0025_00005218_10cm_2000_3000.tif,82-16,2,O2021_82_24_1_0023_00001727_10cm_1000_1000.tif,82-24,2,3145.0,31.45
O2021_82_16_1_0025_00005218_10cm_2000_3000.tif,82-16,2,O2021_82_24_1_0022_00001739_10cm_6000_0.tif,82-24,2,3212.0,32.12
O2021_82_16_1_0025_00005218_10cm_2000_3000.tif,82-16,2,O2021_82_24_1_0022_00001739_10cm_7000_0.tif,82-24,2,1188.0,11.88
O2021_82_16_1_0025_00005218_10cm_2000_3000.tif,82-16,2,O2021_82_24_1_0023_00001727_10cm_0_0.tif,82-24,2,945.0,9.45
O2021_82_16_1_0025_00005218_10cm_2000_3000.tif,82-16,2,O2021_82_24_1_0022_00001738_10cm_6000_3000.tif,82-24,2,1140.0,11.4
O2021_82_16_1_0025_00005218_10cm_2000_3000.tif,82-16,2,O2021_82_24_1_0022_00001738_10cm_7000_3000.tif,82-24,2,360.0,3.6
O2021_82_16_1_0025_00005218_10cm_2000_3000.tif,82-16,2,O2021_82_24_1_0023_00001727_10cm_1000_0.tif,82-24,2,555.0,5.55
O2021_82_16_1_0025_00005218_10cm_3000_0.tif,82-16,2,O2021_82_24_1_0023_00001728_10cm_2000_2000.tif,82-24,2,910.0,9.1
O2021_82_16_1_0025_00005218_10cm_3000_0.tif,82-16,2,O2021_82_24_1_0023_00001728_10cm_1000_2000.tif,82-24,2,1690.0,16.9
O2021_82_16_1_0025_00005218_10cm_3000_0.tif,82-16,2,O2021_82_24_1_0022_00001738_10cm_7000_1000.tif,82-24,2,7524.0,75.24
O2021_82_16_1_0025_00005218_10cm_3000_0.tif,82-16,2,O2021_82_24_1_0022_00001738_10cm_7850_1000.tif,82-24,2,3861.0,38.61
O2021_82_16_1_0025_00005218_10cm_3000_0.tif,82-16,2,O2021_82_24_1_0023_00001728_10cm_2000_1000.tif,82-24,2,2590.0,25.9
O2021_82_16_1_0025_00005218_10cm_3000_0.tif,82-16,2,O2021_82_24_1_0023_00001728_10cm_1000_1000.tif,82-24,2,4810.0,48.1
O2021_82_16_1_0025_00005218_10cm_3000_0.tif,82-16,2,O2021_82_24_1_0022_00001738_10cm_8000_0.tif,82-24,2,39.0,0.39
O2021_82_16_1_0025_00005218_10cm_3000_0.tif,82-16,2,O2021_82_24_1_0022_00001738_10cm_7000_0.tif,82-24,2,76.0,0.76
O2021_82_16_1_0025_00005218_10cm_3000_1000.tif,82-16,2,O2021_82_24_1_0022_00001739_10cm_7000_0.tif,82-24,2,2628.0,26.28
O2021_82_16_1_0025_00005218_10cm_3000_1000.tif,82-16,2,O2021_82_24_1_0022_00001738_10cm_7000_3000.tif,82-24,2,4940.0,49.4
O2021_82_16_1_0025_00005218_10cm_3000_1000.tif,82-16,2,O2021_82_24_1_0022_00001739_10cm_8000_0.tif,82-24,2,1404.0,14.04
O2021_82_16_1_0025_00005218_10cm_3000_1000.tif,82-16,2,O2021_82_24_1_0023_00001727_10cm_2000_0.tif,82-24,2,2405.0,24.05
O2021_82_16_1_0025_00005218_10cm_3000_1000.tif,82-16,2,O2021_82_24_1_0022_00001738_10cm_7850_3000.tif,82-24,2,2535.0,25.35
O2021_82_16_1_0025_00005218_10cm_3000_1000.tif,82-16,2,O2021_82_24_1_0023_00001728_10cm_2000_2000.tif,82-24,2,2590.0,25.9
O2021_82_16_1_0025_00005218_10cm_3000_1000.tif,82-16,2,O2021_82_24_1_0023_00001727_10cm_1000_0.tif,82-24,2,4095.0,40.95
O2021_82_16_1_0025_00005218_10cm_3000_1000.tif,82-16,2,O2021_82_24_1_0023_00001728_10cm_2000_3000.tif,82-24,2,3115.0,31.15
O2021_82_16_1_0025_00005218_10cm_3000_1000.tif,82-16,2,O2021_82_24_1_0023_00001728_10cm_1000_3000.tif,82-24,2,5785.0,57.85
O2021_82_16_1_0025_00005218_10cm_3000_1000.tif,82-16,2,O2021_82_24_1_0022_00001738_10cm_7000_2000.tif,82-24,2,7524.0,75.24
O2021_82_16_1_0025_00005218_10cm_3000_1000.tif,82-16,2,O2021_82_24_1_0022_00001738_10cm_7850_2000.tif,82-24,2,3861.0,38.61
O2021_82_16_1_0025_00005218_10cm_3000_1000.tif,82-16,2,O2021_82_24_1_0023_00001728_10cm_1000_2000.tif,82-24,2,4810.0,48.1
O2021_82_16_1_0025_00005218_10cm_3000_1000.tif,82-16,2,O2021_82_24_1_0022_00001738_10cm_7000_1000.tif,82-24,2,76.0,0.76
O2021_82_16_1_0025_00005218_10cm_3000_1000.tif,82-16,2,O2021_82_24_1_0022_00001738_10cm_7850_1000.tif,82-24,2,39.0,0.39
O2021_82_16_1_0025_00005218_10cm_3000_2000.tif,82-16,2,O2021_82_24_1_0022_00001739_10cm_7000_1000.tif,82-24,2,2628.0,26.28
O2021_82_16_1_0025_00005218_10cm_3000_2000.tif,82-16,2,O2021_82_24_1_0023_00001727_10cm_1000_1000.tif,82-24,2,4095.0,40.95
O2021_82_16_1_0025_00005218_10cm_3000_2000.tif,82-16,2,O2021_82_24_1_0022_00001739_10cm_7000_0.tif,82-24,2,4672.0,46.72
O2021_82_16_1_0025_00005218_10cm_3000_2000.tif,82-16,2,O2021_82_24_1_0022_00001738_10cm_7000_3000.tif,82-24,2,2660.0,26.6
O2021_82_16_1_0025_00005218_10cm_3000_2000.tif,82-16,2,O2021_82_24_1_0022_00001739_10cm_7880_1000.tif,82-24,2,1404.0,14.04
O2021_82_16_1_0025_00005218_10cm_3000_2000.tif,82-16,2,O2021_82_24_1_0023_00001727_10cm_2000_1000.tif,82-24,2,2405.0,24.05
O2021_82_16_1_0025_00005218_10cm_3000_2000.tif,82-16,2,O2021_82_24_1_0022_00001739_10cm_8000_0.tif,82-24,2,2496.0,24.96
O2021_82_16_1_0025_00005218_10cm_3000_2000.tif,82-16,2,O2021_82_24_1_0023_00001727_10cm_2000_0.tif,82-24,2,1295.0,12.95
O2021_82_16_1_0025_00005218_10cm_3000_2000.tif,82-16,2,O2021_82_24_1_0022_00001738_10cm_7850_3000.tif,82-24,2,1365.0,13.65
O2021_82_16_1_0025_00005218_10cm_3000_2000.tif,82-16,2,O2021_82_24_1_0023_00001727_10cm_1000_0.tif,82-24,2,2205.0,22.05
O2021_82_16_1_0025_00005218_10cm_3000_2000.tif,82-16,2,O2021_82_24_1_0023_00001728_10cm_2000_3000.tif,82-24,2,385.0,3.85
O2021_82_16_1_0025_00005218_10cm_3000_2000.tif,82-16,2,O2021_82_24_1_0023_00001728_10cm_1000_3000.tif,82-24,2,715.0,7.15
O2021_82_16_1_0025_00005218_10cm_3000_2000.tif,82-16,2,O2021_82_24_1_0022_00001738_10cm_7000_2000.tif,82-24,2,76.0,0.76
O2021_82_16_1_0025_00005218_10cm_3000_2000.tif,82-16,2,O2021_82_24_1_0022_00001738_10cm_7850_2000.tif,82-24,2,39.0,0.39
O2021_82_16_1_0025_00005218_10cm_3000_3000.tif,82-16,2,O2021_82_24_1_0022_00001739_10cm_7000_1000.tif,82-24,2,4088.0,40.88
O2021_82_16_1_0025_00005218_10cm_3000_3000.tif,82-16,2,O2021_82_24_1_0023_00001727_10cm_1000_1000.tif,82-24,2,5355.0,53.55
O2021_82_16_1_0025_00005218_10cm_3000_3000.tif,82-16,2,O2021_82_24_1_0022_00001739_10cm_7000_0.tif,82-24,2,3212.0,32.12
O2021_82_16_1_0025_00005218_10cm_3000_3000.tif,82-16,2,O2021_82_24_1_0022_00001738_10cm_7000_3000.tif,82-24,2,1140.0,11.4
O2021_82_16_1_0025_00005218_10cm_3000_3000.tif,82-16,2,O2021_82_24_1_0022_00001739_10cm_7880_1000.tif,82-24,2,2184.0,21.84
O2021_82_16_1_0025_00005218_10cm_3000_3000.tif,82-16,2,O2021_82_24_1_0023_00001727_10cm_2000_1000.tif,82-24,2,3145.0,31.45
O2021_82_16_1_0025_00005218_10cm_3000_3000.tif,82-16,2,O2021_82_24_1_0022_00001739_10cm_8000_0.tif,82-24,2,1716.0,17.16
O2021_82_16_1_0025_00005218_10cm_3000_3000.tif,82-16,2,O2021_82_24_1_0023_00001727_10cm_2000_0.tif,82-24,2,555.0,5.55
O2021_82_16_1_0025_00005218_10cm_3000_3000.tif,82-16,2,O2021_82_24_1_0022_00001738_10cm_7850_3000.tif,82-24,2,585.0,5.85
O2021_82_16_1_0025_00005218_10cm_3000_3000.tif,82-16,2,O2021_82_24_1_0023_00001727_10cm_1000_0.tif,82-24,2,945.0,9.45
O2021_82_16_1_0025_00005218_10cm_4000_0.tif,82-16,2,O2021_82_24_1_0023_00001728_10cm_2000_2000.tif,82-24,2,1690.0,16.9
O2021_82_16_1_0025_00005218_10cm_4000_0.tif,82-16,2,O2021_82_24_1_0023_00001728_10cm_3000_2000.tif,82-24,2,910.0,9.1
O2021_82_16_1_0025_00005218_10cm_4000_0.tif,82-16,2,O2021_82_24_1_0022_00001738_10cm_7850_1000.tif,82-24,2,6039.0,60.39
O2021_82_16_1_0025_00005218_10cm_4000_0.tif,82-16,2,O2021_82_24_1_0023_00001728_10cm_2000_1000.tif,82-24,2,4810.0,48.1
O2021_82_16_1_0025_00005218_10cm_4000_0.tif,82-16,2,O2021_82_24_1_0023_00001728_10cm_3000_1000.tif,82-24,2,2590.0,25.9
O2021_82_16_1_0025_00005218_10cm_4000_0.tif,82-16,2,O2021_82_24_1_0022_00001738_10cm_8000_0.tif,82-24,2,61.0,0.61
O2021_82_16_1_0025_00005218_10cm_4000_1000.tif,82-16,2,O2021_82_24_1_0022_00001739_10cm_8000_0.tif,82-24,2,2196.0,21.96
O2021_82_16_1_0025_00005218_10cm_4000_1000.tif,82-16,2,O2021_82_24_1_0023_00001727_10cm_2000_0.tif,82-24,2,4095.0,40.95
O2021_82_16_1_0025_00005218_10cm_4000_1000.tif,82-16,2,O2021_82_24_1_0022_00001738_10cm_7850_3000.tif,82-24,2,3965.0,39.65
O2021_82_16_1_0025_00005218_10cm_4000_1000.tif,82-16,2,O2021_82_24_1_0023_00001727_10cm_3000_0.tif,82-24,2,2405.0,24.05
O2021_82_16_1_0025_00005218_10cm_4000_1000.tif,82-16,2,O2021_82_24_1_0023_00001728_10cm_2000_2000.tif,82-24,2,4810.0,48.1
O2021_82_16_1_0025_00005218_10cm_4000_1000.tif,82-16,2,O2021_82_24_1_0023_00001728_10cm_3000_2000.tif,82-24,2,2590.0,25.9
O2021_82_16_1_0025_00005218_10cm_4000_1000.tif,82-16,2,O2021_82_24_1_0023_00001728_10cm_2000_3000.tif,82-24,2,5785.0,57.85
O2021_82_16_1_0025_00005218_10cm_4000_1000.tif,82-16,2,O2021_82_24_1_0023_00001728_10cm_3000_3000.tif,82-24,2,3115.0,31.15
O2021_82_16_1_0025_00005218_10cm_4000_1000.tif,82-16,2,O2021_82_24_1_0022_00001738_10cm_7850_2000.tif,82-24,2,6039.0,60.39
O2021_82_16_1_0025_00005218_10cm_4000_1000.tif,82-16,2,O2021_82_24_1_0022_00001738_10cm_7850_1000.tif,82-24,2,61.0,0.61
O2021_82_16_1_0025_00005218_10cm_4000_2000.tif,82-16,2,O2021_82_24_1_0022_00001739_10cm_7880_1000.tif,82-24,2,2196.0,21.96
O2021_82_16_1_0025_00005218_10cm_4000_2000.tif,82-16,2,O2021_82_24_1_0023_00001727_10cm_2000_1000.tif,82-24,2,4095.0,40.95
O2021_82_16_1_0025_00005218_10cm_4000_2000.tif,82-16,2,O2021_82_24_1_0023_00001727_10cm_3000_1000.tif,82-24,2,2405.0,24.05
O2021_82_16_1_0025_00005218_10cm_4000_2000.tif,82-16,2,O2021_82_24_1_0022_00001739_10cm_8000_0.tif,82-24,2,3904.0,39.04
O2021_82_16_1_0025_00005218_10cm_4000_2000.tif,82-16,2,O2021_82_24_1_0023_00001727_10cm_2000_0.tif,82-24,2,2205.0,22.05
O2021_82_16_1_0025_00005218_10cm_4000_2000.tif,82-16,2,O2021_82_24_1_0022_00001738_10cm_7850_3000.tif,82-24,2,2135.0,21.35
O2021_82_16_1_0025_00005218_10cm_4000_2000.tif,82-16,2,O2021_82_24_1_0023_00001727_10cm_3000_0.tif,82-24,2,1295.0,12.95
O2021_82_16_1_0025_00005218_10cm_4000_2000.tif,82-16,2,O2021_82_24_1_0023_00001728_10cm_2000_3000.tif,82-24,2,715.0,7.15
O2021_82_16_1_0025_00005218_10cm_4000_2000.tif,82-16,2,O2021_82_24_1_0023_00001728_10cm_3000_3000.tif,82-24,2,385.0,3.85
O2021_82_16_1_0025_00005218_10cm_4000_2000.tif,82-16,2,O2021_82_24_1_0022_00001738_10cm_7850_2000.tif,82-24,2,61.0,0.61
O2021_82_16_1_0025_00005218_10cm_4000_3000.tif,82-16,2,O2021_82_24_1_0022_00001739_10cm_7880_1000.tif,82-24,2,3416.0,34.16
O2021_82_16_1_0025_00005218_10cm_4000_3000.tif,82-16,2,O2021_82_24_1_0023_00001727_10cm_2000_1000.tif,82-24,2,5355.0,53.55
O2021_82_16_1_0025_00005218_10cm_4000_3000.tif,82-16,2,O2021_82_24_1_0023_00001727_10cm_3000_1000.tif,82-24,2,3145.0,31.45
O2021_82_16_1_0025_00005218_10cm_4000_3000.tif,82-16,2,O2021_82_24_1_0022_00001739_10cm_8000_0.tif,82-24,2,2684.0,26.84
O2021_82_16_1_0025_00005218_10cm_4000_3000.tif,82-16,2,O2021_82_24_1_0023_00001727_10cm_2000_0.tif,82-24,2,945.0,9.45
O2021_82_16_1_0025_00005218_10cm_4000_3000.tif,82-16,2,O2021_82_24_1_0022_00001738_10cm_7850_3000.tif,82-24,2,915.0,9.15
O2021_82_16_1_0025_00005218_10cm_4000_3000.tif,82-16,2,O2021_82_24_1_0023_00001727_10cm_3000_0.tif,82-24,2,555.0,5.55
O2021_82_16_1_0025_00005218_10cm_5000_0.tif,82-16,2,O2021_82_24_1_0023_00001728_10cm_4000_2000.tif,82-24,2,910.0,9.1
O2021_82_16_1_0025_00005218_10cm_5000_0.tif,82-16,2,O2021_82_24_1_0023_00001728_10cm_3000_2000.tif,82-24,2,1690.0,16.9
O2021_82_16_1_0025_00005218_10cm_5000_0.tif,82-16,2,O2021_82_24_1_0023_00001728_10cm_4000_1000.tif,82-24,2,2590.0,25.9
O2021_82_16_1_0025_00005218_10cm_5000_0.tif,82-16,2,O2021_82_24_1_0023_00001728_10cm_3000_1000.tif,82-24,2,4810.0,48.1
O2021_82_16_1_0025_00005218_10cm_5000_1000.tif,82-16,2,O2021_82_24_1_0023_00001727_10cm_4000_0.tif,82-24,2,2405.0,24.05
O2021_82_16_1_0025_00005218_10cm_5000_1000.tif,82-16,2,O2021_82_24_1_0023_00001727_10cm_3000_0.tif,82-24,2,4095.0,40.95
O2021_82_16_1_0025_00005218_10cm_5000_1000.tif,82-16,2,O2021_82_24_1_0023_00001728_10cm_4000_2000.tif,82-24,2,2590.0,25.9
O2021_82_16_1_0025_00005218_10cm_5000_1000.tif,82-16,2,O2021_82_24_1_0023_00001728_10cm_3000_2000.tif,82-24,2,4810.0,48.1
O2021_82_16_1_0025_00005218_10cm_5000_1000.tif,82-16,2,O2021_82_24_1_0023_00001728_10cm_4000_3000.tif,82-24,2,3115.0,31.15
O2021_82_16_1_0025_00005218_10cm_5000_1000.tif,82-16,2,O2021_82_24_1_0023_00001728_10cm_3000_3000.tif,82-24,2,5785.0,57.85
O2021_82_16_1_0025_00005218_10cm_5000_2000.tif,82-16,2,O2021_82_24_1_0023_00001727_10cm_3000_1000.tif,82-24,2,4095.0,40.95
O2021_82_16_1_0025_00005218_10cm_5000_2000.tif,82-16,2,O2021_82_24_1_0023_00001727_10cm_4000_1000.tif,82-24,2,2405.0,24.05
O2021_82_16_1_0025_00005218_10cm_5000_2000.tif,82-16,2,O2021_82_24_1_0023_00001727_10cm_4000_0.tif,82-24,2,1295.0,12.95
O2021_82_16_1_0025_00005218_10cm_5000_2000.tif,82-16,2,O2021_82_24_1_0023_00001727_10cm_3000_0.tif,82-24,2,2205.0,22.05
O2021_82_16_1_0025_00005218_10cm_5000_2000.tif,82-16,2,O2021_82_24_1_0023_00001728_10cm_4000_3000.tif,82-24,2,385.0,3.85
O2021_82_16_1_0025_00005218_10cm_5000_2000.tif,82-16,2,O2021_82_24_1_0023_00001728_10cm_3000_3000.tif,82-24,2,715.0,7.15
O2021_82_16_1_0025_00005218_10cm_5000_3000.tif,82-16,2,O2021_82_24_1_0023_00001727_10cm_3000_1000.tif,82-24,2,5355.0,53.55
O2021_82_16_1_0025_00005218_10cm_5000_3000.tif,82-16,2,O2021_82_24_1_0023_00001727_10cm_4000_1000.tif,82-24,2,3145.0,31.45
O2021_82_16_1_0025_00005218_10cm_5000_3000.tif,82-16,2,O2021_82_24_1_0023_00001727_10cm_4000_0.tif,82-24,2,555.0,5.55
O2021_82_16_1_0025_00005218_10cm_5000_3000.tif,82-16,2,O2021_82_24_1_0023_00001727_10cm_3000_0.tif,82-24,2,945.0,9.45
O2021_82_16_1_0025_00005218_10cm_6000_0.tif,82-16,2,O2021_82_24_1_0023_00001728_10cm_4000_2000.tif,82-24,2,1690.0,16.9
O2021_82_16_1_0025_00005218_10cm_6000_0.tif,82-16,2,O2021_82_24_1_0023_00001728_10cm_5000_2000.tif,82-24,2,910.0,9.1
O2021_82_16_1_0025_00005218_10cm_6000_0.tif,82-16,2,O2021_82_24_1_0023_00001728_10cm_4000_1000.tif,82-24,2,4810.0,48.1
O2021_82_16_1_0025_00005218_10cm_6000_0.tif,82-16,2,O2021_82_24_1_0023_00001728_10cm_5000_1000.tif,82-24,2,2590.0,25.9
O2021_82_16_1_0025_00005218_10cm_6000_1000.tif,82-16,2,O2021_82_24_1_0023_00001727_10cm_5000_0.tif,82-24,2,2405.0,24.05
O2021_82_16_1_0025_00005218_10cm_6000_1000.tif,82-16,2,O2021_82_24_1_0023_00001727_10cm_4000_0.tif,82-24,2,4095.0,40.95
O2021_82_16_1_0025_00005218_10cm_6000_1000.tif,82-16,2,O2021_82_24_1_0023_00001728_10cm_4000_2000.tif,82-24,2,4810.0,48.1
O2021_82_16_1_0025_00005218_10cm_6000_1000.tif,82-16,2,O2021_82_24_1_0023_00001728_10cm_5000_2000.tif,82-24,2,2590.0,25.9
O2021_82_16_1_0025_00005218_10cm_6000_1000.tif,82-16,2,O2021_82_24_1_0023_00001728_10cm_4000_3000.tif,82-24,2,5785.0,57.85
O2021_82_16_1_0025_00005218_10cm_6000_1000.tif,82-16,2,O2021_82_24_1_0023_00001728_10cm_5000_3000.tif,82-24,2,3115.0,31.15
O2021_82_16_1_0025_00005218_10cm_6000_2000.tif,82-16,2,O2021_82_24_1_0023_00001727_10cm_5000_1000.tif,82-24,2,2405.0,24.05
O2021_82_16_1_0025_00005218_10cm_6000_2000.tif,82-16,2,O2021_82_24_1_0023_00001727_10cm_4000_1000.tif,82-24,2,4095.0,40.95
O2021_82_16_1_0025_00005218_10cm_6000_2000.tif,82-16,2,O2021_82_24_1_0023_00001727_10cm_5000_0.tif,82-24,2,1295.0,12.95
O2021_82_16_1_0025_00005218_10cm_6000_2000.tif,82-16,2,O2021_82_24_1_0023_00001727_10cm_4000_0.tif,82-24,2,2205.0,22.05
O2021_82_16_1_0025_00005218_10cm_6000_2000.tif,82-16,2,O2021_82_24_1_0023_00001728_10cm_4000_3000.tif,82-24,2,715.0,7.15
O2021_82_16_1_0025_00005218_10cm_6000_2000.tif,82-16,2,O2021_82_24_1_0023_00001728_10cm_5000_3000.tif,82-24,2,385.0,3.85
O2021_82_16_1_0025_00005218_10cm_6000_3000.tif,82-16,2,O2021_82_24_1_0023_00001727_10cm_5000_1000.tif,82-24,2,3145.0,31.45
O2021_82_16_1_0025_00005218_10cm_6000_3000.tif,82-16,2,O2021_82_24_1_0023_00001727_10cm_4000_1000.tif,82-24,2,5355.0,53.55
O2021_82_16_1_0025_00005218_10cm_6000_3000.tif,82-16,2,O2021_82_24_1_0023_00001727_10cm_5000_0.tif,82-24,2,555.0,5.55
O2021_82_16_1_0025_00005218_10cm_6000_3000.tif,82-16,2,O2021_82_24_1_0023_00001727_10cm_4000_0.tif,82-24,2,945.0,9.45
O2021_82_16_1_0025_00005218_10cm_7000_0.tif,82-16,2,O2021_82_24_1_0023_00001728_10cm_5000_2000.tif,82-24,2,1690.0,16.9
O2021_82_16_1_0025_00005218_10cm_7000_0.tif,82-16,2,O2021_82_24_1_0023_00001728_10cm_6000_2000.tif,82-24,2,910.0,9.1
O2021_82_16_1_0025_00005218_10cm_7000_0.tif,82-16,2,O2021_82_24_1_0023_00001728_10cm_6000_1000.tif,82-24,2,2590.0,25.9
O2021_82_16_1_0025_00005218_10cm_7000_0.tif,82-16,2,O2021_82_24_1_0023_00001728_10cm_5000_1000.tif,82-24,2,4810.0,48.1
O2021_82_16_1_0025_00005218_10cm_7000_1000.tif,82-16,2,O2021_82_24_1_0023_00001727_10cm_5000_0.tif,82-24,2,4095.0,40.95
O2021_82_16_1_0025_00005218_10cm_7000_1000.tif,82-16,2,O2021_82_24_1_0023_00001727_10cm_6000_0.tif,82-24,2,2405.0,24.05
O2021_82_16_1_0025_00005218_10cm_7000_1000.tif,82-16,2,O2021_82_24_1_0023_00001728_10cm_5000_2000.tif,82-24,2,4810.0,48.1
O2021_82_16_1_0025_00005218_10cm_7000_1000.tif,82-16,2,O2021_82_24_1_0023_00001728_10cm_6000_2000.tif,82-24,2,2590.0,25.9
O2021_82_16_1_0025_00005218_10cm_7000_1000.tif,82-16,2,O2021_82_24_1_0023_00001728_10cm_5000_3000.tif,82-24,2,5785.0,57.85
O2021_82_16_1_0025_00005218_10cm_7000_1000.tif,82-16,2,O2021_82_24_1_0023_00001728_10cm_6000_3000.tif,82-24,2,3115.0,31.15
O2021_82_16_1_0025_00005218_10cm_7000_2000.tif,82-16,2,O2021_82_24_1_0023_00001727_10cm_5000_1000.tif,82-24,2,4095.0,40.95
O2021_82_16_1_0025_00005218_10cm_7000_2000.tif,82-16,2,O2021_82_24_1_0023_00001727_10cm_6000_1000.tif,82-24,2,2405.0,24.05
O2021_82_16_1_0025_00005218_10cm_7000_2000.tif,82-16,2,O2021_82_24_1_0023_00001727_10cm_5000_0.tif,82-24,2,2205.0,22.05
O2021_82_16_1_0025_00005218_10cm_7000_2000.tif,82-16,2,O2021_82_24_1_0023_00001727_10cm_6000_0.tif,82-24,2,1295.0,12.95
O2021_82_16_1_0025_00005218_10cm_7000_2000.tif,82-16,2,O2021_82_24_1_0023_00001728_10cm_5000_3000.tif,82-24,2,715.0,7.15
O2021_82_16_1_0025_00005218_10cm_7000_2000.tif,82-16,2,O2021_82_24_1_0023_00001728_10cm_6000_3000.tif,82-24,2,385.0,3.85
O2021_82_16_1_0025_00005218_10cm_7000_3000.tif,82-16,2,O2021_82_24_1_0023_00001727_10cm_5000_1000.tif,82-24,2,5355.0,53.55
O2021_82_16_1_0025_00005218_10cm_7000_3000.tif,82-16,2,O2021_82_24_1_0023_00001727_10cm_6000_1000.tif,82-24,2,3145.0,31.45
O2021_82_16_1_0025_00005218_10cm_7000_3000.tif,82-16,2,O2021_82_24_1_0023_00001727_10cm_5000_0.tif,82-24,2,945.0,9.45
O2021_82_16_1_0025_00005218_10cm_7000_3000.tif,82-16,2,O2021_82_24_1_0023_00001727_10cm_6000_0.tif,82-24,2,555.0,5.55
O2021_82_16_1_0025_00005218_10cm_7460_1000.tif,82-16,2,O2021_82_24_1_0024_00005685_10cm_0_1000.tif,82-24,2,741.0,7.41
O2021_82_16_1_0025_00005218_10cm_7460_1000.tif,82-16,2,O2021_82_24_1_0023_00001727_10cm_5000_0.tif,82-24,2,1105.0,11.05
O2021_82_16_1_0025_00005218_10cm_7460_1000.tif,82-16,2,O2021_82_24_1_0023_00001727_10cm_6000_0.tif,82-24,2,5395.0,53.95
O2021_82_16_1_0025_00005218_10cm_7460_1000.tif,82-16,2,O2021_82_24_1_0024_00005685_10cm_0_0.tif,82-24,2,3159.0,31.59
O2021_82_16_1_0025_00005218_10cm_7460_1000.tif,82-16,2,O2021_82_24_1_0023_00001728_10cm_5000_2000.tif,82-24,2,1406.0,14.06
O2021_82_16_1_0025_00005218_10cm_7460_1000.tif,82-16,2,O2021_82_24_1_0023_00001728_10cm_6000_2000.tif,82-24,2,5994.0,59.94
O2021_82_16_1_0025_00005218_10cm_7460_1000.tif,82-16,2,O2021_82_24_1_0024_00005686_10cm_0_3000.tif,82-24,2,2478.0,24.78
O2021_82_16_1_0025_00005218_10cm_7460_1000.tif,82-16,2,O2021_82_24_1_0024_00005686_10cm_0_2000.tif,82-24,2,588.0,5.88
O2021_82_16_1_0025_00005218_10cm_7460_1000.tif,82-16,2,O2021_82_24_1_0023_00001728_10cm_5000_3000.tif,82-24,2,1691.0,16.91
O2021_82_16_1_0025_00005218_10cm_7460_1000.tif,82-16,2,O2021_82_24_1_0023_00001728_10cm_6000_3000.tif,82-24,2,7209.0,72.09
O2021_82_16_1_0025_00005218_10cm_7460_2000.tif,82-16,2,O2021_82_24_1_0023_00001727_10cm_5000_1000.tif,82-24,2,1105.0,11.05
O2021_82_16_1_0025_00005218_10cm_7460_2000.tif,82-16,2,O2021_82_24_1_0024_00005685_10cm_0_2000.tif,82-24,2,741.0,7.41
O2021_82_16_1_0025_00005218_10cm_7460_2000.tif,82-16,2,O2021_82_24_1_0023_00001727_10cm_6000_1000.tif,82-24,2,5395.0,53.95
O2021_82_16_1_0025_00005218_10cm_7460_2000.tif,82-16,2,O2021_82_24_1_0024_00005685_10cm_0_1000.tif,82-24,2,3159.0,31.59
O2021_82_16_1_0025_00005218_10cm_7460_2000.tif,82-16,2,O2021_82_24_1_0023_00001727_10cm_5000_0.tif,82-24,2,595.0,5.95
O2021_82_16_1_0025_00005218_10cm_7460_2000.tif,82-16,2,O2021_82_24_1_0023_00001727_10cm_6000_0.tif,82-24,2,2905.0,29.05
O2021_82_16_1_0025_00005218_10cm_7460_2000.tif,82-16,2,O2021_82_24_1_0023_00001728_10cm_5000_3000.tif,82-24,2,209.0,2.09
O2021_82_16_1_0025_00005218_10cm_7460_2000.tif,82-16,2,O2021_82_24_1_0023_00001728_10cm_6000_3000.tif,82-24,2,891.0,8.91
O2021_82_16_1_0025_00005218_10cm_7460_3000.tif,82-16,2,O2021_82_24_1_0023_00001727_10cm_5000_1000.tif,82-24,2,1445.0,14.45
O2021_82_16_1_0025_00005218_10cm_7460_3000.tif,82-16,2,O2021_82_24_1_0024_00005685_10cm_0_2000.tif,82-24,2,1521.0,15.21
O2021_82_16_1_0025_00005218_10cm_7460_3000.tif,82-16,2,O2021_82_24_1_0023_00001727_10cm_6000_1000.tif,82-24,2,7055.0,70.55
O2021_82_16_1_0025_00005218_10cm_7460_3000.tif,82-16,2,O2021_82_24_1_0024_00005685_10cm_0_1000.tif,82-24,2,2379.0,23.79
O2021_82_16_1_0025_00005218_10cm_7460_3000.tif,82-16,2,O2021_82_24_1_0023_00001727_10cm_5000_0.tif,82-24,2,255.0,2.55
O2021_82_16_1_0025_00005218_10cm_7460_3000.tif,82-16,2,O2021_82_24_1_0023_00001727_10cm_6000_0.tif,82-24,2,1245.0,12.45
O2021_82_16_1_0025_00005218_10cm_8000_0.tif,82-16,2,O2021_82_24_1_0024_00005685_10cm_0_0.tif,82-24,2,741.0,7.41
O2021_82_16_1_0025_00005218_10cm_8000_0.tif,82-16,2,O2021_82_24_1_0023_00001728_10cm_5000_2000.tif,82-24,2,494.0,4.94
O2021_82_16_1_0025_00005218_10cm_8000_0.tif,82-16,2,O2021_82_24_1_0023_00001728_10cm_6000_2000.tif,82-24,2,2106.0,21.06
O2021_82_16_1_0025_00005218_10cm_8000_0.tif,82-16,2,O2021_82_24_1_0024_00005686_10cm_0_3000.tif,82-24,2,1722.0,17.22
O2021_82_16_1_0025_00005218_10cm_8000_0.tif,82-16,2,O2021_82_24_1_0024_00005686_10cm_0_2000.tif,82-24,2,3612.0,36.12
O2021_82_16_1_0025_00005218_10cm_8000_0.tif,82-16,2,O2021_82_24_1_0023_00001728_10cm_6000_1000.tif,82-24,2,5994.0,59.94
O2021_82_16_1_0025_00005218_10cm_8000_0.tif,82-16,2,O2021_82_24_1_0023_00001728_10cm_5000_1000.tif,82-24,2,1406.0,14.06
O2021_82_16_1_0025_00005218_10cm_8000_0.tif,82-16,2,O2021_82_24_1_0024_00005686_10cm_0_1000.tif,82-24,2,588.0,5.88
O2021_82_16_1_0025_00005219_10cm_0_0.tif,82-16,2,O2021_82_24_1_0022_00001739_10cm_5000_1000.tif,82-24,2,2726.0,27.26
O2021_82_16_1_0025_00005219_10cm_0_0.tif,82-16,2,O2021_82_24_1_0022_00001739_10cm_4000_1000.tif,82-24,2,6674.0,66.74
O2021_82_16_1_0025_00005219_10cm_0_0.tif,82-16,2,O2021_82_24_1_0022_00001739_10cm_4000_0.tif,82-24,2,426.0,4.26
O2021_82_16_1_0025_00005219_10cm_0_0.tif,82-16,2,O2021_82_24_1_0022_00001739_10cm_5000_0.tif,82-24,2,174.0,1.74
O2021_82_16_1_0025_00005219_10cm_0_1000.tif,82-16,2,O2021_82_24_1_0022_00001739_10cm_5000_3000.tif,82-24,2,1595.0,15.95
O2021_82_16_1_0025_00005219_10cm_0_1000.tif,82-16,2,O2021_82_24_1_0022_00001739_10cm_5000_2000.tif,82-24,2,2726.0,27.26
O2021_82_16_1_0025_00005219_10cm_0_1000.tif,82-16,2,O2021_82_24_1_0022_00001739_10cm_4000_2000.tif,82-24,2,6674.0,66.74
O2021_82_16_1_0025_00005219_10cm_0_1000.tif,82-16,2,O2021_82_24_1_0022_00001739_10cm_5000_1000.tif,82-24,2,174.0,1.74
O2021_82_16_1_0025_00005219_10cm_0_1000.tif,82-16,2,O2021_82_24_1_0022_00001739_10cm_4000_1000.tif,82-24,2,426.0,4.26
O2021_82_16_1_0025_00005219_10cm_1000_0.tif,82-16,2,O2021_82_24_1_0023_00001727_10cm_0_2000.tif,82-24,2,897.0,8.97
O2021_82_16_1_0025_00005219_10cm_1000_0.tif,82-16,2,O2021_82_24_1_0022_00001739_10cm_5000_1000.tif,82-24,2,6674.0,66.74
O2021_82_16_1_0025_00005219_10cm_1000_0.tif,82-16,2,O2021_82_24_1_0022_00001739_10cm_6000_1000.tif,82-24,2,2726.0,27.26
O2021_82_16_1_0025_00005219_10cm_1000_0.tif,82-16,2,O2021_82_24_1_0023_00001727_10cm_0_1000.tif,82-24,2,3003.0,30.03
O2021_82_16_1_0025_00005219_10cm_1000_0.tif,82-16,2,O2021_82_24_1_0022_00001739_10cm_6000_0.tif,82-24,2,174.0,1.74
O2021_82_16_1_0025_00005219_10cm_1000_0.tif,82-16,2,O2021_82_24_1_0022_00001739_10cm_5000_0.tif,82-24,2,426.0,4.26
O2021_82_16_1_0025_00005219_10cm_1000_1000.tif,82-16,2,O2021_82_24_1_0022_00001739_10cm_5000_3000.tif,82-24,2,3905.0,39.05
O2021_82_16_1_0025_00005219_10cm_1000_1000.tif,82-16,2,O2021_82_24_1_0022_00001739_10cm_6000_3000.tif,82-24,2,1595.0,15.95
O2021_82_16_1_0025_00005219_10cm_1000_1000.tif,82-16,2,O2021_82_24_1_0023_00001726_10cm_0_0.tif,82-24,2,2301.0,23.01
O2021_82_16_1_0025_00005219_10cm_1000_1000.tif,82-16,2,O2021_82_24_1_0023_00001727_10cm_0_3000.tif,82-24,2,3237.0,32.37
O2021_82_16_1_0025_00005219_10cm_1000_1000.tif,82-16,2,O2021_82_24_1_0022_00001739_10cm_5000_2000.tif,82-24,2,6674.0,66.74
O2021_82_16_1_0025_00005219_10cm_1000_1000.tif,82-16,2,O2021_82_24_1_0022_00001739_10cm_6000_2000.tif,82-24,2,2726.0,27.26
O2021_82_16_1_0025_00005219_10cm_1000_1000.tif,82-16,2,O2021_82_24_1_0023_00001727_10cm_0_2000.tif,82-24,2,3003.0,30.03
O2021_82_16_1_0025_00005219_10cm_1000_1000.tif,82-16,2,O2021_82_24_1_0022_00001739_10cm_5000_1000.tif,82-24,2,426.0,4.26
O2021_82_16_1_0025_00005219_10cm_1000_1000.tif,82-16,2,O2021_82_24_1_0022_00001739_10cm_6000_1000.tif,82-24,2,174.0,1.74
O2021_82_16_1_0025_00005219_10cm_2000_0.tif,82-16,2,O2021_82_24_1_0023_00001727_10cm_1000_2000.tif,82-24,2,897.0,8.97
O2021_82_16_1_0025_00005219_10cm_2000_0.tif,82-16,2,O2021_82_24_1_0023_00001727_10cm_0_2000.tif,82-24,2,1403.0,14.03
O2021_82_16_1_0025_00005219_10cm_2000_0.tif,82-16,2,O2021_82_24_1_0022_00001739_10cm_7000_1000.tif,82-24,2,2726.0,27.26
O2021_82_16_1_0025_00005219_10cm_2000_0.tif,82-16,2,O2021_82_24_1_0022_00001739_10cm_6000_1000.tif,82-24,2,6674.0,66.74
O2021_82_16_1_0025_00005219_10cm_2000_0.tif,82-16,2,O2021_82_24_1_0023_00001727_10cm_0_1000.tif,82-24,2,4697.0,46.97
O2021_82_16_1_0025_00005219_10cm_2000_0.tif,82-16,2,O2021_82_24_1_0023_00001727_10cm_1000_1000.tif,82-24,2,3003.0,30.03
O2021_82_16_1_0025_00005219_10cm_2000_0.tif,82-16,2,O2021_82_24_1_0022_00001739_10cm_6000_0.tif,82-24,2,426.0,4.26
O2021_82_16_1_0025_00005219_10cm_2000_0.tif,82-16,2,O2021_82_24_1_0022_00001739_10cm_7000_0.tif,82-24,2,174.0,1.74
O2021_82_16_1_0025_00005219_10cm_2000_1000.tif,82-16,2,O2021_82_24_1_0022_00001740_10cm_7000_0.tif,82-24,2,1023.0,10.23
O2021_82_16_1_0025_00005219_10cm_2000_1000.tif,82-16,2,O2021_82_24_1_0022_00001739_10cm_6000_3000.tif,82-24,2,3905.0,39.05
O2021_82_16_1_0025_00005219_10cm_2000_1000.tif,82-16,2,O2021_82_24_1_0022_00001739_10cm_7000_3000.tif,82-24,2,1595.0,15.95
O2021_82_16_1_0025_00005219_10cm_2000_1000.tif,82-16,2,O2021_82_24_1_0023_00001726_10cm_0_0.tif,82-24,2,3599.0,35.99
O2021_82_16_1_0025_00005219_10cm_2000_1000.tif,82-16,2,O2021_82_24_1_0023_00001726_10cm_1000_0.tif,82-24,2,2301.0,23.01
O2021_82_16_1_0025_00005219_10cm_2000_1000.tif,82-16,2,O2021_82_24_1_0023_00001727_10cm_1000_3000.tif,82-24,2,3237.0,32.37
O2021_82_16_1_0025_00005219_10cm_2000_1000.tif,82-16,2,O2021_82_24_1_0023_00001727_10cm_0_3000.tif,82-24,2,5063.0,50.63
O2021_82_16_1_0025_00005219_10cm_2000_1000.tif,82-16,2,O2021_82_24_1_0022_00001739_10cm_6000_2000.tif,82-24,2,6674.0,66.74
O2021_82_16_1_0025_00005219_10cm_2000_1000.tif,82-16,2,O2021_82_24_1_0022_00001739_10cm_7000_2000.tif,82-24,2,2726.0,27.26
O2021_82_16_1_0025_00005219_10cm_2000_1000.tif,82-16,2,O2021_82_24_1_0023_00001727_10cm_1000_2000.tif,82-24,2,3003.0,30.03
O2021_82_16_1_0025_00005219_10cm_2000_1000.tif,82-16,2,O2021_82_24_1_0023_00001727_10cm_0_2000.tif,82-24,2,4697.0,46.97
O2021_82_16_1_0025_00005219_10cm_2000_1000.tif,82-16,2,O2021_82_24_1_0022_00001739_10cm_7000_1000.tif,82-24,2,174.0,1.74
O2021_82_16_1_0025_00005219_10cm_2000_1000.tif,82-16,2,O2021_82_24_1_0022_00001739_10cm_6000_1000.tif,82-24,2,426.0,4.26
O2021_82_16_1_0025_00005219_10cm_3000_0.tif,82-16,2,O2021_82_24_1_0023_00001727_10cm_2000_2000.tif,82-24,2,897.0,8.97
O2021_82_16_1_0025_00005219_10cm_3000_0.tif,82-16,2,O2021_82_24_1_0023_00001727_10cm_1000_2000.tif,82-24,2,1403.0,14.03
O2021_82_16_1_0025_00005219_10cm_3000_0.tif,82-16,2,O2021_82_24_1_0022_00001739_10cm_7000_1000.tif,82-24,2,6674.0,66.74
O2021_82_16_1_0025_00005219_10cm_3000_0.tif,82-16,2,O2021_82_24_1_0023_00001727_10cm_1000_1000.tif,82-24,2,4697.0,46.97
O2021_82_16_1_0025_00005219_10cm_3000_0.tif,82-16,2,O2021_82_24_1_0022_00001739_10cm_7000_0.tif,82-24,2,426.0,4.26
O2021_82_16_1_0025_00005219_10cm_3000_0.tif,82-16,2,O2021_82_24_1_0022_00001739_10cm_7880_1000.tif,82-24,2,3854.0,38.54
O2021_82_16_1_0025_00005219_10cm_3000_0.tif,82-16,2,O2021_82_24_1_0023_00001727_10cm_2000_1000.tif,82-24,2,3003.0,30.03
O2021_82_16_1_0025_00005219_10cm_3000_0.tif,82-16,2,O2021_82_24_1_0022_00001739_10cm_8000_0.tif,82-24,2,246.0,2.46
O2021_82_16_1_0025_00005219_10cm_3000_1000.tif,82-16,2,O2021_82_24_1_0022_00001740_10cm_7000_0.tif,82-24,2,2277.0,22.77
O2021_82_16_1_0025_00005219_10cm_3000_1000.tif,82-16,2,O2021_82_24_1_0022_00001740_10cm_8000_0.tif,82-24,2,1386.0,13.86
O2021_82_16_1_0025_00005219_10cm_3000_1000.tif,82-16,2,O2021_82_24_1_0022_00001739_10cm_7880_3000.tif,82-24,2,2255.0,22.55
O2021_82_16_1_0025_00005219_10cm_3000_1000.tif,82-16,2,O2021_82_24_1_0023_00001726_10cm_2000_0.tif,82-24,2,2301.0,23.01
O2021_82_16_1_0025_00005219_10cm_3000_1000.tif,82-16,2,O2021_82_24_1_0023_00001727_10cm_2000_2000.tif,82-24,2,3003.0,30.03
O2021_82_16_1_0025_00005219_10cm_3000_1000.tif,82-16,2,O2021_82_24_1_0022_00001739_10cm_7000_3000.tif,82-24,2,3905.0,39.05
O2021_82_16_1_0025_00005219_10cm_3000_1000.tif,82-16,2,O2021_82_24_1_0023_00001726_10cm_1000_0.tif,82-24,2,3599.0,35.99
O2021_82_16_1_0025_00005219_10cm_3000_1000.tif,82-16,2,O2021_82_24_1_0023_00001727_10cm_1000_3000.tif,82-24,2,5063.0,50.63
O2021_82_16_1_0025_00005219_10cm_3000_1000.tif,82-16,2,O2021_82_24_1_0023_00001727_10cm_2000_3000.tif,82-24,2,3237.0,32.37
O2021_82_16_1_0025_00005219_10cm_3000_1000.tif,82-16,2,O2021_82_24_1_0022_00001739_10cm_7880_2000.tif,82-24,2,3854.0,38.54
O2021_82_16_1_0025_00005219_10cm_3000_1000.tif,82-16,2,O2021_82_24_1_0022_00001739_10cm_7000_2000.tif,82-24,2,6674.0,66.74
O2021_82_16_1_0025_00005219_10cm_3000_1000.tif,82-16,2,O2021_82_24_1_0023_00001727_10cm_1000_2000.tif,82-24,2,4697.0,46.97
O2021_82_16_1_0025_00005219_10cm_3000_1000.tif,82-16,2,O2021_82_24_1_0022_00001739_10cm_7000_1000.tif,82-24,2,426.0,4.26
O2021_82_16_1_0025_00005219_10cm_3000_1000.tif,82-16,2,O2021_82_24_1_0022_00001739_10cm_7880_1000.tif,82-24,2,246.0,2.46
O2021_82_16_1_0025_00005219_10cm_4000_0.tif,82-16,2,O2021_82_24_1_0023_00001727_10cm_2000_2000.tif,82-24,2,1403.0,14.03
O2021_82_16_1_0025_00005219_10cm_4000_0.tif,82-16,2,O2021_82_24_1_0023_00001727_10cm_3000_2000.tif,82-24,2,897.0,8.97
O2021_82_16_1_0025_00005219_10cm_4000_0.tif,82-16,2,O2021_82_24_1_0022_00001739_10cm_7880_1000.tif,82-24,2,5546.0,55.46
O2021_82_16_1_0025_00005219_10cm_4000_0.tif,82-16,2,O2021_82_24_1_0023_00001727_10cm_2000_1000.tif,82-24,2,4697.0,46.97
O2021_82_16_1_0025_00005219_10cm_4000_0.tif,82-16,2,O2021_82_24_1_0023_00001727_10cm_3000_1000.tif,82-24,2,3003.0,30.03
O2021_82_16_1_0025_00005219_10cm_4000_0.tif,82-16,2,O2021_82_24_1_0022_00001739_10cm_8000_0.tif,82-24,2,354.0,3.54
O2021_82_16_1_0025_00005219_10cm_4000_1000.tif,82-16,2,O2021_82_24_1_0022_00001740_10cm_8000_0.tif,82-24,2,1914.0,19.14
O2021_82_16_1_0025_00005219_10cm_4000_1000.tif,82-16,2,O2021_82_24_1_0022_00001739_10cm_7880_3000.tif,82-24,2,3245.0,32.45
O2021_82_16_1_0025_00005219_10cm_4000_1000.tif,82-16,2,O2021_82_24_1_0023_00001726_10cm_2000_0.tif,82-24,2,3599.0,35.99
O2021_82_16_1_0025_00005219_10cm_4000_1000.tif,82-16,2,O2021_82_24_1_0023_00001726_10cm_3000_0.tif,82-24,2,2301.0,23.01
O2021_82_16_1_0025_00005219_10cm_4000_1000.tif,82-16,2,O2021_82_24_1_0023_00001727_10cm_2000_2000.tif,82-24,2,4697.0,46.97
O2021_82_16_1_0025_00005219_10cm_4000_1000.tif,82-16,2,O2021_82_24_1_0023_00001727_10cm_3000_2000.tif,82-24,2,3003.0,30.03
O2021_82_16_1_0025_00005219_10cm_4000_1000.tif,82-16,2,O2021_82_24_1_0023_00001727_10cm_2000_3000.tif,82-24,2,5063.0,50.63
O2021_82_16_1_0025_00005219_10cm_4000_1000.tif,82-16,2,O2021_82_24_1_0023_00001727_10cm_3000_3000.tif,82-24,2,3237.0,32.37
O2021_82_16_1_0025_00005219_10cm_4000_1000.tif,82-16,2,O2021_82_24_1_0022_00001739_10cm_7880_2000.tif,82-24,2,5546.0,55.46
O2021_82_16_1_0025_00005219_10cm_4000_1000.tif,82-16,2,O2021_82_24_1_0022_00001739_10cm_7880_1000.tif,82-24,2,354.0,3.54
O2021_82_16_1_0025_00005219_10cm_5000_0.tif,82-16,2,O2021_82_24_1_0023_00001727_10cm_4000_2000.tif,82-24,2,897.0,8.97
O2021_82_16_1_0025_00005219_10cm_5000_0.tif,82-16,2,O2021_82_24_1_0023_00001727_10cm_3000_2000.tif,82-24,2,1403.0,14.03
O2021_82_16_1_0025_00005219_10cm_5000_0.tif,82-16,2,O2021_82_24_1_0023_00001727_10cm_3000_1000.tif,82-24,2,4697.0,46.97
O2021_82_16_1_0025_00005219_10cm_5000_0.tif,82-16,2,O2021_82_24_1_0023_00001727_10cm_4000_1000.tif,82-24,2,3003.0,30.03
O2021_82_16_1_0025_00005219_10cm_5000_1000.tif,82-16,2,O2021_82_24_1_0023_00001726_10cm_3000_0.tif,82-24,2,3599.0,35.99
O2021_82_16_1_0025_00005219_10cm_5000_1000.tif,82-16,2,O2021_82_24_1_0023_00001726_10cm_4000_0.tif,82-24,2,2301.0,23.01
O2021_82_16_1_0025_00005219_10cm_5000_1000.tif,82-16,2,O2021_82_24_1_0023_00001727_10cm_4000_2000.tif,82-24,2,3003.0,30.03
O2021_82_16_1_0025_00005219_10cm_5000_1000.tif,82-16,2,O2021_82_24_1_0023_00001727_10cm_3000_2000.tif,82-24,2,4697.0,46.97
O2021_82_16_1_0025_00005219_10cm_5000_1000.tif,82-16,2,O2021_82_24_1_0023_00001727_10cm_3000_3000.tif,82-24,2,5063.0,50.63
O2021_82_16_1_0025_00005219_10cm_5000_1000.tif,82-16,2,O2021_82_24_1_0023_00001727_10cm_4000_3000.tif,82-24,2,3237.0,32.37
O2021_82_16_1_0025_00005219_10cm_5000_2000.tif,82-16,2,O2021_82_24_1_0023_00001726_10cm_3000_0.tif,82-24,2,2501.0,25.01
O2021_82_16_1_0025_00005219_10cm_5000_2000.tif,82-16,2,O2021_82_24_1_0023_00001726_10cm_4000_0.tif,82-24,2,1599.0,15.99
O2021_82_16_1_0025_00005219_10cm_5000_2000.tif,82-16,2,O2021_82_24_1_0023_00001727_10cm_3000_3000.tif,82-24,2,1037.0,10.37
O2021_82_16_1_0025_00005219_10cm_5000_2000.tif,82-16,2,O2021_82_24_1_0023_00001727_10cm_4000_3000.tif,82-24,2,663.0,6.63
O2021_82_16_1_0025_00005219_10cm_6000_0.tif,82-16,2,O2021_82_24_1_0023_00001727_10cm_4000_2000.tif,82-24,2,1403.0,14.03
O2021_82_16_1_0025_00005219_10cm_6000_0.tif,82-16,2,O2021_82_24_1_0023_00001727_10cm_5000_2000.tif,82-24,2,897.0,8.97
O2021_82_16_1_0025_00005219_10cm_6000_0.tif,82-16,2,O2021_82_24_1_0023_00001727_10cm_5000_1000.tif,82-24,2,3003.0,30.03
O2021_82_16_1_0025_00005219_10cm_6000_0.tif,82-16,2,O2021_82_24_1_0023_00001727_10cm_4000_1000.tif,82-24,2,4697.0,46.97
O2021_82_16_1_0025_00005219_10cm_6000_1000.tif,82-16,2,O2021_82_24_1_0023_00001726_10cm_5000_0.tif,82-24,2,2301.0,23.01
O2021_82_16_1_0025_00005219_10cm_6000_1000.tif,82-16,2,O2021_82_24_1_0023_00001726_10cm_4000_0.tif,82-24,2,3599.0,35.99
O2021_82_16_1_0025_00005219_10cm_6000_1000.tif,82-16,2,O2021_82_24_1_0023_00001727_10cm_5000_3000.tif,82-24,2,3237.0,32.37
O2021_82_16_1_0025_00005219_10cm_6000_1000.tif,82-16,2,O2021_82_24_1_0023_00001727_10cm_4000_2000.tif,82-24,2,4697.0,46.97
O2021_82_16_1_0025_00005219_10cm_6000_1000.tif,82-16,2,O2021_82_24_1_0023_00001727_10cm_5000_2000.tif,82-24,2,3003.0,30.03
O2021_82_16_1_0025_00005219_10cm_6000_1000.tif,82-16,2,O2021_82_24_1_0023_00001727_10cm_4000_3000.tif,82-24,2,5063.0,50.63
O2021_82_16_1_0025_00005219_10cm_6000_2000.tif,82-16,2,O2021_82_24_1_0023_00001726_10cm_5000_1000.tif,82-24,2,2301.0,23.01
O2021_82_16_1_0025_00005219_10cm_6000_2000.tif,82-16,2,O2021_82_24_1_0023_00001726_10cm_5000_0.tif,82-24,2,1599.0,15.99
O2021_82_16_1_0025_00005219_10cm_6000_2000.tif,82-16,2,O2021_82_24_1_0023_00001726_10cm_4000_0.tif,82-24,2,2501.0,25.01
O2021_82_16_1_0025_00005219_10cm_6000_2000.tif,82-16,2,O2021_82_24_1_0023_00001727_10cm_5000_3000.tif,82-24,2,663.0,6.63
O2021_82_16_1_0025_00005219_10cm_6000_2000.tif,82-16,2,O2021_82_24_1_0023_00001727_10cm_4000_3000.tif,82-24,2,1037.0,10.37
O2021_82_16_1_0025_00005219_10cm_6000_3000.tif,82-16,2,O2021_82_24_1_0023_00001726_10cm_5000_1000.tif,82-24,2,3081.0,30.81
O2021_82_16_1_0025_00005219_10cm_6000_3000.tif,82-16,2,O2021_82_24_1_0023_00001726_10cm_5000_0.tif,82-24,2,819.0,8.19
O2021_82_16_1_0025_00005219_10cm_6000_3000.tif,82-16,2,O2021_82_24_1_0023_00001726_10cm_4000_0.tif,82-24,2,1281.0,12.81
O2021_82_16_1_0025_00005219_10cm_7000_0.tif,82-16,2,O2021_82_24_1_0023_00001727_10cm_5000_2000.tif,82-24,2,1403.0,14.03
O2021_82_16_1_0025_00005219_10cm_7000_0.tif,82-16,2,O2021_82_24_1_0023_00001727_10cm_6000_2000.tif,82-24,2,897.0,8.97
O2021_82_16_1_0025_00005219_10cm_7000_0.tif,82-16,2,O2021_82_24_1_0023_00001727_10cm_5000_1000.tif,82-24,2,4697.0,46.97
O2021_82_16_1_0025_00005219_10cm_7000_0.tif,82-16,2,O2021_82_24_1_0023_00001727_10cm_6000_1000.tif,82-24,2,3003.0,30.03
O2021_82_16_1_0025_00005219_10cm_7000_1000.tif,82-16,2,O2021_82_24_1_0023_00001726_10cm_5000_0.tif,82-24,2,3599.0,35.99
O2021_82_16_1_0025_00005219_10cm_7000_1000.tif,82-16,2,O2021_82_24_1_0023_00001726_10cm_6000_0.tif,82-24,2,2301.0,23.01
O2021_82_16_1_0025_00005219_10cm_7000_1000.tif,82-16,2,O2021_82_24_1_0023_00001727_10cm_6000_3000.tif,82-24,2,3237.0,32.37
O2021_82_16_1_0025_00005219_10cm_7000_1000.tif,82-16,2,O2021_82_24_1_0023_00001727_10cm_5000_3000.tif,82-24,2,5063.0,50.63
O2021_82_16_1_0025_00005219_10cm_7000_1000.tif,82-16,2,O2021_82_24_1_0023_00001727_10cm_5000_2000.tif,82-24,2,4697.0,46.97
O2021_82_16_1_0025_00005219_10cm_7000_1000.tif,82-16,2,O2021_82_24_1_0023_00001727_10cm_6000_2000.tif,82-24,2,3003.0,30.03
O2021_82_16_1_0025_00005219_10cm_7000_2000.tif,82-16,2,O2021_82_24_1_0023_00001726_10cm_6000_1000.tif,82-24,2,2301.0,23.01
O2021_82_16_1_0025_00005219_10cm_7000_2000.tif,82-16,2,O2021_82_24_1_0023_00001726_10cm_5000_1000.tif,82-24,2,3599.0,35.99
O2021_82_16_1_0025_00005219_10cm_7000_2000.tif,82-16,2,O2021_82_24_1_0023_00001726_10cm_5000_0.tif,82-24,2,2501.0,25.01
O2021_82_16_1_0025_00005219_10cm_7000_2000.tif,82-16,2,O2021_82_24_1_0023_00001726_10cm_6000_0.tif,82-24,2,1599.0,15.99
O2021_82_16_1_0025_00005219_10cm_7000_2000.tif,82-16,2,O2021_82_24_1_0023_00001727_10cm_6000_3000.tif,82-24,2,663.0,6.63
O2021_82_16_1_0025_00005219_10cm_7000_2000.tif,82-16,2,O2021_82_24_1_0023_00001727_10cm_5000_3000.tif,82-24,2,1037.0,10.37
O2021_82_16_1_0025_00005219_10cm_7000_3000.tif,82-16,2,O2021_82_24_1_0023_00001726_10cm_6000_1000.tif,82-24,2,3081.0,30.81
O2021_82_16_1_0025_00005219_10cm_7000_3000.tif,82-16,2,O2021_82_24_1_0023_00001726_10cm_5000_1000.tif,82-24,2,4819.0,48.19
O2021_82_16_1_0025_00005219_10cm_7000_3000.tif,82-16,2,O2021_82_24_1_0023_00001726_10cm_5000_0.tif,82-24,2,1281.0,12.81
O2021_82_16_1_0025_00005219_10cm_7000_3000.tif,82-16,2,O2021_82_24_1_0023_00001726_10cm_6000_0.tif,82-24,2,819.0,8.19
O2021_82_16_1_0025_00005219_10cm_7460_1000.tif,82-16,2,O2021_82_24_1_0024_00005684_10cm_0_1000.tif,82-24,2,810.0,8.1
O2021_82_16_1_0025_00005219_10cm_7460_1000.tif,82-16,2,O2021_82_24_1_0023_00001726_10cm_5000_0.tif,82-24,2,885.0,8.85
O2021_82_16_1_0025_00005219_10cm_7460_1000.tif,82-16,2,O2021_82_24_1_0023_00001726_10cm_6000_0.tif,82-24,2,5015.0,50.15
O2021_82_16_1_0025_00005219_10cm_7460_1000.tif,82-16,2,O2021_82_24_1_0023_00001727_10cm_6000_3000.tif,82-24,2,7055.0,70.55
O2021_82_16_1_0025_00005219_10cm_7460_1000.tif,82-16,2,O2021_82_24_1_0023_00001727_10cm_5000_3000.tif,82-24,2,1245.0,12.45
O2021_82_16_1_0025_00005219_10cm_7460_1000.tif,82-16,2,O2021_82_24_1_0024_00005684_10cm_0_0.tif,82-24,2,3690.0,36.9
O2021_82_16_1_0025_00005219_10cm_7460_1000.tif,82-16,2,O2021_82_24_1_0023_00001727_10cm_5000_2000.tif,82-24,2,1155.0,11.55
O2021_82_16_1_0025_00005219_10cm_7460_1000.tif,82-16,2,O2021_82_24_1_0023_00001727_10cm_6000_2000.tif,82-24,2,6545.0,65.45
O2021_82_16_1_0025_00005219_10cm_7460_1000.tif,82-16,2,O2021_82_24_1_0024_00005685_10cm_0_3000.tif,82-24,2,2624.0,26.24
O2021_82_16_1_0025_00005219_10cm_7460_1000.tif,82-16,2,O2021_82_24_1_0024_00005685_10cm_0_2000.tif,82-24,2,943.0,9.43
O2021_82_16_1_0025_00005219_10cm_7460_2000.tif,82-16,2,O2021_82_24_1_0023_00001726_10cm_6000_1000.tif,82-24,2,5015.0,50.15
O2021_82_16_1_0025_00005219_10cm_7460_2000.tif,82-16,2,O2021_82_24_1_0023_00001726_10cm_5000_1000.tif,82-24,2,885.0,8.85
O2021_82_16_1_0025_00005219_10cm_7460_2000.tif,82-16,2,O2021_82_24_1_0024_00005684_10cm_0_1000.tif,82-24,2,3690.0,36.9
O2021_82_16_1_0025_00005219_10cm_7460_2000.tif,82-16,2,O2021_82_24_1_0023_00001726_10cm_5000_0.tif,82-24,2,615.0,6.15
O2021_82_16_1_0025_00005219_10cm_7460_2000.tif,82-16,2,O2021_82_24_1_0023_00001726_10cm_6000_0.tif,82-24,2,3485.0,34.85
O2021_82_16_1_0025_00005219_10cm_7460_2000.tif,82-16,2,O2021_82_24_1_0023_00001727_10cm_6000_3000.tif,82-24,2,1445.0,14.45
O2021_82_16_1_0025_00005219_10cm_7460_2000.tif,82-16,2,O2021_82_24_1_0023_00001727_10cm_5000_3000.tif,82-24,2,255.0,2.55
O2021_82_16_1_0025_00005219_10cm_7460_3000.tif,82-16,2,O2021_82_24_1_0023_00001726_10cm_6000_1000.tif,82-24,2,6715.0,67.15
O2021_82_16_1_0025_00005219_10cm_7460_3000.tif,82-16,2,O2021_82_24_1_0023_00001726_10cm_5000_1000.tif,82-24,2,1185.0,11.85
O2021_82_16_1_0025_00005219_10cm_7460_3000.tif,82-16,2,O2021_82_24_1_0024_00005684_10cm_0_1000.tif,82-24,2,2790.0,27.9
O2021_82_16_1_0025_00005219_10cm_7460_3000.tif,82-16,2,O2021_82_24_1_0023_00001726_10cm_5000_0.tif,82-24,2,315.0,3.15
O2021_82_16_1_0025_00005219_10cm_7460_3000.tif,82-16,2,O2021_82_24_1_0023_00001726_10cm_6000_0.tif,82-24,2,1785.0,17.85
O2021_82_16_1_0025_00005219_10cm_8000_0.tif,82-16,2,O2021_82_24_1_0024_00005684_10cm_0_0.tif,82-24,2,810.0,8.1
O2021_82_16_1_0025_00005219_10cm_8000_0.tif,82-16,2,O2021_82_24_1_0023_00001727_10cm_5000_2000.tif,82-24,2,345.0,3.45
O2021_82_16_1_0025_00005219_10cm_8000_0.tif,82-16,2,O2021_82_24_1_0023_00001727_10cm_6000_2000.tif,82-24,2,1955.0,19.55
O2021_82_16_1_0025_00005219_10cm_8000_0.tif,82-16,2,O2021_82_24_1_0024_00005685_10cm_0_3000.tif,82-24,2,1476.0,14.76
O2021_82_16_1_0025_00005219_10cm_8000_0.tif,82-16,2,O2021_82_24_1_0023_00001727_10cm_5000_1000.tif,82-24,2,1155.0,11.55
O2021_82_16_1_0025_00005219_10cm_8000_0.tif,82-16,2,O2021_82_24_1_0024_00005685_10cm_0_2000.tif,82-24,2,3157.0,31.57
O2021_82_16_1_0025_00005219_10cm_8000_0.tif,82-16,2,O2021_82_24_1_0023_00001727_10cm_6000_1000.tif,82-24,2,6545.0,65.45
O2021_82_16_1_0025_00005219_10cm_8000_0.tif,82-16,2,O2021_82_24_1_0024_00005685_10cm_0_1000.tif,82-24,2,943.0,9.43
O2021_82_16_1_0026_00005227_10cm_0_0.tif,82-16,2,O2021_82_24_1_0023_00001726_10cm_5000_1000.tif,82-24,2,660.0,6.6
O2021_82_16_1_0026_00005227_10cm_0_0.tif,82-16,2,O2021_82_24_1_0023_00001726_10cm_5000_0.tif,82-24,2,2340.0,23.4
O2021_82_16_1_0026_00005227_10cm_0_0.tif,82-16,2,O2021_82_24_1_0023_00001726_10cm_4000_0.tif,82-24,2,5460.0,54.6
O2021_82_16_1_0026_00005227_10cm_0_0.tif,82-16,2,O2021_82_24_1_0023_00001727_10cm_5000_3000.tif,82-24,2,1620.0,16.2
O2021_82_16_1_0026_00005227_10cm_0_0.tif,82-16,2,O2021_82_24_1_0023_00001727_10cm_4000_2000.tif,82-24,2,980.0,9.8
O2021_82_16_1_0026_00005227_10cm_0_0.tif,82-16,2,O2021_82_24_1_0023_00001727_10cm_5000_2000.tif,82-24,2,420.0,4.2
O2021_82_16_1_0026_00005227_10cm_0_0.tif,82-16,2,O2021_82_24_1_0023_00001727_10cm_4000_3000.tif,82-24,2,3780.0,37.8
O2021_82_16_1_0026_00005227_10cm_1000_0.tif,82-16,2,O2021_82_24_1_0023_00001726_10cm_6000_1000.tif,82-24,2,660.0,6.6
O2021_82_16_1_0026_00005227_10cm_1000_0.tif,82-16,2,O2021_82_24_1_0023_00001726_10cm_5000_1000.tif,82-24,2,1540.0,15.4
O2021_82_16_1_0026_00005227_10cm_1000_0.tif,82-16,2,O2021_82_24_1_0023_00001726_10cm_5000_0.tif,82-24,2,5460.0,54.6
O2021_82_16_1_0026_00005227_10cm_1000_0.tif,82-16,2,O2021_82_24_1_0023_00001726_10cm_6000_0.tif,82-24,2,2340.0,23.4
O2021_82_16_1_0026_00005227_10cm_1000_0.tif,82-16,2,O2021_82_24_1_0023_00001727_10cm_6000_3000.tif,82-24,2,1620.0,16.2
O2021_82_16_1_0026_00005227_10cm_1000_0.tif,82-16,2,O2021_82_24_1_0023_00001727_10cm_5000_3000.tif,82-24,2,3780.0,37.8
O2021_82_16_1_0026_00005227_10cm_1000_0.tif,82-16,2,O2021_82_24_1_0023_00001727_10cm_5000_2000.tif,82-24,2,980.0,9.8
O2021_82_16_1_0026_00005227_10cm_1000_0.tif,82-16,2,O2021_82_24_1_0023_00001727_10cm_6000_2000.tif,82-24,2,420.0,4.2
O2021_82_16_1_0026_00005227_10cm_2000_0.tif,82-16,2,O2021_82_24_1_0023_00001726_10cm_6000_1000.tif,82-24,2,1540.0,15.4
O2021_82_16_1_0026_00005227_10cm_2000_0.tif,82-16,2,O2021_82_24_1_0023_00001726_10cm_7000_1000.tif,82-24,2,660.0,6.6
O2021_82_16_1_0026_00005227_10cm_2000_0.tif,82-16,2,O2021_82_24_1_0024_00005684_10cm_0_1000.tif,82-24,2,7290.0,72.9
O2021_82_16_1_0026_00005227_10cm_2000_0.tif,82-16,2,O2021_82_24_1_0023_00001726_10cm_7000_0.tif,82-24,2,2340.0,23.4
O2021_82_16_1_0026_00005227_10cm_2000_0.tif,82-16,2,O2021_82_24_1_0023_00001726_10cm_6000_0.tif,82-24,2,5460.0,54.6
O2021_82_16_1_0026_00005227_10cm_2000_0.tif,82-16,2,O2021_82_24_1_0023_00001727_10cm_6000_3000.tif,82-24,2,3780.0,37.8
O2021_82_16_1_0026_00005227_10cm_2000_0.tif,82-16,2,O2021_82_24_1_0024_00005684_10cm_0_0.tif,82-24,2,1710.0,17.1
O2021_82_16_1_0026_00005227_10cm_2000_0.tif,82-16,2,O2021_82_24_1_0023_00001727_10cm_7000_2000.tif,82-24,2,420.0,4.2
O2021_82_16_1_0026_00005227_10cm_2000_0.tif,82-16,2,O2021_82_24_1_0023_00001727_10cm_6000_2000.tif,82-24,2,980.0,9.8
O2021_82_16_1_0026_00005227_10cm_2000_0.tif,82-16,2,O2021_82_24_1_0024_00005685_10cm_0_3000.tif,82-24,2,86.0,0.86
O2021_82_16_1_0026_00005227_10cm_2000_0.tif,82-16,2,O2021_82_24_1_0023_00001727_10cm_7000_3000.tif,82-24,2,1620.0,16.2
O2021_82_16_1_0026_00005227_10cm_2000_1000.tif,82-16,2,O2021_82_24_1_0023_00001726_10cm_6000_1000.tif,82-24,2,5460.0,54.6
O2021_82_16_1_0026_00005227_10cm_2000_1000.tif,82-16,2,O2021_82_24_1_0023_00001726_10cm_7000_1000.tif,82-24,2,2340.0,23.4
O2021_82_16_1_0026_00005227_10cm_2000_1000.tif,82-16,2,O2021_82_24_1_0024_00005684_10cm_0_1000.tif,82-24,2,1710.0,17.1
O2021_82_16_1_0026_00005227_10cm_3000_0.tif,82-16,2,O2021_82_24_1_0023_00001726_10cm_7000_1000.tif,82-24,2,1540.0,15.4
O2021_82_16_1_0026_00005227_10cm_3000_0.tif,82-16,2,O2021_82_24_1_0024_00005684_10cm_0_1000.tif,82-24,2,810.0,8.1
O2021_82_16_1_0026_00005227_10cm_3000_0.tif,82-16,2,O2021_82_24_1_0024_00005684_10cm_1000_1000.tif,82-24,2,7290.0,72.9
O2021_82_16_1_0026_00005227_10cm_3000_0.tif,82-16,2,O2021_82_24_1_0023_00001726_10cm_7000_0.tif,82-24,2,5460.0,54.6
O2021_82_16_1_0026_00005227_10cm_3000_0.tif,82-16,2,O2021_82_24_1_0024_00005684_10cm_0_0.tif,82-24,2,190.0,1.9
O2021_82_16_1_0026_00005227_10cm_3000_0.tif,82-16,2,O2021_82_24_1_0024_00005684_10cm_1000_0.tif,82-24,2,1710.0,17.1
O2021_82_16_1_0026_00005227_10cm_3000_0.tif,82-16,2,O2021_82_24_1_0023_00001727_10cm_7000_2000.tif,82-24,2,980.0,9.8
O2021_82_16_1_0026_00005227_10cm_3000_0.tif,82-16,2,O2021_82_24_1_0024_00005685_10cm_1000_3000.tif,82-24,2,86.0,0.86
O2021_82_16_1_0026_00005227_10cm_3000_0.tif,82-16,2,O2021_82_24_1_0024_00005685_10cm_0_3000.tif,82-24,2,14.0,0.14
O2021_82_16_1_0026_00005227_10cm_3000_0.tif,82-16,2,O2021_82_24_1_0023_00001727_10cm_7000_3000.tif,82-24,2,3780.0,37.8
O2021_82_16_1_0026_00005227_10cm_3000_1000.tif,82-16,2,O2021_82_24_1_0023_00001726_10cm_7000_1000.tif,82-24,2,5460.0,54.6
O2021_82_16_1_0026_00005227_10cm_3000_1000.tif,82-16,2,O2021_82_24_1_0024_00005684_10cm_0_1000.tif,82-24,2,190.0,1.9
O2021_82_16_1_0026_00005227_10cm_3000_1000.tif,82-16,2,O2021_82_24_1_0024_00005684_10cm_1000_1000.tif,82-24,2,1710.0,17.1
O2021_82_16_1_0026_00005228_10cm_0_0.tif,82-16,2,O2021_82_24_1_0023_00001727_10cm_5000_1000.tif,82-24,2,812.0,8.12
O2021_82_16_1_0026_00005228_10cm_0_0.tif,82-16,2,O2021_82_24_1_0023_00001727_10cm_4000_1000.tif,82-24,2,1988.0,19.88
O2021_82_16_1_0026_00005228_10cm_0_0.tif,82-16,2,O2021_82_24_1_0023_00001727_10cm_5000_0.tif,82-24,2,2088.0,20.88
O2021_82_16_1_0026_00005228_10cm_0_0.tif,82-16,2,O2021_82_24_1_0023_00001727_10cm_4000_0.tif,82-24,2,5112.0,51.12
O2021_82_16_1_0026_00005228_10cm_0_0.tif,82-16,2,O2021_82_24_1_0023_00001728_10cm_4000_2000.tif,82-24,2,803.0,8.03
O2021_82_16_1_0026_00005228_10cm_0_0.tif,82-16,2,O2021_82_24_1_0023_00001728_10cm_5000_2000.tif,82-24,2,297.0,2.97
O2021_82_16_1_0026_00005228_10cm_0_0.tif,82-16,2,O2021_82_24_1_0023_00001728_10cm_4000_3000.tif,82-24,2,3504.0,35.04
O2021_82_16_1_0026_00005228_10cm_0_0.tif,82-16,2,O2021_82_24_1_0023_00001728_10cm_5000_3000.tif,82-24,2,1296.0,12.96
O2021_82_16_1_0026_00005228_10cm_0_1000.tif,82-16,2,O2021_82_24_1_0023_00001727_10cm_4000_2000.tif,82-24,2,1988.0,19.88
O2021_82_16_1_0026_00005228_10cm_0_1000.tif,82-16,2,O2021_82_24_1_0023_00001727_10cm_5000_2000.tif,82-24,2,812.0,8.12
O2021_82_16_1_0026_00005228_10cm_0_1000.tif,82-16,2,O2021_82_24_1_0023_00001727_10cm_5000_1000.tif,82-24,2,2088.0,20.88
O2021_82_16_1_0026_00005228_10cm_0_1000.tif,82-16,2,O2021_82_24_1_0023_00001727_10cm_4000_1000.tif,82-24,2,5112.0,51.12
O2021_82_16_1_0026_00005228_10cm_0_2000.tif,82-16,2,O2021_82_24_1_0023_00001726_10cm_5000_0.tif,82-24,2,1856.0,18.56
O2021_82_16_1_0026_00005228_10cm_0_2000.tif,82-16,2,O2021_82_24_1_0023_00001726_10cm_4000_0.tif,82-24,2,4544.0,45.44
O2021_82_16_1_0026_00005228_10cm_0_2000.tif,82-16,2,O2021_82_24_1_0023_00001727_10cm_5000_3000.tif,82-24,2,2552.0,25.52
O2021_82_16_1_0026_00005228_10cm_0_2000.tif,82-16,2,O2021_82_24_1_0023_00001727_10cm_4000_2000.tif,82-24,2,5112.0,51.12
O2021_82_16_1_0026_00005228_10cm_0_2000.tif,82-16,2,O2021_82_24_1_0023_00001727_10cm_5000_2000.tif,82-24,2,2088.0,20.88
O2021_82_16_1_0026_00005228_10cm_0_2000.tif,82-16,2,O2021_82_24_1_0023_00001727_10cm_4000_3000.tif,82-24,2,6248.0,62.48
O2021_82_16_1_0026_00005228_10cm_0_3000.tif,82-16,2,O2021_82_24_1_0023_00001726_10cm_5000_0.tif,82-24,2,2407.0,24.07
O2021_82_16_1_0026_00005228_10cm_0_3000.tif,82-16,2,O2021_82_24_1_0023_00001726_10cm_4000_0.tif,82-24,2,5893.0,58.93
O2021_82_16_1_0026_00005228_10cm_0_3000.tif,82-16,2,O2021_82_24_1_0023_00001727_10cm_5000_3000.tif,82-24,2,2697.0,26.97
O2021_82_16_1_0026_00005228_10cm_0_3000.tif,82-16,2,O2021_82_24_1_0023_00001727_10cm_4000_2000.tif,82-24,2,3763.0,37.63
O2021_82_16_1_0026_00005228_10cm_0_3000.tif,82-16,2,O2021_82_24_1_0023_00001727_10cm_5000_2000.tif,82-24,2,1537.0,15.37
O2021_82_16_1_0026_00005228_10cm_0_3000.tif,82-16,2,O2021_82_24_1_0023_00001727_10cm_4000_3000.tif,82-24,2,6603.0,66.03
O2021_82_16_1_0026_00005228_10cm_1000_0.tif,82-16,2,O2021_82_24_1_0023_00001727_10cm_5000_1000.tif,82-24,2,1988.0,19.88
O2021_82_16_1_0026_00005228_10cm_1000_0.tif,82-16,2,O2021_82_24_1_0023_00001727_10cm_6000_1000.tif,82-24,2,812.0,8.12
O2021_82_16_1_0026_00005228_10cm_1000_0.tif,82-16,2,O2021_82_24_1_0023_00001727_10cm_5000_0.tif,82-24,2,5112.0,51.12
O2021_82_16_1_0026_00005228_10cm_1000_0.tif,82-16,2,O2021_82_24_1_0023_00001727_10cm_6000_0.tif,82-24,2,2088.0,20.88
O2021_82_16_1_0026_00005228_10cm_1000_0.tif,82-16,2,O2021_82_24_1_0023_00001728_10cm_5000_2000.tif,82-24,2,803.0,8.03
O2021_82_16_1_0026_00005228_10cm_1000_0.tif,82-16,2,O2021_82_24_1_0023_00001728_10cm_6000_2000.tif,82-24,2,297.0,2.97
O2021_82_16_1_0026_00005228_10cm_1000_0.tif,82-16,2,O2021_82_24_1_0023_00001728_10cm_5000_3000.tif,82-24,2,3504.0,35.04
O2021_82_16_1_0026_00005228_10cm_1000_0.tif,82-16,2,O2021_82_24_1_0023_00001728_10cm_6000_3000.tif,82-24,2,1296.0,12.96
O2021_82_16_1_0026_00005228_10cm_1000_1000.tif,82-16,2,O2021_82_24_1_0023_00001727_10cm_5000_2000.tif,82-24,2,1988.0,19.88
O2021_82_16_1_0026_00005228_10cm_1000_1000.tif,82-16,2,O2021_82_24_1_0023_00001727_10cm_6000_2000.tif,82-24,2,812.0,8.12
O2021_82_16_1_0026_00005228_10cm_1000_1000.tif,82-16,2,O2021_82_24_1_0023_00001727_10cm_5000_1000.tif,82-24,2,5112.0,51.12
O2021_82_16_1_0026_00005228_10cm_1000_1000.tif,82-16,2,O2021_82_24_1_0023_00001727_10cm_6000_1000.tif,82-24,2,2088.0,20.88
O2021_82_16_1_0026_00005228_10cm_1000_2000.tif,82-16,2,O2021_82_24_1_0023_00001726_10cm_5000_0.tif,82-24,2,4544.0,45.44
O2021_82_16_1_0026_00005228_10cm_1000_2000.tif,82-16,2,O2021_82_24_1_0023_00001726_10cm_6000_0.tif,82-24,2,1856.0,18.56
O2021_82_16_1_0026_00005228_10cm_1000_2000.tif,82-16,2,O2021_82_24_1_0023_00001727_10cm_6000_3000.tif,82-24,2,2552.0,25.52
O2021_82_16_1_0026_00005228_10cm_1000_2000.tif,82-16,2,O2021_82_24_1_0023_00001727_10cm_5000_3000.tif,82-24,2,6248.0,62.48
O2021_82_16_1_0026_00005228_10cm_1000_2000.tif,82-16,2,O2021_82_24_1_0023_00001727_10cm_5000_2000.tif,82-24,2,5112.0,51.12
O2021_82_16_1_0026_00005228_10cm_1000_2000.tif,82-16,2,O2021_82_24_1_0023_00001727_10cm_6000_2000.tif,82-24,2,2088.0,20.88
O2021_82_16_1_0026_00005228_10cm_1000_3000.tif,82-16,2,O2021_82_24_1_0023_00001726_10cm_5000_0.tif,82-24,2,5893.0,58.93
O2021_82_16_1_0026_00005228_10cm_1000_3000.tif,82-16,2,O2021_82_24_1_0023_00001726_10cm_6000_0.tif,82-24,2,2407.0,24.07
O2021_82_16_1_0026_00005228_10cm_1000_3000.tif,82-16,2,O2021_82_24_1_0023_00001727_10cm_6000_3000.tif,82-24,2,2697.0,26.97
O2021_82_16_1_0026_00005228_10cm_1000_3000.tif,82-16,2,O2021_82_24_1_0023_00001727_10cm_5000_3000.tif,82-24,2,6603.0,66.03
O2021_82_16_1_0026_00005228_10cm_1000_3000.tif,82-16,2,O2021_82_24_1_0023_00001727_10cm_5000_2000.tif,82-24,2,3763.0,37.63
O2021_82_16_1_0026_00005228_10cm_1000_3000.tif,82-16,2,O2021_82_24_1_0023_00001727_10cm_6000_2000.tif,82-24,2,1537.0,15.37
O2021_82_16_1_0026_00005228_10cm_2000_0.tif,82-16,2,O2021_82_24_1_0023_00001727_10cm_7000_1000.tif,82-24,2,812.0,8.12
O2021_82_16_1_0026_00005228_10cm_2000_0.tif,82-16,2,O2021_82_24_1_0023_00001727_10cm_6000_1000.tif,82-24,2,1988.0,19.88
O2021_82_16_1_0026_00005228_10cm_2000_0.tif,82-16,2,O2021_82_24_1_0024_00005685_10cm_0_1000.tif,82-24,2,6970.0,69.7
O2021_82_16_1_0026_00005228_10cm_2000_0.tif,82-16,2,O2021_82_24_1_0023_00001727_10cm_7000_0.tif,82-24,2,2088.0,20.88
O2021_82_16_1_0026_00005228_10cm_2000_0.tif,82-16,2,O2021_82_24_1_0023_00001727_10cm_6000_0.tif,82-24,2,5112.0,51.12
O2021_82_16_1_0026_00005228_10cm_2000_0.tif,82-16,2,O2021_82_24_1_0024_00005685_10cm_0_0.tif,82-24,2,1530.0,15.3
O2021_82_16_1_0026_00005228_10cm_2000_0.tif,82-16,2,O2021_82_24_1_0023_00001728_10cm_7000_2000.tif,82-24,2,297.0,2.97
O2021_82_16_1_0026_00005228_10cm_2000_0.tif,82-16,2,O2021_82_24_1_0023_00001728_10cm_6000_2000.tif,82-24,2,803.0,8.03
O2021_82_16_1_0026_00005228_10cm_2000_0.tif,82-16,2,O2021_82_24_1_0023_00001728_10cm_7000_3000.tif,82-24,2,1296.0,12.96
O2021_82_16_1_0026_00005228_10cm_2000_0.tif,82-16,2,O2021_82_24_1_0023_00001728_10cm_6000_3000.tif,82-24,2,3504.0,35.04
O2021_82_16_1_0026_00005228_10cm_2000_1000.tif,82-16,2,O2021_82_24_1_0024_00005684_10cm_0_0.tif,82-24,2,2047.0,20.47
O2021_82_16_1_0026_00005228_10cm_2000_1000.tif,82-16,2,O2021_82_24_1_0023_00001727_10cm_7000_2000.tif,82-24,2,812.0,8.12
O2021_82_16_1_0026_00005228_10cm_2000_1000.tif,82-16,2,O2021_82_24_1_0023_00001727_10cm_6000_2000.tif,82-24,2,1988.0,19.88
O2021_82_16_1_0026_00005228_10cm_2000_1000.tif,82-16,2,O2021_82_24_1_0024_00005685_10cm_0_3000.tif,82-24,2,3485.0,34.85
O2021_82_16_1_0026_00005228_10cm_2000_1000.tif,82-16,2,O2021_82_24_1_0023_00001727_10cm_7000_1000.tif,82-24,2,2088.0,20.88
O2021_82_16_1_0026_00005228_10cm_2000_1000.tif,82-16,2,O2021_82_24_1_0024_00005685_10cm_0_2000.tif,82-24,2,6970.0,69.7
O2021_82_16_1_0026_00005228_10cm_2000_1000.tif,82-16,2,O2021_82_24_1_0023_00001727_10cm_6000_1000.tif,82-24,2,5112.0,51.12
O2021_82_16_1_0026_00005228_10cm_2000_1000.tif,82-16,2,O2021_82_24_1_0024_00005685_10cm_0_1000.tif,82-24,2,1530.0,15.3
O2021_82_16_1_0026_00005228_10cm_2000_2000.tif,82-16,2,O2021_82_24_1_0024_00005684_10cm_0_1000.tif,82-24,2,2047.0,20.47
O2021_82_16_1_0026_00005228_10cm_2000_2000.tif,82-16,2,O2021_82_24_1_0023_00001726_10cm_7000_0.tif,82-24,2,1856.0,18.56
O2021_82_16_1_0026_00005228_10cm_2000_2000.tif,82-16,2,O2021_82_24_1_0023_00001726_10cm_6000_0.tif,82-24,2,4544.0,45.44
O2021_82_16_1_0026_00005228_10cm_2000_2000.tif,82-16,2,O2021_82_24_1_0023_00001727_10cm_6000_3000.tif,82-24,2,6248.0,62.48
O2021_82_16_1_0026_00005228_10cm_2000_2000.tif,82-16,2,O2021_82_24_1_0024_00005684_10cm_0_0.tif,82-24,2,6853.0,68.53
O2021_82_16_1_0026_00005228_10cm_2000_2000.tif,82-16,2,O2021_82_24_1_0023_00001727_10cm_7000_2000.tif,82-24,2,2088.0,20.88
O2021_82_16_1_0026_00005228_10cm_2000_2000.tif,82-16,2,O2021_82_24_1_0023_00001727_10cm_6000_2000.tif,82-24,2,5112.0,51.12
O2021_82_16_1_0026_00005228_10cm_2000_2000.tif,82-16,2,O2021_82_24_1_0024_00005685_10cm_0_3000.tif,82-24,2,5015.0,50.15
O2021_82_16_1_0026_00005228_10cm_2000_2000.tif,82-16,2,O2021_82_24_1_0023_00001727_10cm_7000_3000.tif,82-24,2,2552.0,25.52
O2021_82_16_1_0026_00005228_10cm_2000_2000.tif,82-16,2,O2021_82_24_1_0024_00005685_10cm_0_2000.tif,82-24,2,1530.0,15.3
O2021_82_16_1_0026_00005228_10cm_2000_3000.tif,82-16,2,O2021_82_24_1_0024_00005684_10cm_0_1000.tif,82-24,2,3738.0,37.38
O2021_82_16_1_0026_00005228_10cm_2000_3000.tif,82-16,2,O2021_82_24_1_0023_00001726_10cm_7000_0.tif,82-24,2,2407.0,24.07
O2021_82_16_1_0026_00005228_10cm_2000_3000.tif,82-16,2,O2021_82_24_1_0023_00001726_10cm_6000_0.tif,82-24,2,5893.0,58.93
O2021_82_16_1_0026_00005228_10cm_2000_3000.tif,82-16,2,O2021_82_24_1_0023_00001727_10cm_6000_3000.tif,82-24,2,6603.0,66.03
O2021_82_16_1_0026_00005228_10cm_2000_3000.tif,82-16,2,O2021_82_24_1_0024_00005684_10cm_0_0.tif,82-24,2,5162.0,51.62
O2021_82_16_1_0026_00005228_10cm_2000_3000.tif,82-16,2,O2021_82_24_1_0023_00001727_10cm_7000_2000.tif,82-24,2,1537.0,15.37
O2021_82_16_1_0026_00005228_10cm_2000_3000.tif,82-16,2,O2021_82_24_1_0023_00001727_10cm_6000_2000.tif,82-24,2,3763.0,37.63
O2021_82_16_1_0026_00005228_10cm_2000_3000.tif,82-16,2,O2021_82_24_1_0024_00005685_10cm_0_3000.tif,82-24,2,3400.0,34.0
O2021_82_16_1_0026_00005228_10cm_2000_3000.tif,82-16,2,O2021_82_24_1_0023_00001727_10cm_7000_3000.tif,82-24,2,2697.0,26.97
O2021_82_16_1_0026_00005228_10cm_3000_0.tif,82-16,2,O2021_82_24_1_0023_00001727_10cm_7000_1000.tif,82-24,2,1988.0,19.88
O2021_82_16_1_0026_00005228_10cm_3000_0.tif,82-16,2,O2021_82_24_1_0024_00005685_10cm_1000_1000.tif,82-24,2,6970.0,69.7
O2021_82_16_1_0026_00005228_10cm_3000_0.tif,82-16,2,O2021_82_24_1_0024_00005685_10cm_0_1000.tif,82-24,2,1230.0,12.3
O2021_82_16_1_0026_00005228_10cm_3000_0.tif,82-16,2,O2021_82_24_1_0023_00001727_10cm_7000_0.tif,82-24,2,5112.0,51.12
O2021_82_16_1_0026_00005228_10cm_3000_0.tif,82-16,2,O2021_82_24_1_0024_00005685_10cm_1000_0.tif,82-24,2,1530.0,15.3
O2021_82_16_1_0026_00005228_10cm_3000_0.tif,82-16,2,O2021_82_24_1_0024_00005685_10cm_0_0.tif,82-24,2,270.0,2.7
O2021_82_16_1_0026_00005228_10cm_3000_0.tif,82-16,2,O2021_82_24_1_0023_00001728_10cm_7000_2000.tif,82-24,2,803.0,8.03
O2021_82_16_1_0026_00005228_10cm_3000_0.tif,82-16,2,O2021_82_24_1_0023_00001728_10cm_7000_3000.tif,82-24,2,3504.0,35.04
O2021_82_16_1_0026_00005228_10cm_3000_1000.tif,82-16,2,O2021_82_24_1_0024_00005684_10cm_0_0.tif,82-24,2,253.0,2.53
O2021_82_16_1_0026_00005228_10cm_3000_1000.tif,82-16,2,O2021_82_24_1_0024_00005684_10cm_1000_0.tif,82-24,2,2047.0,20.47
O2021_82_16_1_0026_00005228_10cm_3000_1000.tif,82-16,2,O2021_82_24_1_0023_00001727_10cm_7000_2000.tif,82-24,2,1988.0,19.88
O2021_82_16_1_0026_00005228_10cm_3000_1000.tif,82-16,2,O2021_82_24_1_0024_00005685_10cm_1000_3000.tif,82-24,2,3485.0,34.85
O2021_82_16_1_0026_00005228_10cm_3000_1000.tif,82-16,2,O2021_82_24_1_0024_00005685_10cm_0_3000.tif,82-24,2,615.0,6.15
O2021_82_16_1_0026_00005228_10cm_3000_1000.tif,82-16,2,O2021_82_24_1_0023_00001727_10cm_7000_1000.tif,82-24,2,5112.0,51.12
O2021_82_16_1_0026_00005228_10cm_3000_1000.tif,82-16,2,O2021_82_24_1_0024_00005685_10cm_0_2000.tif,82-24,2,1230.0,12.3
O2021_82_16_1_0026_00005228_10cm_3000_1000.tif,82-16,2,O2021_82_24_1_0024_00005685_10cm_1000_2000.tif,82-24,2,6970.0,69.7
O2021_82_16_1_0026_00005228_10cm_3000_1000.tif,82-16,2,O2021_82_24_1_0024_00005685_10cm_1000_1000.tif,82-24,2,1530.0,15.3
O2021_82_16_1_0026_00005228_10cm_3000_1000.tif,82-16,2,O2021_82_24_1_0024_00005685_10cm_0_1000.tif,82-24,2,270.0,2.7
O2021_82_16_1_0026_00005228_10cm_3000_2000.tif,82-16,2,O2021_82_24_1_0024_00005684_10cm_0_1000.tif,82-24,2,253.0,2.53
O2021_82_16_1_0026_00005228_10cm_3000_2000.tif,82-16,2,O2021_82_24_1_0024_00005684_10cm_1000_1000.tif,82-24,2,2047.0,20.47
O2021_82_16_1_0026_00005228_10cm_3000_2000.tif,82-16,2,O2021_82_24_1_0023_00001726_10cm_7000_0.tif,82-24,2,4544.0,45.44
O2021_82_16_1_0026_00005228_10cm_3000_2000.tif,82-16,2,O2021_82_24_1_0024_00005684_10cm_0_0.tif,82-24,2,847.0,8.47
O2021_82_16_1_0026_00005228_10cm_3000_2000.tif,82-16,2,O2021_82_24_1_0024_00005684_10cm_1000_0.tif,82-24,2,6853.0,68.53
O2021_82_16_1_0026_00005228_10cm_3000_2000.tif,82-16,2,O2021_82_24_1_0023_00001727_10cm_7000_2000.tif,82-24,2,5112.0,51.12
O2021_82_16_1_0026_00005228_10cm_3000_2000.tif,82-16,2,O2021_82_24_1_0024_00005685_10cm_1000_3000.tif,82-24,2,5015.0,50.15
O2021_82_16_1_0026_00005228_10cm_3000_2000.tif,82-16,2,O2021_82_24_1_0024_00005685_10cm_0_3000.tif,82-24,2,885.0,8.85
O2021_82_16_1_0026_00005228_10cm_3000_2000.tif,82-16,2,O2021_82_24_1_0023_00001727_10cm_7000_3000.tif,82-24,2,6248.0,62.48
O2021_82_16_1_0026_00005228_10cm_3000_2000.tif,82-16,2,O2021_82_24_1_0024_00005685_10cm_0_2000.tif,82-24,2,270.0,2.7
O2021_82_16_1_0026_00005228_10cm_3000_2000.tif,82-16,2,O2021_82_24_1_0024_00005685_10cm_1000_2000.tif,82-24,2,1530.0,15.3
O2021_82_16_1_0026_00005228_10cm_3000_3000.tif,82-16,2,O2021_82_24_1_0024_00005684_10cm_0_1000.tif,82-24,2,462.0,4.62
O2021_82_16_1_0026_00005228_10cm_3000_3000.tif,82-16,2,O2021_82_24_1_0024_00005684_10cm_1000_1000.tif,82-24,2,3738.0,37.38
O2021_82_16_1_0026_00005228_10cm_3000_3000.tif,82-16,2,O2021_82_24_1_0023_00001726_10cm_7000_0.tif,82-24,2,5893.0,58.93
O2021_82_16_1_0026_00005228_10cm_3000_3000.tif,82-16,2,O2021_82_24_1_0024_00005684_10cm_0_0.tif,82-24,2,638.0,6.38
O2021_82_16_1_0026_00005228_10cm_3000_3000.tif,82-16,2,O2021_82_24_1_0024_00005684_10cm_1000_0.tif,82-24,2,5162.0,51.62
O2021_82_16_1_0026_00005228_10cm_3000_3000.tif,82-16,2,O2021_82_24_1_0023_00001727_10cm_7000_2000.tif,82-24,2,3763.0,37.63
O2021_82_16_1_0026_00005228_10cm_3000_3000.tif,82-16,2,O2021_82_24_1_0024_00005685_10cm_1000_3000.tif,82-24,2,3400.0,34.0
O2021_82_16_1_0026_00005228_10cm_3000_3000.tif,82-16,2,O2021_82_24_1_0024_00005685_10cm_0_3000.tif,82-24,2,600.0,6.0
O2021_82_16_1_0026_00005228_10cm_3000_3000.tif,82-16,2,O2021_82_24_1_0023_00001727_10cm_7000_3000.tif,82-24,2,6603.0,66.03
O2021_82_16_1_0026_00005229_10cm_0_0.tif,82-16,2,O2021_82_24_1_0023_00001728_10cm_4000_1000.tif,82-24,2,2325.0,23.25
O2021_82_16_1_0026_00005229_10cm_0_0.tif,82-16,2,O2021_82_24_1_0023_00001728_10cm_5000_1000.tif,82-24,2,775.0,7.75
O2021_82_16_1_0026_00005229_10cm_0_0.tif,82-16,2,O2021_82_24_1_0023_00001728_10cm_4000_0.tif,82-24,2,5175.0,51.75
O2021_82_16_1_0026_00005229_10cm_0_0.tif,82-16,2,O2021_82_24_1_0023_00001728_10cm_5000_0.tif,82-24,2,1725.0,17.25
O2021_82_16_1_0026_00005229_10cm_0_0.tif,82-16,2,O2021_82_24_1_0023_00001729_10cm_5000_3000.tif,82-24,2,984.0,9.84
O2021_82_16_1_0026_00005229_10cm_0_0.tif,82-16,2,O2021_82_24_1_0023_00001729_10cm_4000_3000.tif,82-24,2,3116.0,31.16
O2021_82_16_1_0026_00005229_10cm_0_0.tif,82-16,2,O2021_82_24_1_0023_00001729_10cm_5000_2000.tif,82-24,2,192.0,1.92
O2021_82_16_1_0026_00005229_10cm_0_0.tif,82-16,2,O2021_82_24_1_0023_00001729_10cm_4000_2000.tif,82-24,2,608.0,6.08
O2021_82_16_1_0026_00005229_10cm_0_1000.tif,82-16,2,O2021_82_24_1_0023_00001728_10cm_4000_2000.tif,82-24,2,2325.0,23.25
O2021_82_16_1_0026_00005229_10cm_0_1000.tif,82-16,2,O2021_82_24_1_0023_00001728_10cm_5000_2000.tif,82-24,2,775.0,7.75
O2021_82_16_1_0026_00005229_10cm_0_1000.tif,82-16,2,O2021_82_24_1_0023_00001728_10cm_4000_1000.tif,82-24,2,5175.0,51.75
O2021_82_16_1_0026_00005229_10cm_0_1000.tif,82-16,2,O2021_82_24_1_0023_00001728_10cm_5000_1000.tif,82-24,2,1725.0,17.25
O2021_82_16_1_0026_00005229_10cm_0_2000.tif,82-16,2,O2021_82_24_1_0023_00001727_10cm_5000_0.tif,82-24,2,1890.0,18.9
O2021_82_16_1_0026_00005229_10cm_0_2000.tif,82-16,2,O2021_82_24_1_0023_00001727_10cm_4000_0.tif,82-24,2,5110.0,51.1
O2021_82_16_1_0026_00005229_10cm_0_2000.tif,82-16,2,O2021_82_24_1_0023_00001728_10cm_4000_2000.tif,82-24,2,5175.0,51.75
O2021_82_16_1_0026_00005229_10cm_0_2000.tif,82-16,2,O2021_82_24_1_0023_00001728_10cm_5000_2000.tif,82-24,2,1725.0,17.25
O2021_82_16_1_0026_00005229_10cm_0_2000.tif,82-16,2,O2021_82_24_1_0023_00001728_10cm_4000_3000.tif,82-24,2,7050.0,70.5
O2021_82_16_1_0026_00005229_10cm_0_2000.tif,82-16,2,O2021_82_24_1_0023_00001728_10cm_5000_3000.tif,82-24,2,2350.0,23.5
O2021_82_16_1_0026_00005229_10cm_0_3000.tif,82-16,2,O2021_82_24_1_0023_00001727_10cm_5000_0.tif,82-24,2,2430.0,24.3
O2021_82_16_1_0026_00005229_10cm_0_3000.tif,82-16,2,O2021_82_24_1_0023_00001727_10cm_4000_0.tif,82-24,2,6570.0,65.7
O2021_82_16_1_0026_00005229_10cm_0_3000.tif,82-16,2,O2021_82_24_1_0023_00001728_10cm_4000_2000.tif,82-24,2,3675.0,36.75
O2021_82_16_1_0026_00005229_10cm_0_3000.tif,82-16,2,O2021_82_24_1_0023_00001728_10cm_5000_2000.tif,82-24,2,1225.0,12.25
O2021_82_16_1_0026_00005229_10cm_0_3000.tif,82-16,2,O2021_82_24_1_0023_00001728_10cm_4000_3000.tif,82-24,2,6450.0,64.5
O2021_82_16_1_0026_00005229_10cm_0_3000.tif,82-16,2,O2021_82_24_1_0023_00001728_10cm_5000_3000.tif,82-24,2,2150.0,21.5
O2021_82_16_1_0026_00005229_10cm_1000_0.tif,82-16,2,O2021_82_24_1_0023_00001728_10cm_6000_1000.tif,82-24,2,775.0,7.75
O2021_82_16_1_0026_00005229_10cm_1000_0.tif,82-16,2,O2021_82_24_1_0023_00001728_10cm_5000_1000.tif,82-24,2,2325.0,23.25
O2021_82_16_1_0026_00005229_10cm_1000_0.tif,82-16,2,O2021_82_24_1_0023_00001728_10cm_6000_0.tif,82-24,2,1725.0,17.25
O2021_82_16_1_0026_00005229_10cm_1000_0.tif,82-16,2,O2021_82_24_1_0023_00001728_10cm_5000_0.tif,82-24,2,5175.0,51.75
O2021_82_16_1_0026_00005229_10cm_1000_0.tif,82-16,2,O2021_82_24_1_0023_00001729_10cm_5000_3000.tif,82-24,2,3116.0,31.16
O2021_82_16_1_0026_00005229_10cm_1000_0.tif,82-16,2,O2021_82_24_1_0023_00001729_10cm_6000_3000.tif,82-24,2,984.0,9.84
O2021_82_16_1_0026_00005229_10cm_1000_0.tif,82-16,2,O2021_82_24_1_0023_00001729_10cm_5000_2000.tif,82-24,2,608.0,6.08
O2021_82_16_1_0026_00005229_10cm_1000_0.tif,82-16,2,O2021_82_24_1_0023_00001729_10cm_6000_2000.tif,82-24,2,192.0,1.92
O2021_82_16_1_0026_00005229_10cm_1000_1000.tif,82-16,2,O2021_82_24_1_0023_00001728_10cm_5000_2000.tif,82-24,2,2325.0,23.25
O2021_82_16_1_0026_00005229_10cm_1000_1000.tif,82-16,2,O2021_82_24_1_0023_00001728_10cm_6000_2000.tif,82-24,2,775.0,7.75
O2021_82_16_1_0026_00005229_10cm_1000_1000.tif,82-16,2,O2021_82_24_1_0023_00001728_10cm_6000_1000.tif,82-24,2,1725.0,17.25
O2021_82_16_1_0026_00005229_10cm_1000_1000.tif,82-16,2,O2021_82_24_1_0023_00001728_10cm_5000_1000.tif,82-24,2,5175.0,51.75
O2021_82_16_1_0026_00005229_10cm_1000_2000.tif,82-16,2,O2021_82_24_1_0023_00001727_10cm_5000_0.tif,82-24,2,5110.0,51.1
O2021_82_16_1_0026_00005229_10cm_1000_2000.tif,82-16,2,O2021_82_24_1_0023_00001727_10cm_6000_0.tif,82-24,2,1890.0,18.9
O2021_82_16_1_0026_00005229_10cm_1000_2000.tif,82-16,2,O2021_82_24_1_0023_00001728_10cm_5000_2000.tif,82-24,2,5175.0,51.75
O2021_82_16_1_0026_00005229_10cm_1000_2000.tif,82-16,2,O2021_82_24_1_0023_00001728_10cm_6000_2000.tif,82-24,2,1725.0,17.25
O2021_82_16_1_0026_00005229_10cm_1000_2000.tif,82-16,2,O2021_82_24_1_0023_00001728_10cm_5000_3000.tif,82-24,2,7050.0,70.5
O2021_82_16_1_0026_00005229_10cm_1000_2000.tif,82-16,2,O2021_82_24_1_0023_00001728_10cm_6000_3000.tif,82-24,2,2350.0,23.5
O2021_82_16_1_0026_00005229_10cm_1000_3000.tif,82-16,2,O2021_82_24_1_0023_00001727_10cm_5000_0.tif,82-24,2,6570.0,65.7
O2021_82_16_1_0026_00005229_10cm_1000_3000.tif,82-16,2,O2021_82_24_1_0023_00001727_10cm_6000_0.tif,82-24,2,2430.0,24.3
O2021_82_16_1_0026_00005229_10cm_1000_3000.tif,82-16,2,O2021_82_24_1_0023_00001728_10cm_5000_2000.tif,82-24,2,3675.0,36.75
O2021_82_16_1_0026_00005229_10cm_1000_3000.tif,82-16,2,O2021_82_24_1_0023_00001728_10cm_6000_2000.tif,82-24,2,1225.0,12.25
O2021_82_16_1_0026_00005229_10cm_1000_3000.tif,82-16,2,O2021_82_24_1_0023_00001728_10cm_5000_3000.tif,82-24,2,6450.0,64.5
O2021_82_16_1_0026_00005229_10cm_1000_3000.tif,82-16,2,O2021_82_24_1_0023_00001728_10cm_6000_3000.tif,82-24,2,2150.0,21.5
O2021_82_16_1_0026_00005229_10cm_2000_0.tif,82-16,2,O2021_82_24_1_0023_00001728_10cm_6000_1000.tif,82-24,2,2325.0,23.25
O2021_82_16_1_0026_00005229_10cm_2000_0.tif,82-16,2,O2021_82_24_1_0023_00001728_10cm_7000_1000.tif,82-24,2,775.0,7.75
O2021_82_16_1_0026_00005229_10cm_2000_0.tif,82-16,2,O2021_82_24_1_0024_00005686_10cm_0_1000.tif,82-24,2,7826.0,78.26
O2021_82_16_1_0026_00005229_10cm_2000_0.tif,82-16,2,O2021_82_24_1_0023_00001728_10cm_6000_0.tif,82-24,2,5175.0,51.75
O2021_82_16_1_0026_00005229_10cm_2000_0.tif,82-16,2,O2021_82_24_1_0023_00001728_10cm_7000_0.tif,82-24,2,1725.0,17.25
O2021_82_16_1_0026_00005229_10cm_2000_0.tif,82-16,2,O2021_82_24_1_0023_00001729_10cm_7000_3000.tif,82-24,2,984.0,9.84
O2021_82_16_1_0026_00005229_10cm_2000_0.tif,82-16,2,O2021_82_24_1_0023_00001729_10cm_6000_3000.tif,82-24,2,3116.0,31.16
O2021_82_16_1_0026_00005229_10cm_2000_0.tif,82-16,2,O2021_82_24_1_0024_00005686_10cm_0_0.tif,82-24,2,774.0,7.74
O2021_82_16_1_0026_00005229_10cm_2000_0.tif,82-16,2,O2021_82_24_1_0023_00001729_10cm_7000_2000.tif,82-24,2,192.0,1.92
O2021_82_16_1_0026_00005229_10cm_2000_0.tif,82-16,2,O2021_82_24_1_0023_00001729_10cm_6000_2000.tif,82-24,2,608.0,6.08
O2021_82_16_1_0026_00005229_10cm_2000_1000.tif,82-16,2,O2021_82_24_1_0024_00005685_10cm_0_0.tif,82-24,2,1992.0,19.92
O2021_82_16_1_0026_00005229_10cm_2000_1000.tif,82-16,2,O2021_82_24_1_0023_00001728_10cm_7000_2000.tif,82-24,2,775.0,7.75
O2021_82_16_1_0026_00005229_10cm_2000_1000.tif,82-16,2,O2021_82_24_1_0023_00001728_10cm_6000_2000.tif,82-24,2,2325.0,23.25
O2021_82_16_1_0026_00005229_10cm_2000_1000.tif,82-16,2,O2021_82_24_1_0024_00005686_10cm_0_3000.tif,82-24,2,3956.0,39.56
O2021_82_16_1_0026_00005229_10cm_2000_1000.tif,82-16,2,O2021_82_24_1_0024_00005686_10cm_0_2000.tif,82-24,2,7826.0,78.26
O2021_82_16_1_0026_00005229_10cm_2000_1000.tif,82-16,2,O2021_82_24_1_0023_00001728_10cm_6000_1000.tif,82-24,2,5175.0,51.75
O2021_82_16_1_0026_00005229_10cm_2000_1000.tif,82-16,2,O2021_82_24_1_0023_00001728_10cm_7000_1000.tif,82-24,2,1725.0,17.25
O2021_82_16_1_0026_00005229_10cm_2000_1000.tif,82-16,2,O2021_82_24_1_0024_00005686_10cm_0_1000.tif,82-24,2,774.0,7.74
O2021_82_16_1_0026_00005229_10cm_2000_2000.tif,82-16,2,O2021_82_24_1_0024_00005685_10cm_0_1000.tif,82-24,2,1992.0,19.92
O2021_82_16_1_0026_00005229_10cm_2000_2000.tif,82-16,2,O2021_82_24_1_0023_00001727_10cm_7000_0.tif,82-24,2,1890.0,18.9
O2021_82_16_1_0026_00005229_10cm_2000_2000.tif,82-16,2,O2021_82_24_1_0023_00001727_10cm_6000_0.tif,82-24,2,5110.0,51.1
O2021_82_16_1_0026_00005229_10cm_2000_2000.tif,82-16,2,O2021_82_24_1_0024_00005685_10cm_0_0.tif,82-24,2,6308.0,63.08
O2021_82_16_1_0026_00005229_10cm_2000_2000.tif,82-16,2,O2021_82_24_1_0023_00001728_10cm_7000_2000.tif,82-24,2,1725.0,17.25
O2021_82_16_1_0026_00005229_10cm_2000_2000.tif,82-16,2,O2021_82_24_1_0023_00001728_10cm_6000_2000.tif,82-24,2,5175.0,51.75
O2021_82_16_1_0026_00005229_10cm_2000_2000.tif,82-16,2,O2021_82_24_1_0024_00005686_10cm_0_3000.tif,82-24,2,4644.0,46.44
O2021_82_16_1_0026_00005229_10cm_2000_2000.tif,82-16,2,O2021_82_24_1_0024_00005686_10cm_0_2000.tif,82-24,2,774.0,7.74
O2021_82_16_1_0026_00005229_10cm_2000_2000.tif,82-16,2,O2021_82_24_1_0023_00001728_10cm_7000_3000.tif,82-24,2,2350.0,23.5
O2021_82_16_1_0026_00005229_10cm_2000_2000.tif,82-16,2,O2021_82_24_1_0023_00001728_10cm_6000_3000.tif,82-24,2,7050.0,70.5
O2021_82_16_1_0026_00005229_10cm_2000_3000.tif,82-16,2,O2021_82_24_1_0024_00005685_10cm_0_1000.tif,82-24,2,3652.0,36.52
O2021_82_16_1_0026_00005229_10cm_2000_3000.tif,82-16,2,O2021_82_24_1_0023_00001727_10cm_7000_0.tif,82-24,2,2430.0,24.3
O2021_82_16_1_0026_00005229_10cm_2000_3000.tif,82-16,2,O2021_82_24_1_0023_00001727_10cm_6000_0.tif,82-24,2,6570.0,65.7
O2021_82_16_1_0026_00005229_10cm_2000_3000.tif,82-16,2,O2021_82_24_1_0024_00005685_10cm_0_0.tif,82-24,2,4648.0,46.48
O2021_82_16_1_0026_00005229_10cm_2000_3000.tif,82-16,2,O2021_82_24_1_0023_00001728_10cm_7000_2000.tif,82-24,2,1225.0,12.25
O2021_82_16_1_0026_00005229_10cm_2000_3000.tif,82-16,2,O2021_82_24_1_0023_00001728_10cm_6000_2000.tif,82-24,2,3675.0,36.75
O2021_82_16_1_0026_00005229_10cm_2000_3000.tif,82-16,2,O2021_82_24_1_0024_00005686_10cm_0_3000.tif,82-24,2,2924.0,29.24
O2021_82_16_1_0026_00005229_10cm_2000_3000.tif,82-16,2,O2021_82_24_1_0023_00001728_10cm_7000_3000.tif,82-24,2,2150.0,21.5
O2021_82_16_1_0026_00005229_10cm_2000_3000.tif,82-16,2,O2021_82_24_1_0023_00001728_10cm_6000_3000.tif,82-24,2,6450.0,64.5
O2021_82_16_1_0026_00005229_10cm_3000_0.tif,82-16,2,O2021_82_24_1_0023_00001728_10cm_7000_1000.tif,82-24,2,2325.0,23.25
O2021_82_16_1_0026_00005229_10cm_3000_0.tif,82-16,2,O2021_82_24_1_0024_00005686_10cm_0_1000.tif,82-24,2,1274.0,12.74
O2021_82_16_1_0026_00005229_10cm_3000_0.tif,82-16,2,O2021_82_24_1_0024_00005686_10cm_1000_1000.tif,82-24,2,7826.0,78.26
O2021_82_16_1_0026_00005229_10cm_3000_0.tif,82-16,2,O2021_82_24_1_0023_00001728_10cm_7000_0.tif,82-24,2,5175.0,51.75
O2021_82_16_1_0026_00005229_10cm_3000_0.tif,82-16,2,O2021_82_24_1_0023_00001729_10cm_7000_3000.tif,82-24,2,3116.0,31.16
O2021_82_16_1_0026_00005229_10cm_3000_0.tif,82-16,2,O2021_82_24_1_0024_00005686_10cm_0_0.tif,82-24,2,126.0,1.26
O2021_82_16_1_0026_00005229_10cm_3000_0.tif,82-16,2,O2021_82_24_1_0023_00001729_10cm_7000_2000.tif,82-24,2,608.0,6.08
O2021_82_16_1_0026_00005229_10cm_3000_1000.tif,82-16,2,O2021_82_24_1_0024_00005685_10cm_1000_0.tif,82-24,2,1992.0,19.92
O2021_82_16_1_0026_00005229_10cm_3000_1000.tif,82-16,2,O2021_82_24_1_0024_00005685_10cm_0_0.tif,82-24,2,408.0,4.08
O2021_82_16_1_0026_00005229_10cm_3000_1000.tif,82-16,2,O2021_82_24_1_0023_00001728_10cm_7000_2000.tif,82-24,2,2325.0,23.25
O2021_82_16_1_0026_00005229_10cm_3000_1000.tif,82-16,2,O2021_82_24_1_0024_00005686_10cm_1000_3000.tif,82-24,2,3956.0,39.56
O2021_82_16_1_0026_00005229_10cm_3000_1000.tif,82-16,2,O2021_82_24_1_0024_00005686_10cm_0_3000.tif,82-24,2,644.0,6.44
O2021_82_16_1_0026_00005229_10cm_3000_1000.tif,82-16,2,O2021_82_24_1_0024_00005686_10cm_1000_2000.tif,82-24,2,7826.0,78.26
O2021_82_16_1_0026_00005229_10cm_3000_1000.tif,82-16,2,O2021_82_24_1_0024_00005686_10cm_0_2000.tif,82-24,2,1274.0,12.74
O2021_82_16_1_0026_00005229_10cm_3000_1000.tif,82-16,2,O2021_82_24_1_0023_00001728_10cm_7000_1000.tif,82-24,2,5175.0,51.75
O2021_82_16_1_0026_00005229_10cm_3000_1000.tif,82-16,2,O2021_82_24_1_0024_00005686_10cm_0_1000.tif,82-24,2,126.0,1.26
O2021_82_16_1_0026_00005229_10cm_3000_1000.tif,82-16,2,O2021_82_24_1_0024_00005686_10cm_1000_1000.tif,82-24,2,774.0,7.74
O2021_82_16_1_0026_00005229_10cm_3000_2000.tif,82-16,2,O2021_82_24_1_0024_00005685_10cm_1000_1000.tif,82-24,2,1992.0,19.92
O2021_82_16_1_0026_00005229_10cm_3000_2000.tif,82-16,2,O2021_82_24_1_0024_00005685_10cm_0_1000.tif,82-24,2,408.0,4.08
O2021_82_16_1_0026_00005229_10cm_3000_2000.tif,82-16,2,O2021_82_24_1_0023_00001727_10cm_7000_0.tif,82-24,2,5110.0,51.1
O2021_82_16_1_0026_00005229_10cm_3000_2000.tif,82-16,2,O2021_82_24_1_0024_00005685_10cm_1000_0.tif,82-24,2,6308.0,63.08
O2021_82_16_1_0026_00005229_10cm_3000_2000.tif,82-16,2,O2021_82_24_1_0024_00005685_10cm_0_0.tif,82-24,2,1292.0,12.92
O2021_82_16_1_0026_00005229_10cm_3000_2000.tif,82-16,2,O2021_82_24_1_0023_00001728_10cm_7000_2000.tif,82-24,2,5175.0,51.75
O2021_82_16_1_0026_00005229_10cm_3000_2000.tif,82-16,2,O2021_82_24_1_0024_00005686_10cm_1000_3000.tif,82-24,2,4644.0,46.44
O2021_82_16_1_0026_00005229_10cm_3000_2000.tif,82-16,2,O2021_82_24_1_0024_00005686_10cm_0_3000.tif,82-24,2,756.0,7.56
O2021_82_16_1_0026_00005229_10cm_3000_2000.tif,82-16,2,O2021_82_24_1_0024_00005686_10cm_1000_2000.tif,82-24,2,774.0,7.74
O2021_82_16_1_0026_00005229_10cm_3000_2000.tif,82-16,2,O2021_82_24_1_0024_00005686_10cm_0_2000.tif,82-24,2,126.0,1.26
O2021_82_16_1_0026_00005229_10cm_3000_2000.tif,82-16,2,O2021_82_24_1_0023_00001728_10cm_7000_3000.tif,82-24,2,7050.0,70.5
O2021_82_16_1_0026_00005229_10cm_3000_3000.tif,82-16,2,O2021_82_24_1_0024_00005685_10cm_1000_1000.tif,82-24,2,3652.0,36.52
O2021_82_16_1_0026_00005229_10cm_3000_3000.tif,82-16,2,O2021_82_24_1_0024_00005685_10cm_0_1000.tif,82-24,2,748.0,7.48
O2021_82_16_1_0026_00005229_10cm_3000_3000.tif,82-16,2,O2021_82_24_1_0023_00001727_10cm_7000_0.tif,82-24,2,6570.0,65.7
O2021_82_16_1_0026_00005229_10cm_3000_3000.tif,82-16,2,O2021_82_24_1_0024_00005685_10cm_1000_0.tif,82-24,2,4648.0,46.48
O2021_82_16_1_0026_00005229_10cm_3000_3000.tif,82-16,2,O2021_82_24_1_0024_00005685_10cm_0_0.tif,82-24,2,952.0,9.52
O2021_82_16_1_0026_00005229_10cm_3000_3000.tif,82-16,2,O2021_82_24_1_0023_00001728_10cm_7000_2000.tif,82-24,2,3675.0,36.75
O2021_82_16_1_0026_00005229_10cm_3000_3000.tif,82-16,2,O2021_82_24_1_0024_00005686_10cm_1000_3000.tif,82-24,2,2924.0,29.24
O2021_82_16_1_0026_00005229_10cm_3000_3000.tif,82-16,2,O2021_82_24_1_0024_00005686_10cm_0_3000.tif,82-24,2,476.0,4.76
O2021_82_16_1_0026_00005229_10cm_3000_3000.tif,82-16,2,O2021_82_24_1_0023_00001728_10cm_7000_3000.tif,82-24,2,6450.0,64.5
O2021_82_16_1_0026_00005230_10cm_0_1000.tif,82-16,2,O2021_82_24_1_0023_00001729_10cm_5000_3000.tif,82-24,2,24.0,0.24
O2021_82_16_1_0026_00005230_10cm_0_1000.tif,82-16,2,O2021_82_24_1_0023_00001729_10cm_4000_3000.tif,82-24,2,76.0,0.76
O2021_82_16_1_0026_00005230_10cm_0_1000.tif,82-16,2,O2021_82_24_1_0023_00001729_10cm_5000_2000.tif,82-24,2,816.0,8.16
O2021_82_16_1_0026_00005230_10cm_0_1000.tif,82-16,2,O2021_82_24_1_0023_00001729_10cm_4000_2000.tif,82-24,2,2584.0,25.84
O2021_82_16_1_0026_00005230_10cm_0_1000.tif,82-16,2,O2021_82_24_1_0023_00001729_10cm_5000_1000.tif,82-24,2,1584.0,15.84
O2021_82_16_1_0026_00005230_10cm_0_2000.tif,82-16,2,O2021_82_24_1_0023_00001728_10cm_4000_0.tif,82-24,2,5475.0,54.75
O2021_82_16_1_0026_00005230_10cm_0_2000.tif,82-16,2,O2021_82_24_1_0023_00001728_10cm_5000_0.tif,82-24,2,1825.0,18.25
O2021_82_16_1_0026_00005230_10cm_0_2000.tif,82-16,2,O2021_82_24_1_0023_00001729_10cm_5000_3000.tif,82-24,2,2376.0,23.76
O2021_82_16_1_0026_00005230_10cm_0_2000.tif,82-16,2,O2021_82_24_1_0023_00001729_10cm_4000_3000.tif,82-24,2,7524.0,75.24
O2021_82_16_1_0026_00005230_10cm_0_2000.tif,82-16,2,O2021_82_24_1_0023_00001729_10cm_5000_2000.tif,82-24,2,1584.0,15.84
O2021_82_16_1_0026_00005230_10cm_0_2000.tif,82-16,2,O2021_82_24_1_0023_00001729_10cm_4000_2000.tif,82-24,2,5016.0,50.16
O2021_82_16_1_0026_00005230_10cm_0_3000.tif,82-16,2,O2021_82_24_1_0023_00001728_10cm_4000_0.tif,82-24,2,6900.0,69.0
O2021_82_16_1_0026_00005230_10cm_0_3000.tif,82-16,2,O2021_82_24_1_0023_00001728_10cm_5000_0.tif,82-24,2,2300.0,23.0
O2021_82_16_1_0026_00005230_10cm_0_3000.tif,82-16,2,O2021_82_24_1_0023_00001729_10cm_5000_3000.tif,82-24,2,1920.0,19.2
O2021_82_16_1_0026_00005230_10cm_0_3000.tif,82-16,2,O2021_82_24_1_0023_00001729_10cm_4000_3000.tif,82-24,2,6080.0,60.8
O2021_82_16_1_0026_00005230_10cm_0_3000.tif,82-16,2,O2021_82_24_1_0023_00001729_10cm_5000_2000.tif,82-24,2,1128.0,11.28
O2021_82_16_1_0026_00005230_10cm_0_3000.tif,82-16,2,O2021_82_24_1_0023_00001729_10cm_4000_2000.tif,82-24,2,3572.0,35.72
O2021_82_16_1_0026_00005230_10cm_1000_1000.tif,82-16,2,O2021_82_24_1_0023_00001729_10cm_5000_3000.tif,82-24,2,76.0,0.76
O2021_82_16_1_0026_00005230_10cm_1000_1000.tif,82-16,2,O2021_82_24_1_0023_00001729_10cm_6000_3000.tif,82-24,2,24.0,0.24
O2021_82_16_1_0026_00005230_10cm_1000_1000.tif,82-16,2,O2021_82_24_1_0023_00001729_10cm_5000_2000.tif,82-24,2,2584.0,25.84
O2021_82_16_1_0026_00005230_10cm_1000_1000.tif,82-16,2,O2021_82_24_1_0023_00001729_10cm_6000_2000.tif,82-24,2,816.0,8.16
O2021_82_16_1_0026_00005230_10cm_1000_1000.tif,82-16,2,O2021_82_24_1_0023_00001729_10cm_6000_1000.tif,82-24,2,1584.0,15.84
O2021_82_16_1_0026_00005230_10cm_1000_1000.tif,82-16,2,O2021_82_24_1_0023_00001729_10cm_5000_1000.tif,82-24,2,5016.0,50.16
O2021_82_16_1_0026_00005230_10cm_1000_2000.tif,82-16,2,O2021_82_24_1_0023_00001728_10cm_6000_0.tif,82-24,2,1825.0,18.25
O2021_82_16_1_0026_00005230_10cm_1000_2000.tif,82-16,2,O2021_82_24_1_0023_00001728_10cm_5000_0.tif,82-24,2,5475.0,54.75
O2021_82_16_1_0026_00005230_10cm_1000_2000.tif,82-16,2,O2021_82_24_1_0023_00001729_10cm_5000_3000.tif,82-24,2,7524.0,75.24
O2021_82_16_1_0026_00005230_10cm_1000_2000.tif,82-16,2,O2021_82_24_1_0023_00001729_10cm_6000_3000.tif,82-24,2,2376.0,23.76
O2021_82_16_1_0026_00005230_10cm_1000_2000.tif,82-16,2,O2021_82_24_1_0023_00001729_10cm_5000_2000.tif,82-24,2,5016.0,50.16
O2021_82_16_1_0026_00005230_10cm_1000_2000.tif,82-16,2,O2021_82_24_1_0023_00001729_10cm_6000_2000.tif,82-24,2,1584.0,15.84
O2021_82_16_1_0026_00005230_10cm_1000_3000.tif,82-16,2,O2021_82_24_1_0023_00001728_10cm_6000_0.tif,82-24,2,2300.0,23.0
O2021_82_16_1_0026_00005230_10cm_1000_3000.tif,82-16,2,O2021_82_24_1_0023_00001728_10cm_5000_0.tif,82-24,2,6900.0,69.0
O2021_82_16_1_0026_00005230_10cm_1000_3000.tif,82-16,2,O2021_82_24_1_0023_00001729_10cm_5000_3000.tif,82-24,2,6080.0,60.8
O2021_82_16_1_0026_00005230_10cm_1000_3000.tif,82-16,2,O2021_82_24_1_0023_00001729_10cm_6000_3000.tif,82-24,2,1920.0,19.2
O2021_82_16_1_0026_00005230_10cm_1000_3000.tif,82-16,2,O2021_82_24_1_0023_00001729_10cm_5000_2000.tif,82-24,2,3572.0,35.72
O2021_82_16_1_0026_00005230_10cm_1000_3000.tif,82-16,2,O2021_82_24_1_0023_00001729_10cm_6000_2000.tif,82-24,2,1128.0,11.28
O2021_82_16_1_0026_00005230_10cm_2000_1000.tif,82-16,2,O2021_82_24_1_0023_00001729_10cm_7000_3000.tif,82-24,2,24.0,0.24
O2021_82_16_1_0026_00005230_10cm_2000_1000.tif,82-16,2,O2021_82_24_1_0023_00001729_10cm_6000_3000.tif,82-24,2,76.0,0.76
O2021_82_16_1_0026_00005230_10cm_2000_1000.tif,82-16,2,O2021_82_24_1_0024_00005686_10cm_0_0.tif,82-24,2,2838.0,28.38
O2021_82_16_1_0026_00005230_10cm_2000_1000.tif,82-16,2,O2021_82_24_1_0023_00001729_10cm_7000_2000.tif,82-24,2,816.0,8.16
O2021_82_16_1_0026_00005230_10cm_2000_1000.tif,82-16,2,O2021_82_24_1_0023_00001729_10cm_6000_2000.tif,82-24,2,2584.0,25.84
O2021_82_16_1_0026_00005230_10cm_2000_1000.tif,82-16,2,O2021_82_24_1_0024_00005687_10cm_0_3000.tif,82-24,2,4557.0,45.57
O2021_82_16_1_0026_00005230_10cm_2000_1000.tif,82-16,2,O2021_82_24_1_0024_00005687_10cm_0_2000.tif,82-24,2,9114.0,91.14
O2021_82_16_1_0026_00005230_10cm_2000_1000.tif,82-16,2,O2021_82_24_1_0023_00001729_10cm_7000_1000.tif,82-24,2,1584.0,15.84
O2021_82_16_1_0026_00005230_10cm_2000_1000.tif,82-16,2,O2021_82_24_1_0023_00001729_10cm_6000_1000.tif,82-24,2,5016.0,50.16
O2021_82_16_1_0026_00005230_10cm_2000_2000.tif,82-16,2,O2021_82_24_1_0024_00005686_10cm_0_1000.tif,82-24,2,2838.0,28.38
O2021_82_16_1_0026_00005230_10cm_2000_2000.tif,82-16,2,O2021_82_24_1_0023_00001728_10cm_6000_0.tif,82-24,2,5475.0,54.75
O2021_82_16_1_0026_00005230_10cm_2000_2000.tif,82-16,2,O2021_82_24_1_0023_00001728_10cm_7000_0.tif,82-24,2,1825.0,18.25
O2021_82_16_1_0026_00005230_10cm_2000_2000.tif,82-16,2,O2021_82_24_1_0023_00001729_10cm_7000_3000.tif,82-24,2,2376.0,23.76
O2021_82_16_1_0026_00005230_10cm_2000_2000.tif,82-16,2,O2021_82_24_1_0023_00001729_10cm_6000_3000.tif,82-24,2,7524.0,75.24
O2021_82_16_1_0026_00005230_10cm_2000_2000.tif,82-16,2,O2021_82_24_1_0024_00005686_10cm_0_0.tif,82-24,2,5762.0,57.62
O2021_82_16_1_0026_00005230_10cm_2000_2000.tif,82-16,2,O2021_82_24_1_0023_00001729_10cm_7000_2000.tif,82-24,2,1584.0,15.84
O2021_82_16_1_0026_00005230_10cm_2000_2000.tif,82-16,2,O2021_82_24_1_0023_00001729_10cm_6000_2000.tif,82-24,2,5016.0,50.16
O2021_82_16_1_0026_00005230_10cm_2000_2000.tif,82-16,2,O2021_82_24_1_0024_00005687_10cm_0_3000.tif,82-24,2,4743.0,47.43
O2021_82_16_1_0026_00005230_10cm_2000_2000.tif,82-16,2,O2021_82_24_1_0024_00005687_10cm_0_2000.tif,82-24,2,186.0,1.86
O2021_82_16_1_0026_00005230_10cm_2000_3000.tif,82-16,2,O2021_82_24_1_0024_00005686_10cm_0_1000.tif,82-24,2,4472.0,44.72
O2021_82_16_1_0026_00005230_10cm_2000_3000.tif,82-16,2,O2021_82_24_1_0023_00001728_10cm_6000_0.tif,82-24,2,6900.0,69.0
O2021_82_16_1_0026_00005230_10cm_2000_3000.tif,82-16,2,O2021_82_24_1_0023_00001728_10cm_7000_0.tif,82-24,2,2300.0,23.0
O2021_82_16_1_0026_00005230_10cm_2000_3000.tif,82-16,2,O2021_82_24_1_0023_00001729_10cm_7000_3000.tif,82-24,2,1920.0,19.2
O2021_82_16_1_0026_00005230_10cm_2000_3000.tif,82-16,2,O2021_82_24_1_0023_00001729_10cm_6000_3000.tif,82-24,2,6080.0,60.8
O2021_82_16_1_0026_00005230_10cm_2000_3000.tif,82-16,2,O2021_82_24_1_0024_00005686_10cm_0_0.tif,82-24,2,4128.0,41.28
O2021_82_16_1_0026_00005230_10cm_2000_3000.tif,82-16,2,O2021_82_24_1_0023_00001729_10cm_7000_2000.tif,82-24,2,1128.0,11.28
O2021_82_16_1_0026_00005230_10cm_2000_3000.tif,82-16,2,O2021_82_24_1_0023_00001729_10cm_6000_2000.tif,82-24,2,3572.0,35.72
O2021_82_16_1_0026_00005230_10cm_2000_3000.tif,82-16,2,O2021_82_24_1_0024_00005687_10cm_0_3000.tif,82-24,2,2976.0,29.76
O2021_82_16_1_0026_00005230_10cm_3000_1000.tif,82-16,2,O2021_82_24_1_0023_00001729_10cm_7000_3000.tif,82-24,2,76.0,0.76
O2021_82_16_1_0026_00005230_10cm_3000_1000.tif,82-16,2,O2021_82_24_1_0024_00005686_10cm_0_0.tif,82-24,2,462.0,4.62
O2021_82_16_1_0026_00005230_10cm_3000_1000.tif,82-16,2,O2021_82_24_1_0023_00001729_10cm_7000_2000.tif,82-24,2,2584.0,25.84
O2021_82_16_1_0026_00005230_10cm_3000_1000.tif,82-16,2,O2021_82_24_1_0024_00005687_10cm_1000_3000.tif,82-24,2,4557.0,45.57
O2021_82_16_1_0026_00005230_10cm_3000_1000.tif,82-16,2,O2021_82_24_1_0024_00005687_10cm_0_3000.tif,82-24,2,343.0,3.43
O2021_82_16_1_0026_00005230_10cm_3000_1000.tif,82-16,2,O2021_82_24_1_0024_00005687_10cm_0_2000.tif,82-24,2,686.0,6.86
O2021_82_16_1_0026_00005230_10cm_3000_1000.tif,82-16,2,O2021_82_24_1_0023_00001729_10cm_7000_1000.tif,82-24,2,5016.0,50.16
O2021_82_16_1_0026_00005230_10cm_3000_2000.tif,82-16,2,O2021_82_24_1_0024_00005686_10cm_0_1000.tif,82-24,2,462.0,4.62
O2021_82_16_1_0026_00005230_10cm_3000_2000.tif,82-16,2,O2021_82_24_1_0024_00005686_10cm_1000_1000.tif,82-24,2,2838.0,28.38
O2021_82_16_1_0026_00005230_10cm_3000_2000.tif,82-16,2,O2021_82_24_1_0023_00001728_10cm_7000_0.tif,82-24,2,5475.0,54.75
O2021_82_16_1_0026_00005230_10cm_3000_2000.tif,82-16,2,O2021_82_24_1_0023_00001729_10cm_7000_3000.tif,82-24,2,7524.0,75.24
O2021_82_16_1_0026_00005230_10cm_3000_2000.tif,82-16,2,O2021_82_24_1_0024_00005686_10cm_0_0.tif,82-24,2,938.0,9.38
O2021_82_16_1_0026_00005230_10cm_3000_2000.tif,82-16,2,O2021_82_24_1_0023_00001729_10cm_7000_2000.tif,82-24,2,5016.0,50.16
O2021_82_16_1_0026_00005230_10cm_3000_2000.tif,82-16,2,O2021_82_24_1_0024_00005687_10cm_1000_3000.tif,82-24,2,4743.0,47.43
O2021_82_16_1_0026_00005230_10cm_3000_2000.tif,82-16,2,O2021_82_24_1_0024_00005687_10cm_0_3000.tif,82-24,2,357.0,3.57
O2021_82_16_1_0026_00005230_10cm_3000_2000.tif,82-16,2,O2021_82_24_1_0024_00005687_10cm_0_2000.tif,82-24,2,14.0,0.14
O2021_82_16_1_0026_00005230_10cm_3000_3000.tif,82-16,2,O2021_82_24_1_0024_00005686_10cm_0_1000.tif,82-24,2,728.0,7.28
O2021_82_16_1_0026_00005230_10cm_3000_3000.tif,82-16,2,O2021_82_24_1_0024_00005686_10cm_1000_1000.tif,82-24,2,4472.0,44.72
O2021_82_16_1_0026_00005230_10cm_3000_3000.tif,82-16,2,O2021_82_24_1_0023_00001728_10cm_7000_0.tif,82-24,2,6900.0,69.0
O2021_82_16_1_0026_00005230_10cm_3000_3000.tif,82-16,2,O2021_82_24_1_0023_00001729_10cm_7000_3000.tif,82-24,2,6080.0,60.8
O2021_82_16_1_0026_00005230_10cm_3000_3000.tif,82-16,2,O2021_82_24_1_0024_00005686_10cm_0_0.tif,82-24,2,672.0,6.72
O2021_82_16_1_0026_00005230_10cm_3000_3000.tif,82-16,2,O2021_82_24_1_0023_00001729_10cm_7000_2000.tif,82-24,2,3572.0,35.72
O2021_82_16_1_0026_00005230_10cm_3000_3000.tif,82-16,2,O2021_82_24_1_0024_00005687_10cm_1000_3000.tif,82-24,2,2976.0,29.76
O2021_82_16_1_0026_00005230_10cm_3000_3000.tif,82-16,2,O2021_82_24_1_0024_00005687_10cm_0_3000.tif,82-24,2,224.0,2.24
O2021_82_16_1_0027_00005667_10cm_3000_0.tif,82-16,2,O2021_82_24_1_0024_00005685_10cm_7000_1000.tif,82-24,2,5475.0,54.75
O2021_82_16_1_0027_00005667_10cm_3000_0.tif,82-16,2,O2021_82_24_1_0024_00005685_10cm_7900_1000.tif,82-24,2,2555.0,25.55
O2021_82_16_1_0027_00005667_10cm_3000_0.tif,82-16,2,O2021_82_24_1_0024_00005685_10cm_8000_0.tif,82-24,2,945.0,9.45
O2021_82_16_1_0027_00005667_10cm_3000_0.tif,82-16,2,O2021_82_24_1_0024_00005685_10cm_7000_0.tif,82-24,2,2025.0,20.25
O2021_82_16_1_0027_00005667_10cm_3000_0.tif,82-16,2,O2021_82_24_1_0024_00005686_10cm_7000_3000.tif,82-24,2,360.0,3.6
O2021_82_16_1_0027_00005667_10cm_3000_0.tif,82-16,2,O2021_82_24_1_0024_00005686_10cm_7910_3000.tif,82-24,2,185.0,1.85
O2021_82_16_1_0027_00005667_10cm_3000_1000.tif,82-16,2,O2021_82_24_1_0024_00005684_10cm_7000_0.tif,82-24,2,994.0,9.94
O2021_82_16_1_0027_00005667_10cm_3000_1000.tif,82-16,2,O2021_82_24_1_0024_00005684_10cm_8000_0.tif,82-24,2,490.0,4.9
O2021_82_16_1_0027_00005667_10cm_3000_1000.tif,82-16,2,O2021_82_24_1_0024_00005685_10cm_7900_3000.tif,82-24,2,1120.0,11.2
O2021_82_16_1_0027_00005667_10cm_3000_1000.tif,82-16,2,O2021_82_24_1_0024_00005685_10cm_7000_3000.tif,82-24,2,2400.0,24.0
O2021_82_16_1_0027_00005667_10cm_3000_1000.tif,82-16,2,O2021_82_24_1_0024_00005685_10cm_7900_2000.tif,82-24,2,2555.0,25.55
O2021_82_16_1_0027_00005667_10cm_3000_1000.tif,82-16,2,O2021_82_24_1_0024_00005685_10cm_7000_2000.tif,82-24,2,5475.0,54.75
O2021_82_16_1_0027_00005667_10cm_3000_1000.tif,82-16,2,O2021_82_24_1_0024_00005685_10cm_7000_1000.tif,82-24,2,2025.0,20.25
O2021_82_16_1_0027_00005667_10cm_3000_1000.tif,82-16,2,O2021_82_24_1_0024_00005685_10cm_7900_1000.tif,82-24,2,945.0,9.45
O2021_82_16_1_0027_00005667_10cm_3000_2000.tif,82-16,2,O2021_82_24_1_0024_00005684_10cm_7000_1000.tif,82-24,2,994.0,9.94
O2021_82_16_1_0027_00005667_10cm_3000_2000.tif,82-16,2,O2021_82_24_1_0024_00005684_10cm_7940_1000.tif,82-24,2,490.0,4.9
O2021_82_16_1_0027_00005667_10cm_3000_2000.tif,82-16,2,O2021_82_24_1_0024_00005684_10cm_7000_0.tif,82-24,2,6106.0,61.06
O2021_82_16_1_0027_00005667_10cm_3000_2000.tif,82-16,2,O2021_82_24_1_0024_00005684_10cm_8000_0.tif,82-24,2,3010.0,30.1
O2021_82_16_1_0027_00005667_10cm_3000_2000.tif,82-16,2,O2021_82_24_1_0024_00005685_10cm_7900_3000.tif,82-24,2,2380.0,23.8
O2021_82_16_1_0027_00005667_10cm_3000_2000.tif,82-16,2,O2021_82_24_1_0024_00005685_10cm_7000_3000.tif,82-24,2,5100.0,51.0
O2021_82_16_1_0027_00005667_10cm_3000_2000.tif,82-16,2,O2021_82_24_1_0024_00005685_10cm_7900_2000.tif,82-24,2,945.0,9.45
O2021_82_16_1_0027_00005667_10cm_3000_2000.tif,82-16,2,O2021_82_24_1_0024_00005685_10cm_7000_2000.tif,82-24,2,2025.0,20.25
O2021_82_16_1_0027_00005667_10cm_3000_3000.tif,82-16,2,O2021_82_24_1_0024_00005684_10cm_7000_1000.tif,82-24,2,6106.0,61.06
O2021_82_16_1_0027_00005667_10cm_3000_3000.tif,82-16,2,O2021_82_24_1_0024_00005684_10cm_7940_1000.tif,82-24,2,3010.0,30.1
O2021_82_16_1_0027_00005667_10cm_4000_0.tif,82-16,2,O2021_82_24_1_0024_00005685_10cm_7900_1000.tif,82-24,2,4745.0,47.45
O2021_82_16_1_0027_00005667_10cm_4000_0.tif,82-16,2,O2021_82_24_1_0024_00005685_10cm_8000_0.tif,82-24,2,1755.0,17.55
O2021_82_16_1_0027_00005667_10cm_4000_0.tif,82-16,2,O2021_82_24_1_0024_00005686_10cm_7910_3000.tif,82-24,2,315.0,3.15
O2021_82_16_1_0027_00005667_10cm_4000_1000.tif,82-16,2,O2021_82_24_1_0024_00005684_10cm_8000_0.tif,82-24,2,910.0,9.1
O2021_82_16_1_0027_00005667_10cm_4000_1000.tif,82-16,2,O2021_82_24_1_0024_00005685_10cm_7900_3000.tif,82-24,2,2080.0,20.8
O2021_82_16_1_0027_00005667_10cm_4000_1000.tif,82-16,2,O2021_82_24_1_0024_00005685_10cm_7900_2000.tif,82-24,2,4745.0,47.45
O2021_82_16_1_0027_00005667_10cm_4000_1000.tif,82-16,2,O2021_82_24_1_0024_00005685_10cm_7900_1000.tif,82-24,2,1755.0,17.55
O2021_82_16_1_0027_00005667_10cm_4000_2000.tif,82-16,2,O2021_82_24_1_0024_00005684_10cm_7940_1000.tif,82-24,2,910.0,9.1
O2021_82_16_1_0027_00005667_10cm_4000_2000.tif,82-16,2,O2021_82_24_1_0024_00005684_10cm_8000_0.tif,82-24,2,5590.0,55.9
O2021_82_16_1_0027_00005667_10cm_4000_2000.tif,82-16,2,O2021_82_24_1_0024_00005685_10cm_7900_3000.tif,82-24,2,4420.0,44.2
O2021_82_16_1_0027_00005667_10cm_4000_2000.tif,82-16,2,O2021_82_24_1_0024_00005685_10cm_7900_2000.tif,82-24,2,1755.0,17.55
O2021_82_16_1_0027_00005667_10cm_4000_3000.tif,82-16,2,O2021_82_24_1_0024_00005684_10cm_7940_1000.tif,82-24,2,5590.0,55.9
O2021_82_20_1_0023_00004973_10000_10000.tif,82-20,2,O2021_82_21_1_0004_00002040_6000_0.tif,82-21,1,3074.0,30.74
O2021_82_20_1_0023_00004973_10000_10000.tif,82-20,2,O2021_82_21_1_0004_00002040_7000_0.tif,82-21,1,2726.0,27.26
O2021_82_20_1_0023_00004973_10000_11000.tif,82-20,2,O2021_82_21_1_0004_00002040_6000_1000.tif,82-21,1,3074.0,30.74
O2021_82_20_1_0023_00004973_10000_11000.tif,82-20,2,O2021_82_21_1_0004_00002040_7000_1000.tif,82-21,1,2726.0,27.26
O2021_82_20_1_0023_00004973_10000_11000.tif,82-20,2,O2021_82_21_1_0004_00002040_6000_0.tif,82-21,1,2226.0,22.26
O2021_82_20_1_0023_00004973_10000_11000.tif,82-20,2,O2021_82_21_1_0004_00002040_7000_0.tif,82-21,1,1974.0,19.74
O2021_82_20_1_0023_00004973_11000_10000.tif,82-20,2,O2021_82_21_1_0004_00002040_7000_0.tif,82-21,1,3074.0,30.74
O2021_82_20_1_0023_00004973_11000_10000.tif,82-20,2,O2021_82_21_1_0004_00002040_8000_0.tif,82-21,1,2726.0,27.26
O2021_82_20_1_0023_00004973_11000_11000.tif,82-20,2,O2021_82_21_1_0004_00002040_8000_1000.tif,82-21,1,2726.0,27.26
O2021_82_20_1_0023_00004973_11000_11000.tif,82-20,2,O2021_82_21_1_0004_00002040_7000_1000.tif,82-21,1,3074.0,30.74
O2021_82_20_1_0023_00004973_11000_11000.tif,82-20,2,O2021_82_21_1_0004_00002040_7000_0.tif,82-21,1,2226.0,22.26
O2021_82_20_1_0023_00004973_11000_11000.tif,82-20,2,O2021_82_21_1_0004_00002040_8000_0.tif,82-21,1,1974.0,19.74
O2021_82_20_1_0023_00004973_12000_10000.tif,82-20,2,O2021_82_21_1_0004_00002040_9000_0.tif,82-21,1,2726.0,27.26
O2021_82_20_1_0023_00004973_12000_10000.tif,82-20,2,O2021_82_21_1_0004_00002040_8000_0.tif,82-21,1,3074.0,30.74
O2021_82_20_1_0023_00004973_12000_11000.tif,82-20,2,O2021_82_21_1_0004_00002040_8000_1000.tif,82-21,1,3074.0,30.74
O2021_82_20_1_0023_00004973_12000_11000.tif,82-20,2,O2021_82_21_1_0004_00002040_9000_1000.tif,82-21,1,2726.0,27.26
O2021_82_20_1_0023_00004973_12000_11000.tif,82-20,2,O2021_82_21_1_0004_00002040_9000_0.tif,82-21,1,1974.0,19.74
O2021_82_20_1_0023_00004973_12000_11000.tif,82-20,2,O2021_82_21_1_0004_00002040_8000_0.tif,82-21,1,2226.0,22.26
O2021_82_20_1_0023_00004973_13000_10000.tif,82-20,2,O2021_82_21_1_0004_00002040_9000_0.tif,82-21,1,3074.0,30.74
O2021_82_20_1_0023_00004973_13000_10000.tif,82-20,2,O2021_82_21_1_0004_00002040_10000_0.tif,82-21,1,2726.0,27.26
O2021_82_20_1_0023_00004973_13000_11000.tif,82-20,2,O2021_82_21_1_0004_00002040_9000_1000.tif,82-21,1,3074.0,30.74
O2021_82_20_1_0023_00004973_13000_11000.tif,82-20,2,O2021_82_21_1_0004_00002040_10000_1000.tif,82-21,1,2726.0,27.26
O2021_82_20_1_0023_00004973_13000_11000.tif,82-20,2,O2021_82_21_1_0004_00002040_9000_0.tif,82-21,1,2226.0,22.26
O2021_82_20_1_0023_00004973_13000_11000.tif,82-20,2,O2021_82_21_1_0004_00002040_10000_0.tif,82-21,1,1974.0,19.74
O2021_82_20_1_0023_00004973_14000_10000.tif,82-20,2,O2021_82_21_1_0005_00001868_0_0.tif,82-21,1,893.0,8.93
O2021_82_20_1_0023_00004973_14000_10000.tif,82-20,2,O2021_82_21_1_0004_00002040_10000_0.tif,82-21,1,3074.0,30.74
O2021_82_20_1_0023_00004973_14000_10000.tif,82-20,2,O2021_82_21_1_0004_00002040_11000_0.tif,82-21,1,2726.0,27.26
O2021_82_20_1_0023_00004973_14000_11000.tif,82-20,2,O2021_82_21_1_0005_00001868_0_1000.tif,82-21,1,893.0,8.93
O2021_82_20_1_0023_00004973_14000_11000.tif,82-20,2,O2021_82_21_1_0004_00002040_11000_1000.tif,82-21,1,2726.0,27.26
O2021_82_20_1_0023_00004973_14000_11000.tif,82-20,2,O2021_82_21_1_0004_00002040_10000_1000.tif,82-21,1,3074.0,30.74
O2021_82_20_1_0023_00004973_14000_11000.tif,82-20,2,O2021_82_21_1_0005_00001868_0_0.tif,82-21,1,1007.0,10.07
O2021_82_20_1_0023_00004973_14000_11000.tif,82-20,2,O2021_82_21_1_0004_00002040_10000_0.tif,82-21,1,2226.0,22.26
O2021_82_20_1_0023_00004973_14000_11000.tif,82-20,2,O2021_82_21_1_0004_00002040_11000_0.tif,82-21,1,1974.0,19.74
O2021_82_20_1_0023_00004973_15000_10000.tif,82-20,2,O2021_82_21_1_0005_00001868_0_0.tif,82-21,1,3807.0,38.07
O2021_82_20_1_0023_00004973_15000_10000.tif,82-20,2,O2021_82_21_1_0004_00002040_11000_0.tif,82-21,1,3074.0,30.74
O2021_82_20_1_0023_00004973_15000_10000.tif,82-20,2,O2021_82_21_1_0005_00001868_1000_0.tif,82-21,1,893.0,8.93
O2021_82_20_1_0023_00004973_15000_10000.tif,82-20,2,O2021_82_21_1_0004_00002040_12000_0.tif,82-21,1,2726.0,27.26
O2021_82_20_1_0023_00004973_15000_11000.tif,82-20,2,O2021_82_21_1_0005_00001868_0_1000.tif,82-21,1,3807.0,38.07
O2021_82_20_1_0023_00004973_15000_11000.tif,82-20,2,O2021_82_21_1_0004_00002040_11000_1000.tif,82-21,1,3074.0,30.74
O2021_82_20_1_0023_00004973_15000_11000.tif,82-20,2,O2021_82_21_1_0005_00001868_1000_1000.tif,82-21,1,893.0,8.93
O2021_82_20_1_0023_00004973_15000_11000.tif,82-20,2,O2021_82_21_1_0004_00002040_12000_1000.tif,82-21,1,2726.0,27.26
O2021_82_20_1_0023_00004973_15000_11000.tif,82-20,2,O2021_82_21_1_0005_00001868_0_0.tif,82-21,1,4293.0,42.93
O2021_82_20_1_0023_00004973_15000_11000.tif,82-20,2,O2021_82_21_1_0004_00002040_11000_0.tif,82-21,1,2226.0,22.26
O2021_82_20_1_0023_00004973_15000_11000.tif,82-20,2,O2021_82_21_1_0005_00001868_1000_0.tif,82-21,1,1007.0,10.07
O2021_82_20_1_0023_00004973_15000_11000.tif,82-20,2,O2021_82_21_1_0004_00002040_12000_0.tif,82-21,1,1974.0,19.74
O2021_82_20_1_0023_00004973_16000_10000.tif,82-20,2,O2021_82_21_1_0005_00001868_1000_0.tif,82-21,1,3807.0,38.07
O2021_82_20_1_0023_00004973_16000_10000.tif,82-20,2,O2021_82_21_1_0005_00001868_2000_0.tif,82-21,1,893.0,8.93
O2021_82_20_1_0023_00004973_16000_10000.tif,82-20,2,O2021_82_21_1_0004_00002040_13000_0.tif,82-21,1,2726.0,27.26
O2021_82_20_1_0023_00004973_16000_10000.tif,82-20,2,O2021_82_21_1_0004_00002040_12000_0.tif,82-21,1,3074.0,30.74
O2021_82_20_1_0023_00004973_16000_11000.tif,82-20,2,O2021_82_21_1_0005_00001868_1000_1000.tif,82-21,1,3807.0,38.07
O2021_82_20_1_0023_00004973_16000_11000.tif,82-20,2,O2021_82_21_1_0005_00001868_2000_1000.tif,82-21,1,893.0,8.93
O2021_82_20_1_0023_00004973_16000_11000.tif,82-20,2,O2021_82_21_1_0004_00002040_13000_1000.tif,82-21,1,2726.0,27.26
O2021_82_20_1_0023_00004973_16000_11000.tif,82-20,2,O2021_82_21_1_0004_00002040_12000_1000.tif,82-21,1,3074.0,30.74
O2021_82_20_1_0023_00004973_16000_11000.tif,82-20,2,O2021_82_21_1_0005_00001868_1000_0.tif,82-21,1,4293.0,42.93
O2021_82_20_1_0023_00004973_16000_11000.tif,82-20,2,O2021_82_21_1_0005_00001868_2000_0.tif,82-21,1,1007.0,10.07
O2021_82_20_1_0023_00004973_16000_11000.tif,82-20,2,O2021_82_21_1_0004_00002040_13000_0.tif,82-21,1,1974.0,19.74
O2021_82_20_1_0023_00004973_16000_11000.tif,82-20,2,O2021_82_21_1_0004_00002040_12000_0.tif,82-21,1,2226.0,22.26
O2021_82_20_1_0023_00004973_6000_10000.tif,82-20,2,O2021_82_21_1_0004_00002040_3000_0.tif,82-21,1,2726.0,27.26
O2021_82_20_1_0023_00004973_6000_11000.tif,82-20,2,O2021_82_21_1_0004_00002040_2000_1000.tif,82-21,1,3074.0,30.74
O2021_82_20_1_0023_00004973_6000_11000.tif,82-20,2,O2021_82_21_1_0004_00002040_3000_1000.tif,82-21,1,2726.0,27.26
O2021_82_20_1_0023_00004973_6000_11000.tif,82-20,2,O2021_82_21_1_0004_00002040_3000_0.tif,82-21,1,1974.0,19.74
O2021_82_20_1_0023_00004973_7000_10000.tif,82-20,2,O2021_82_21_1_0004_00002040_3000_0.tif,82-21,1,3074.0,30.74
O2021_82_20_1_0023_00004973_7000_10000.tif,82-20,2,O2021_82_21_1_0004_00002040_4000_0.tif,82-21,1,2726.0,27.26
O2021_82_20_1_0023_00004973_7000_11000.tif,82-20,2,O2021_82_21_1_0004_00002040_4000_1000.tif,82-21,1,2726.0,27.26
O2021_82_20_1_0023_00004973_7000_11000.tif,82-20,2,O2021_82_21_1_0004_00002040_3000_1000.tif,82-21,1,3074.0,30.74
O2021_82_20_1_0023_00004973_7000_11000.tif,82-20,2,O2021_82_21_1_0004_00002040_3000_0.tif,82-21,1,2226.0,22.26
O2021_82_20_1_0023_00004973_7000_11000.tif,82-20,2,O2021_82_21_1_0004_00002040_4000_0.tif,82-21,1,1974.0,19.74
O2021_82_20_1_0023_00004973_8000_10000.tif,82-20,2,O2021_82_21_1_0004_00002040_4000_0.tif,82-21,1,3074.0,30.74
O2021_82_20_1_0023_00004973_8000_10000.tif,82-20,2,O2021_82_21_1_0004_00002040_5000_0.tif,82-21,1,2726.0,27.26
O2021_82_20_1_0023_00004973_8000_11000.tif,82-20,2,O2021_82_21_1_0004_00002040_5000_1000.tif,82-21,1,2726.0,27.26
O2021_82_20_1_0023_00004973_8000_11000.tif,82-20,2,O2021_82_21_1_0004_00002040_4000_1000.tif,82-21,1,3074.0,30.74
O2021_82_20_1_0023_00004973_8000_11000.tif,82-20,2,O2021_82_21_1_0004_00002040_4000_0.tif,82-21,1,2226.0,22.26
O2021_82_20_1_0023_00004973_8000_11000.tif,82-20,2,O2021_82_21_1_0004_00002040_5000_0.tif,82-21,1,1974.0,19.74
O2021_82_20_1_0023_00004973_9000_10000.tif,82-20,2,O2021_82_21_1_0004_00002040_6000_0.tif,82-21,1,2726.0,27.26
O2021_82_20_1_0023_00004973_9000_10000.tif,82-20,2,O2021_82_21_1_0004_00002040_5000_0.tif,82-21,1,3074.0,30.74
O2021_82_20_1_0023_00004973_9000_11000.tif,82-20,2,O2021_82_21_1_0004_00002040_5000_1000.tif,82-21,1,3074.0,30.74
O2021_82_20_1_0023_00004973_9000_11000.tif,82-20,2,O2021_82_21_1_0004_00002040_6000_1000.tif,82-21,1,2726.0,27.26
O2021_82_20_1_0023_00004973_9000_11000.tif,82-20,2,O2021_82_21_1_0004_00002040_6000_0.tif,82-21,1,1974.0,19.74
O2021_82_20_1_0023_00004973_9000_11000.tif,82-20,2,O2021_82_21_1_0004_00002040_5000_0.tif,82-21,1,2226.0,22.26
O2021_82_20_1_0023_00004974_10000_10000.tif,82-20,2,O2021_82_21_1_0004_00002040_6000_5000.tif,82-21,1,4628.0,46.28
O2021_82_20_1_0023_00004974_10000_10000.tif,82-20,2,O2021_82_21_1_0004_00002040_7000_5000.tif,82-21,1,4272.0,42.72
O2021_82_20_1_0023_00004974_10000_10000.tif,82-20,2,O2021_82_21_1_0004_00002039_6000_0.tif,82-21,1,3999.0,39.99
O2021_82_20_1_0023_00004974_10000_10000.tif,82-20,2,O2021_82_21_1_0004_00002039_7000_0.tif,82-21,1,5301.0,53.01
O2021_82_20_1_0023_00004974_10000_10000.tif,82-20,2,O2021_82_21_1_0004_00002040_6000_4000.tif,82-21,1,572.0,5.72
O2021_82_20_1_0023_00004974_10000_10000.tif,82-20,2,O2021_82_21_1_0004_00002040_7000_4000.tif,82-21,1,528.0,5.28
O2021_82_20_1_0023_00004974_10000_11000.tif,82-20,2,O2021_82_21_1_0004_00002039_6000_2000.tif,82-21,1,301.0,3.01
O2021_82_20_1_0023_00004974_10000_11000.tif,82-20,2,O2021_82_21_1_0004_00002039_7000_2000.tif,82-21,1,399.0,3.99
O2021_82_20_1_0023_00004974_10000_11000.tif,82-20,2,O2021_82_21_1_0004_00002040_6000_6000.tif,82-21,1,4628.0,46.28
O2021_82_20_1_0023_00004974_10000_11000.tif,82-20,2,O2021_82_21_1_0004_00002040_7000_6000.tif,82-21,1,4272.0,42.72
O2021_82_20_1_0023_00004974_10000_11000.tif,82-20,2,O2021_82_21_1_0004_00002040_6000_5000.tif,82-21,1,572.0,5.72
O2021_82_20_1_0023_00004974_10000_11000.tif,82-20,2,O2021_82_21_1_0004_00002040_7000_5000.tif,82-21,1,528.0,5.28
O2021_82_20_1_0023_00004974_10000_5000.tif,82-20,2,O2021_82_21_1_0004_00002040_6000_0.tif,82-21,1,4628.0,46.28
O2021_82_20_1_0023_00004974_10000_5000.tif,82-20,2,O2021_82_21_1_0004_00002040_7000_0.tif,82-21,1,4272.0,42.72
O2021_82_20_1_0023_00004974_10000_6000.tif,82-20,2,O2021_82_21_1_0004_00002040_6000_1000.tif,82-21,1,4628.0,46.28
O2021_82_20_1_0023_00004974_10000_6000.tif,82-20,2,O2021_82_21_1_0004_00002040_7000_1000.tif,82-21,1,4272.0,42.72
O2021_82_20_1_0023_00004974_10000_6000.tif,82-20,2,O2021_82_21_1_0004_00002040_6000_0.tif,82-21,1,572.0,5.72
O2021_82_20_1_0023_00004974_10000_6000.tif,82-20,2,O2021_82_21_1_0004_00002040_7000_0.tif,82-21,1,528.0,5.28
O2021_82_20_1_0023_00004974_10000_7000.tif,82-20,2,O2021_82_21_1_0004_00002040_6000_2000.tif,82-21,1,4628.0,46.28
O2021_82_20_1_0023_00004974_10000_7000.tif,82-20,2,O2021_82_21_1_0004_00002040_7000_2000.tif,82-21,1,4272.0,42.72
O2021_82_20_1_0023_00004974_10000_7000.tif,82-20,2,O2021_82_21_1_0004_00002040_6000_1000.tif,82-21,1,572.0,5.72
O2021_82_20_1_0023_00004974_10000_7000.tif,82-20,2,O2021_82_21_1_0004_00002040_7000_1000.tif,82-21,1,528.0,5.28
O2021_82_20_1_0023_00004974_10000_8000.tif,82-20,2,O2021_82_21_1_0004_00002040_6000_3000.tif,82-21,1,4628.0,46.28
O2021_82_20_1_0023_00004974_10000_8000.tif,82-20,2,O2021_82_21_1_0004_00002040_7000_3000.tif,82-21,1,4272.0,42.72
O2021_82_20_1_0023_00004974_10000_8000.tif,82-20,2,O2021_82_21_1_0004_00002040_6000_2000.tif,82-21,1,572.0,5.72
O2021_82_20_1_0023_00004974_10000_8000.tif,82-20,2,O2021_82_21_1_0004_00002040_7000_2000.tif,82-21,1,528.0,5.28
O2021_82_20_1_0023_00004974_10000_9000.tif,82-20,2,O2021_82_21_1_0004_00002039_6000_0.tif,82-21,1,301.0,3.01
O2021_82_20_1_0023_00004974_10000_9000.tif,82-20,2,O2021_82_21_1_0004_00002039_7000_0.tif,82-21,1,399.0,3.99
O2021_82_20_1_0023_00004974_10000_9000.tif,82-20,2,O2021_82_21_1_0004_00002040_6000_4000.tif,82-21,1,4628.0,46.28
O2021_82_20_1_0023_00004974_10000_9000.tif,82-20,2,O2021_82_21_1_0004_00002040_7000_4000.tif,82-21,1,4272.0,42.72
O2021_82_20_1_0023_00004974_10000_9000.tif,82-20,2,O2021_82_21_1_0004_00002040_6000_3000.tif,82-21,1,572.0,5.72
O2021_82_20_1_0023_00004974_10000_9000.tif,82-20,2,O2021_82_21_1_0004_00002040_7000_3000.tif,82-21,1,528.0,5.28
O2021_82_20_1_0023_00004974_11000_10000.tif,82-20,2,O2021_82_21_1_0004_00002040_8000_5000.tif,82-21,1,4272.0,42.72
O2021_82_20_1_0023_00004974_11000_10000.tif,82-20,2,O2021_82_21_1_0004_00002040_7000_5000.tif,82-21,1,4628.0,46.28
O2021_82_20_1_0023_00004974_11000_10000.tif,82-20,2,O2021_82_21_1_0004_00002039_8000_0.tif,82-21,1,5301.0,53.01
O2021_82_20_1_0023_00004974_11000_10000.tif,82-20,2,O2021_82_21_1_0004_00002039_7000_0.tif,82-21,1,3999.0,39.99
O2021_82_20_1_0023_00004974_11000_10000.tif,82-20,2,O2021_82_21_1_0004_00002040_8000_4000.tif,82-21,1,528.0,5.28
O2021_82_20_1_0023_00004974_11000_10000.tif,82-20,2,O2021_82_21_1_0004_00002040_7000_4000.tif,82-21,1,572.0,5.72
O2021_82_20_1_0023_00004974_11000_11000.tif,82-20,2,O2021_82_21_1_0004_00002039_8000_2000.tif,82-21,1,399.0,3.99
O2021_82_20_1_0023_00004974_11000_11000.tif,82-20,2,O2021_82_21_1_0004_00002039_7000_2000.tif,82-21,1,301.0,3.01
O2021_82_20_1_0023_00004974_11000_11000.tif,82-20,2,O2021_82_21_1_0004_00002040_8000_6000.tif,82-21,1,4272.0,42.72
O2021_82_20_1_0023_00004974_11000_11000.tif,82-20,2,O2021_82_21_1_0004_00002040_7000_6000.tif,82-21,1,4628.0,46.28
O2021_82_20_1_0023_00004974_11000_11000.tif,82-20,2,O2021_82_21_1_0004_00002040_8000_5000.tif,82-21,1,528.0,5.28
O2021_82_20_1_0023_00004974_11000_11000.tif,82-20,2,O2021_82_21_1_0004_00002040_7000_5000.tif,82-21,1,572.0,5.72
O2021_82_20_1_0023_00004974_11000_5000.tif,82-20,2,O2021_82_21_1_0004_00002040_7000_0.tif,82-21,1,4628.0,46.28
O2021_82_20_1_0023_00004974_11000_5000.tif,82-20,2,O2021_82_21_1_0004_00002040_8000_0.tif,82-21,1,4272.0,42.72
O2021_82_20_1_0023_00004974_11000_6000.tif,82-20,2,O2021_82_21_1_0004_00002040_8000_1000.tif,82-21,1,4272.0,42.72
O2021_82_20_1_0023_00004974_11000_6000.tif,82-20,2,O2021_82_21_1_0004_00002040_7000_1000.tif,82-21,1,4628.0,46.28
O2021_82_20_1_0023_00004974_11000_6000.tif,82-20,2,O2021_82_21_1_0004_00002040_7000_0.tif,82-21,1,572.0,5.72
O2021_82_20_1_0023_00004974_11000_6000.tif,82-20,2,O2021_82_21_1_0004_00002040_8000_0.tif,82-21,1,528.0,5.28
O2021_82_20_1_0023_00004974_11000_7000.tif,82-20,2,O2021_82_21_1_0004_00002040_7000_2000.tif,82-21,1,4628.0,46.28
O2021_82_20_1_0023_00004974_11000_7000.tif,82-20,2,O2021_82_21_1_0004_00002040_8000_2000.tif,82-21,1,4272.0,42.72
O2021_82_20_1_0023_00004974_11000_7000.tif,82-20,2,O2021_82_21_1_0004_00002040_8000_1000.tif,82-21,1,528.0,5.28
O2021_82_20_1_0023_00004974_11000_7000.tif,82-20,2,O2021_82_21_1_0004_00002040_7000_1000.tif,82-21,1,572.0,5.72
O2021_82_20_1_0023_00004974_11000_8000.tif,82-20,2,O2021_82_21_1_0004_00002040_7000_3000.tif,82-21,1,4628.0,46.28
O2021_82_20_1_0023_00004974_11000_8000.tif,82-20,2,O2021_82_21_1_0004_00002040_8000_3000.tif,82-21,1,4272.0,42.72
O2021_82_20_1_0023_00004974_11000_8000.tif,82-20,2,O2021_82_21_1_0004_00002040_7000_2000.tif,82-21,1,572.0,5.72
O2021_82_20_1_0023_00004974_11000_8000.tif,82-20,2,O2021_82_21_1_0004_00002040_8000_2000.tif,82-21,1,528.0,5.28
O2021_82_20_1_0023_00004974_11000_9000.tif,82-20,2,O2021_82_21_1_0004_00002039_8000_0.tif,82-21,1,399.0,3.99
O2021_82_20_1_0023_00004974_11000_9000.tif,82-20,2,O2021_82_21_1_0004_00002039_7000_0.tif,82-21,1,301.0,3.01
O2021_82_20_1_0023_00004974_11000_9000.tif,82-20,2,O2021_82_21_1_0004_00002040_8000_4000.tif,82-21,1,4272.0,42.72
O2021_82_20_1_0023_00004974_11000_9000.tif,82-20,2,O2021_82_21_1_0004_00002040_7000_4000.tif,82-21,1,4628.0,46.28
O2021_82_20_1_0023_00004974_11000_9000.tif,82-20,2,O2021_82_21_1_0004_00002040_7000_3000.tif,82-21,1,572.0,5.72
O2021_82_20_1_0023_00004974_11000_9000.tif,82-20,2,O2021_82_21_1_0004_00002040_8000_3000.tif,82-21,1,528.0,5.28
O2021_82_20_1_0023_00004974_12000_10000.tif,82-20,2,O2021_82_21_1_0004_00002040_9000_5000.tif,82-21,1,4272.0,42.72
O2021_82_20_1_0023_00004974_12000_10000.tif,82-20,2,O2021_82_21_1_0004_00002040_8000_5000.tif,82-21,1,4628.0,46.28
O2021_82_20_1_0023_00004974_12000_10000.tif,82-20,2,O2021_82_21_1_0004_00002039_8000_0.tif,82-21,1,3999.0,39.99
O2021_82_20_1_0023_00004974_12000_10000.tif,82-20,2,O2021_82_21_1_0004_00002039_9000_0.tif,82-21,1,5301.0,53.01
O2021_82_20_1_0023_00004974_12000_10000.tif,82-20,2,O2021_82_21_1_0004_00002040_9000_4000.tif,82-21,1,528.0,5.28
O2021_82_20_1_0023_00004974_12000_10000.tif,82-20,2,O2021_82_21_1_0004_00002040_8000_4000.tif,82-21,1,572.0,5.72
O2021_82_20_1_0023_00004974_12000_11000.tif,82-20,2,O2021_82_21_1_0004_00002039_8000_2000.tif,82-21,1,301.0,3.01
O2021_82_20_1_0023_00004974_12000_11000.tif,82-20,2,O2021_82_21_1_0004_00002039_9000_2000.tif,82-21,1,399.0,3.99
O2021_82_20_1_0023_00004974_12000_11000.tif,82-20,2,O2021_82_21_1_0004_00002040_8000_6000.tif,82-21,1,4628.0,46.28
O2021_82_20_1_0023_00004974_12000_11000.tif,82-20,2,O2021_82_21_1_0004_00002040_9000_6000.tif,82-21,1,4272.0,42.72
O2021_82_20_1_0023_00004974_12000_11000.tif,82-20,2,O2021_82_21_1_0004_00002040_9000_5000.tif,82-21,1,528.0,5.28
O2021_82_20_1_0023_00004974_12000_11000.tif,82-20,2,O2021_82_21_1_0004_00002040_8000_5000.tif,82-21,1,572.0,5.72
O2021_82_20_1_0023_00004974_12000_5000.tif,82-20,2,O2021_82_21_1_0004_00002040_9000_0.tif,82-21,1,4272.0,42.72
O2021_82_20_1_0023_00004974_12000_5000.tif,82-20,2,O2021_82_21_1_0004_00002040_8000_0.tif,82-21,1,4628.0,46.28
O2021_82_20_1_0023_00004974_12000_6000.tif,82-20,2,O2021_82_21_1_0004_00002040_8000_1000.tif,82-21,1,4628.0,46.28
O2021_82_20_1_0023_00004974_12000_6000.tif,82-20,2,O2021_82_21_1_0004_00002040_9000_1000.tif,82-21,1,4272.0,42.72
O2021_82_20_1_0023_00004974_12000_6000.tif,82-20,2,O2021_82_21_1_0004_00002040_9000_0.tif,82-21,1,528.0,5.28
O2021_82_20_1_0023_00004974_12000_6000.tif,82-20,2,O2021_82_21_1_0004_00002040_8000_0.tif,82-21,1,572.0,5.72
O2021_82_20_1_0023_00004974_12000_7000.tif,82-20,2,O2021_82_21_1_0004_00002040_9000_2000.tif,82-21,1,4272.0,42.72
O2021_82_20_1_0023_00004974_12000_7000.tif,82-20,2,O2021_82_21_1_0004_00002040_8000_2000.tif,82-21,1,4628.0,46.28
O2021_82_20_1_0023_00004974_12000_7000.tif,82-20,2,O2021_82_21_1_0004_00002040_8000_1000.tif,82-21,1,572.0,5.72
O2021_82_20_1_0023_00004974_12000_7000.tif,82-20,2,O2021_82_21_1_0004_00002040_9000_1000.tif,82-21,1,528.0,5.28
O2021_82_20_1_0023_00004974_12000_8000.tif,82-20,2,O2021_82_21_1_0004_00002040_9000_3000.tif,82-21,1,4272.0,42.72
O2021_82_20_1_0023_00004974_12000_8000.tif,82-20,2,O2021_82_21_1_0004_00002040_8000_3000.tif,82-21,1,4628.0,46.28
O2021_82_20_1_0023_00004974_12000_8000.tif,82-20,2,O2021_82_21_1_0004_00002040_9000_2000.tif,82-21,1,528.0,5.28
O2021_82_20_1_0023_00004974_12000_8000.tif,82-20,2,O2021_82_21_1_0004_00002040_8000_2000.tif,82-21,1,572.0,5.72
O2021_82_20_1_0023_00004974_12000_9000.tif,82-20,2,O2021_82_21_1_0004_00002039_8000_0.tif,82-21,1,301.0,3.01
O2021_82_20_1_0023_00004974_12000_9000.tif,82-20,2,O2021_82_21_1_0004_00002039_9000_0.tif,82-21,1,399.0,3.99
O2021_82_20_1_0023_00004974_12000_9000.tif,82-20,2,O2021_82_21_1_0004_00002040_9000_4000.tif,82-21,1,4272.0,42.72
O2021_82_20_1_0023_00004974_12000_9000.tif,82-20,2,O2021_82_21_1_0004_00002040_8000_4000.tif,82-21,1,4628.0,46.28
O2021_82_20_1_0023_00004974_12000_9000.tif,82-20,2,O2021_82_21_1_0004_00002040_9000_3000.tif,82-21,1,528.0,5.28
O2021_82_20_1_0023_00004974_12000_9000.tif,82-20,2,O2021_82_21_1_0004_00002040_8000_3000.tif,82-21,1,572.0,5.72
O2021_82_20_1_0023_00004974_13000_10000.tif,82-20,2,O2021_82_21_1_0004_00002040_9000_5000.tif,82-21,1,4628.0,46.28
O2021_82_20_1_0023_00004974_13000_10000.tif,82-20,2,O2021_82_21_1_0004_00002040_10000_5000.tif,82-21,1,4272.0,42.72
O2021_82_20_1_0023_00004974_13000_10000.tif,82-20,2,O2021_82_21_1_0004_00002039_10000_0.tif,82-21,1,5301.0,53.01
O2021_82_20_1_0023_00004974_13000_10000.tif,82-20,2,O2021_82_21_1_0004_00002039_9000_0.tif,82-21,1,3999.0,39.99
O2021_82_20_1_0023_00004974_13000_10000.tif,82-20,2,O2021_82_21_1_0004_00002040_9000_4000.tif,82-21,1,572.0,5.72
O2021_82_20_1_0023_00004974_13000_10000.tif,82-20,2,O2021_82_21_1_0004_00002040_10000_4000.tif,82-21,1,528.0,5.28
O2021_82_20_1_0023_00004974_13000_11000.tif,82-20,2,O2021_82_21_1_0004_00002039_10000_2000.tif,82-21,1,399.0,3.99
O2021_82_20_1_0023_00004974_13000_11000.tif,82-20,2,O2021_82_21_1_0004_00002039_9000_2000.tif,82-21,1,301.0,3.01
O2021_82_20_1_0023_00004974_13000_11000.tif,82-20,2,O2021_82_21_1_0004_00002040_10000_6000.tif,82-21,1,4272.0,42.72
O2021_82_20_1_0023_00004974_13000_11000.tif,82-20,2,O2021_82_21_1_0004_00002040_9000_6000.tif,82-21,1,4628.0,46.28
O2021_82_20_1_0023_00004974_13000_11000.tif,82-20,2,O2021_82_21_1_0004_00002040_9000_5000.tif,82-21,1,572.0,5.72
O2021_82_20_1_0023_00004974_13000_11000.tif,82-20,2,O2021_82_21_1_0004_00002040_10000_5000.tif,82-21,1,528.0,5.28
O2021_82_20_1_0023_00004974_13000_5000.tif,82-20,2,O2021_82_21_1_0004_00002040_9000_0.tif,82-21,1,4628.0,46.28
O2021_82_20_1_0023_00004974_13000_5000.tif,82-20,2,O2021_82_21_1_0004_00002040_10000_0.tif,82-21,1,4272.0,42.72
O2021_82_20_1_0023_00004974_13000_6000.tif,82-20,2,O2021_82_21_1_0004_00002040_9000_1000.tif,82-21,1,4628.0,46.28
O2021_82_20_1_0023_00004974_13000_6000.tif,82-20,2,O2021_82_21_1_0004_00002040_10000_1000.tif,82-21,1,4272.0,42.72
O2021_82_20_1_0023_00004974_13000_6000.tif,82-20,2,O2021_82_21_1_0004_00002040_9000_0.tif,82-21,1,572.0,5.72
O2021_82_20_1_0023_00004974_13000_6000.tif,82-20,2,O2021_82_21_1_0004_00002040_10000_0.tif,82-21,1,528.0,5.28
O2021_82_20_1_0023_00004974_13000_7000.tif,82-20,2,O2021_82_21_1_0004_00002040_9000_2000.tif,82-21,1,4628.0,46.28
O2021_82_20_1_0023_00004974_13000_7000.tif,82-20,2,O2021_82_21_1_0004_00002040_10000_2000.tif,82-21,1,4272.0,42.72
O2021_82_20_1_0023_00004974_13000_7000.tif,82-20,2,O2021_82_21_1_0004_00002040_9000_1000.tif,82-21,1,572.0,5.72
O2021_82_20_1_0023_00004974_13000_7000.tif,82-20,2,O2021_82_21_1_0004_00002040_10000_1000.tif,82-21,1,528.0,5.28
O2021_82_20_1_0023_00004974_13000_8000.tif,82-20,2,O2021_82_21_1_0004_00002040_10000_3000.tif,82-21,1,4272.0,42.72
O2021_82_20_1_0023_00004974_13000_8000.tif,82-20,2,O2021_82_21_1_0004_00002040_9000_3000.tif,82-21,1,4628.0,46.28
O2021_82_20_1_0023_00004974_13000_8000.tif,82-20,2,O2021_82_21_1_0004_00002040_9000_2000.tif,82-21,1,572.0,5.72
O2021_82_20_1_0023_00004974_13000_8000.tif,82-20,2,O2021_82_21_1_0004_00002040_10000_2000.tif,82-21,1,528.0,5.28
O2021_82_20_1_0023_00004974_13000_9000.tif,82-20,2,O2021_82_21_1_0004_00002039_10000_0.tif,82-21,1,399.0,3.99
O2021_82_20_1_0023_00004974_13000_9000.tif,82-20,2,O2021_82_21_1_0004_00002039_9000_0.tif,82-21,1,301.0,3.01
O2021_82_20_1_0023_00004974_13000_9000.tif,82-20,2,O2021_82_21_1_0004_00002040_9000_4000.tif,82-21,1,4628.0,46.28
O2021_82_20_1_0023_00004974_13000_9000.tif,82-20,2,O2021_82_21_1_0004_00002040_10000_4000.tif,82-21,1,4272.0,42.72
O2021_82_20_1_0023_00004974_13000_9000.tif,82-20,2,O2021_82_21_1_0004_00002040_10000_3000.tif,82-21,1,528.0,5.28
O2021_82_20_1_0023_00004974_13000_9000.tif,82-20,2,O2021_82_21_1_0004_00002040_9000_3000.tif,82-21,1,572.0,5.72
O2021_82_20_1_0023_00004974_14000_10000.tif,82-20,2,O2021_82_21_1_0005_00001869_0_0.tif,82-21,1,84.0,0.84
O2021_82_20_1_0023_00004974_14000_10000.tif,82-20,2,O2021_82_21_1_0005_00001868_0_5000.tif,82-21,1,1560.0,15.6
O2021_82_20_1_0023_00004974_14000_10000.tif,82-20,2,O2021_82_21_1_0004_00002040_11000_5000.tif,82-21,1,4272.0,42.72
O2021_82_20_1_0023_00004974_14000_10000.tif,82-20,2,O2021_82_21_1_0004_00002040_10000_5000.tif,82-21,1,4628.0,46.28
O2021_82_20_1_0023_00004974_14000_10000.tif,82-20,2,O2021_82_21_1_0004_00002039_10000_0.tif,82-21,1,3999.0,39.99
O2021_82_20_1_0023_00004974_14000_10000.tif,82-20,2,O2021_82_21_1_0004_00002039_11000_0.tif,82-21,1,5301.0,53.01
O2021_82_20_1_0023_00004974_14000_10000.tif,82-20,2,O2021_82_21_1_0005_00001868_0_4000.tif,82-21,1,440.0,4.4
O2021_82_20_1_0023_00004974_14000_10000.tif,82-20,2,O2021_82_21_1_0004_00002040_10000_4000.tif,82-21,1,572.0,5.72
O2021_82_20_1_0023_00004974_14000_10000.tif,82-20,2,O2021_82_21_1_0004_00002040_11000_4000.tif,82-21,1,528.0,5.28
O2021_82_20_1_0023_00004974_14000_11000.tif,82-20,2,O2021_82_21_1_0005_00001869_0_1000.tif,82-21,1,84.0,0.84
O2021_82_20_1_0023_00004974_14000_11000.tif,82-20,2,O2021_82_21_1_0004_00002039_10000_2000.tif,82-21,1,301.0,3.01
O2021_82_20_1_0023_00004974_14000_11000.tif,82-20,2,O2021_82_21_1_0004_00002039_11000_2000.tif,82-21,1,399.0,3.99
O2021_82_20_1_0023_00004974_14000_11000.tif,82-20,2,O2021_82_21_1_0005_00001868_0_6000.tif,82-21,1,1560.0,15.6
O2021_82_20_1_0023_00004974_14000_11000.tif,82-20,2,O2021_82_21_1_0004_00002040_10000_6000.tif,82-21,1,4628.0,46.28
O2021_82_20_1_0023_00004974_14000_11000.tif,82-20,2,O2021_82_21_1_0004_00002040_11000_6000.tif,82-21,1,4272.0,42.72
O2021_82_20_1_0023_00004974_14000_11000.tif,82-20,2,O2021_82_21_1_0005_00001869_0_0.tif,82-21,1,2016.0,20.16
O2021_82_20_1_0023_00004974_14000_11000.tif,82-20,2,O2021_82_21_1_0005_00001868_0_5000.tif,82-21,1,440.0,4.4
O2021_82_20_1_0023_00004974_14000_11000.tif,82-20,2,O2021_82_21_1_0004_00002040_11000_5000.tif,82-21,1,528.0,5.28
O2021_82_20_1_0023_00004974_14000_11000.tif,82-20,2,O2021_82_21_1_0004_00002040_10000_5000.tif,82-21,1,572.0,5.72
O2021_82_20_1_0023_00004974_14000_5000.tif,82-20,2,O2021_82_21_1_0005_00001868_0_0.tif,82-21,1,1560.0,15.6
O2021_82_20_1_0023_00004974_14000_5000.tif,82-20,2,O2021_82_21_1_0004_00002040_10000_0.tif,82-21,1,4628.0,46.28
O2021_82_20_1_0023_00004974_14000_5000.tif,82-20,2,O2021_82_21_1_0004_00002040_11000_0.tif,82-21,1,4272.0,42.72
O2021_82_20_1_0023_00004974_14000_6000.tif,82-20,2,O2021_82_21_1_0005_00001868_0_1000.tif,82-21,1,1560.0,15.6
O2021_82_20_1_0023_00004974_14000_6000.tif,82-20,2,O2021_82_21_1_0004_00002040_11000_1000.tif,82-21,1,4272.0,42.72
O2021_82_20_1_0023_00004974_14000_6000.tif,82-20,2,O2021_82_21_1_0004_00002040_10000_1000.tif,82-21,1,4628.0,46.28
O2021_82_20_1_0023_00004974_14000_6000.tif,82-20,2,O2021_82_21_1_0005_00001868_0_0.tif,82-21,1,440.0,4.4
O2021_82_20_1_0023_00004974_14000_6000.tif,82-20,2,O2021_82_21_1_0004_00002040_10000_0.tif,82-21,1,572.0,5.72
O2021_82_20_1_0023_00004974_14000_6000.tif,82-20,2,O2021_82_21_1_0004_00002040_11000_0.tif,82-21,1,528.0,5.28
O2021_82_20_1_0023_00004974_14000_7000.tif,82-20,2,O2021_82_21_1_0005_00001868_0_2000.tif,82-21,1,1560.0,15.6
O2021_82_20_1_0023_00004974_14000_7000.tif,82-20,2,O2021_82_21_1_0004_00002040_11000_2000.tif,82-21,1,4272.0,42.72
O2021_82_20_1_0023_00004974_14000_7000.tif,82-20,2,O2021_82_21_1_0004_00002040_10000_2000.tif,82-21,1,4628.0,46.28
O2021_82_20_1_0023_00004974_14000_7000.tif,82-20,2,O2021_82_21_1_0005_00001868_0_1000.tif,82-21,1,440.0,4.4
O2021_82_20_1_0023_00004974_14000_7000.tif,82-20,2,O2021_82_21_1_0004_00002040_11000_1000.tif,82-21,1,528.0,5.28
O2021_82_20_1_0023_00004974_14000_7000.tif,82-20,2,O2021_82_21_1_0004_00002040_10000_1000.tif,82-21,1,572.0,5.72
O2021_82_20_1_0023_00004974_14000_8000.tif,82-20,2,O2021_82_21_1_0005_00001868_0_3000.tif,82-21,1,1560.0,15.6
O2021_82_20_1_0023_00004974_14000_8000.tif,82-20,2,O2021_82_21_1_0004_00002040_10000_3000.tif,82-21,1,4628.0,46.28
O2021_82_20_1_0023_00004974_14000_8000.tif,82-20,2,O2021_82_21_1_0004_00002040_11000_3000.tif,82-21,1,4272.0,42.72
O2021_82_20_1_0023_00004974_14000_8000.tif,82-20,2,O2021_82_21_1_0005_00001868_0_2000.tif,82-21,1,440.0,4.4
O2021_82_20_1_0023_00004974_14000_8000.tif,82-20,2,O2021_82_21_1_0004_00002040_11000_2000.tif,82-21,1,528.0,5.28
O2021_82_20_1_0023_00004974_14000_8000.tif,82-20,2,O2021_82_21_1_0004_00002040_10000_2000.tif,82-21,1,572.0,5.72
O2021_82_20_1_0023_00004974_14000_9000.tif,82-20,2,O2021_82_21_1_0004_00002039_10000_0.tif,82-21,1,301.0,3.01
O2021_82_20_1_0023_00004974_14000_9000.tif,82-20,2,O2021_82_21_1_0004_00002039_11000_0.tif,82-21,1,399.0,3.99
O2021_82_20_1_0023_00004974_14000_9000.tif,82-20,2,O2021_82_21_1_0005_00001868_0_4000.tif,82-21,1,1560.0,15.6
O2021_82_20_1_0023_00004974_14000_9000.tif,82-20,2,O2021_82_21_1_0004_00002040_10000_4000.tif,82-21,1,4628.0,46.28
O2021_82_20_1_0023_00004974_14000_9000.tif,82-20,2,O2021_82_21_1_0004_00002040_11000_4000.tif,82-21,1,4272.0,42.72
O2021_82_20_1_0023_00004974_14000_9000.tif,82-20,2,O2021_82_21_1_0005_00001868_0_3000.tif,82-21,1,440.0,4.4
O2021_82_20_1_0023_00004974_14000_9000.tif,82-20,2,O2021_82_21_1_0004_00002040_10000_3000.tif,82-21,1,572.0,5.72
O2021_82_20_1_0023_00004974_14000_9000.tif,82-20,2,O2021_82_21_1_0004_00002040_11000_3000.tif,82-21,1,528.0,5.28
O2021_82_20_1_0023_00004974_15000_10000.tif,82-20,2,O2021_82_21_1_0005_00001869_1000_0.tif,82-21,1,84.0,0.84
O2021_82_20_1_0023_00004974_15000_10000.tif,82-20,2,O2021_82_21_1_0005_00001868_1000_5000.tif,82-21,1,1560.0,15.6
O2021_82_20_1_0023_00004974_15000_10000.tif,82-20,2,O2021_82_21_1_0004_00002040_12000_5000.tif,82-21,1,4272.0,42.72
O2021_82_20_1_0023_00004974_15000_10000.tif,82-20,2,O2021_82_21_1_0005_00001869_0_0.tif,82-21,1,316.0,3.16
O2021_82_20_1_0023_00004974_15000_10000.tif,82-20,2,O2021_82_21_1_0005_00001868_0_5000.tif,82-21,1,6240.0,62.4
O2021_82_20_1_0023_00004974_15000_10000.tif,82-20,2,O2021_82_21_1_0004_00002040_11000_5000.tif,82-21,1,4628.0,46.28
O2021_82_20_1_0023_00004974_15000_10000.tif,82-20,2,O2021_82_21_1_0004_00002039_11000_0.tif,82-21,1,3999.0,39.99
O2021_82_20_1_0023_00004974_15000_10000.tif,82-20,2,O2021_82_21_1_0005_00001868_0_4000.tif,82-21,1,1760.0,17.6
O2021_82_20_1_0023_00004974_15000_10000.tif,82-20,2,O2021_82_21_1_0004_00002040_11000_4000.tif,82-21,1,572.0,5.72
O2021_82_20_1_0023_00004974_15000_10000.tif,82-20,2,O2021_82_21_1_0004_00002039_12000_0.tif,82-21,1,5301.0,53.01
O2021_82_20_1_0023_00004974_15000_10000.tif,82-20,2,O2021_82_21_1_0005_00001868_1000_4000.tif,82-21,1,440.0,4.4
O2021_82_20_1_0023_00004974_15000_10000.tif,82-20,2,O2021_82_21_1_0004_00002040_12000_4000.tif,82-21,1,528.0,5.28
O2021_82_20_1_0023_00004974_15000_11000.tif,82-20,2,O2021_82_21_1_0005_00001869_1000_1000.tif,82-21,1,84.0,0.84
O2021_82_20_1_0023_00004974_15000_11000.tif,82-20,2,O2021_82_21_1_0005_00001869_0_1000.tif,82-21,1,316.0,3.16
O2021_82_20_1_0023_00004974_15000_11000.tif,82-20,2,O2021_82_21_1_0004_00002039_11000_2000.tif,82-21,1,301.0,3.01
O2021_82_20_1_0023_00004974_15000_11000.tif,82-20,2,O2021_82_21_1_0005_00001868_0_6000.tif,82-21,1,6240.0,62.4
O2021_82_20_1_0023_00004974_15000_11000.tif,82-20,2,O2021_82_21_1_0004_00002040_11000_6000.tif,82-21,1,4628.0,46.28
O2021_82_20_1_0023_00004974_15000_11000.tif,82-20,2,O2021_82_21_1_0004_00002039_12000_2000.tif,82-21,1,399.0,3.99
O2021_82_20_1_0023_00004974_15000_11000.tif,82-20,2,O2021_82_21_1_0005_00001868_1000_6000.tif,82-21,1,1560.0,15.6
O2021_82_20_1_0023_00004974_15000_11000.tif,82-20,2,O2021_82_21_1_0004_00002040_12000_6000.tif,82-21,1,4272.0,42.72
O2021_82_20_1_0023_00004974_15000_11000.tif,82-20,2,O2021_82_21_1_0005_00001869_1000_0.tif,82-21,1,2016.0,20.16
O2021_82_20_1_0023_00004974_15000_11000.tif,82-20,2,O2021_82_21_1_0005_00001868_1000_5000.tif,82-21,1,440.0,4.4
O2021_82_20_1_0023_00004974_15000_11000.tif,82-20,2,O2021_82_21_1_0004_00002040_12000_5000.tif,82-21,1,528.0,5.28
O2021_82_20_1_0023_00004974_15000_11000.tif,82-20,2,O2021_82_21_1_0005_00001869_0_0.tif,82-21,1,7584.0,75.84
O2021_82_20_1_0023_00004974_15000_11000.tif,82-20,2,O2021_82_21_1_0005_00001868_0_5000.tif,82-21,1,1760.0,17.6
O2021_82_20_1_0023_00004974_15000_11000.tif,82-20,2,O2021_82_21_1_0004_00002040_11000_5000.tif,82-21,1,572.0,5.72
O2021_82_20_1_0023_00004974_15000_5000.tif,82-20,2,O2021_82_21_1_0005_00001868_0_0.tif,82-21,1,6240.0,62.4
O2021_82_20_1_0023_00004974_15000_5000.tif,82-20,2,O2021_82_21_1_0004_00002040_11000_0.tif,82-21,1,4628.0,46.28
O2021_82_20_1_0023_00004974_15000_5000.tif,82-20,2,O2021_82_21_1_0005_00001868_1000_0.tif,82-21,1,1560.0,15.6
O2021_82_20_1_0023_00004974_15000_5000.tif,82-20,2,O2021_82_21_1_0004_00002040_12000_0.tif,82-21,1,4272.0,42.72
O2021_82_20_1_0023_00004974_15000_6000.tif,82-20,2,O2021_82_21_1_0005_00001868_0_1000.tif,82-21,1,6240.0,62.4
O2021_82_20_1_0023_00004974_15000_6000.tif,82-20,2,O2021_82_21_1_0004_00002040_11000_1000.tif,82-21,1,4628.0,46.28
O2021_82_20_1_0023_00004974_15000_6000.tif,82-20,2,O2021_82_21_1_0005_00001868_1000_1000.tif,82-21,1,1560.0,15.6
O2021_82_20_1_0023_00004974_15000_6000.tif,82-20,2,O2021_82_21_1_0004_00002040_12000_1000.tif,82-21,1,4272.0,42.72
O2021_82_20_1_0023_00004974_15000_6000.tif,82-20,2,O2021_82_21_1_0005_00001868_0_0.tif,82-21,1,1760.0,17.6
O2021_82_20_1_0023_00004974_15000_6000.tif,82-20,2,O2021_82_21_1_0004_00002040_11000_0.tif,82-21,1,572.0,5.72
O2021_82_20_1_0023_00004974_15000_6000.tif,82-20,2,O2021_82_21_1_0005_00001868_1000_0.tif,82-21,1,440.0,4.4
O2021_82_20_1_0023_00004974_15000_6000.tif,82-20,2,O2021_82_21_1_0004_00002040_12000_0.tif,82-21,1,528.0,5.28
O2021_82_20_1_0023_00004974_15000_7000.tif,82-20,2,O2021_82_21_1_0005_00001868_0_2000.tif,82-21,1,6240.0,62.4
O2021_82_20_1_0023_00004974_15000_7000.tif,82-20,2,O2021_82_21_1_0004_00002040_11000_2000.tif,82-21,1,4628.0,46.28
O2021_82_20_1_0023_00004974_15000_7000.tif,82-20,2,O2021_82_21_1_0005_00001868_0_1000.tif,82-21,1,1760.0,17.6
O2021_82_20_1_0023_00004974_15000_7000.tif,82-20,2,O2021_82_21_1_0004_00002040_11000_1000.tif,82-21,1,572.0,5.72
O2021_82_20_1_0023_00004974_15000_7000.tif,82-20,2,O2021_82_21_1_0005_00001868_1000_2000.tif,82-21,1,1560.0,15.6
O2021_82_20_1_0023_00004974_15000_7000.tif,82-20,2,O2021_82_21_1_0004_00002040_12000_2000.tif,82-21,1,4272.0,42.72
O2021_82_20_1_0023_00004974_15000_7000.tif,82-20,2,O2021_82_21_1_0005_00001868_1000_1000.tif,82-21,1,440.0,4.4
O2021_82_20_1_0023_00004974_15000_7000.tif,82-20,2,O2021_82_21_1_0004_00002040_12000_1000.tif,82-21,1,528.0,5.28
O2021_82_20_1_0023_00004974_15000_8000.tif,82-20,2,O2021_82_21_1_0005_00001868_1000_3000.tif,82-21,1,1560.0,15.6
O2021_82_20_1_0023_00004974_15000_8000.tif,82-20,2,O2021_82_21_1_0004_00002040_12000_3000.tif,82-21,1,4272.0,42.72
O2021_82_20_1_0023_00004974_15000_8000.tif,82-20,2,O2021_82_21_1_0005_00001868_0_3000.tif,82-21,1,6240.0,62.4
O2021_82_20_1_0023_00004974_15000_8000.tif,82-20,2,O2021_82_21_1_0004_00002040_11000_3000.tif,82-21,1,4628.0,46.28
O2021_82_20_1_0023_00004974_15000_8000.tif,82-20,2,O2021_82_21_1_0005_00001868_0_2000.tif,82-21,1,1760.0,17.6
O2021_82_20_1_0023_00004974_15000_8000.tif,82-20,2,O2021_82_21_1_0004_00002040_11000_2000.tif,82-21,1,572.0,5.72
O2021_82_20_1_0023_00004974_15000_8000.tif,82-20,2,O2021_82_21_1_0005_00001868_1000_2000.tif,82-21,1,440.0,4.4
O2021_82_20_1_0023_00004974_15000_8000.tif,82-20,2,O2021_82_21_1_0004_00002040_12000_2000.tif,82-21,1,528.0,5.28
O2021_82_20_1_0023_00004974_15000_9000.tif,82-20,2,O2021_82_21_1_0004_00002039_11000_0.tif,82-21,1,301.0,3.01
O2021_82_20_1_0023_00004974_15000_9000.tif,82-20,2,O2021_82_21_1_0005_00001868_0_4000.tif,82-21,1,6240.0,62.4
O2021_82_20_1_0023_00004974_15000_9000.tif,82-20,2,O2021_82_21_1_0004_00002040_11000_4000.tif,82-21,1,4628.0,46.28
O2021_82_20_1_0023_00004974_15000_9000.tif,82-20,2,O2021_82_21_1_0004_00002039_12000_0.tif,82-21,1,399.0,3.99
O2021_82_20_1_0023_00004974_15000_9000.tif,82-20,2,O2021_82_21_1_0005_00001868_1000_4000.tif,82-21,1,1560.0,15.6
O2021_82_20_1_0023_00004974_15000_9000.tif,82-20,2,O2021_82_21_1_0004_00002040_12000_4000.tif,82-21,1,4272.0,42.72
O2021_82_20_1_0023_00004974_15000_9000.tif,82-20,2,O2021_82_21_1_0005_00001868_1000_3000.tif,82-21,1,440.0,4.4
O2021_82_20_1_0023_00004974_15000_9000.tif,82-20,2,O2021_82_21_1_0004_00002040_12000_3000.tif,82-21,1,528.0,5.28
O2021_82_20_1_0023_00004974_15000_9000.tif,82-20,2,O2021_82_21_1_0005_00001868_0_3000.tif,82-21,1,1760.0,17.6
O2021_82_20_1_0023_00004974_15000_9000.tif,82-20,2,O2021_82_21_1_0004_00002040_11000_3000.tif,82-21,1,572.0,5.72
O2021_82_20_1_0023_00004974_16000_10000.tif,82-20,2,O2021_82_21_1_0005_00001869_1000_0.tif,82-21,1,316.0,3.16
O2021_82_20_1_0023_00004974_16000_10000.tif,82-20,2,O2021_82_21_1_0005_00001869_2000_0.tif,82-21,1,84.0,0.84
O2021_82_20_1_0023_00004974_16000_10000.tif,82-20,2,O2021_82_21_1_0005_00001868_2000_5000.tif,82-21,1,1560.0,15.6
O2021_82_20_1_0023_00004974_16000_10000.tif,82-20,2,O2021_82_21_1_0005_00001868_1000_5000.tif,82-21,1,6240.0,62.4
O2021_82_20_1_0023_00004974_16000_10000.tif,82-20,2,O2021_82_21_1_0004_00002040_12000_5000.tif,82-21,1,4628.0,46.28
O2021_82_20_1_0023_00004974_16000_10000.tif,82-20,2,O2021_82_21_1_0004_00002040_13000_5000.tif,82-21,1,4272.0,42.72
O2021_82_20_1_0023_00004974_16000_10000.tif,82-20,2,O2021_82_21_1_0004_00002039_13000_0.tif,82-21,1,5301.0,53.01
O2021_82_20_1_0023_00004974_16000_10000.tif,82-20,2,O2021_82_21_1_0004_00002039_12000_0.tif,82-21,1,3999.0,39.99
O2021_82_20_1_0023_00004974_16000_10000.tif,82-20,2,O2021_82_21_1_0005_00001868_2000_4000.tif,82-21,1,440.0,4.4
O2021_82_20_1_0023_00004974_16000_10000.tif,82-20,2,O2021_82_21_1_0005_00001868_1000_4000.tif,82-21,1,1760.0,17.6
O2021_82_20_1_0023_00004974_16000_10000.tif,82-20,2,O2021_82_21_1_0004_00002040_12000_4000.tif,82-21,1,572.0,5.72
O2021_82_20_1_0023_00004974_16000_10000.tif,82-20,2,O2021_82_21_1_0004_00002040_13000_4000.tif,82-21,1,528.0,5.28
O2021_82_20_1_0023_00004974_16000_11000.tif,82-20,2,O2021_82_21_1_0005_00001869_2000_1000.tif,82-21,1,84.0,0.84
O2021_82_20_1_0023_00004974_16000_11000.tif,82-20,2,O2021_82_21_1_0005_00001869_1000_1000.tif,82-21,1,316.0,3.16
O2021_82_20_1_0023_00004974_16000_11000.tif,82-20,2,O2021_82_21_1_0004_00002039_13000_2000.tif,82-21,1,399.0,3.99
O2021_82_20_1_0023_00004974_16000_11000.tif,82-20,2,O2021_82_21_1_0004_00002039_12000_2000.tif,82-21,1,301.0,3.01
O2021_82_20_1_0023_00004974_16000_11000.tif,82-20,2,O2021_82_21_1_0005_00001868_2000_6000.tif,82-21,1,1560.0,15.6
O2021_82_20_1_0023_00004974_16000_11000.tif,82-20,2,O2021_82_21_1_0005_00001868_1000_6000.tif,82-21,1,6240.0,62.4
O2021_82_20_1_0023_00004974_16000_11000.tif,82-20,2,O2021_82_21_1_0004_00002040_13000_6000.tif,82-21,1,4272.0,42.72
O2021_82_20_1_0023_00004974_16000_11000.tif,82-20,2,O2021_82_21_1_0004_00002040_12000_6000.tif,82-21,1,4628.0,46.28
O2021_82_20_1_0023_00004974_16000_11000.tif,82-20,2,O2021_82_21_1_0005_00001869_1000_0.tif,82-21,1,7584.0,75.84
O2021_82_20_1_0023_00004974_16000_11000.tif,82-20,2,O2021_82_21_1_0005_00001869_2000_0.tif,82-21,1,2016.0,20.16
O2021_82_20_1_0023_00004974_16000_11000.tif,82-20,2,O2021_82_21_1_0005_00001868_2000_5000.tif,82-21,1,440.0,4.4
O2021_82_20_1_0023_00004974_16000_11000.tif,82-20,2,O2021_82_21_1_0005_00001868_1000_5000.tif,82-21,1,1760.0,17.6
O2021_82_20_1_0023_00004974_16000_11000.tif,82-20,2,O2021_82_21_1_0004_00002040_12000_5000.tif,82-21,1,572.0,5.72
O2021_82_20_1_0023_00004974_16000_11000.tif,82-20,2,O2021_82_21_1_0004_00002040_13000_5000.tif,82-21,1,528.0,5.28
O2021_82_20_1_0023_00004974_16000_5000.tif,82-20,2,O2021_82_21_1_0005_00001868_1000_0.tif,82-21,1,6240.0,62.4
O2021_82_20_1_0023_00004974_16000_5000.tif,82-20,2,O2021_82_21_1_0005_00001868_2000_0.tif,82-21,1,1560.0,15.6
O2021_82_20_1_0023_00004974_16000_5000.tif,82-20,2,O2021_82_21_1_0004_00002040_13000_0.tif,82-21,1,4272.0,42.72
O2021_82_20_1_0023_00004974_16000_5000.tif,82-20,2,O2021_82_21_1_0004_00002040_12000_0.tif,82-21,1,4628.0,46.28
O2021_82_20_1_0023_00004974_16000_6000.tif,82-20,2,O2021_82_21_1_0005_00001868_1000_1000.tif,82-21,1,6240.0,62.4
O2021_82_20_1_0023_00004974_16000_6000.tif,82-20,2,O2021_82_21_1_0005_00001868_2000_1000.tif,82-21,1,1560.0,15.6
O2021_82_20_1_0023_00004974_16000_6000.tif,82-20,2,O2021_82_21_1_0004_00002040_13000_1000.tif,82-21,1,4272.0,42.72
O2021_82_20_1_0023_00004974_16000_6000.tif,82-20,2,O2021_82_21_1_0004_00002040_12000_1000.tif,82-21,1,4628.0,46.28
O2021_82_20_1_0023_00004974_16000_6000.tif,82-20,2,O2021_82_21_1_0005_00001868_1000_0.tif,82-21,1,1760.0,17.6
O2021_82_20_1_0023_00004974_16000_6000.tif,82-20,2,O2021_82_21_1_0005_00001868_2000_0.tif,82-21,1,440.0,4.4
O2021_82_20_1_0023_00004974_16000_6000.tif,82-20,2,O2021_82_21_1_0004_00002040_13000_0.tif,82-21,1,528.0,5.28
O2021_82_20_1_0023_00004974_16000_6000.tif,82-20,2,O2021_82_21_1_0004_00002040_12000_0.tif,82-21,1,572.0,5.72
O2021_82_20_1_0023_00004974_16000_7000.tif,82-20,2,O2021_82_21_1_0005_00001868_1000_2000.tif,82-21,1,6240.0,62.4
O2021_82_20_1_0023_00004974_16000_7000.tif,82-20,2,O2021_82_21_1_0005_00001868_2000_2000.tif,82-21,1,1560.0,15.6
O2021_82_20_1_0023_00004974_16000_7000.tif,82-20,2,O2021_82_21_1_0004_00002040_12000_2000.tif,82-21,1,4628.0,46.28
O2021_82_20_1_0023_00004974_16000_7000.tif,82-20,2,O2021_82_21_1_0004_00002040_13000_2000.tif,82-21,1,4272.0,42.72
O2021_82_20_1_0023_00004974_16000_7000.tif,82-20,2,O2021_82_21_1_0005_00001868_1000_1000.tif,82-21,1,1760.0,17.6
O2021_82_20_1_0023_00004974_16000_7000.tif,82-20,2,O2021_82_21_1_0005_00001868_2000_1000.tif,82-21,1,440.0,4.4
O2021_82_20_1_0023_00004974_16000_7000.tif,82-20,2,O2021_82_21_1_0004_00002040_13000_1000.tif,82-21,1,528.0,5.28
O2021_82_20_1_0023_00004974_16000_7000.tif,82-20,2,O2021_82_21_1_0004_00002040_12000_1000.tif,82-21,1,572.0,5.72
O2021_82_20_1_0023_00004974_16000_8000.tif,82-20,2,O2021_82_21_1_0005_00001868_2000_3000.tif,82-21,1,1560.0,15.6
O2021_82_20_1_0023_00004974_16000_8000.tif,82-20,2,O2021_82_21_1_0005_00001868_1000_3000.tif,82-21,1,6240.0,62.4
O2021_82_20_1_0023_00004974_16000_8000.tif,82-20,2,O2021_82_21_1_0004_00002040_13000_3000.tif,82-21,1,4272.0,42.72
O2021_82_20_1_0023_00004974_16000_8000.tif,82-20,2,O2021_82_21_1_0004_00002040_12000_3000.tif,82-21,1,4628.0,46.28
O2021_82_20_1_0023_00004974_16000_8000.tif,82-20,2,O2021_82_21_1_0005_00001868_1000_2000.tif,82-21,1,1760.0,17.6
O2021_82_20_1_0023_00004974_16000_8000.tif,82-20,2,O2021_82_21_1_0005_00001868_2000_2000.tif,82-21,1,440.0,4.4
O2021_82_20_1_0023_00004974_16000_8000.tif,82-20,2,O2021_82_21_1_0004_00002040_12000_2000.tif,82-21,1,572.0,5.72
O2021_82_20_1_0023_00004974_16000_8000.tif,82-20,2,O2021_82_21_1_0004_00002040_13000_2000.tif,82-21,1,528.0,5.28
O2021_82_20_1_0023_00004974_16000_9000.tif,82-20,2,O2021_82_21_1_0004_00002039_13000_0.tif,82-21,1,399.0,3.99
O2021_82_20_1_0023_00004974_16000_9000.tif,82-20,2,O2021_82_21_1_0004_00002039_12000_0.tif,82-21,1,301.0,3.01
O2021_82_20_1_0023_00004974_16000_9000.tif,82-20,2,O2021_82_21_1_0005_00001868_2000_4000.tif,82-21,1,1560.0,15.6
O2021_82_20_1_0023_00004974_16000_9000.tif,82-20,2,O2021_82_21_1_0005_00001868_1000_4000.tif,82-21,1,6240.0,62.4
O2021_82_20_1_0023_00004974_16000_9000.tif,82-20,2,O2021_82_21_1_0004_00002040_12000_4000.tif,82-21,1,4628.0,46.28
O2021_82_20_1_0023_00004974_16000_9000.tif,82-20,2,O2021_82_21_1_0004_00002040_13000_4000.tif,82-21,1,4272.0,42.72
O2021_82_20_1_0023_00004974_16000_9000.tif,82-20,2,O2021_82_21_1_0005_00001868_2000_3000.tif,82-21,1,440.0,4.4
O2021_82_20_1_0023_00004974_16000_9000.tif,82-20,2,O2021_82_21_1_0005_00001868_1000_3000.tif,82-21,1,1760.0,17.6
O2021_82_20_1_0023_00004974_16000_9000.tif,82-20,2,O2021_82_21_1_0004_00002040_13000_3000.tif,82-21,1,528.0,5.28
O2021_82_20_1_0023_00004974_16000_9000.tif,82-20,2,O2021_82_21_1_0004_00002040_12000_3000.tif,82-21,1,572.0,5.72
O2021_82_20_1_0023_00004974_6000_10000.tif,82-20,2,O2021_82_21_1_0004_00002040_3000_5000.tif,82-21,1,4272.0,42.72
O2021_82_20_1_0023_00004974_6000_10000.tif,82-20,2,O2021_82_21_1_0004_00002039_3000_0.tif,82-21,1,5301.0,53.01
O2021_82_20_1_0023_00004974_6000_10000.tif,82-20,2,O2021_82_21_1_0004_00002040_3000_4000.tif,82-21,1,528.0,5.28
O2021_82_20_1_0023_00004974_6000_11000.tif,82-20,2,O2021_82_21_1_0004_00002039_3000_2000.tif,82-21,1,399.0,3.99
O2021_82_20_1_0023_00004974_6000_11000.tif,82-20,2,O2021_82_21_1_0004_00002040_3000_6000.tif,82-21,1,4272.0,42.72
O2021_82_20_1_0023_00004974_6000_11000.tif,82-20,2,O2021_82_21_1_0004_00002040_3000_5000.tif,82-21,1,528.0,5.28
O2021_82_20_1_0023_00004974_6000_5000.tif,82-20,2,O2021_82_21_1_0004_00002040_3000_0.tif,82-21,1,4272.0,42.72
O2021_82_20_1_0023_00004974_6000_6000.tif,82-20,2,O2021_82_21_1_0004_00002040_2000_1000.tif,82-21,1,4628.0,46.28
O2021_82_20_1_0023_00004974_6000_6000.tif,82-20,2,O2021_82_21_1_0004_00002040_3000_1000.tif,82-21,1,4272.0,42.72
O2021_82_20_1_0023_00004974_6000_6000.tif,82-20,2,O2021_82_21_1_0004_00002040_3000_0.tif,82-21,1,528.0,5.28
O2021_82_20_1_0023_00004974_6000_7000.tif,82-20,2,O2021_82_21_1_0004_00002040_3000_2000.tif,82-21,1,4272.0,42.72
O2021_82_20_1_0023_00004974_6000_7000.tif,82-20,2,O2021_82_21_1_0004_00002040_2000_1000.tif,82-21,1,572.0,5.72
O2021_82_20_1_0023_00004974_6000_7000.tif,82-20,2,O2021_82_21_1_0004_00002040_3000_1000.tif,82-21,1,528.0,5.28
O2021_82_20_1_0023_00004974_6000_8000.tif,82-20,2,O2021_82_21_1_0004_00002040_3000_3000.tif,82-21,1,4272.0,42.72
O2021_82_20_1_0023_00004974_6000_8000.tif,82-20,2,O2021_82_21_1_0004_00002040_3000_2000.tif,82-21,1,528.0,5.28
O2021_82_20_1_0023_00004974_6000_9000.tif,82-20,2,O2021_82_21_1_0004_00002039_3000_0.tif,82-21,1,399.0,3.99
O2021_82_20_1_0023_00004974_6000_9000.tif,82-20,2,O2021_82_21_1_0004_00002040_3000_4000.tif,82-21,1,4272.0,42.72
O2021_82_20_1_0023_00004974_6000_9000.tif,82-20,2,O2021_82_21_1_0004_00002040_3000_3000.tif,82-21,1,528.0,5.28
O2021_82_20_1_0023_00004974_7000_10000.tif,82-20,2,O2021_82_21_1_0004_00002040_4000_5000.tif,82-21,1,4272.0,42.72
O2021_82_20_1_0023_00004974_7000_10000.tif,82-20,2,O2021_82_21_1_0004_00002040_3000_5000.tif,82-21,1,4628.0,46.28
O2021_82_20_1_0023_00004974_7000_10000.tif,82-20,2,O2021_82_21_1_0004_00002039_3000_0.tif,82-21,1,3999.0,39.99
O2021_82_20_1_0023_00004974_7000_10000.tif,82-20,2,O2021_82_21_1_0004_00002039_4000_0.tif,82-21,1,5301.0,53.01
O2021_82_20_1_0023_00004974_7000_10000.tif,82-20,2,O2021_82_21_1_0004_00002040_4000_4000.tif,82-21,1,528.0,5.28
O2021_82_20_1_0023_00004974_7000_10000.tif,82-20,2,O2021_82_21_1_0004_00002040_3000_4000.tif,82-21,1,572.0,5.72
O2021_82_20_1_0023_00004974_7000_11000.tif,82-20,2,O2021_82_21_1_0004_00002039_4000_2000.tif,82-21,1,399.0,3.99
O2021_82_20_1_0023_00004974_7000_11000.tif,82-20,2,O2021_82_21_1_0004_00002039_3000_2000.tif,82-21,1,301.0,3.01
O2021_82_20_1_0023_00004974_7000_11000.tif,82-20,2,O2021_82_21_1_0004_00002040_3000_6000.tif,82-21,1,4628.0,46.28
O2021_82_20_1_0023_00004974_7000_11000.tif,82-20,2,O2021_82_21_1_0004_00002040_4000_6000.tif,82-21,1,4272.0,42.72
O2021_82_20_1_0023_00004974_7000_11000.tif,82-20,2,O2021_82_21_1_0004_00002040_4000_5000.tif,82-21,1,528.0,5.28
O2021_82_20_1_0023_00004974_7000_11000.tif,82-20,2,O2021_82_21_1_0004_00002040_3000_5000.tif,82-21,1,572.0,5.72
O2021_82_20_1_0023_00004974_7000_5000.tif,82-20,2,O2021_82_21_1_0004_00002040_3000_0.tif,82-21,1,4628.0,46.28
O2021_82_20_1_0023_00004974_7000_5000.tif,82-20,2,O2021_82_21_1_0004_00002040_4000_0.tif,82-21,1,4272.0,42.72
O2021_82_20_1_0023_00004974_7000_6000.tif,82-20,2,O2021_82_21_1_0004_00002040_4000_1000.tif,82-21,1,4272.0,42.72
O2021_82_20_1_0023_00004974_7000_6000.tif,82-20,2,O2021_82_21_1_0004_00002040_3000_1000.tif,82-21,1,4628.0,46.28
O2021_82_20_1_0023_00004974_7000_6000.tif,82-20,2,O2021_82_21_1_0004_00002040_3000_0.tif,82-21,1,572.0,5.72
O2021_82_20_1_0023_00004974_7000_6000.tif,82-20,2,O2021_82_21_1_0004_00002040_4000_0.tif,82-21,1,528.0,5.28
O2021_82_20_1_0023_00004974_7000_7000.tif,82-20,2,O2021_82_21_1_0004_00002040_3000_2000.tif,82-21,1,4628.0,46.28
O2021_82_20_1_0023_00004974_7000_7000.tif,82-20,2,O2021_82_21_1_0004_00002040_4000_2000.tif,82-21,1,4272.0,42.72
O2021_82_20_1_0023_00004974_7000_7000.tif,82-20,2,O2021_82_21_1_0004_00002040_4000_1000.tif,82-21,1,528.0,5.28
O2021_82_20_1_0023_00004974_7000_7000.tif,82-20,2,O2021_82_21_1_0004_00002040_3000_1000.tif,82-21,1,572.0,5.72
O2021_82_20_1_0023_00004974_7000_8000.tif,82-20,2,O2021_82_21_1_0004_00002040_3000_3000.tif,82-21,1,4628.0,46.28
O2021_82_20_1_0023_00004974_7000_8000.tif,82-20,2,O2021_82_21_1_0004_00002040_4000_3000.tif,82-21,1,4272.0,42.72
O2021_82_20_1_0023_00004974_7000_8000.tif,82-20,2,O2021_82_21_1_0004_00002040_3000_2000.tif,82-21,1,572.0,5.72
O2021_82_20_1_0023_00004974_7000_8000.tif,82-20,2,O2021_82_21_1_0004_00002040_4000_2000.tif,82-21,1,528.0,5.28
O2021_82_20_1_0023_00004974_7000_9000.tif,82-20,2,O2021_82_21_1_0004_00002039_3000_0.tif,82-21,1,301.0,3.01
O2021_82_20_1_0023_00004974_7000_9000.tif,82-20,2,O2021_82_21_1_0004_00002039_4000_0.tif,82-21,1,399.0,3.99
O2021_82_20_1_0023_00004974_7000_9000.tif,82-20,2,O2021_82_21_1_0004_00002040_4000_4000.tif,82-21,1,4272.0,42.72
O2021_82_20_1_0023_00004974_7000_9000.tif,82-20,2,O2021_82_21_1_0004_00002040_3000_4000.tif,82-21,1,4628.0,46.28
O2021_82_20_1_0023_00004974_7000_9000.tif,82-20,2,O2021_82_21_1_0004_00002040_3000_3000.tif,82-21,1,572.0,5.72
O2021_82_20_1_0023_00004974_7000_9000.tif,82-20,2,O2021_82_21_1_0004_00002040_4000_3000.tif,82-21,1,528.0,5.28
O2021_82_20_1_0023_00004974_8000_10000.tif,82-20,2,O2021_82_21_1_0004_00002040_4000_5000.tif,82-21,1,4628.0,46.28
O2021_82_20_1_0023_00004974_8000_10000.tif,82-20,2,O2021_82_21_1_0004_00002040_5000_5000.tif,82-21,1,4272.0,42.72
O2021_82_20_1_0023_00004974_8000_10000.tif,82-20,2,O2021_82_21_1_0004_00002039_5000_0.tif,82-21,1,5301.0,53.01
O2021_82_20_1_0023_00004974_8000_10000.tif,82-20,2,O2021_82_21_1_0004_00002039_4000_0.tif,82-21,1,3999.0,39.99
O2021_82_20_1_0023_00004974_8000_10000.tif,82-20,2,O2021_82_21_1_0004_00002040_5000_4000.tif,82-21,1,528.0,5.28
O2021_82_20_1_0023_00004974_8000_10000.tif,82-20,2,O2021_82_21_1_0004_00002040_4000_4000.tif,82-21,1,572.0,5.72
O2021_82_20_1_0023_00004974_8000_11000.tif,82-20,2,O2021_82_21_1_0004_00002039_4000_2000.tif,82-21,1,301.0,3.01
O2021_82_20_1_0023_00004974_8000_11000.tif,82-20,2,O2021_82_21_1_0004_00002039_5000_2000.tif,82-21,1,399.0,3.99
O2021_82_20_1_0023_00004974_8000_11000.tif,82-20,2,O2021_82_21_1_0004_00002040_5000_6000.tif,82-21,1,4272.0,42.72
O2021_82_20_1_0023_00004974_8000_11000.tif,82-20,2,O2021_82_21_1_0004_00002040_4000_6000.tif,82-21,1,4628.0,46.28
O2021_82_20_1_0023_00004974_8000_11000.tif,82-20,2,O2021_82_21_1_0004_00002040_4000_5000.tif,82-21,1,572.0,5.72
O2021_82_20_1_0023_00004974_8000_11000.tif,82-20,2,O2021_82_21_1_0004_00002040_5000_5000.tif,82-21,1,528.0,5.28
O2021_82_20_1_0023_00004974_8000_5000.tif,82-20,2,O2021_82_21_1_0004_00002040_4000_0.tif,82-21,1,4628.0,46.28
O2021_82_20_1_0023_00004974_8000_5000.tif,82-20,2,O2021_82_21_1_0004_00002040_5000_0.tif,82-21,1,4272.0,42.72
O2021_82_20_1_0023_00004974_8000_6000.tif,82-20,2,O2021_82_21_1_0004_00002040_5000_1000.tif,82-21,1,4272.0,42.72
O2021_82_20_1_0023_00004974_8000_6000.tif,82-20,2,O2021_82_21_1_0004_00002040_4000_1000.tif,82-21,1,4628.0,46.28
O2021_82_20_1_0023_00004974_8000_6000.tif,82-20,2,O2021_82_21_1_0004_00002040_4000_0.tif,82-21,1,572.0,5.72
O2021_82_20_1_0023_00004974_8000_6000.tif,82-20,2,O2021_82_21_1_0004_00002040_5000_0.tif,82-21,1,528.0,5.28
O2021_82_20_1_0023_00004974_8000_7000.tif,82-20,2,O2021_82_21_1_0004_00002040_4000_2000.tif,82-21,1,4628.0,46.28
O2021_82_20_1_0023_00004974_8000_7000.tif,82-20,2,O2021_82_21_1_0004_00002040_5000_2000.tif,82-21,1,4272.0,42.72
O2021_82_20_1_0023_00004974_8000_7000.tif,82-20,2,O2021_82_21_1_0004_00002040_5000_1000.tif,82-21,1,528.0,5.28
O2021_82_20_1_0023_00004974_8000_7000.tif,82-20,2,O2021_82_21_1_0004_00002040_4000_1000.tif,82-21,1,572.0,5.72
O2021_82_20_1_0023_00004974_8000_8000.tif,82-20,2,O2021_82_21_1_0004_00002040_5000_3000.tif,82-21,1,4272.0,42.72
O2021_82_20_1_0023_00004974_8000_8000.tif,82-20,2,O2021_82_21_1_0004_00002040_4000_3000.tif,82-21,1,4628.0,46.28
O2021_82_20_1_0023_00004974_8000_8000.tif,82-20,2,O2021_82_21_1_0004_00002040_4000_2000.tif,82-21,1,572.0,5.72
O2021_82_20_1_0023_00004974_8000_8000.tif,82-20,2,O2021_82_21_1_0004_00002040_5000_2000.tif,82-21,1,528.0,5.28
O2021_82_20_1_0023_00004974_8000_9000.tif,82-20,2,O2021_82_21_1_0004_00002039_5000_0.tif,82-21,1,399.0,3.99
O2021_82_20_1_0023_00004974_8000_9000.tif,82-20,2,O2021_82_21_1_0004_00002039_4000_0.tif,82-21,1,301.0,3.01
O2021_82_20_1_0023_00004974_8000_9000.tif,82-20,2,O2021_82_21_1_0004_00002040_5000_4000.tif,82-21,1,4272.0,42.72
O2021_82_20_1_0023_00004974_8000_9000.tif,82-20,2,O2021_82_21_1_0004_00002040_4000_4000.tif,82-21,1,4628.0,46.28
O2021_82_20_1_0023_00004974_8000_9000.tif,82-20,2,O2021_82_21_1_0004_00002040_5000_3000.tif,82-21,1,528.0,5.28
O2021_82_20_1_0023_00004974_8000_9000.tif,82-20,2,O2021_82_21_1_0004_00002040_4000_3000.tif,82-21,1,572.0,5.72
O2021_82_20_1_0023_00004974_9000_10000.tif,82-20,2,O2021_82_21_1_0004_00002040_6000_5000.tif,82-21,1,4272.0,42.72
O2021_82_20_1_0023_00004974_9000_10000.tif,82-20,2,O2021_82_21_1_0004_00002040_5000_5000.tif,82-21,1,4628.0,46.28
O2021_82_20_1_0023_00004974_9000_10000.tif,82-20,2,O2021_82_21_1_0004_00002039_5000_0.tif,82-21,1,3999.0,39.99
O2021_82_20_1_0023_00004974_9000_10000.tif,82-20,2,O2021_82_21_1_0004_00002039_6000_0.tif,82-21,1,5301.0,53.01
O2021_82_20_1_0023_00004974_9000_10000.tif,82-20,2,O2021_82_21_1_0004_00002040_5000_4000.tif,82-21,1,572.0,5.72
O2021_82_20_1_0023_00004974_9000_10000.tif,82-20,2,O2021_82_21_1_0004_00002040_6000_4000.tif,82-21,1,528.0,5.28
O2021_82_20_1_0023_00004974_9000_11000.tif,82-20,2,O2021_82_21_1_0004_00002039_5000_2000.tif,82-21,1,301.0,3.01
O2021_82_20_1_0023_00004974_9000_11000.tif,82-20,2,O2021_82_21_1_0004_00002039_6000_2000.tif,82-21,1,399.0,3.99
O2021_82_20_1_0023_00004974_9000_11000.tif,82-20,2,O2021_82_21_1_0004_00002040_6000_6000.tif,82-21,1,4272.0,42.72
O2021_82_20_1_0023_00004974_9000_11000.tif,82-20,2,O2021_82_21_1_0004_00002040_5000_6000.tif,82-21,1,4628.0,46.28
O2021_82_20_1_0023_00004974_9000_11000.tif,82-20,2,O2021_82_21_1_0004_00002040_6000_5000.tif,82-21,1,528.0,5.28
O2021_82_20_1_0023_00004974_9000_11000.tif,82-20,2,O2021_82_21_1_0004_00002040_5000_5000.tif,82-21,1,572.0,5.72
O2021_82_20_1_0023_00004974_9000_5000.tif,82-20,2,O2021_82_21_1_0004_00002040_6000_0.tif,82-21,1,4272.0,42.72
O2021_82_20_1_0023_00004974_9000_5000.tif,82-20,2,O2021_82_21_1_0004_00002040_5000_0.tif,82-21,1,4628.0,46.28
O2021_82_20_1_0023_00004974_9000_6000.tif,82-20,2,O2021_82_21_1_0004_00002040_5000_1000.tif,82-21,1,4628.0,46.28
O2021_82_20_1_0023_00004974_9000_6000.tif,82-20,2,O2021_82_21_1_0004_00002040_6000_1000.tif,82-21,1,4272.0,42.72
O2021_82_20_1_0023_00004974_9000_6000.tif,82-20,2,O2021_82_21_1_0004_00002040_6000_0.tif,82-21,1,528.0,5.28
O2021_82_20_1_0023_00004974_9000_6000.tif,82-20,2,O2021_82_21_1_0004_00002040_5000_0.tif,82-21,1,572.0,5.72
O2021_82_20_1_0023_00004974_9000_7000.tif,82-20,2,O2021_82_21_1_0004_00002040_6000_2000.tif,82-21,1,4272.0,42.72
O2021_82_20_1_0023_00004974_9000_7000.tif,82-20,2,O2021_82_21_1_0004_00002040_5000_2000.tif,82-21,1,4628.0,46.28
O2021_82_20_1_0023_00004974_9000_7000.tif,82-20,2,O2021_82_21_1_0004_00002040_5000_1000.tif,82-21,1,572.0,5.72
O2021_82_20_1_0023_00004974_9000_7000.tif,82-20,2,O2021_82_21_1_0004_00002040_6000_1000.tif,82-21,1,528.0,5.28
O2021_82_20_1_0023_00004974_9000_8000.tif,82-20,2,O2021_82_21_1_0004_00002040_6000_3000.tif,82-21,1,4272.0,42.72
O2021_82_20_1_0023_00004974_9000_8000.tif,82-20,2,O2021_82_21_1_0004_00002040_5000_3000.tif,82-21,1,4628.0,46.28
O2021_82_20_1_0023_00004974_9000_8000.tif,82-20,2,O2021_82_21_1_0004_00002040_6000_2000.tif,82-21,1,528.0,5.28
O2021_82_20_1_0023_00004974_9000_8000.tif,82-20,2,O2021_82_21_1_0004_00002040_5000_2000.tif,82-21,1,572.0,5.72
O2021_82_20_1_0023_00004974_9000_9000.tif,82-20,2,O2021_82_21_1_0004_00002039_5000_0.tif,82-21,1,301.0,3.01
O2021_82_20_1_0023_00004974_9000_9000.tif,82-20,2,O2021_82_21_1_0004_00002039_6000_0.tif,82-21,1,399.0,3.99
O2021_82_20_1_0023_00004974_9000_9000.tif,82-20,2,O2021_82_21_1_0004_00002040_5000_4000.tif,82-21,1,4628.0,46.28
O2021_82_20_1_0023_00004974_9000_9000.tif,82-20,2,O2021_82_21_1_0004_00002040_6000_4000.tif,82-21,1,4272.0,42.72
O2021_82_20_1_0023_00004974_9000_9000.tif,82-20,2,O2021_82_21_1_0004_00002040_6000_3000.tif,82-21,1,528.0,5.28
O2021_82_20_1_0023_00004974_9000_9000.tif,82-20,2,O2021_82_21_1_0004_00002040_5000_3000.tif,82-21,1,572.0,5.72
O2021_82_20_1_0023_00004975_10000_0.tif,82-20,2,O2021_82_21_1_0004_00002040_6000_1000.tif,82-21,1,1155.0,11.55
O2021_82_20_1_0023_00004975_10000_0.tif,82-20,2,O2021_82_21_1_0004_00002040_7000_1000.tif,82-21,1,945.0,9.45
O2021_82_20_1_0023_00004975_10000_0.tif,82-20,2,O2021_82_21_1_0004_00002040_6000_0.tif,82-21,1,4345.0,43.45
O2021_82_20_1_0023_00004975_10000_0.tif,82-20,2,O2021_82_21_1_0004_00002040_7000_0.tif,82-21,1,3555.0,35.55
O2021_82_20_1_0023_00004975_10000_1000.tif,82-20,2,O2021_82_21_1_0004_00002040_6000_2000.tif,82-21,1,1155.0,11.55
O2021_82_20_1_0023_00004975_10000_1000.tif,82-20,2,O2021_82_21_1_0004_00002040_7000_2000.tif,82-21,1,945.0,9.45
O2021_82_20_1_0023_00004975_10000_1000.tif,82-20,2,O2021_82_21_1_0004_00002040_6000_1000.tif,82-21,1,4345.0,43.45
O2021_82_20_1_0023_00004975_10000_1000.tif,82-20,2,O2021_82_21_1_0004_00002040_7000_1000.tif,82-21,1,3555.0,35.55
O2021_82_20_1_0023_00004975_10000_2000.tif,82-20,2,O2021_82_21_1_0004_00002040_6000_3000.tif,82-21,1,1155.0,11.55
O2021_82_20_1_0023_00004975_10000_2000.tif,82-20,2,O2021_82_21_1_0004_00002040_7000_3000.tif,82-21,1,945.0,9.45
O2021_82_20_1_0023_00004975_10000_2000.tif,82-20,2,O2021_82_21_1_0004_00002040_6000_2000.tif,82-21,1,4345.0,43.45
O2021_82_20_1_0023_00004975_10000_2000.tif,82-20,2,O2021_82_21_1_0004_00002040_7000_2000.tif,82-21,1,3555.0,35.55
O2021_82_20_1_0023_00004975_10000_3000.tif,82-20,2,O2021_82_21_1_0004_00002040_6000_4000.tif,82-21,1,1155.0,11.55
O2021_82_20_1_0023_00004975_10000_3000.tif,82-20,2,O2021_82_21_1_0004_00002040_7000_4000.tif,82-21,1,945.0,9.45
O2021_82_20_1_0023_00004975_10000_3000.tif,82-20,2,O2021_82_21_1_0004_00002040_6000_3000.tif,82-21,1,4345.0,43.45
O2021_82_20_1_0023_00004975_10000_3000.tif,82-20,2,O2021_82_21_1_0004_00002040_7000_3000.tif,82-21,1,3555.0,35.55
O2021_82_20_1_0023_00004975_10000_4000.tif,82-20,2,O2021_82_21_1_0004_00002040_6000_5000.tif,82-21,1,1155.0,11.55
O2021_82_20_1_0023_00004975_10000_4000.tif,82-20,2,O2021_82_21_1_0004_00002040_7000_5000.tif,82-21,1,945.0,9.45
O2021_82_20_1_0023_00004975_10000_4000.tif,82-20,2,O2021_82_21_1_0004_00002039_6000_0.tif,82-21,1,1794.0,17.94
O2021_82_20_1_0023_00004975_10000_4000.tif,82-20,2,O2021_82_21_1_0004_00002039_7000_0.tif,82-21,1,2106.0,21.06
O2021_82_20_1_0023_00004975_10000_4000.tif,82-20,2,O2021_82_21_1_0004_00002040_6000_4000.tif,82-21,1,4345.0,43.45
O2021_82_20_1_0023_00004975_10000_4000.tif,82-20,2,O2021_82_21_1_0004_00002040_7000_4000.tif,82-21,1,3555.0,35.55
O2021_82_20_1_0023_00004975_10000_5000.tif,82-20,2,O2021_82_21_1_0004_00002040_6000_6000.tif,82-21,1,1155.0,11.55
O2021_82_20_1_0023_00004975_10000_5000.tif,82-20,2,O2021_82_21_1_0004_00002040_7000_6000.tif,82-21,1,945.0,9.45
O2021_82_20_1_0023_00004975_10000_5000.tif,82-20,2,O2021_82_21_1_0004_00002040_6000_5000.tif,82-21,1,4345.0,43.45
O2021_82_20_1_0023_00004975_10000_5000.tif,82-20,2,O2021_82_21_1_0004_00002040_7000_5000.tif,82-21,1,3555.0,35.55
O2021_82_20_1_0023_00004975_10000_5000.tif,82-20,2,O2021_82_21_1_0004_00002039_6000_0.tif,82-21,1,2806.0,28.06
O2021_82_20_1_0023_00004975_10000_5000.tif,82-20,2,O2021_82_21_1_0004_00002039_7000_0.tif,82-21,1,3294.0,32.94
O2021_82_20_1_0023_00004975_10000_6000.tif,82-20,2,O2021_82_21_1_0004_00002040_6000_7000.tif,82-21,1,1155.0,11.55
O2021_82_20_1_0023_00004975_10000_6000.tif,82-20,2,O2021_82_21_1_0004_00002040_7000_7000.tif,82-21,1,945.0,9.45
O2021_82_20_1_0023_00004975_10000_6000.tif,82-20,2,O2021_82_21_1_0004_00002039_6000_2000.tif,82-21,1,1794.0,17.94
O2021_82_20_1_0023_00004975_10000_6000.tif,82-20,2,O2021_82_21_1_0004_00002039_7000_2000.tif,82-21,1,2106.0,21.06
O2021_82_20_1_0023_00004975_10000_6000.tif,82-20,2,O2021_82_21_1_0004_00002040_6000_6000.tif,82-21,1,4345.0,43.45
O2021_82_20_1_0023_00004975_10000_6000.tif,82-20,2,O2021_82_21_1_0004_00002040_7000_6000.tif,82-21,1,3555.0,35.55
O2021_82_20_1_0023_00004975_10000_7000.tif,82-20,2,O2021_82_21_1_0004_00002040_6000_8000.tif,82-21,1,1155.0,11.55
O2021_82_20_1_0023_00004975_10000_7000.tif,82-20,2,O2021_82_21_1_0004_00002040_7000_8000.tif,82-21,1,945.0,9.45
O2021_82_20_1_0023_00004975_10000_7000.tif,82-20,2,O2021_82_21_1_0004_00002039_6000_3000.tif,82-21,1,1794.0,17.94
O2021_82_20_1_0023_00004975_10000_7000.tif,82-20,2,O2021_82_21_1_0004_00002039_7000_3000.tif,82-21,1,2106.0,21.06
O2021_82_20_1_0023_00004975_10000_7000.tif,82-20,2,O2021_82_21_1_0004_00002040_6000_7000.tif,82-21,1,4345.0,43.45
O2021_82_20_1_0023_00004975_10000_7000.tif,82-20,2,O2021_82_21_1_0004_00002040_7000_7000.tif,82-21,1,3555.0,35.55
O2021_82_20_1_0023_00004975_10000_7000.tif,82-20,2,O2021_82_21_1_0004_00002039_6000_2000.tif,82-21,1,2806.0,28.06
O2021_82_20_1_0023_00004975_10000_7000.tif,82-20,2,O2021_82_21_1_0004_00002039_7000_2000.tif,82-21,1,3294.0,32.94
O2021_82_20_1_0023_00004975_10000_8000.tif,82-20,2,O2021_82_21_1_0004_00002040_6000_8000.tif,82-21,1,4345.0,43.45
O2021_82_20_1_0023_00004975_10000_8000.tif,82-20,2,O2021_82_21_1_0004_00002040_7000_8000.tif,82-21,1,3555.0,35.55
O2021_82_20_1_0023_00004975_10000_8000.tif,82-20,2,O2021_82_21_1_0004_00002039_6000_3000.tif,82-21,1,2806.0,28.06
O2021_82_20_1_0023_00004975_10000_8000.tif,82-20,2,O2021_82_21_1_0004_00002039_7000_3000.tif,82-21,1,3294.0,32.94
O2021_82_20_1_0023_00004975_11000_0.tif,82-20,2,O2021_82_21_1_0004_00002040_8000_1000.tif,82-21,1,945.0,9.45
O2021_82_20_1_0023_00004975_11000_0.tif,82-20,2,O2021_82_21_1_0004_00002040_7000_1000.tif,82-21,1,1155.0,11.55
O2021_82_20_1_0023_00004975_11000_0.tif,82-20,2,O2021_82_21_1_0004_00002040_7000_0.tif,82-21,1,4345.0,43.45
O2021_82_20_1_0023_00004975_11000_0.tif,82-20,2,O2021_82_21_1_0004_00002040_8000_0.tif,82-21,1,3555.0,35.55
O2021_82_20_1_0023_00004975_11000_1000.tif,82-20,2,O2021_82_21_1_0004_00002040_7000_2000.tif,82-21,1,1155.0,11.55
O2021_82_20_1_0023_00004975_11000_1000.tif,82-20,2,O2021_82_21_1_0004_00002040_8000_2000.tif,82-21,1,945.0,9.45
O2021_82_20_1_0023_00004975_11000_1000.tif,82-20,2,O2021_82_21_1_0004_00002040_8000_1000.tif,82-21,1,3555.0,35.55
O2021_82_20_1_0023_00004975_11000_1000.tif,82-20,2,O2021_82_21_1_0004_00002040_7000_1000.tif,82-21,1,4345.0,43.45
O2021_82_20_1_0023_00004975_11000_2000.tif,82-20,2,O2021_82_21_1_0004_00002040_7000_3000.tif,82-21,1,1155.0,11.55
O2021_82_20_1_0023_00004975_11000_2000.tif,82-20,2,O2021_82_21_1_0004_00002040_8000_3000.tif,82-21,1,945.0,9.45
O2021_82_20_1_0023_00004975_11000_2000.tif,82-20,2,O2021_82_21_1_0004_00002040_7000_2000.tif,82-21,1,4345.0,43.45
O2021_82_20_1_0023_00004975_11000_2000.tif,82-20,2,O2021_82_21_1_0004_00002040_8000_2000.tif,82-21,1,3555.0,35.55
O2021_82_20_1_0023_00004975_11000_3000.tif,82-20,2,O2021_82_21_1_0004_00002040_8000_4000.tif,82-21,1,945.0,9.45
O2021_82_20_1_0023_00004975_11000_3000.tif,82-20,2,O2021_82_21_1_0004_00002040_7000_4000.tif,82-21,1,1155.0,11.55
O2021_82_20_1_0023_00004975_11000_3000.tif,82-20,2,O2021_82_21_1_0004_00002040_7000_3000.tif,82-21,1,4345.0,43.45
O2021_82_20_1_0023_00004975_11000_3000.tif,82-20,2,O2021_82_21_1_0004_00002040_8000_3000.tif,82-21,1,3555.0,35.55
O2021_82_20_1_0023_00004975_11000_4000.tif,82-20,2,O2021_82_21_1_0004_00002040_8000_5000.tif,82-21,1,945.0,9.45
O2021_82_20_1_0023_00004975_11000_4000.tif,82-20,2,O2021_82_21_1_0004_00002040_7000_5000.tif,82-21,1,1155.0,11.55
O2021_82_20_1_0023_00004975_11000_4000.tif,82-20,2,O2021_82_21_1_0004_00002039_8000_0.tif,82-21,1,2106.0,21.06
O2021_82_20_1_0023_00004975_11000_4000.tif,82-20,2,O2021_82_21_1_0004_00002039_7000_0.tif,82-21,1,1794.0,17.94
O2021_82_20_1_0023_00004975_11000_4000.tif,82-20,2,O2021_82_21_1_0004_00002040_8000_4000.tif,82-21,1,3555.0,35.55
O2021_82_20_1_0023_00004975_11000_4000.tif,82-20,2,O2021_82_21_1_0004_00002040_7000_4000.tif,82-21,1,4345.0,43.45
O2021_82_20_1_0023_00004975_11000_5000.tif,82-20,2,O2021_82_21_1_0004_00002040_8000_6000.tif,82-21,1,945.0,9.45
O2021_82_20_1_0023_00004975_11000_5000.tif,82-20,2,O2021_82_21_1_0004_00002040_7000_6000.tif,82-21,1,1155.0,11.55
O2021_82_20_1_0023_00004975_11000_5000.tif,82-20,2,O2021_82_21_1_0004_00002040_8000_5000.tif,82-21,1,3555.0,35.55
O2021_82_20_1_0023_00004975_11000_5000.tif,82-20,2,O2021_82_21_1_0004_00002040_7000_5000.tif,82-21,1,4345.0,43.45
O2021_82_20_1_0023_00004975_11000_5000.tif,82-20,2,O2021_82_21_1_0004_00002039_8000_0.tif,82-21,1,3294.0,32.94
O2021_82_20_1_0023_00004975_11000_5000.tif,82-20,2,O2021_82_21_1_0004_00002039_7000_0.tif,82-21,1,2806.0,28.06
O2021_82_20_1_0023_00004975_11000_6000.tif,82-20,2,O2021_82_21_1_0004_00002040_8000_7000.tif,82-21,1,945.0,9.45
O2021_82_20_1_0023_00004975_11000_6000.tif,82-20,2,O2021_82_21_1_0004_00002040_7000_7000.tif,82-21,1,1155.0,11.55
O2021_82_20_1_0023_00004975_11000_6000.tif,82-20,2,O2021_82_21_1_0004_00002039_8000_2000.tif,82-21,1,2106.0,21.06
O2021_82_20_1_0023_00004975_11000_6000.tif,82-20,2,O2021_82_21_1_0004_00002039_7000_2000.tif,82-21,1,1794.0,17.94
O2021_82_20_1_0023_00004975_11000_6000.tif,82-20,2,O2021_82_21_1_0004_00002040_8000_6000.tif,82-21,1,3555.0,35.55
O2021_82_20_1_0023_00004975_11000_6000.tif,82-20,2,O2021_82_21_1_0004_00002040_7000_6000.tif,82-21,1,4345.0,43.45
O2021_82_20_1_0023_00004975_11000_7000.tif,82-20,2,O2021_82_21_1_0004_00002040_8000_8000.tif,82-21,1,945.0,9.45
O2021_82_20_1_0023_00004975_11000_7000.tif,82-20,2,O2021_82_21_1_0004_00002040_7000_8000.tif,82-21,1,1155.0,11.55
O2021_82_20_1_0023_00004975_11000_7000.tif,82-20,2,O2021_82_21_1_0004_00002039_8000_3000.tif,82-21,1,2106.0,21.06
O2021_82_20_1_0023_00004975_11000_7000.tif,82-20,2,O2021_82_21_1_0004_00002039_7000_3000.tif,82-21,1,1794.0,17.94
O2021_82_20_1_0023_00004975_11000_7000.tif,82-20,2,O2021_82_21_1_0004_00002040_8000_7000.tif,82-21,1,3555.0,35.55
O2021_82_20_1_0023_00004975_11000_7000.tif,82-20,2,O2021_82_21_1_0004_00002040_7000_7000.tif,82-21,1,4345.0,43.45
O2021_82_20_1_0023_00004975_11000_7000.tif,82-20,2,O2021_82_21_1_0004_00002039_8000_2000.tif,82-21,1,3294.0,32.94
O2021_82_20_1_0023_00004975_11000_7000.tif,82-20,2,O2021_82_21_1_0004_00002039_7000_2000.tif,82-21,1,2806.0,28.06
O2021_82_20_1_0023_00004975_11000_8000.tif,82-20,2,O2021_82_21_1_0004_00002040_8000_8000.tif,82-21,1,3555.0,35.55
O2021_82_20_1_0023_00004975_11000_8000.tif,82-20,2,O2021_82_21_1_0004_00002040_7000_8000.tif,82-21,1,4345.0,43.45
O2021_82_20_1_0023_00004975_11000_8000.tif,82-20,2,O2021_82_21_1_0004_00002039_8000_3000.tif,82-21,1,3294.0,32.94
O2021_82_20_1_0023_00004975_11000_8000.tif,82-20,2,O2021_82_21_1_0004_00002039_7000_3000.tif,82-21,1,2806.0,28.06
O2021_82_20_1_0023_00004975_12000_0.tif,82-20,2,O2021_82_21_1_0004_00002040_8000_1000.tif,82-21,1,1155.0,11.55
O2021_82_20_1_0023_00004975_12000_0.tif,82-20,2,O2021_82_21_1_0004_00002040_9000_1000.tif,82-21,1,945.0,9.45
O2021_82_20_1_0023_00004975_12000_0.tif,82-20,2,O2021_82_21_1_0004_00002040_9000_0.tif,82-21,1,3555.0,35.55
O2021_82_20_1_0023_00004975_12000_0.tif,82-20,2,O2021_82_21_1_0004_00002040_8000_0.tif,82-21,1,4345.0,43.45
O2021_82_20_1_0023_00004975_12000_1000.tif,82-20,2,O2021_82_21_1_0004_00002040_9000_2000.tif,82-21,1,945.0,9.45
O2021_82_20_1_0023_00004975_12000_1000.tif,82-20,2,O2021_82_21_1_0004_00002040_8000_2000.tif,82-21,1,1155.0,11.55
O2021_82_20_1_0023_00004975_12000_1000.tif,82-20,2,O2021_82_21_1_0004_00002040_8000_1000.tif,82-21,1,4345.0,43.45
O2021_82_20_1_0023_00004975_12000_1000.tif,82-20,2,O2021_82_21_1_0004_00002040_9000_1000.tif,82-21,1,3555.0,35.55
O2021_82_20_1_0023_00004975_12000_2000.tif,82-20,2,O2021_82_21_1_0004_00002040_9000_3000.tif,82-21,1,945.0,9.45
O2021_82_20_1_0023_00004975_12000_2000.tif,82-20,2,O2021_82_21_1_0004_00002040_8000_3000.tif,82-21,1,1155.0,11.55
O2021_82_20_1_0023_00004975_12000_2000.tif,82-20,2,O2021_82_21_1_0004_00002040_9000_2000.tif,82-21,1,3555.0,35.55
O2021_82_20_1_0023_00004975_12000_2000.tif,82-20,2,O2021_82_21_1_0004_00002040_8000_2000.tif,82-21,1,4345.0,43.45
O2021_82_20_1_0023_00004975_12000_3000.tif,82-20,2,O2021_82_21_1_0004_00002040_9000_4000.tif,82-21,1,945.0,9.45
O2021_82_20_1_0023_00004975_12000_3000.tif,82-20,2,O2021_82_21_1_0004_00002040_8000_4000.tif,82-21,1,1155.0,11.55
O2021_82_20_1_0023_00004975_12000_3000.tif,82-20,2,O2021_82_21_1_0004_00002040_9000_3000.tif,82-21,1,3555.0,35.55
O2021_82_20_1_0023_00004975_12000_3000.tif,82-20,2,O2021_82_21_1_0004_00002040_8000_3000.tif,82-21,1,4345.0,43.45
O2021_82_20_1_0023_00004975_12000_4000.tif,82-20,2,O2021_82_21_1_0004_00002040_9000_5000.tif,82-21,1,945.0,9.45
O2021_82_20_1_0023_00004975_12000_4000.tif,82-20,2,O2021_82_21_1_0004_00002040_8000_5000.tif,82-21,1,1155.0,11.55
O2021_82_20_1_0023_00004975_12000_4000.tif,82-20,2,O2021_82_21_1_0004_00002039_8000_0.tif,82-21,1,1794.0,17.94
O2021_82_20_1_0023_00004975_12000_4000.tif,82-20,2,O2021_82_21_1_0004_00002039_9000_0.tif,82-21,1,2106.0,21.06
O2021_82_20_1_0023_00004975_12000_4000.tif,82-20,2,O2021_82_21_1_0004_00002040_9000_4000.tif,82-21,1,3555.0,35.55
O2021_82_20_1_0023_00004975_12000_4000.tif,82-20,2,O2021_82_21_1_0004_00002040_8000_4000.tif,82-21,1,4345.0,43.45
O2021_82_20_1_0023_00004975_12000_5000.tif,82-20,2,O2021_82_21_1_0004_00002040_8000_6000.tif,82-21,1,1155.0,11.55
O2021_82_20_1_0023_00004975_12000_5000.tif,82-20,2,O2021_82_21_1_0004_00002040_9000_6000.tif,82-21,1,945.0,9.45
O2021_82_20_1_0023_00004975_12000_5000.tif,82-20,2,O2021_82_21_1_0004_00002040_9000_5000.tif,82-21,1,3555.0,35.55
O2021_82_20_1_0023_00004975_12000_5000.tif,82-20,2,O2021_82_21_1_0004_00002040_8000_5000.tif,82-21,1,4345.0,43.45
O2021_82_20_1_0023_00004975_12000_5000.tif,82-20,2,O2021_82_21_1_0004_00002039_8000_0.tif,82-21,1,2806.0,28.06
O2021_82_20_1_0023_00004975_12000_5000.tif,82-20,2,O2021_82_21_1_0004_00002039_9000_0.tif,82-21,1,3294.0,32.94
O2021_82_20_1_0023_00004975_12000_6000.tif,82-20,2,O2021_82_21_1_0004_00002040_8000_7000.tif,82-21,1,1155.0,11.55
O2021_82_20_1_0023_00004975_12000_6000.tif,82-20,2,O2021_82_21_1_0004_00002040_9000_7000.tif,82-21,1,945.0,9.45
O2021_82_20_1_0023_00004975_12000_6000.tif,82-20,2,O2021_82_21_1_0004_00002039_8000_2000.tif,82-21,1,1794.0,17.94
O2021_82_20_1_0023_00004975_12000_6000.tif,82-20,2,O2021_82_21_1_0004_00002039_9000_2000.tif,82-21,1,2106.0,21.06
O2021_82_20_1_0023_00004975_12000_6000.tif,82-20,2,O2021_82_21_1_0004_00002040_8000_6000.tif,82-21,1,4345.0,43.45
O2021_82_20_1_0023_00004975_12000_6000.tif,82-20,2,O2021_82_21_1_0004_00002040_9000_6000.tif,82-21,1,3555.0,35.55
O2021_82_20_1_0023_00004975_12000_7000.tif,82-20,2,O2021_82_21_1_0004_00002040_9000_8000.tif,82-21,1,945.0,9.45
O2021_82_20_1_0023_00004975_12000_7000.tif,82-20,2,O2021_82_21_1_0004_00002040_8000_8000.tif,82-21,1,1155.0,11.55
O2021_82_20_1_0023_00004975_12000_7000.tif,82-20,2,O2021_82_21_1_0004_00002039_8000_3000.tif,82-21,1,1794.0,17.94
O2021_82_20_1_0023_00004975_12000_7000.tif,82-20,2,O2021_82_21_1_0004_00002039_9000_3000.tif,82-21,1,2106.0,21.06
O2021_82_20_1_0023_00004975_12000_7000.tif,82-20,2,O2021_82_21_1_0004_00002040_8000_7000.tif,82-21,1,4345.0,43.45
O2021_82_20_1_0023_00004975_12000_7000.tif,82-20,2,O2021_82_21_1_0004_00002040_9000_7000.tif,82-21,1,3555.0,35.55
O2021_82_20_1_0023_00004975_12000_7000.tif,82-20,2,O2021_82_21_1_0004_00002039_8000_2000.tif,82-21,1,2806.0,28.06
O2021_82_20_1_0023_00004975_12000_7000.tif,82-20,2,O2021_82_21_1_0004_00002039_9000_2000.tif,82-21,1,3294.0,32.94
O2021_82_20_1_0023_00004975_12000_8000.tif,82-20,2,O2021_82_21_1_0004_00002040_9000_8000.tif,82-21,1,3555.0,35.55
O2021_82_20_1_0023_00004975_12000_8000.tif,82-20,2,O2021_82_21_1_0004_00002040_8000_8000.tif,82-21,1,4345.0,43.45
O2021_82_20_1_0023_00004975_12000_8000.tif,82-20,2,O2021_82_21_1_0004_00002039_8000_3000.tif,82-21,1,2806.0,28.06
O2021_82_20_1_0023_00004975_12000_8000.tif,82-20,2,O2021_82_21_1_0004_00002039_9000_3000.tif,82-21,1,3294.0,32.94
O2021_82_20_1_0023_00004975_13000_0.tif,82-20,2,O2021_82_21_1_0004_00002040_9000_1000.tif,82-21,1,1155.0,11.55
O2021_82_20_1_0023_00004975_13000_0.tif,82-20,2,O2021_82_21_1_0004_00002040_10000_1000.tif,82-21,1,945.0,9.45
O2021_82_20_1_0023_00004975_13000_0.tif,82-20,2,O2021_82_21_1_0004_00002040_9000_0.tif,82-21,1,4345.0,43.45
O2021_82_20_1_0023_00004975_13000_0.tif,82-20,2,O2021_82_21_1_0004_00002040_10000_0.tif,82-21,1,3555.0,35.55
O2021_82_20_1_0023_00004975_13000_1000.tif,82-20,2,O2021_82_21_1_0004_00002040_9000_2000.tif,82-21,1,1155.0,11.55
O2021_82_20_1_0023_00004975_13000_1000.tif,82-20,2,O2021_82_21_1_0004_00002040_10000_2000.tif,82-21,1,945.0,9.45
O2021_82_20_1_0023_00004975_13000_1000.tif,82-20,2,O2021_82_21_1_0004_00002040_9000_1000.tif,82-21,1,4345.0,43.45
O2021_82_20_1_0023_00004975_13000_1000.tif,82-20,2,O2021_82_21_1_0004_00002040_10000_1000.tif,82-21,1,3555.0,35.55
O2021_82_20_1_0023_00004975_13000_2000.tif,82-20,2,O2021_82_21_1_0004_00002040_10000_3000.tif,82-21,1,945.0,9.45
O2021_82_20_1_0023_00004975_13000_2000.tif,82-20,2,O2021_82_21_1_0004_00002040_9000_3000.tif,82-21,1,1155.0,11.55
O2021_82_20_1_0023_00004975_13000_2000.tif,82-20,2,O2021_82_21_1_0004_00002040_9000_2000.tif,82-21,1,4345.0,43.45
O2021_82_20_1_0023_00004975_13000_2000.tif,82-20,2,O2021_82_21_1_0004_00002040_10000_2000.tif,82-21,1,3555.0,35.55
O2021_82_20_1_0023_00004975_13000_3000.tif,82-20,2,O2021_82_21_1_0004_00002040_9000_4000.tif,82-21,1,1155.0,11.55
O2021_82_20_1_0023_00004975_13000_3000.tif,82-20,2,O2021_82_21_1_0004_00002040_10000_4000.tif,82-21,1,945.0,9.45
O2021_82_20_1_0023_00004975_13000_3000.tif,82-20,2,O2021_82_21_1_0004_00002040_10000_3000.tif,82-21,1,3555.0,35.55
O2021_82_20_1_0023_00004975_13000_3000.tif,82-20,2,O2021_82_21_1_0004_00002040_9000_3000.tif,82-21,1,4345.0,43.45
O2021_82_20_1_0023_00004975_13000_4000.tif,82-20,2,O2021_82_21_1_0004_00002040_9000_5000.tif,82-21,1,1155.0,11.55
O2021_82_20_1_0023_00004975_13000_4000.tif,82-20,2,O2021_82_21_1_0004_00002040_10000_5000.tif,82-21,1,945.0,9.45
O2021_82_20_1_0023_00004975_13000_4000.tif,82-20,2,O2021_82_21_1_0004_00002039_10000_0.tif,82-21,1,2106.0,21.06
O2021_82_20_1_0023_00004975_13000_4000.tif,82-20,2,O2021_82_21_1_0004_00002039_9000_0.tif,82-21,1,1794.0,17.94
O2021_82_20_1_0023_00004975_13000_4000.tif,82-20,2,O2021_82_21_1_0004_00002040_9000_4000.tif,82-21,1,4345.0,43.45
O2021_82_20_1_0023_00004975_13000_4000.tif,82-20,2,O2021_82_21_1_0004_00002040_10000_4000.tif,82-21,1,3555.0,35.55
O2021_82_20_1_0023_00004975_13000_5000.tif,82-20,2,O2021_82_21_1_0004_00002040_10000_6000.tif,82-21,1,945.0,9.45
O2021_82_20_1_0023_00004975_13000_5000.tif,82-20,2,O2021_82_21_1_0004_00002040_9000_6000.tif,82-21,1,1155.0,11.55
O2021_82_20_1_0023_00004975_13000_5000.tif,82-20,2,O2021_82_21_1_0004_00002040_9000_5000.tif,82-21,1,4345.0,43.45
O2021_82_20_1_0023_00004975_13000_5000.tif,82-20,2,O2021_82_21_1_0004_00002040_10000_5000.tif,82-21,1,3555.0,35.55
O2021_82_20_1_0023_00004975_13000_5000.tif,82-20,2,O2021_82_21_1_0004_00002039_10000_0.tif,82-21,1,3294.0,32.94
O2021_82_20_1_0023_00004975_13000_5000.tif,82-20,2,O2021_82_21_1_0004_00002039_9000_0.tif,82-21,1,2806.0,28.06
O2021_82_20_1_0023_00004975_13000_6000.tif,82-20,2,O2021_82_21_1_0004_00002040_10000_7000.tif,82-21,1,945.0,9.45
O2021_82_20_1_0023_00004975_13000_6000.tif,82-20,2,O2021_82_21_1_0004_00002040_9000_7000.tif,82-21,1,1155.0,11.55
O2021_82_20_1_0023_00004975_13000_6000.tif,82-20,2,O2021_82_21_1_0004_00002039_10000_2000.tif,82-21,1,2106.0,21.06
O2021_82_20_1_0023_00004975_13000_6000.tif,82-20,2,O2021_82_21_1_0004_00002039_9000_2000.tif,82-21,1,1794.0,17.94
O2021_82_20_1_0023_00004975_13000_6000.tif,82-20,2,O2021_82_21_1_0004_00002040_10000_6000.tif,82-21,1,3555.0,35.55
O2021_82_20_1_0023_00004975_13000_6000.tif,82-20,2,O2021_82_21_1_0004_00002040_9000_6000.tif,82-21,1,4345.0,43.45
O2021_82_20_1_0023_00004975_13000_7000.tif,82-20,2,O2021_82_21_1_0004_00002040_10000_8000.tif,82-21,1,945.0,9.45
O2021_82_20_1_0023_00004975_13000_7000.tif,82-20,2,O2021_82_21_1_0004_00002040_9000_8000.tif,82-21,1,1155.0,11.55
O2021_82_20_1_0023_00004975_13000_7000.tif,82-20,2,O2021_82_21_1_0004_00002039_10000_3000.tif,82-21,1,2106.0,21.06
O2021_82_20_1_0023_00004975_13000_7000.tif,82-20,2,O2021_82_21_1_0004_00002039_9000_3000.tif,82-21,1,1794.0,17.94
O2021_82_20_1_0023_00004975_13000_7000.tif,82-20,2,O2021_82_21_1_0004_00002040_10000_7000.tif,82-21,1,3555.0,35.55
O2021_82_20_1_0023_00004975_13000_7000.tif,82-20,2,O2021_82_21_1_0004_00002040_9000_7000.tif,82-21,1,4345.0,43.45
O2021_82_20_1_0023_00004975_13000_7000.tif,82-20,2,O2021_82_21_1_0004_00002039_10000_2000.tif,82-21,1,3294.0,32.94
O2021_82_20_1_0023_00004975_13000_7000.tif,82-20,2,O2021_82_21_1_0004_00002039_9000_2000.tif,82-21,1,2806.0,28.06
O2021_82_20_1_0023_00004975_13000_8000.tif,82-20,2,O2021_82_21_1_0004_00002040_10000_8000.tif,82-21,1,3555.0,35.55
O2021_82_20_1_0023_00004975_13000_8000.tif,82-20,2,O2021_82_21_1_0004_00002040_9000_8000.tif,82-21,1,4345.0,43.45
O2021_82_20_1_0023_00004975_13000_8000.tif,82-20,2,O2021_82_21_1_0004_00002039_10000_3000.tif,82-21,1,3294.0,32.94
O2021_82_20_1_0023_00004975_13000_8000.tif,82-20,2,O2021_82_21_1_0004_00002039_9000_3000.tif,82-21,1,2806.0,28.06
O2021_82_20_1_0023_00004975_14000_0.tif,82-20,2,O2021_82_21_1_0005_00001868_0_1000.tif,82-21,1,170.0,1.7
O2021_82_20_1_0023_00004975_14000_0.tif,82-20,2,O2021_82_21_1_0004_00002040_11000_1000.tif,82-21,1,945.0,9.45
O2021_82_20_1_0023_00004975_14000_0.tif,82-20,2,O2021_82_21_1_0004_00002040_10000_1000.tif,82-21,1,1155.0,11.55
O2021_82_20_1_0023_00004975_14000_0.tif,82-20,2,O2021_82_21_1_0005_00001868_0_0.tif,82-21,1,1530.0,15.3
O2021_82_20_1_0023_00004975_14000_0.tif,82-20,2,O2021_82_21_1_0004_00002040_10000_0.tif,82-21,1,4345.0,43.45
O2021_82_20_1_0023_00004975_14000_0.tif,82-20,2,O2021_82_21_1_0004_00002040_11000_0.tif,82-21,1,3555.0,35.55
O2021_82_20_1_0023_00004975_14000_1000.tif,82-20,2,O2021_82_21_1_0005_00001868_0_2000.tif,82-21,1,170.0,1.7
O2021_82_20_1_0023_00004975_14000_1000.tif,82-20,2,O2021_82_21_1_0004_00002040_11000_2000.tif,82-21,1,945.0,9.45
O2021_82_20_1_0023_00004975_14000_1000.tif,82-20,2,O2021_82_21_1_0004_00002040_10000_2000.tif,82-21,1,1155.0,11.55
O2021_82_20_1_0023_00004975_14000_1000.tif,82-20,2,O2021_82_21_1_0005_00001868_0_1000.tif,82-21,1,1530.0,15.3
O2021_82_20_1_0023_00004975_14000_1000.tif,82-20,2,O2021_82_21_1_0004_00002040_11000_1000.tif,82-21,1,3555.0,35.55
O2021_82_20_1_0023_00004975_14000_1000.tif,82-20,2,O2021_82_21_1_0004_00002040_10000_1000.tif,82-21,1,4345.0,43.45
O2021_82_20_1_0023_00004975_14000_2000.tif,82-20,2,O2021_82_21_1_0005_00001868_0_3000.tif,82-21,1,170.0,1.7
O2021_82_20_1_0023_00004975_14000_2000.tif,82-20,2,O2021_82_21_1_0004_00002040_10000_3000.tif,82-21,1,1155.0,11.55
O2021_82_20_1_0023_00004975_14000_2000.tif,82-20,2,O2021_82_21_1_0004_00002040_11000_3000.tif,82-21,1,945.0,9.45
O2021_82_20_1_0023_00004975_14000_2000.tif,82-20,2,O2021_82_21_1_0005_00001868_0_2000.tif,82-21,1,1530.0,15.3
O2021_82_20_1_0023_00004975_14000_2000.tif,82-20,2,O2021_82_21_1_0004_00002040_11000_2000.tif,82-21,1,3555.0,35.55
O2021_82_20_1_0023_00004975_14000_2000.tif,82-20,2,O2021_82_21_1_0004_00002040_10000_2000.tif,82-21,1,4345.0,43.45
O2021_82_20_1_0023_00004975_14000_3000.tif,82-20,2,O2021_82_21_1_0005_00001868_0_4000.tif,82-21,1,170.0,1.7
O2021_82_20_1_0023_00004975_14000_3000.tif,82-20,2,O2021_82_21_1_0004_00002040_10000_4000.tif,82-21,1,1155.0,11.55
O2021_82_20_1_0023_00004975_14000_3000.tif,82-20,2,O2021_82_21_1_0004_00002040_11000_4000.tif,82-21,1,945.0,9.45
O2021_82_20_1_0023_00004975_14000_3000.tif,82-20,2,O2021_82_21_1_0005_00001868_0_3000.tif,82-21,1,1530.0,15.3
O2021_82_20_1_0023_00004975_14000_3000.tif,82-20,2,O2021_82_21_1_0004_00002040_10000_3000.tif,82-21,1,4345.0,43.45
O2021_82_20_1_0023_00004975_14000_3000.tif,82-20,2,O2021_82_21_1_0004_00002040_11000_3000.tif,82-21,1,3555.0,35.55
O2021_82_20_1_0023_00004975_14000_4000.tif,82-20,2,O2021_82_21_1_0005_00001868_0_5000.tif,82-21,1,170.0,1.7
O2021_82_20_1_0023_00004975_14000_4000.tif,82-20,2,O2021_82_21_1_0004_00002040_11000_5000.tif,82-21,1,945.0,9.45
O2021_82_20_1_0023_00004975_14000_4000.tif,82-20,2,O2021_82_21_1_0004_00002040_10000_5000.tif,82-21,1,1155.0,11.55
O2021_82_20_1_0023_00004975_14000_4000.tif,82-20,2,O2021_82_21_1_0004_00002039_10000_0.tif,82-21,1,1794.0,17.94
O2021_82_20_1_0023_00004975_14000_4000.tif,82-20,2,O2021_82_21_1_0004_00002039_11000_0.tif,82-21,1,2106.0,21.06
O2021_82_20_1_0023_00004975_14000_4000.tif,82-20,2,O2021_82_21_1_0005_00001868_0_4000.tif,82-21,1,1530.0,15.3
O2021_82_20_1_0023_00004975_14000_4000.tif,82-20,2,O2021_82_21_1_0004_00002040_10000_4000.tif,82-21,1,4345.0,43.45
O2021_82_20_1_0023_00004975_14000_4000.tif,82-20,2,O2021_82_21_1_0004_00002040_11000_4000.tif,82-21,1,3555.0,35.55
O2021_82_20_1_0023_00004975_14000_5000.tif,82-20,2,O2021_82_21_1_0005_00001868_0_6000.tif,82-21,1,170.0,1.7
O2021_82_20_1_0023_00004975_14000_5000.tif,82-20,2,O2021_82_21_1_0004_00002040_10000_6000.tif,82-21,1,1155.0,11.55
O2021_82_20_1_0023_00004975_14000_5000.tif,82-20,2,O2021_82_21_1_0004_00002040_11000_6000.tif,82-21,1,945.0,9.45
O2021_82_20_1_0023_00004975_14000_5000.tif,82-20,2,O2021_82_21_1_0005_00001869_0_0.tif,82-21,1,648.0,6.48
O2021_82_20_1_0023_00004975_14000_5000.tif,82-20,2,O2021_82_21_1_0005_00001868_0_5000.tif,82-21,1,1530.0,15.3
O2021_82_20_1_0023_00004975_14000_5000.tif,82-20,2,O2021_82_21_1_0004_00002040_11000_5000.tif,82-21,1,3555.0,35.55
O2021_82_20_1_0023_00004975_14000_5000.tif,82-20,2,O2021_82_21_1_0004_00002040_10000_5000.tif,82-21,1,4345.0,43.45
O2021_82_20_1_0023_00004975_14000_5000.tif,82-20,2,O2021_82_21_1_0004_00002039_10000_0.tif,82-21,1,2806.0,28.06
O2021_82_20_1_0023_00004975_14000_5000.tif,82-20,2,O2021_82_21_1_0004_00002039_11000_0.tif,82-21,1,3294.0,32.94
O2021_82_20_1_0023_00004975_14000_6000.tif,82-20,2,O2021_82_21_1_0005_00001868_0_7000.tif,82-21,1,170.0,1.7
O2021_82_20_1_0023_00004975_14000_6000.tif,82-20,2,O2021_82_21_1_0004_00002040_10000_7000.tif,82-21,1,1155.0,11.55
O2021_82_20_1_0023_00004975_14000_6000.tif,82-20,2,O2021_82_21_1_0004_00002040_11000_7000.tif,82-21,1,945.0,9.45
O2021_82_20_1_0023_00004975_14000_6000.tif,82-20,2,O2021_82_21_1_0005_00001869_0_1000.tif,82-21,1,648.0,6.48
O2021_82_20_1_0023_00004975_14000_6000.tif,82-20,2,O2021_82_21_1_0004_00002039_10000_2000.tif,82-21,1,1794.0,17.94
O2021_82_20_1_0023_00004975_14000_6000.tif,82-20,2,O2021_82_21_1_0004_00002039_11000_2000.tif,82-21,1,2106.0,21.06
O2021_82_20_1_0023_00004975_14000_6000.tif,82-20,2,O2021_82_21_1_0005_00001868_0_6000.tif,82-21,1,1530.0,15.3
O2021_82_20_1_0023_00004975_14000_6000.tif,82-20,2,O2021_82_21_1_0004_00002040_10000_6000.tif,82-21,1,4345.0,43.45
O2021_82_20_1_0023_00004975_14000_6000.tif,82-20,2,O2021_82_21_1_0004_00002040_11000_6000.tif,82-21,1,3555.0,35.55
O2021_82_20_1_0023_00004975_14000_6000.tif,82-20,2,O2021_82_21_1_0005_00001869_0_0.tif,82-21,1,1152.0,11.52
O2021_82_20_1_0023_00004975_14000_7000.tif,82-20,2,O2021_82_21_1_0005_00001868_0_8000.tif,82-21,1,170.0,1.7
O2021_82_20_1_0023_00004975_14000_7000.tif,82-20,2,O2021_82_21_1_0004_00002040_10000_8000.tif,82-21,1,1155.0,11.55
O2021_82_20_1_0023_00004975_14000_7000.tif,82-20,2,O2021_82_21_1_0004_00002040_11000_8000.tif,82-21,1,945.0,9.45
O2021_82_20_1_0023_00004975_14000_7000.tif,82-20,2,O2021_82_21_1_0005_00001869_0_2000.tif,82-21,1,648.0,6.48
O2021_82_20_1_0023_00004975_14000_7000.tif,82-20,2,O2021_82_21_1_0004_00002039_10000_3000.tif,82-21,1,1794.0,17.94
O2021_82_20_1_0023_00004975_14000_7000.tif,82-20,2,O2021_82_21_1_0004_00002039_11000_3000.tif,82-21,1,2106.0,21.06
O2021_82_20_1_0023_00004975_14000_7000.tif,82-20,2,O2021_82_21_1_0005_00001868_0_7000.tif,82-21,1,1530.0,15.3
O2021_82_20_1_0023_00004975_14000_7000.tif,82-20,2,O2021_82_21_1_0004_00002040_10000_7000.tif,82-21,1,4345.0,43.45
O2021_82_20_1_0023_00004975_14000_7000.tif,82-20,2,O2021_82_21_1_0004_00002040_11000_7000.tif,82-21,1,3555.0,35.55
O2021_82_20_1_0023_00004975_14000_7000.tif,82-20,2,O2021_82_21_1_0005_00001869_0_1000.tif,82-21,1,1152.0,11.52
O2021_82_20_1_0023_00004975_14000_7000.tif,82-20,2,O2021_82_21_1_0004_00002039_10000_2000.tif,82-21,1,2806.0,28.06
O2021_82_20_1_0023_00004975_14000_7000.tif,82-20,2,O2021_82_21_1_0004_00002039_11000_2000.tif,82-21,1,3294.0,32.94
O2021_82_20_1_0023_00004975_14000_8000.tif,82-20,2,O2021_82_21_1_0005_00001868_0_8000.tif,82-21,1,1530.0,15.3
O2021_82_20_1_0023_00004975_14000_8000.tif,82-20,2,O2021_82_21_1_0004_00002040_10000_8000.tif,82-21,1,4345.0,43.45
O2021_82_20_1_0023_00004975_14000_8000.tif,82-20,2,O2021_82_21_1_0004_00002040_11000_8000.tif,82-21,1,3555.0,35.55
O2021_82_20_1_0023_00004975_14000_8000.tif,82-20,2,O2021_82_21_1_0005_00001869_0_2000.tif,82-21,1,1152.0,11.52
O2021_82_20_1_0023_00004975_14000_8000.tif,82-20,2,O2021_82_21_1_0004_00002039_10000_3000.tif,82-21,1,2806.0,28.06
O2021_82_20_1_0023_00004975_14000_8000.tif,82-20,2,O2021_82_21_1_0004_00002039_11000_3000.tif,82-21,1,3294.0,32.94
O2021_82_20_1_0023_00004975_15000_0.tif,82-20,2,O2021_82_21_1_0005_00001868_0_1000.tif,82-21,1,830.0,8.3
O2021_82_20_1_0023_00004975_15000_0.tif,82-20,2,O2021_82_21_1_0004_00002040_11000_1000.tif,82-21,1,1155.0,11.55
O2021_82_20_1_0023_00004975_15000_0.tif,82-20,2,O2021_82_21_1_0005_00001868_1000_1000.tif,82-21,1,170.0,1.7
O2021_82_20_1_0023_00004975_15000_0.tif,82-20,2,O2021_82_21_1_0004_00002040_12000_1000.tif,82-21,1,945.0,9.45
O2021_82_20_1_0023_00004975_15000_0.tif,82-20,2,O2021_82_21_1_0005_00001868_0_0.tif,82-21,1,7470.0,74.7
O2021_82_20_1_0023_00004975_15000_0.tif,82-20,2,O2021_82_21_1_0004_00002040_11000_0.tif,82-21,1,4345.0,43.45
O2021_82_20_1_0023_00004975_15000_0.tif,82-20,2,O2021_82_21_1_0005_00001868_1000_0.tif,82-21,1,1530.0,15.3
O2021_82_20_1_0023_00004975_15000_0.tif,82-20,2,O2021_82_21_1_0004_00002040_12000_0.tif,82-21,1,3555.0,35.55
O2021_82_20_1_0023_00004975_15000_1000.tif,82-20,2,O2021_82_21_1_0005_00001868_0_2000.tif,82-21,1,830.0,8.3
O2021_82_20_1_0023_00004975_15000_1000.tif,82-20,2,O2021_82_21_1_0004_00002040_11000_2000.tif,82-21,1,1155.0,11.55
O2021_82_20_1_0023_00004975_15000_1000.tif,82-20,2,O2021_82_21_1_0005_00001868_0_1000.tif,82-21,1,7470.0,74.7
O2021_82_20_1_0023_00004975_15000_1000.tif,82-20,2,O2021_82_21_1_0004_00002040_11000_1000.tif,82-21,1,4345.0,43.45
O2021_82_20_1_0023_00004975_15000_1000.tif,82-20,2,O2021_82_21_1_0005_00001868_1000_2000.tif,82-21,1,170.0,1.7
O2021_82_20_1_0023_00004975_15000_1000.tif,82-20,2,O2021_82_21_1_0004_00002040_12000_2000.tif,82-21,1,945.0,9.45
O2021_82_20_1_0023_00004975_15000_1000.tif,82-20,2,O2021_82_21_1_0005_00001868_1000_1000.tif,82-21,1,1530.0,15.3
O2021_82_20_1_0023_00004975_15000_1000.tif,82-20,2,O2021_82_21_1_0004_00002040_12000_1000.tif,82-21,1,3555.0,35.55
O2021_82_20_1_0023_00004975_15000_2000.tif,82-20,2,O2021_82_21_1_0005_00001868_1000_3000.tif,82-21,1,170.0,1.7
O2021_82_20_1_0023_00004975_15000_2000.tif,82-20,2,O2021_82_21_1_0004_00002040_12000_3000.tif,82-21,1,945.0,9.45
O2021_82_20_1_0023_00004975_15000_2000.tif,82-20,2,O2021_82_21_1_0005_00001868_0_3000.tif,82-21,1,830.0,8.3
O2021_82_20_1_0023_00004975_15000_2000.tif,82-20,2,O2021_82_21_1_0004_00002040_11000_3000.tif,82-21,1,1155.0,11.55
O2021_82_20_1_0023_00004975_15000_2000.tif,82-20,2,O2021_82_21_1_0005_00001868_0_2000.tif,82-21,1,7470.0,74.7
O2021_82_20_1_0023_00004975_15000_2000.tif,82-20,2,O2021_82_21_1_0004_00002040_11000_2000.tif,82-21,1,4345.0,43.45
O2021_82_20_1_0023_00004975_15000_2000.tif,82-20,2,O2021_82_21_1_0005_00001868_1000_2000.tif,82-21,1,1530.0,15.3
O2021_82_20_1_0023_00004975_15000_2000.tif,82-20,2,O2021_82_21_1_0004_00002040_12000_2000.tif,82-21,1,3555.0,35.55
O2021_82_20_1_0023_00004975_15000_3000.tif,82-20,2,O2021_82_21_1_0005_00001868_0_4000.tif,82-21,1,830.0,8.3
O2021_82_20_1_0023_00004975_15000_3000.tif,82-20,2,O2021_82_21_1_0004_00002040_11000_4000.tif,82-21,1,1155.0,11.55
O2021_82_20_1_0023_00004975_15000_3000.tif,82-20,2,O2021_82_21_1_0005_00001868_1000_4000.tif,82-21,1,170.0,1.7
O2021_82_20_1_0023_00004975_15000_3000.tif,82-20,2,O2021_82_21_1_0004_00002040_12000_4000.tif,82-21,1,945.0,9.45
O2021_82_20_1_0023_00004975_15000_3000.tif,82-20,2,O2021_82_21_1_0005_00001868_1000_3000.tif,82-21,1,1530.0,15.3
O2021_82_20_1_0023_00004975_15000_3000.tif,82-20,2,O2021_82_21_1_0004_00002040_12000_3000.tif,82-21,1,3555.0,35.55
O2021_82_20_1_0023_00004975_15000_3000.tif,82-20,2,O2021_82_21_1_0005_00001868_0_3000.tif,82-21,1,7470.0,74.7
O2021_82_20_1_0023_00004975_15000_3000.tif,82-20,2,O2021_82_21_1_0004_00002040_11000_3000.tif,82-21,1,4345.0,43.45
O2021_82_20_1_0023_00004975_15000_4000.tif,82-20,2,O2021_82_21_1_0005_00001868_1000_5000.tif,82-21,1,170.0,1.7
O2021_82_20_1_0023_00004975_15000_4000.tif,82-20,2,O2021_82_21_1_0004_00002040_12000_5000.tif,82-21,1,945.0,9.45
O2021_82_20_1_0023_00004975_15000_4000.tif,82-20,2,O2021_82_21_1_0005_00001868_0_5000.tif,82-21,1,830.0,8.3
O2021_82_20_1_0023_00004975_15000_4000.tif,82-20,2,O2021_82_21_1_0004_00002040_11000_5000.tif,82-21,1,1155.0,11.55
O2021_82_20_1_0023_00004975_15000_4000.tif,82-20,2,O2021_82_21_1_0004_00002039_11000_0.tif,82-21,1,1794.0,17.94
O2021_82_20_1_0023_00004975_15000_4000.tif,82-20,2,O2021_82_21_1_0005_00001868_0_4000.tif,82-21,1,7470.0,74.7
O2021_82_20_1_0023_00004975_15000_4000.tif,82-20,2,O2021_82_21_1_0004_00002040_11000_4000.tif,82-21,1,4345.0,43.45
O2021_82_20_1_0023_00004975_15000_4000.tif,82-20,2,O2021_82_21_1_0004_00002039_12000_0.tif,82-21,1,2106.0,21.06
O2021_82_20_1_0023_00004975_15000_4000.tif,82-20,2,O2021_82_21_1_0005_00001868_1000_4000.tif,82-21,1,1530.0,15.3
O2021_82_20_1_0023_00004975_15000_4000.tif,82-20,2,O2021_82_21_1_0004_00002040_12000_4000.tif,82-21,1,3555.0,35.55
O2021_82_20_1_0023_00004975_15000_5000.tif,82-20,2,O2021_82_21_1_0005_00001868_0_6000.tif,82-21,1,830.0,8.3
O2021_82_20_1_0023_00004975_15000_5000.tif,82-20,2,O2021_82_21_1_0004_00002040_11000_6000.tif,82-21,1,1155.0,11.55
O2021_82_20_1_0023_00004975_15000_5000.tif,82-20,2,O2021_82_21_1_0005_00001868_1000_6000.tif,82-21,1,170.0,1.7
O2021_82_20_1_0023_00004975_15000_5000.tif,82-20,2,O2021_82_21_1_0004_00002040_12000_6000.tif,82-21,1,945.0,9.45
O2021_82_20_1_0023_00004975_15000_5000.tif,82-20,2,O2021_82_21_1_0005_00001869_1000_0.tif,82-21,1,648.0,6.48
O2021_82_20_1_0023_00004975_15000_5000.tif,82-20,2,O2021_82_21_1_0005_00001868_1000_5000.tif,82-21,1,1530.0,15.3
O2021_82_20_1_0023_00004975_15000_5000.tif,82-20,2,O2021_82_21_1_0004_00002040_12000_5000.tif,82-21,1,3555.0,35.55
O2021_82_20_1_0023_00004975_15000_5000.tif,82-20,2,O2021_82_21_1_0005_00001869_0_0.tif,82-21,1,2952.0,29.52
O2021_82_20_1_0023_00004975_15000_5000.tif,82-20,2,O2021_82_21_1_0005_00001868_0_5000.tif,82-21,1,7470.0,74.7
O2021_82_20_1_0023_00004975_15000_5000.tif,82-20,2,O2021_82_21_1_0004_00002040_11000_5000.tif,82-21,1,4345.0,43.45
O2021_82_20_1_0023_00004975_15000_5000.tif,82-20,2,O2021_82_21_1_0004_00002039_11000_0.tif,82-21,1,2806.0,28.06
O2021_82_20_1_0023_00004975_15000_5000.tif,82-20,2,O2021_82_21_1_0004_00002039_12000_0.tif,82-21,1,3294.0,32.94
O2021_82_20_1_0023_00004975_15000_6000.tif,82-20,2,O2021_82_21_1_0005_00001868_1000_7000.tif,82-21,1,170.0,1.7
O2021_82_20_1_0023_00004975_15000_6000.tif,82-20,2,O2021_82_21_1_0004_00002040_12000_7000.tif,82-21,1,945.0,9.45
O2021_82_20_1_0023_00004975_15000_6000.tif,82-20,2,O2021_82_21_1_0005_00001869_1000_1000.tif,82-21,1,648.0,6.48
O2021_82_20_1_0023_00004975_15000_6000.tif,82-20,2,O2021_82_21_1_0005_00001868_0_7000.tif,82-21,1,830.0,8.3
O2021_82_20_1_0023_00004975_15000_6000.tif,82-20,2,O2021_82_21_1_0004_00002040_11000_7000.tif,82-21,1,1155.0,11.55
O2021_82_20_1_0023_00004975_15000_6000.tif,82-20,2,O2021_82_21_1_0005_00001869_0_1000.tif,82-21,1,2952.0,29.52
O2021_82_20_1_0023_00004975_15000_6000.tif,82-20,2,O2021_82_21_1_0004_00002039_11000_2000.tif,82-21,1,1794.0,17.94
O2021_82_20_1_0023_00004975_15000_6000.tif,82-20,2,O2021_82_21_1_0005_00001868_0_6000.tif,82-21,1,7470.0,74.7
O2021_82_20_1_0023_00004975_15000_6000.tif,82-20,2,O2021_82_21_1_0004_00002040_11000_6000.tif,82-21,1,4345.0,43.45
O2021_82_20_1_0023_00004975_15000_6000.tif,82-20,2,O2021_82_21_1_0004_00002039_12000_2000.tif,82-21,1,2106.0,21.06
O2021_82_20_1_0023_00004975_15000_6000.tif,82-20,2,O2021_82_21_1_0005_00001868_1000_6000.tif,82-21,1,1530.0,15.3
O2021_82_20_1_0023_00004975_15000_6000.tif,82-20,2,O2021_82_21_1_0004_00002040_12000_6000.tif,82-21,1,3555.0,35.55
O2021_82_20_1_0023_00004975_15000_6000.tif,82-20,2,O2021_82_21_1_0005_00001869_1000_0.tif,82-21,1,1152.0,11.52
O2021_82_20_1_0023_00004975_15000_6000.tif,82-20,2,O2021_82_21_1_0005_00001869_0_0.tif,82-21,1,5248.0,52.48
O2021_82_20_1_0023_00004975_15000_7000.tif,82-20,2,O2021_82_21_1_0005_00001868_1000_8000.tif,82-21,1,170.0,1.7
O2021_82_20_1_0023_00004975_15000_7000.tif,82-20,2,O2021_82_21_1_0004_00002040_12000_8000.tif,82-21,1,945.0,9.45
O2021_82_20_1_0023_00004975_15000_7000.tif,82-20,2,O2021_82_21_1_0005_00001869_1000_2000.tif,82-21,1,648.0,6.48
O2021_82_20_1_0023_00004975_15000_7000.tif,82-20,2,O2021_82_21_1_0004_00002039_12000_3000.tif,82-21,1,2106.0,21.06
O2021_82_20_1_0023_00004975_15000_7000.tif,82-20,2,O2021_82_21_1_0005_00001868_1000_7000.tif,82-21,1,1530.0,15.3
O2021_82_20_1_0023_00004975_15000_7000.tif,82-20,2,O2021_82_21_1_0004_00002040_12000_7000.tif,82-21,1,3555.0,35.55
O2021_82_20_1_0023_00004975_15000_7000.tif,82-20,2,O2021_82_21_1_0005_00001869_1000_1000.tif,82-21,1,1152.0,11.52
O2021_82_20_1_0023_00004975_15000_7000.tif,82-20,2,O2021_82_21_1_0005_00001868_0_8000.tif,82-21,1,830.0,8.3
O2021_82_20_1_0023_00004975_15000_7000.tif,82-20,2,O2021_82_21_1_0004_00002040_11000_8000.tif,82-21,1,1155.0,11.55
O2021_82_20_1_0023_00004975_15000_7000.tif,82-20,2,O2021_82_21_1_0005_00001869_0_2000.tif,82-21,1,2952.0,29.52
O2021_82_20_1_0023_00004975_15000_7000.tif,82-20,2,O2021_82_21_1_0004_00002039_11000_3000.tif,82-21,1,1794.0,17.94
O2021_82_20_1_0023_00004975_15000_7000.tif,82-20,2,O2021_82_21_1_0005_00001868_0_7000.tif,82-21,1,7470.0,74.7
O2021_82_20_1_0023_00004975_15000_7000.tif,82-20,2,O2021_82_21_1_0004_00002040_11000_7000.tif,82-21,1,4345.0,43.45
O2021_82_20_1_0023_00004975_15000_7000.tif,82-20,2,O2021_82_21_1_0005_00001869_0_1000.tif,82-21,1,5248.0,52.48
O2021_82_20_1_0023_00004975_15000_7000.tif,82-20,2,O2021_82_21_1_0004_00002039_11000_2000.tif,82-21,1,2806.0,28.06
O2021_82_20_1_0023_00004975_15000_7000.tif,82-20,2,O2021_82_21_1_0004_00002039_12000_2000.tif,82-21,1,3294.0,32.94
O2021_82_20_1_0023_00004975_15000_8000.tif,82-20,2,O2021_82_21_1_0005_00001868_1000_8000.tif,82-21,1,1530.0,15.3
O2021_82_20_1_0023_00004975_15000_8000.tif,82-20,2,O2021_82_21_1_0004_00002040_12000_8000.tif,82-21,1,3555.0,35.55
O2021_82_20_1_0023_00004975_15000_8000.tif,82-20,2,O2021_82_21_1_0005_00001869_1000_2000.tif,82-21,1,1152.0,11.52
O2021_82_20_1_0023_00004975_15000_8000.tif,82-20,2,O2021_82_21_1_0004_00002039_12000_3000.tif,82-21,1,3294.0,32.94
O2021_82_20_1_0023_00004975_15000_8000.tif,82-20,2,O2021_82_21_1_0005_00001868_0_8000.tif,82-21,1,7470.0,74.7
O2021_82_20_1_0023_00004975_15000_8000.tif,82-20,2,O2021_82_21_1_0004_00002040_11000_8000.tif,82-21,1,4345.0,43.45
O2021_82_20_1_0023_00004975_15000_8000.tif,82-20,2,O2021_82_21_1_0005_00001869_0_2000.tif,82-21,1,5248.0,52.48
O2021_82_20_1_0023_00004975_15000_8000.tif,82-20,2,O2021_82_21_1_0004_00002039_11000_3000.tif,82-21,1,2806.0,28.06
O2021_82_20_1_0023_00004975_16000_0.tif,82-20,2,O2021_82_21_1_0005_00001868_1000_1000.tif,82-21,1,830.0,8.3
O2021_82_20_1_0023_00004975_16000_0.tif,82-20,2,O2021_82_21_1_0005_00001868_2000_1000.tif,82-21,1,170.0,1.7
O2021_82_20_1_0023_00004975_16000_0.tif,82-20,2,O2021_82_21_1_0004_00002040_13000_1000.tif,82-21,1,945.0,9.45
O2021_82_20_1_0023_00004975_16000_0.tif,82-20,2,O2021_82_21_1_0004_00002040_12000_1000.tif,82-21,1,1155.0,11.55
O2021_82_20_1_0023_00004975_16000_0.tif,82-20,2,O2021_82_21_1_0005_00001868_1000_0.tif,82-21,1,7470.0,74.7
O2021_82_20_1_0023_00004975_16000_0.tif,82-20,2,O2021_82_21_1_0005_00001868_2000_0.tif,82-21,1,1530.0,15.3
O2021_82_20_1_0023_00004975_16000_0.tif,82-20,2,O2021_82_21_1_0004_00002040_13000_0.tif,82-21,1,3555.0,35.55
O2021_82_20_1_0023_00004975_16000_0.tif,82-20,2,O2021_82_21_1_0004_00002040_12000_0.tif,82-21,1,4345.0,43.45
O2021_82_20_1_0023_00004975_16000_1000.tif,82-20,2,O2021_82_21_1_0005_00001868_1000_2000.tif,82-21,1,830.0,8.3
O2021_82_20_1_0023_00004975_16000_1000.tif,82-20,2,O2021_82_21_1_0005_00001868_2000_2000.tif,82-21,1,170.0,1.7
O2021_82_20_1_0023_00004975_16000_1000.tif,82-20,2,O2021_82_21_1_0004_00002040_12000_2000.tif,82-21,1,1155.0,11.55
O2021_82_20_1_0023_00004975_16000_1000.tif,82-20,2,O2021_82_21_1_0004_00002040_13000_2000.tif,82-21,1,945.0,9.45
O2021_82_20_1_0023_00004975_16000_1000.tif,82-20,2,O2021_82_21_1_0005_00001868_1000_1000.tif,82-21,1,7470.0,74.7
O2021_82_20_1_0023_00004975_16000_1000.tif,82-20,2,O2021_82_21_1_0005_00001868_2000_1000.tif,82-21,1,1530.0,15.3
O2021_82_20_1_0023_00004975_16000_1000.tif,82-20,2,O2021_82_21_1_0004_00002040_13000_1000.tif,82-21,1,3555.0,35.55
O2021_82_20_1_0023_00004975_16000_1000.tif,82-20,2,O2021_82_21_1_0004_00002040_12000_1000.tif,82-21,1,4345.0,43.45
O2021_82_20_1_0023_00004975_16000_2000.tif,82-20,2,O2021_82_21_1_0005_00001868_2000_3000.tif,82-21,1,170.0,1.7
O2021_82_20_1_0023_00004975_16000_2000.tif,82-20,2,O2021_82_21_1_0005_00001868_1000_3000.tif,82-21,1,830.0,8.3
O2021_82_20_1_0023_00004975_16000_2000.tif,82-20,2,O2021_82_21_1_0004_00002040_13000_3000.tif,82-21,1,945.0,9.45
O2021_82_20_1_0023_00004975_16000_2000.tif,82-20,2,O2021_82_21_1_0004_00002040_12000_3000.tif,82-21,1,1155.0,11.55
O2021_82_20_1_0023_00004975_16000_2000.tif,82-20,2,O2021_82_21_1_0005_00001868_1000_2000.tif,82-21,1,7470.0,74.7
O2021_82_20_1_0023_00004975_16000_2000.tif,82-20,2,O2021_82_21_1_0005_00001868_2000_2000.tif,82-21,1,1530.0,15.3
O2021_82_20_1_0023_00004975_16000_2000.tif,82-20,2,O2021_82_21_1_0004_00002040_12000_2000.tif,82-21,1,4345.0,43.45
O2021_82_20_1_0023_00004975_16000_2000.tif,82-20,2,O2021_82_21_1_0004_00002040_13000_2000.tif,82-21,1,3555.0,35.55
O2021_82_20_1_0023_00004975_16000_3000.tif,82-20,2,O2021_82_21_1_0005_00001868_2000_4000.tif,82-21,1,170.0,1.7
O2021_82_20_1_0023_00004975_16000_3000.tif,82-20,2,O2021_82_21_1_0005_00001868_1000_4000.tif,82-21,1,830.0,8.3
O2021_82_20_1_0023_00004975_16000_3000.tif,82-20,2,O2021_82_21_1_0004_00002040_12000_4000.tif,82-21,1,1155.0,11.55
O2021_82_20_1_0023_00004975_16000_3000.tif,82-20,2,O2021_82_21_1_0004_00002040_13000_4000.tif,82-21,1,945.0,9.45
O2021_82_20_1_0023_00004975_16000_3000.tif,82-20,2,O2021_82_21_1_0005_00001868_2000_3000.tif,82-21,1,1530.0,15.3
O2021_82_20_1_0023_00004975_16000_3000.tif,82-20,2,O2021_82_21_1_0005_00001868_1000_3000.tif,82-21,1,7470.0,74.7
O2021_82_20_1_0023_00004975_16000_3000.tif,82-20,2,O2021_82_21_1_0004_00002040_13000_3000.tif,82-21,1,3555.0,35.55
O2021_82_20_1_0023_00004975_16000_3000.tif,82-20,2,O2021_82_21_1_0004_00002040_12000_3000.tif,82-21,1,4345.0,43.45
O2021_82_20_1_0023_00004975_16000_4000.tif,82-20,2,O2021_82_21_1_0005_00001868_2000_5000.tif,82-21,1,170.0,1.7
O2021_82_20_1_0023_00004975_16000_4000.tif,82-20,2,O2021_82_21_1_0005_00001868_1000_5000.tif,82-21,1,830.0,8.3
O2021_82_20_1_0023_00004975_16000_4000.tif,82-20,2,O2021_82_21_1_0004_00002040_12000_5000.tif,82-21,1,1155.0,11.55
O2021_82_20_1_0023_00004975_16000_4000.tif,82-20,2,O2021_82_21_1_0004_00002040_13000_5000.tif,82-21,1,945.0,9.45
O2021_82_20_1_0023_00004975_16000_4000.tif,82-20,2,O2021_82_21_1_0004_00002039_13000_0.tif,82-21,1,2106.0,21.06
O2021_82_20_1_0023_00004975_16000_4000.tif,82-20,2,O2021_82_21_1_0004_00002039_12000_0.tif,82-21,1,1794.0,17.94
O2021_82_20_1_0023_00004975_16000_4000.tif,82-20,2,O2021_82_21_1_0005_00001868_2000_4000.tif,82-21,1,1530.0,15.3
O2021_82_20_1_0023_00004975_16000_4000.tif,82-20,2,O2021_82_21_1_0005_00001868_1000_4000.tif,82-21,1,7470.0,74.7
O2021_82_20_1_0023_00004975_16000_4000.tif,82-20,2,O2021_82_21_1_0004_00002040_12000_4000.tif,82-21,1,4345.0,43.45
O2021_82_20_1_0023_00004975_16000_4000.tif,82-20,2,O2021_82_21_1_0004_00002040_13000_4000.tif,82-21,1,3555.0,35.55
O2021_82_20_1_0023_00004975_16000_5000.tif,82-20,2,O2021_82_21_1_0005_00001868_2000_6000.tif,82-21,1,170.0,1.7
O2021_82_20_1_0023_00004975_16000_5000.tif,82-20,2,O2021_82_21_1_0005_00001868_1000_6000.tif,82-21,1,830.0,8.3
O2021_82_20_1_0023_00004975_16000_5000.tif,82-20,2,O2021_82_21_1_0004_00002040_13000_6000.tif,82-21,1,945.0,9.45
O2021_82_20_1_0023_00004975_16000_5000.tif,82-20,2,O2021_82_21_1_0004_00002040_12000_6000.tif,82-21,1,1155.0,11.55
O2021_82_20_1_0023_00004975_16000_5000.tif,82-20,2,O2021_82_21_1_0005_00001869_1000_0.tif,82-21,1,2952.0,29.52
O2021_82_20_1_0023_00004975_16000_5000.tif,82-20,2,O2021_82_21_1_0005_00001869_2000_0.tif,82-21,1,648.0,6.48
O2021_82_20_1_0023_00004975_16000_5000.tif,82-20,2,O2021_82_21_1_0005_00001868_2000_5000.tif,82-21,1,1530.0,15.3
O2021_82_20_1_0023_00004975_16000_5000.tif,82-20,2,O2021_82_21_1_0005_00001868_1000_5000.tif,82-21,1,7470.0,74.7
O2021_82_20_1_0023_00004975_16000_5000.tif,82-20,2,O2021_82_21_1_0004_00002040_12000_5000.tif,82-21,1,4345.0,43.45
O2021_82_20_1_0023_00004975_16000_5000.tif,82-20,2,O2021_82_21_1_0004_00002040_13000_5000.tif,82-21,1,3555.0,35.55
O2021_82_20_1_0023_00004975_16000_5000.tif,82-20,2,O2021_82_21_1_0004_00002039_13000_0.tif,82-21,1,3294.0,32.94
O2021_82_20_1_0023_00004975_16000_5000.tif,82-20,2,O2021_82_21_1_0004_00002039_12000_0.tif,82-21,1,2806.0,28.06
O2021_82_20_1_0023_00004975_16000_6000.tif,82-20,2,O2021_82_21_1_0005_00001868_1000_7000.tif,82-21,1,830.0,8.3
O2021_82_20_1_0023_00004975_16000_6000.tif,82-20,2,O2021_82_21_1_0005_00001868_2000_7000.tif,82-21,1,170.0,1.7
O2021_82_20_1_0023_00004975_16000_6000.tif,82-20,2,O2021_82_21_1_0004_00002040_13000_7000.tif,82-21,1,945.0,9.45
O2021_82_20_1_0023_00004975_16000_6000.tif,82-20,2,O2021_82_21_1_0004_00002040_12000_7000.tif,82-21,1,1155.0,11.55
O2021_82_20_1_0023_00004975_16000_6000.tif,82-20,2,O2021_82_21_1_0005_00001869_2000_1000.tif,82-21,1,648.0,6.48
O2021_82_20_1_0023_00004975_16000_6000.tif,82-20,2,O2021_82_21_1_0005_00001869_1000_1000.tif,82-21,1,2952.0,29.52
O2021_82_20_1_0023_00004975_16000_6000.tif,82-20,2,O2021_82_21_1_0004_00002039_13000_2000.tif,82-21,1,2106.0,21.06
O2021_82_20_1_0023_00004975_16000_6000.tif,82-20,2,O2021_82_21_1_0004_00002039_12000_2000.tif,82-21,1,1794.0,17.94
O2021_82_20_1_0023_00004975_16000_6000.tif,82-20,2,O2021_82_21_1_0005_00001868_2000_6000.tif,82-21,1,1530.0,15.3
O2021_82_20_1_0023_00004975_16000_6000.tif,82-20,2,O2021_82_21_1_0005_00001868_1000_6000.tif,82-21,1,7470.0,74.7
O2021_82_20_1_0023_00004975_16000_6000.tif,82-20,2,O2021_82_21_1_0004_00002040_13000_6000.tif,82-21,1,3555.0,35.55
O2021_82_20_1_0023_00004975_16000_6000.tif,82-20,2,O2021_82_21_1_0004_00002040_12000_6000.tif,82-21,1,4345.0,43.45
O2021_82_20_1_0023_00004975_16000_6000.tif,82-20,2,O2021_82_21_1_0005_00001869_1000_0.tif,82-21,1,5248.0,52.48
O2021_82_20_1_0023_00004975_16000_6000.tif,82-20,2,O2021_82_21_1_0005_00001869_2000_0.tif,82-21,1,1152.0,11.52
O2021_82_20_1_0023_00004975_16000_7000.tif,82-20,2,O2021_82_21_1_0005_00001868_1000_8000.tif,82-21,1,830.0,8.3
O2021_82_20_1_0023_00004975_16000_7000.tif,82-20,2,O2021_82_21_1_0005_00001868_2000_8000.tif,82-21,1,170.0,1.7
O2021_82_20_1_0023_00004975_16000_7000.tif,82-20,2,O2021_82_21_1_0004_00002040_12000_8000.tif,82-21,1,1155.0,11.55
O2021_82_20_1_0023_00004975_16000_7000.tif,82-20,2,O2021_82_21_1_0004_00002040_13000_8000.tif,82-21,1,945.0,9.45
O2021_82_20_1_0023_00004975_16000_7000.tif,82-20,2,O2021_82_21_1_0005_00001869_2000_2000.tif,82-21,1,648.0,6.48
O2021_82_20_1_0023_00004975_16000_7000.tif,82-20,2,O2021_82_21_1_0005_00001869_1000_2000.tif,82-21,1,2952.0,29.52
O2021_82_20_1_0023_00004975_16000_7000.tif,82-20,2,O2021_82_21_1_0004_00002039_13000_3000.tif,82-21,1,2106.0,21.06
O2021_82_20_1_0023_00004975_16000_7000.tif,82-20,2,O2021_82_21_1_0004_00002039_12000_3000.tif,82-21,1,1794.0,17.94
O2021_82_20_1_0023_00004975_16000_7000.tif,82-20,2,O2021_82_21_1_0005_00001868_1000_7000.tif,82-21,1,7470.0,74.7
O2021_82_20_1_0023_00004975_16000_7000.tif,82-20,2,O2021_82_21_1_0005_00001868_2000_7000.tif,82-21,1,1530.0,15.3
O2021_82_20_1_0023_00004975_16000_7000.tif,82-20,2,O2021_82_21_1_0004_00002040_13000_7000.tif,82-21,1,3555.0,35.55
O2021_82_20_1_0023_00004975_16000_7000.tif,82-20,2,O2021_82_21_1_0004_00002040_12000_7000.tif,82-21,1,4345.0,43.45
O2021_82_20_1_0023_00004975_16000_7000.tif,82-20,2,O2021_82_21_1_0005_00001869_2000_1000.tif,82-21,1,1152.0,11.52
O2021_82_20_1_0023_00004975_16000_7000.tif,82-20,2,O2021_82_21_1_0005_00001869_1000_1000.tif,82-21,1,5248.0,52.48
O2021_82_20_1_0023_00004975_16000_7000.tif,82-20,2,O2021_82_21_1_0004_00002039_13000_2000.tif,82-21,1,3294.0,32.94
O2021_82_20_1_0023_00004975_16000_7000.tif,82-20,2,O2021_82_21_1_0004_00002039_12000_2000.tif,82-21,1,2806.0,28.06
O2021_82_20_1_0023_00004975_16000_8000.tif,82-20,2,O2021_82_21_1_0005_00001868_1000_8000.tif,82-21,1,7470.0,74.7
O2021_82_20_1_0023_00004975_16000_8000.tif,82-20,2,O2021_82_21_1_0005_00001868_2000_8000.tif,82-21,1,1530.0,15.3
O2021_82_20_1_0023_00004975_16000_8000.tif,82-20,2,O2021_82_21_1_0004_00002040_12000_8000.tif,82-21,1,4345.0,43.45
O2021_82_20_1_0023_00004975_16000_8000.tif,82-20,2,O2021_82_21_1_0004_00002040_13000_8000.tif,82-21,1,3555.0,35.55
O2021_82_20_1_0023_00004975_16000_8000.tif,82-20,2,O2021_82_21_1_0005_00001869_2000_2000.tif,82-21,1,1152.0,11.52
O2021_82_20_1_0023_00004975_16000_8000.tif,82-20,2,O2021_82_21_1_0005_00001869_1000_2000.tif,82-21,1,5248.0,52.48
O2021_82_20_1_0023_00004975_16000_8000.tif,82-20,2,O2021_82_21_1_0004_00002039_13000_3000.tif,82-21,1,3294.0,32.94
O2021_82_20_1_0023_00004975_16000_8000.tif,82-20,2,O2021_82_21_1_0004_00002039_12000_3000.tif,82-21,1,2806.0,28.06
O2021_82_20_1_0023_00004975_6000_0.tif,82-20,2,O2021_82_21_1_0004_00002040_2000_1000.tif,82-21,1,1155.0,11.55
O2021_82_20_1_0023_00004975_6000_0.tif,82-20,2,O2021_82_21_1_0004_00002040_3000_1000.tif,82-21,1,945.0,9.45
O2021_82_20_1_0023_00004975_6000_0.tif,82-20,2,O2021_82_21_1_0004_00002040_3000_0.tif,82-21,1,3555.0,35.55
O2021_82_20_1_0023_00004975_6000_1000.tif,82-20,2,O2021_82_21_1_0004_00002040_3000_2000.tif,82-21,1,945.0,9.45
O2021_82_20_1_0023_00004975_6000_1000.tif,82-20,2,O2021_82_21_1_0004_00002040_2000_1000.tif,82-21,1,4345.0,43.45
O2021_82_20_1_0023_00004975_6000_1000.tif,82-20,2,O2021_82_21_1_0004_00002040_3000_1000.tif,82-21,1,3555.0,35.55
O2021_82_20_1_0023_00004975_6000_2000.tif,82-20,2,O2021_82_21_1_0004_00002040_3000_3000.tif,82-21,1,945.0,9.45
O2021_82_20_1_0023_00004975_6000_2000.tif,82-20,2,O2021_82_21_1_0004_00002040_3000_2000.tif,82-21,1,3555.0,35.55
O2021_82_20_1_0023_00004975_6000_3000.tif,82-20,2,O2021_82_21_1_0004_00002040_3000_4000.tif,82-21,1,945.0,9.45
O2021_82_20_1_0023_00004975_6000_3000.tif,82-20,2,O2021_82_21_1_0004_00002040_3000_3000.tif,82-21,1,3555.0,35.55
O2021_82_20_1_0023_00004975_6000_4000.tif,82-20,2,O2021_82_21_1_0004_00002040_3000_5000.tif,82-21,1,945.0,9.45
O2021_82_20_1_0023_00004975_6000_4000.tif,82-20,2,O2021_82_21_1_0004_00002039_3000_0.tif,82-21,1,2106.0,21.06
O2021_82_20_1_0023_00004975_6000_4000.tif,82-20,2,O2021_82_21_1_0004_00002040_3000_4000.tif,82-21,1,3555.0,35.55
O2021_82_20_1_0023_00004975_6000_5000.tif,82-20,2,O2021_82_21_1_0004_00002040_3000_6000.tif,82-21,1,945.0,9.45
O2021_82_20_1_0023_00004975_6000_5000.tif,82-20,2,O2021_82_21_1_0004_00002040_3000_5000.tif,82-21,1,3555.0,35.55
O2021_82_20_1_0023_00004975_6000_5000.tif,82-20,2,O2021_82_21_1_0004_00002039_3000_0.tif,82-21,1,3294.0,32.94
O2021_82_20_1_0023_00004975_6000_6000.tif,82-20,2,O2021_82_21_1_0004_00002040_3000_7000.tif,82-21,1,945.0,9.45
O2021_82_20_1_0023_00004975_6000_6000.tif,82-20,2,O2021_82_21_1_0004_00002039_3000_2000.tif,82-21,1,2106.0,21.06
O2021_82_20_1_0023_00004975_6000_6000.tif,82-20,2,O2021_82_21_1_0004_00002040_3000_6000.tif,82-21,1,3555.0,35.55
O2021_82_20_1_0023_00004975_6000_7000.tif,82-20,2,O2021_82_21_1_0004_00002040_3000_8000.tif,82-21,1,945.0,9.45
O2021_82_20_1_0023_00004975_6000_7000.tif,82-20,2,O2021_82_21_1_0004_00002039_3000_3000.tif,82-21,1,2106.0,21.06
O2021_82_20_1_0023_00004975_6000_7000.tif,82-20,2,O2021_82_21_1_0004_00002040_3000_7000.tif,82-21,1,3555.0,35.55
O2021_82_20_1_0023_00004975_6000_7000.tif,82-20,2,O2021_82_21_1_0004_00002039_3000_2000.tif,82-21,1,3294.0,32.94
O2021_82_20_1_0023_00004975_6000_8000.tif,82-20,2,O2021_82_21_1_0004_00002040_3000_8000.tif,82-21,1,3555.0,35.55
O2021_82_20_1_0023_00004975_6000_8000.tif,82-20,2,O2021_82_21_1_0004_00002039_3000_3000.tif,82-21,1,3294.0,32.94
O2021_82_20_1_0023_00004975_7000_0.tif,82-20,2,O2021_82_21_1_0004_00002040_4000_1000.tif,82-21,1,945.0,9.45
O2021_82_20_1_0023_00004975_7000_0.tif,82-20,2,O2021_82_21_1_0004_00002040_3000_1000.tif,82-21,1,1155.0,11.55
O2021_82_20_1_0023_00004975_7000_0.tif,82-20,2,O2021_82_21_1_0004_00002040_3000_0.tif,82-21,1,4345.0,43.45
O2021_82_20_1_0023_00004975_7000_0.tif,82-20,2,O2021_82_21_1_0004_00002040_4000_0.tif,82-21,1,3555.0,35.55
O2021_82_20_1_0023_00004975_7000_1000.tif,82-20,2,O2021_82_21_1_0004_00002040_3000_2000.tif,82-21,1,1155.0,11.55
O2021_82_20_1_0023_00004975_7000_1000.tif,82-20,2,O2021_82_21_1_0004_00002040_4000_2000.tif,82-21,1,945.0,9.45
O2021_82_20_1_0023_00004975_7000_1000.tif,82-20,2,O2021_82_21_1_0004_00002040_4000_1000.tif,82-21,1,3555.0,35.55
O2021_82_20_1_0023_00004975_7000_1000.tif,82-20,2,O2021_82_21_1_0004_00002040_3000_1000.tif,82-21,1,4345.0,43.45
O2021_82_20_1_0023_00004975_7000_2000.tif,82-20,2,O2021_82_21_1_0004_00002040_3000_3000.tif,82-21,1,1155.0,11.55
O2021_82_20_1_0023_00004975_7000_2000.tif,82-20,2,O2021_82_21_1_0004_00002040_4000_3000.tif,82-21,1,945.0,9.45
O2021_82_20_1_0023_00004975_7000_2000.tif,82-20,2,O2021_82_21_1_0004_00002040_3000_2000.tif,82-21,1,4345.0,43.45
O2021_82_20_1_0023_00004975_7000_2000.tif,82-20,2,O2021_82_21_1_0004_00002040_4000_2000.tif,82-21,1,3555.0,35.55
O2021_82_20_1_0023_00004975_7000_3000.tif,82-20,2,O2021_82_21_1_0004_00002040_4000_4000.tif,82-21,1,945.0,9.45
O2021_82_20_1_0023_00004975_7000_3000.tif,82-20,2,O2021_82_21_1_0004_00002040_3000_4000.tif,82-21,1,1155.0,11.55
O2021_82_20_1_0023_00004975_7000_3000.tif,82-20,2,O2021_82_21_1_0004_00002040_3000_3000.tif,82-21,1,4345.0,43.45
O2021_82_20_1_0023_00004975_7000_3000.tif,82-20,2,O2021_82_21_1_0004_00002040_4000_3000.tif,82-21,1,3555.0,35.55
O2021_82_20_1_0023_00004975_7000_4000.tif,82-20,2,O2021_82_21_1_0004_00002040_4000_5000.tif,82-21,1,945.0,9.45
O2021_82_20_1_0023_00004975_7000_4000.tif,82-20,2,O2021_82_21_1_0004_00002040_3000_5000.tif,82-21,1,1155.0,11.55
O2021_82_20_1_0023_00004975_7000_4000.tif,82-20,2,O2021_82_21_1_0004_00002039_3000_0.tif,82-21,1,1794.0,17.94
O2021_82_20_1_0023_00004975_7000_4000.tif,82-20,2,O2021_82_21_1_0004_00002039_4000_0.tif,82-21,1,2106.0,21.06
O2021_82_20_1_0023_00004975_7000_4000.tif,82-20,2,O2021_82_21_1_0004_00002040_4000_4000.tif,82-21,1,3555.0,35.55
O2021_82_20_1_0023_00004975_7000_4000.tif,82-20,2,O2021_82_21_1_0004_00002040_3000_4000.tif,82-21,1,4345.0,43.45
O2021_82_20_1_0023_00004975_7000_5000.tif,82-20,2,O2021_82_21_1_0004_00002040_3000_6000.tif,82-21,1,1155.0,11.55
O2021_82_20_1_0023_00004975_7000_5000.tif,82-20,2,O2021_82_21_1_0004_00002040_4000_6000.tif,82-21,1,945.0,9.45
O2021_82_20_1_0023_00004975_7000_5000.tif,82-20,2,O2021_82_21_1_0004_00002040_4000_5000.tif,82-21,1,3555.0,35.55
O2021_82_20_1_0023_00004975_7000_5000.tif,82-20,2,O2021_82_21_1_0004_00002040_3000_5000.tif,82-21,1,4345.0,43.45
O2021_82_20_1_0023_00004975_7000_5000.tif,82-20,2,O2021_82_21_1_0004_00002039_3000_0.tif,82-21,1,2806.0,28.06
O2021_82_20_1_0023_00004975_7000_5000.tif,82-20,2,O2021_82_21_1_0004_00002039_4000_0.tif,82-21,1,3294.0,32.94
O2021_82_20_1_0023_00004975_7000_6000.tif,82-20,2,O2021_82_21_1_0004_00002040_3000_7000.tif,82-21,1,1155.0,11.55
O2021_82_20_1_0023_00004975_7000_6000.tif,82-20,2,O2021_82_21_1_0004_00002040_4000_7000.tif,82-21,1,945.0,9.45
O2021_82_20_1_0023_00004975_7000_6000.tif,82-20,2,O2021_82_21_1_0004_00002039_4000_2000.tif,82-21,1,2106.0,21.06
O2021_82_20_1_0023_00004975_7000_6000.tif,82-20,2,O2021_82_21_1_0004_00002039_3000_2000.tif,82-21,1,1794.0,17.94
O2021_82_20_1_0023_00004975_7000_6000.tif,82-20,2,O2021_82_21_1_0004_00002040_3000_6000.tif,82-21,1,4345.0,43.45
O2021_82_20_1_0023_00004975_7000_6000.tif,82-20,2,O2021_82_21_1_0004_00002040_4000_6000.tif,82-21,1,3555.0,35.55
O2021_82_20_1_0023_00004975_7000_7000.tif,82-20,2,O2021_82_21_1_0004_00002040_3000_8000.tif,82-21,1,1155.0,11.55
O2021_82_20_1_0023_00004975_7000_7000.tif,82-20,2,O2021_82_21_1_0004_00002040_4000_8000.tif,82-21,1,945.0,9.45
O2021_82_20_1_0023_00004975_7000_7000.tif,82-20,2,O2021_82_21_1_0004_00002039_3000_3000.tif,82-21,1,1794.0,17.94
O2021_82_20_1_0023_00004975_7000_7000.tif,82-20,2,O2021_82_21_1_0004_00002039_4000_3000.tif,82-21,1,2106.0,21.06
O2021_82_20_1_0023_00004975_7000_7000.tif,82-20,2,O2021_82_21_1_0004_00002040_3000_7000.tif,82-21,1,4345.0,43.45
O2021_82_20_1_0023_00004975_7000_7000.tif,82-20,2,O2021_82_21_1_0004_00002040_4000_7000.tif,82-21,1,3555.0,35.55
O2021_82_20_1_0023_00004975_7000_7000.tif,82-20,2,O2021_82_21_1_0004_00002039_4000_2000.tif,82-21,1,3294.0,32.94
O2021_82_20_1_0023_00004975_7000_7000.tif,82-20,2,O2021_82_21_1_0004_00002039_3000_2000.tif,82-21,1,2806.0,28.06
O2021_82_20_1_0023_00004975_7000_8000.tif,82-20,2,O2021_82_21_1_0004_00002040_3000_8000.tif,82-21,1,4345.0,43.45
O2021_82_20_1_0023_00004975_7000_8000.tif,82-20,2,O2021_82_21_1_0004_00002040_4000_8000.tif,82-21,1,3555.0,35.55
O2021_82_20_1_0023_00004975_7000_8000.tif,82-20,2,O2021_82_21_1_0004_00002039_3000_3000.tif,82-21,1,2806.0,28.06
O2021_82_20_1_0023_00004975_7000_8000.tif,82-20,2,O2021_82_21_1_0004_00002039_4000_3000.tif,82-21,1,3294.0,32.94
O2021_82_20_1_0023_00004975_8000_0.tif,82-20,2,O2021_82_21_1_0004_00002040_5000_1000.tif,82-21,1,945.0,9.45
O2021_82_20_1_0023_00004975_8000_0.tif,82-20,2,O2021_82_21_1_0004_00002040_4000_1000.tif,82-21,1,1155.0,11.55
O2021_82_20_1_0023_00004975_8000_0.tif,82-20,2,O2021_82_21_1_0004_00002040_4000_0.tif,82-21,1,4345.0,43.45
O2021_82_20_1_0023_00004975_8000_0.tif,82-20,2,O2021_82_21_1_0004_00002040_5000_0.tif,82-21,1,3555.0,35.55
O2021_82_20_1_0023_00004975_8000_1000.tif,82-20,2,O2021_82_21_1_0004_00002040_4000_2000.tif,82-21,1,1155.0,11.55
O2021_82_20_1_0023_00004975_8000_1000.tif,82-20,2,O2021_82_21_1_0004_00002040_5000_2000.tif,82-21,1,945.0,9.45
O2021_82_20_1_0023_00004975_8000_1000.tif,82-20,2,O2021_82_21_1_0004_00002040_5000_1000.tif,82-21,1,3555.0,35.55
O2021_82_20_1_0023_00004975_8000_1000.tif,82-20,2,O2021_82_21_1_0004_00002040_4000_1000.tif,82-21,1,4345.0,43.45
O2021_82_20_1_0023_00004975_8000_2000.tif,82-20,2,O2021_82_21_1_0004_00002040_5000_3000.tif,82-21,1,945.0,9.45
O2021_82_20_1_0023_00004975_8000_2000.tif,82-20,2,O2021_82_21_1_0004_00002040_4000_3000.tif,82-21,1,1155.0,11.55
O2021_82_20_1_0023_00004975_8000_2000.tif,82-20,2,O2021_82_21_1_0004_00002040_4000_2000.tif,82-21,1,4345.0,43.45
O2021_82_20_1_0023_00004975_8000_2000.tif,82-20,2,O2021_82_21_1_0004_00002040_5000_2000.tif,82-21,1,3555.0,35.55
O2021_82_20_1_0023_00004975_8000_3000.tif,82-20,2,O2021_82_21_1_0004_00002040_5000_4000.tif,82-21,1,945.0,9.45
O2021_82_20_1_0023_00004975_8000_3000.tif,82-20,2,O2021_82_21_1_0004_00002040_4000_4000.tif,82-21,1,1155.0,11.55
O2021_82_20_1_0023_00004975_8000_3000.tif,82-20,2,O2021_82_21_1_0004_00002040_5000_3000.tif,82-21,1,3555.0,35.55
O2021_82_20_1_0023_00004975_8000_3000.tif,82-20,2,O2021_82_21_1_0004_00002040_4000_3000.tif,82-21,1,4345.0,43.45
O2021_82_20_1_0023_00004975_8000_4000.tif,82-20,2,O2021_82_21_1_0004_00002040_4000_5000.tif,82-21,1,1155.0,11.55
O2021_82_20_1_0023_00004975_8000_4000.tif,82-20,2,O2021_82_21_1_0004_00002040_5000_5000.tif,82-21,1,945.0,9.45
O2021_82_20_1_0023_00004975_8000_4000.tif,82-20,2,O2021_82_21_1_0004_00002039_5000_0.tif,82-21,1,2106.0,21.06
O2021_82_20_1_0023_00004975_8000_4000.tif,82-20,2,O2021_82_21_1_0004_00002039_4000_0.tif,82-21,1,1794.0,17.94
O2021_82_20_1_0023_00004975_8000_4000.tif,82-20,2,O2021_82_21_1_0004_00002040_5000_4000.tif,82-21,1,3555.0,35.55
O2021_82_20_1_0023_00004975_8000_4000.tif,82-20,2,O2021_82_21_1_0004_00002040_4000_4000.tif,82-21,1,4345.0,43.45
O2021_82_20_1_0023_00004975_8000_5000.tif,82-20,2,O2021_82_21_1_0004_00002040_5000_6000.tif,82-21,1,945.0,9.45
O2021_82_20_1_0023_00004975_8000_5000.tif,82-20,2,O2021_82_21_1_0004_00002040_4000_6000.tif,82-21,1,1155.0,11.55
O2021_82_20_1_0023_00004975_8000_5000.tif,82-20,2,O2021_82_21_1_0004_00002040_4000_5000.tif,82-21,1,4345.0,43.45
O2021_82_20_1_0023_00004975_8000_5000.tif,82-20,2,O2021_82_21_1_0004_00002040_5000_5000.tif,82-21,1,3555.0,35.55
O2021_82_20_1_0023_00004975_8000_5000.tif,82-20,2,O2021_82_21_1_0004_00002039_5000_0.tif,82-21,1,3294.0,32.94
O2021_82_20_1_0023_00004975_8000_5000.tif,82-20,2,O2021_82_21_1_0004_00002039_4000_0.tif,82-21,1,2806.0,28.06
O2021_82_20_1_0023_00004975_8000_6000.tif,82-20,2,O2021_82_21_1_0004_00002040_5000_7000.tif,82-21,1,945.0,9.45
O2021_82_20_1_0023_00004975_8000_6000.tif,82-20,2,O2021_82_21_1_0004_00002040_4000_7000.tif,82-21,1,1155.0,11.55
O2021_82_20_1_0023_00004975_8000_6000.tif,82-20,2,O2021_82_21_1_0004_00002039_4000_2000.tif,82-21,1,1794.0,17.94
O2021_82_20_1_0023_00004975_8000_6000.tif,82-20,2,O2021_82_21_1_0004_00002039_5000_2000.tif,82-21,1,2106.0,21.06
O2021_82_20_1_0023_00004975_8000_6000.tif,82-20,2,O2021_82_21_1_0004_00002040_5000_6000.tif,82-21,1,3555.0,35.55
O2021_82_20_1_0023_00004975_8000_6000.tif,82-20,2,O2021_82_21_1_0004_00002040_4000_6000.tif,82-21,1,4345.0,43.45
O2021_82_20_1_0023_00004975_8000_7000.tif,82-20,2,O2021_82_21_1_0004_00002040_5000_8000.tif,82-21,1,945.0,9.45
O2021_82_20_1_0023_00004975_8000_7000.tif,82-20,2,O2021_82_21_1_0004_00002040_4000_8000.tif,82-21,1,1155.0,11.55
O2021_82_20_1_0023_00004975_8000_7000.tif,82-20,2,O2021_82_21_1_0004_00002039_5000_3000.tif,82-21,1,2106.0,21.06
O2021_82_20_1_0023_00004975_8000_7000.tif,82-20,2,O2021_82_21_1_0004_00002039_4000_3000.tif,82-21,1,1794.0,17.94
O2021_82_20_1_0023_00004975_8000_7000.tif,82-20,2,O2021_82_21_1_0004_00002040_5000_7000.tif,82-21,1,3555.0,35.55
O2021_82_20_1_0023_00004975_8000_7000.tif,82-20,2,O2021_82_21_1_0004_00002040_4000_7000.tif,82-21,1,4345.0,43.45
O2021_82_20_1_0023_00004975_8000_7000.tif,82-20,2,O2021_82_21_1_0004_00002039_4000_2000.tif,82-21,1,2806.0,28.06
O2021_82_20_1_0023_00004975_8000_7000.tif,82-20,2,O2021_82_21_1_0004_00002039_5000_2000.tif,82-21,1,3294.0,32.94
O2021_82_20_1_0023_00004975_8000_8000.tif,82-20,2,O2021_82_21_1_0004_00002040_5000_8000.tif,82-21,1,3555.0,35.55
O2021_82_20_1_0023_00004975_8000_8000.tif,82-20,2,O2021_82_21_1_0004_00002040_4000_8000.tif,82-21,1,4345.0,43.45
O2021_82_20_1_0023_00004975_8000_8000.tif,82-20,2,O2021_82_21_1_0004_00002039_5000_3000.tif,82-21,1,3294.0,32.94
O2021_82_20_1_0023_00004975_8000_8000.tif,82-20,2,O2021_82_21_1_0004_00002039_4000_3000.tif,82-21,1,2806.0,28.06
O2021_82_20_1_0023_00004975_9000_0.tif,82-20,2,O2021_82_21_1_0004_00002040_5000_1000.tif,82-21,1,1155.0,11.55
O2021_82_20_1_0023_00004975_9000_0.tif,82-20,2,O2021_82_21_1_0004_00002040_6000_1000.tif,82-21,1,945.0,9.45
O2021_82_20_1_0023_00004975_9000_0.tif,82-20,2,O2021_82_21_1_0004_00002040_6000_0.tif,82-21,1,3555.0,35.55
O2021_82_20_1_0023_00004975_9000_0.tif,82-20,2,O2021_82_21_1_0004_00002040_5000_0.tif,82-21,1,4345.0,43.45
O2021_82_20_1_0023_00004975_9000_1000.tif,82-20,2,O2021_82_21_1_0004_00002040_6000_2000.tif,82-21,1,945.0,9.45
O2021_82_20_1_0023_00004975_9000_1000.tif,82-20,2,O2021_82_21_1_0004_00002040_5000_2000.tif,82-21,1,1155.0,11.55
O2021_82_20_1_0023_00004975_9000_1000.tif,82-20,2,O2021_82_21_1_0004_00002040_5000_1000.tif,82-21,1,4345.0,43.45
O2021_82_20_1_0023_00004975_9000_1000.tif,82-20,2,O2021_82_21_1_0004_00002040_6000_1000.tif,82-21,1,3555.0,35.55
O2021_82_20_1_0023_00004975_9000_2000.tif,82-20,2,O2021_82_21_1_0004_00002040_6000_3000.tif,82-21,1,945.0,9.45
O2021_82_20_1_0023_00004975_9000_2000.tif,82-20,2,O2021_82_21_1_0004_00002040_5000_3000.tif,82-21,1,1155.0,11.55
O2021_82_20_1_0023_00004975_9000_2000.tif,82-20,2,O2021_82_21_1_0004_00002040_6000_2000.tif,82-21,1,3555.0,35.55
O2021_82_20_1_0023_00004975_9000_2000.tif,82-20,2,O2021_82_21_1_0004_00002040_5000_2000.tif,82-21,1,4345.0,43.45
O2021_82_20_1_0023_00004975_9000_3000.tif,82-20,2,O2021_82_21_1_0004_00002040_5000_4000.tif,82-21,1,1155.0,11.55
O2021_82_20_1_0023_00004975_9000_3000.tif,82-20,2,O2021_82_21_1_0004_00002040_6000_4000.tif,82-21,1,945.0,9.45
O2021_82_20_1_0023_00004975_9000_3000.tif,82-20,2,O2021_82_21_1_0004_00002040_6000_3000.tif,82-21,1,3555.0,35.55
O2021_82_20_1_0023_00004975_9000_3000.tif,82-20,2,O2021_82_21_1_0004_00002040_5000_3000.tif,82-21,1,4345.0,43.45
O2021_82_20_1_0023_00004975_9000_4000.tif,82-20,2,O2021_82_21_1_0004_00002040_6000_5000.tif,82-21,1,945.0,9.45
O2021_82_20_1_0023_00004975_9000_4000.tif,82-20,2,O2021_82_21_1_0004_00002040_5000_5000.tif,82-21,1,1155.0,11.55
O2021_82_20_1_0023_00004975_9000_4000.tif,82-20,2,O2021_82_21_1_0004_00002039_5000_0.tif,82-21,1,1794.0,17.94
O2021_82_20_1_0023_00004975_9000_4000.tif,82-20,2,O2021_82_21_1_0004_00002039_6000_0.tif,82-21,1,2106.0,21.06
O2021_82_20_1_0023_00004975_9000_4000.tif,82-20,2,O2021_82_21_1_0004_00002040_5000_4000.tif,82-21,1,4345.0,43.45
O2021_82_20_1_0023_00004975_9000_4000.tif,82-20,2,O2021_82_21_1_0004_00002040_6000_4000.tif,82-21,1,3555.0,35.55
O2021_82_20_1_0023_00004975_9000_5000.tif,82-20,2,O2021_82_21_1_0004_00002040_6000_6000.tif,82-21,1,945.0,9.45
O2021_82_20_1_0023_00004975_9000_5000.tif,82-20,2,O2021_82_21_1_0004_00002040_5000_6000.tif,82-21,1,1155.0,11.55
O2021_82_20_1_0023_00004975_9000_5000.tif,82-20,2,O2021_82_21_1_0004_00002040_6000_5000.tif,82-21,1,3555.0,35.55
O2021_82_20_1_0023_00004975_9000_5000.tif,82-20,2,O2021_82_21_1_0004_00002040_5000_5000.tif,82-21,1,4345.0,43.45
O2021_82_20_1_0023_00004975_9000_5000.tif,82-20,2,O2021_82_21_1_0004_00002039_5000_0.tif,82-21,1,2806.0,28.06
O2021_82_20_1_0023_00004975_9000_5000.tif,82-20,2,O2021_82_21_1_0004_00002039_6000_0.tif,82-21,1,3294.0,32.94
O2021_82_20_1_0023_00004975_9000_6000.tif,82-20,2,O2021_82_21_1_0004_00002040_6000_7000.tif,82-21,1,945.0,9.45
O2021_82_20_1_0023_00004975_9000_6000.tif,82-20,2,O2021_82_21_1_0004_00002040_5000_7000.tif,82-21,1,1155.0,11.55
O2021_82_20_1_0023_00004975_9000_6000.tif,82-20,2,O2021_82_21_1_0004_00002039_5000_2000.tif,82-21,1,1794.0,17.94
O2021_82_20_1_0023_00004975_9000_6000.tif,82-20,2,O2021_82_21_1_0004_00002039_6000_2000.tif,82-21,1,2106.0,21.06
O2021_82_20_1_0023_00004975_9000_6000.tif,82-20,2,O2021_82_21_1_0004_00002040_6000_6000.tif,82-21,1,3555.0,35.55
O2021_82_20_1_0023_00004975_9000_6000.tif,82-20,2,O2021_82_21_1_0004_00002040_5000_6000.tif,82-21,1,4345.0,43.45
O2021_82_20_1_0023_00004975_9000_7000.tif,82-20,2,O2021_82_21_1_0004_00002040_5000_8000.tif,82-21,1,1155.0,11.55
O2021_82_20_1_0023_00004975_9000_7000.tif,82-20,2,O2021_82_21_1_0004_00002040_6000_8000.tif,82-21,1,945.0,9.45
O2021_82_20_1_0023_00004975_9000_7000.tif,82-20,2,O2021_82_21_1_0004_00002039_5000_3000.tif,82-21,1,1794.0,17.94
O2021_82_20_1_0023_00004975_9000_7000.tif,82-20,2,O2021_82_21_1_0004_00002039_6000_3000.tif,82-21,1,2106.0,21.06
O2021_82_20_1_0023_00004975_9000_7000.tif,82-20,2,O2021_82_21_1_0004_00002040_6000_7000.tif,82-21,1,3555.0,35.55
O2021_82_20_1_0023_00004975_9000_7000.tif,82-20,2,O2021_82_21_1_0004_00002040_5000_7000.tif,82-21,1,4345.0,43.45
O2021_82_20_1_0023_00004975_9000_7000.tif,82-20,2,O2021_82_21_1_0004_00002039_5000_2000.tif,82-21,1,2806.0,28.06
O2021_82_20_1_0023_00004975_9000_7000.tif,82-20,2,O2021_82_21_1_0004_00002039_6000_2000.tif,82-21,1,3294.0,32.94
O2021_82_20_1_0023_00004975_9000_8000.tif,82-20,2,O2021_82_21_1_0004_00002040_5000_8000.tif,82-21,1,4345.0,43.45
O2021_82_20_1_0023_00004975_9000_8000.tif,82-20,2,O2021_82_21_1_0004_00002040_6000_8000.tif,82-21,1,3555.0,35.55
O2021_82_20_1_0023_00004975_9000_8000.tif,82-20,2,O2021_82_21_1_0004_00002039_5000_3000.tif,82-21,1,2806.0,28.06
O2021_82_20_1_0023_00004975_9000_8000.tif,82-20,2,O2021_82_21_1_0004_00002039_6000_3000.tif,82-21,1,3294.0,32.94
O2021_82_20_1_0023_00004976_10000_0.tif,82-20,2,O2021_82_21_1_0004_00002040_6000_6000.tif,82-21,1,3024.0,30.24
O2021_82_20_1_0023_00004976_10000_0.tif,82-20,2,O2021_82_21_1_0004_00002040_7000_6000.tif,82-21,1,2376.0,23.76
O2021_82_20_1_0023_00004976_10000_0.tif,82-20,2,O2021_82_21_1_0004_00002040_6000_5000.tif,82-21,1,2576.0,25.76
O2021_82_20_1_0023_00004976_10000_0.tif,82-20,2,O2021_82_21_1_0004_00002040_7000_5000.tif,82-21,1,2024.0,20.24
O2021_82_20_1_0023_00004976_10000_0.tif,82-20,2,O2021_82_21_1_0004_00002039_6000_0.tif,82-21,1,1316.0,13.16
O2021_82_20_1_0023_00004976_10000_0.tif,82-20,2,O2021_82_21_1_0004_00002039_7000_0.tif,82-21,1,1484.0,14.84
O2021_82_20_1_0023_00004976_10000_1000.tif,82-20,2,O2021_82_21_1_0004_00002040_6000_7000.tif,82-21,1,3024.0,30.24
O2021_82_20_1_0023_00004976_10000_1000.tif,82-20,2,O2021_82_21_1_0004_00002040_7000_7000.tif,82-21,1,2376.0,23.76
O2021_82_20_1_0023_00004976_10000_1000.tif,82-20,2,O2021_82_21_1_0004_00002039_6000_2000.tif,82-21,1,3384.0,33.84
O2021_82_20_1_0023_00004976_10000_1000.tif,82-20,2,O2021_82_21_1_0004_00002039_7000_2000.tif,82-21,1,3816.0,38.16
O2021_82_20_1_0023_00004976_10000_1000.tif,82-20,2,O2021_82_21_1_0004_00002040_6000_6000.tif,82-21,1,2576.0,25.76
O2021_82_20_1_0023_00004976_10000_1000.tif,82-20,2,O2021_82_21_1_0004_00002040_7000_6000.tif,82-21,1,2024.0,20.24
O2021_82_20_1_0023_00004976_10000_2000.tif,82-20,2,O2021_82_21_1_0004_00002040_6000_8000.tif,82-21,1,3024.0,30.24
O2021_82_20_1_0023_00004976_10000_2000.tif,82-20,2,O2021_82_21_1_0004_00002040_7000_8000.tif,82-21,1,2376.0,23.76
O2021_82_20_1_0023_00004976_10000_2000.tif,82-20,2,O2021_82_21_1_0004_00002039_6000_3000.tif,82-21,1,3384.0,33.84
O2021_82_20_1_0023_00004976_10000_2000.tif,82-20,2,O2021_82_21_1_0004_00002039_7000_3000.tif,82-21,1,3816.0,38.16
O2021_82_20_1_0023_00004976_10000_2000.tif,82-20,2,O2021_82_21_1_0004_00002040_6000_7000.tif,82-21,1,2576.0,25.76
O2021_82_20_1_0023_00004976_10000_2000.tif,82-20,2,O2021_82_21_1_0004_00002040_7000_7000.tif,82-21,1,2024.0,20.24
O2021_82_20_1_0023_00004976_10000_2000.tif,82-20,2,O2021_82_21_1_0004_00002039_6000_2000.tif,82-21,1,1316.0,13.16
O2021_82_20_1_0023_00004976_10000_2000.tif,82-20,2,O2021_82_21_1_0004_00002039_7000_2000.tif,82-21,1,1484.0,14.84
O2021_82_20_1_0023_00004976_10000_3000.tif,82-20,2,O2021_82_21_1_0004_00002040_6000_8000.tif,82-21,1,2576.0,25.76
O2021_82_20_1_0023_00004976_10000_3000.tif,82-20,2,O2021_82_21_1_0004_00002040_7000_8000.tif,82-21,1,2024.0,20.24
O2021_82_20_1_0023_00004976_10000_3000.tif,82-20,2,O2021_82_21_1_0004_00002039_6000_3000.tif,82-21,1,1316.0,13.16
O2021_82_20_1_0023_00004976_10000_3000.tif,82-20,2,O2021_82_21_1_0004_00002039_7000_3000.tif,82-21,1,1484.0,14.84
O2021_82_20_1_0023_00004976_11000_0.tif,82-20,2,O2021_82_21_1_0004_00002040_8000_6000.tif,82-21,1,2376.0,23.76
O2021_82_20_1_0023_00004976_11000_0.tif,82-20,2,O2021_82_21_1_0004_00002040_7000_6000.tif,82-21,1,3024.0,30.24
O2021_82_20_1_0023_00004976_11000_0.tif,82-20,2,O2021_82_21_1_0004_00002040_8000_5000.tif,82-21,1,2024.0,20.24
O2021_82_20_1_0023_00004976_11000_0.tif,82-20,2,O2021_82_21_1_0004_00002040_7000_5000.tif,82-21,1,2576.0,25.76
O2021_82_20_1_0023_00004976_11000_0.tif,82-20,2,O2021_82_21_1_0004_00002039_8000_0.tif,82-21,1,1484.0,14.84
O2021_82_20_1_0023_00004976_11000_0.tif,82-20,2,O2021_82_21_1_0004_00002039_7000_0.tif,82-21,1,1316.0,13.16
O2021_82_20_1_0023_00004976_11000_1000.tif,82-20,2,O2021_82_21_1_0004_00002040_8000_7000.tif,82-21,1,2376.0,23.76
O2021_82_20_1_0023_00004976_11000_1000.tif,82-20,2,O2021_82_21_1_0004_00002040_7000_7000.tif,82-21,1,3024.0,30.24
O2021_82_20_1_0023_00004976_11000_1000.tif,82-20,2,O2021_82_21_1_0004_00002039_8000_2000.tif,82-21,1,3816.0,38.16
O2021_82_20_1_0023_00004976_11000_1000.tif,82-20,2,O2021_82_21_1_0004_00002039_7000_2000.tif,82-21,1,3384.0,33.84
O2021_82_20_1_0023_00004976_11000_1000.tif,82-20,2,O2021_82_21_1_0004_00002040_8000_6000.tif,82-21,1,2024.0,20.24
O2021_82_20_1_0023_00004976_11000_1000.tif,82-20,2,O2021_82_21_1_0004_00002040_7000_6000.tif,82-21,1,2576.0,25.76
O2021_82_20_1_0023_00004976_11000_2000.tif,82-20,2,O2021_82_21_1_0004_00002040_8000_8000.tif,82-21,1,2376.0,23.76
O2021_82_20_1_0023_00004976_11000_2000.tif,82-20,2,O2021_82_21_1_0004_00002040_7000_8000.tif,82-21,1,3024.0,30.24
O2021_82_20_1_0023_00004976_11000_2000.tif,82-20,2,O2021_82_21_1_0004_00002039_8000_3000.tif,82-21,1,3816.0,38.16
O2021_82_20_1_0023_00004976_11000_2000.tif,82-20,2,O2021_82_21_1_0004_00002039_7000_3000.tif,82-21,1,3384.0,33.84
O2021_82_20_1_0023_00004976_11000_2000.tif,82-20,2,O2021_82_21_1_0004_00002040_8000_7000.tif,82-21,1,2024.0,20.24
O2021_82_20_1_0023_00004976_11000_2000.tif,82-20,2,O2021_82_21_1_0004_00002040_7000_7000.tif,82-21,1,2576.0,25.76
O2021_82_20_1_0023_00004976_11000_2000.tif,82-20,2,O2021_82_21_1_0004_00002039_8000_2000.tif,82-21,1,1484.0,14.84
O2021_82_20_1_0023_00004976_11000_2000.tif,82-20,2,O2021_82_21_1_0004_00002039_7000_2000.tif,82-21,1,1316.0,13.16
O2021_82_20_1_0023_00004976_11000_3000.tif,82-20,2,O2021_82_21_1_0004_00002040_8000_8000.tif,82-21,1,2024.0,20.24
O2021_82_20_1_0023_00004976_11000_3000.tif,82-20,2,O2021_82_21_1_0004_00002040_7000_8000.tif,82-21,1,2576.0,25.76
O2021_82_20_1_0023_00004976_11000_3000.tif,82-20,2,O2021_82_21_1_0004_00002039_8000_3000.tif,82-21,1,1484.0,14.84
O2021_82_20_1_0023_00004976_11000_3000.tif,82-20,2,O2021_82_21_1_0004_00002039_7000_3000.tif,82-21,1,1316.0,13.16
O2021_82_20_1_0023_00004976_12000_0.tif,82-20,2,O2021_82_21_1_0004_00002040_8000_6000.tif,82-21,1,3024.0,30.24
O2021_82_20_1_0023_00004976_12000_0.tif,82-20,2,O2021_82_21_1_0004_00002040_9000_6000.tif,82-21,1,2376.0,23.76
O2021_82_20_1_0023_00004976_12000_0.tif,82-20,2,O2021_82_21_1_0004_00002040_9000_5000.tif,82-21,1,2024.0,20.24
O2021_82_20_1_0023_00004976_12000_0.tif,82-20,2,O2021_82_21_1_0004_00002040_8000_5000.tif,82-21,1,2576.0,25.76
O2021_82_20_1_0023_00004976_12000_0.tif,82-20,2,O2021_82_21_1_0004_00002039_8000_0.tif,82-21,1,1316.0,13.16
O2021_82_20_1_0023_00004976_12000_0.tif,82-20,2,O2021_82_21_1_0004_00002039_9000_0.tif,82-21,1,1484.0,14.84
O2021_82_20_1_0023_00004976_12000_1000.tif,82-20,2,O2021_82_21_1_0004_00002040_8000_7000.tif,82-21,1,3024.0,30.24
O2021_82_20_1_0023_00004976_12000_1000.tif,82-20,2,O2021_82_21_1_0004_00002040_9000_7000.tif,82-21,1,2376.0,23.76
O2021_82_20_1_0023_00004976_12000_1000.tif,82-20,2,O2021_82_21_1_0004_00002039_8000_2000.tif,82-21,1,3384.0,33.84
O2021_82_20_1_0023_00004976_12000_1000.tif,82-20,2,O2021_82_21_1_0004_00002039_9000_2000.tif,82-21,1,3816.0,38.16
O2021_82_20_1_0023_00004976_12000_1000.tif,82-20,2,O2021_82_21_1_0004_00002040_8000_6000.tif,82-21,1,2576.0,25.76
O2021_82_20_1_0023_00004976_12000_1000.tif,82-20,2,O2021_82_21_1_0004_00002040_9000_6000.tif,82-21,1,2024.0,20.24
O2021_82_20_1_0023_00004976_12000_2000.tif,82-20,2,O2021_82_21_1_0004_00002040_9000_8000.tif,82-21,1,2376.0,23.76
O2021_82_20_1_0023_00004976_12000_2000.tif,82-20,2,O2021_82_21_1_0004_00002040_8000_8000.tif,82-21,1,3024.0,30.24
O2021_82_20_1_0023_00004976_12000_2000.tif,82-20,2,O2021_82_21_1_0004_00002039_8000_3000.tif,82-21,1,3384.0,33.84
O2021_82_20_1_0023_00004976_12000_2000.tif,82-20,2,O2021_82_21_1_0004_00002039_9000_3000.tif,82-21,1,3816.0,38.16
O2021_82_20_1_0023_00004976_12000_2000.tif,82-20,2,O2021_82_21_1_0004_00002040_8000_7000.tif,82-21,1,2576.0,25.76
O2021_82_20_1_0023_00004976_12000_2000.tif,82-20,2,O2021_82_21_1_0004_00002040_9000_7000.tif,82-21,1,2024.0,20.24
O2021_82_20_1_0023_00004976_12000_2000.tif,82-20,2,O2021_82_21_1_0004_00002039_8000_2000.tif,82-21,1,1316.0,13.16
O2021_82_20_1_0023_00004976_12000_2000.tif,82-20,2,O2021_82_21_1_0004_00002039_9000_2000.tif,82-21,1,1484.0,14.84
O2021_82_20_1_0023_00004976_12000_3000.tif,82-20,2,O2021_82_21_1_0004_00002040_9000_8000.tif,82-21,1,2024.0,20.24
O2021_82_20_1_0023_00004976_12000_3000.tif,82-20,2,O2021_82_21_1_0004_00002040_8000_8000.tif,82-21,1,2576.0,25.76
O2021_82_20_1_0023_00004976_12000_3000.tif,82-20,2,O2021_82_21_1_0004_00002039_8000_3000.tif,82-21,1,1316.0,13.16
O2021_82_20_1_0023_00004976_12000_3000.tif,82-20,2,O2021_82_21_1_0004_00002039_9000_3000.tif,82-21,1,1484.0,14.84
O2021_82_20_1_0023_00004976_13000_0.tif,82-20,2,O2021_82_21_1_0004_00002040_10000_6000.tif,82-21,1,2376.0,23.76
O2021_82_20_1_0023_00004976_13000_0.tif,82-20,2,O2021_82_21_1_0004_00002040_9000_6000.tif,82-21,1,3024.0,30.24
O2021_82_20_1_0023_00004976_13000_0.tif,82-20,2,O2021_82_21_1_0004_00002040_9000_5000.tif,82-21,1,2576.0,25.76
O2021_82_20_1_0023_00004976_13000_0.tif,82-20,2,O2021_82_21_1_0004_00002040_10000_5000.tif,82-21,1,2024.0,20.24
O2021_82_20_1_0023_00004976_13000_0.tif,82-20,2,O2021_82_21_1_0004_00002039_10000_0.tif,82-21,1,1484.0,14.84
O2021_82_20_1_0023_00004976_13000_0.tif,82-20,2,O2021_82_21_1_0004_00002039_9000_0.tif,82-21,1,1316.0,13.16
O2021_82_20_1_0023_00004976_13000_1000.tif,82-20,2,O2021_82_21_1_0004_00002040_10000_7000.tif,82-21,1,2376.0,23.76
O2021_82_20_1_0023_00004976_13000_1000.tif,82-20,2,O2021_82_21_1_0004_00002040_9000_7000.tif,82-21,1,3024.0,30.24
O2021_82_20_1_0023_00004976_13000_1000.tif,82-20,2,O2021_82_21_1_0004_00002039_10000_2000.tif,82-21,1,3816.0,38.16
O2021_82_20_1_0023_00004976_13000_1000.tif,82-20,2,O2021_82_21_1_0004_00002039_9000_2000.tif,82-21,1,3384.0,33.84
O2021_82_20_1_0023_00004976_13000_1000.tif,82-20,2,O2021_82_21_1_0004_00002040_10000_6000.tif,82-21,1,2024.0,20.24
O2021_82_20_1_0023_00004976_13000_1000.tif,82-20,2,O2021_82_21_1_0004_00002040_9000_6000.tif,82-21,1,2576.0,25.76
O2021_82_20_1_0023_00004976_13000_2000.tif,82-20,2,O2021_82_21_1_0004_00002040_10000_8000.tif,82-21,1,2376.0,23.76
O2021_82_20_1_0023_00004976_13000_2000.tif,82-20,2,O2021_82_21_1_0004_00002040_9000_8000.tif,82-21,1,3024.0,30.24
O2021_82_20_1_0023_00004976_13000_2000.tif,82-20,2,O2021_82_21_1_0004_00002039_10000_3000.tif,82-21,1,3816.0,38.16
O2021_82_20_1_0023_00004976_13000_2000.tif,82-20,2,O2021_82_21_1_0004_00002039_9000_3000.tif,82-21,1,3384.0,33.84
O2021_82_20_1_0023_00004976_13000_2000.tif,82-20,2,O2021_82_21_1_0004_00002040_10000_7000.tif,82-21,1,2024.0,20.24
O2021_82_20_1_0023_00004976_13000_2000.tif,82-20,2,O2021_82_21_1_0004_00002040_9000_7000.tif,82-21,1,2576.0,25.76
O2021_82_20_1_0023_00004976_13000_2000.tif,82-20,2,O2021_82_21_1_0004_00002039_10000_2000.tif,82-21,1,1484.0,14.84
O2021_82_20_1_0023_00004976_13000_2000.tif,82-20,2,O2021_82_21_1_0004_00002039_9000_2000.tif,82-21,1,1316.0,13.16
O2021_82_20_1_0023_00004976_13000_3000.tif,82-20,2,O2021_82_21_1_0004_00002040_10000_8000.tif,82-21,1,2024.0,20.24
O2021_82_20_1_0023_00004976_13000_3000.tif,82-20,2,O2021_82_21_1_0004_00002040_9000_8000.tif,82-21,1,2576.0,25.76
O2021_82_20_1_0023_00004976_13000_3000.tif,82-20,2,O2021_82_21_1_0004_00002039_10000_3000.tif,82-21,1,1484.0,14.84
O2021_82_20_1_0023_00004976_13000_3000.tif,82-20,2,O2021_82_21_1_0004_00002039_9000_3000.tif,82-21,1,1316.0,13.16
O2021_82_20_1_0023_00004976_14000_0.tif,82-20,2,O2021_82_21_1_0005_00001868_0_6000.tif,82-21,1,688.0,6.88
O2021_82_20_1_0023_00004976_14000_0.tif,82-20,2,O2021_82_21_1_0004_00002040_10000_6000.tif,82-21,1,3024.0,30.24
O2021_82_20_1_0023_00004976_14000_0.tif,82-20,2,O2021_82_21_1_0004_00002040_11000_6000.tif,82-21,1,2376.0,23.76
O2021_82_20_1_0023_00004976_14000_0.tif,82-20,2,O2021_82_21_1_0005_00001869_0_0.tif,82-21,1,1173.0,11.73
O2021_82_20_1_0023_00004976_14000_0.tif,82-20,2,O2021_82_21_1_0005_00001868_0_5000.tif,82-21,1,912.0,9.12
O2021_82_20_1_0023_00004976_14000_0.tif,82-20,2,O2021_82_21_1_0004_00002040_11000_5000.tif,82-21,1,2024.0,20.24
O2021_82_20_1_0023_00004976_14000_0.tif,82-20,2,O2021_82_21_1_0004_00002040_10000_5000.tif,82-21,1,2576.0,25.76
O2021_82_20_1_0023_00004976_14000_0.tif,82-20,2,O2021_82_21_1_0004_00002039_10000_0.tif,82-21,1,1316.0,13.16
O2021_82_20_1_0023_00004976_14000_0.tif,82-20,2,O2021_82_21_1_0004_00002039_11000_0.tif,82-21,1,1484.0,14.84
O2021_82_20_1_0023_00004976_14000_1000.tif,82-20,2,O2021_82_21_1_0005_00001868_0_7000.tif,82-21,1,688.0,6.88
O2021_82_20_1_0023_00004976_14000_1000.tif,82-20,2,O2021_82_21_1_0004_00002040_10000_7000.tif,82-21,1,3024.0,30.24
O2021_82_20_1_0023_00004976_14000_1000.tif,82-20,2,O2021_82_21_1_0004_00002040_11000_7000.tif,82-21,1,2376.0,23.76
O2021_82_20_1_0023_00004976_14000_1000.tif,82-20,2,O2021_82_21_1_0005_00001869_0_1000.tif,82-21,1,1173.0,11.73
O2021_82_20_1_0023_00004976_14000_1000.tif,82-20,2,O2021_82_21_1_0004_00002039_10000_2000.tif,82-21,1,3384.0,33.84
O2021_82_20_1_0023_00004976_14000_1000.tif,82-20,2,O2021_82_21_1_0004_00002039_11000_2000.tif,82-21,1,3816.0,38.16
O2021_82_20_1_0023_00004976_14000_1000.tif,82-20,2,O2021_82_21_1_0005_00001868_0_6000.tif,82-21,1,912.0,9.12
O2021_82_20_1_0023_00004976_14000_1000.tif,82-20,2,O2021_82_21_1_0004_00002040_10000_6000.tif,82-21,1,2576.0,25.76
O2021_82_20_1_0023_00004976_14000_1000.tif,82-20,2,O2021_82_21_1_0004_00002040_11000_6000.tif,82-21,1,2024.0,20.24
O2021_82_20_1_0023_00004976_14000_1000.tif,82-20,2,O2021_82_21_1_0005_00001869_0_0.tif,82-21,1,527.0,5.27
O2021_82_20_1_0023_00004976_14000_2000.tif,82-20,2,O2021_82_21_1_0005_00001868_0_8000.tif,82-21,1,688.0,6.88
O2021_82_20_1_0023_00004976_14000_2000.tif,82-20,2,O2021_82_21_1_0004_00002040_10000_8000.tif,82-21,1,3024.0,30.24
O2021_82_20_1_0023_00004976_14000_2000.tif,82-20,2,O2021_82_21_1_0004_00002040_11000_8000.tif,82-21,1,2376.0,23.76
O2021_82_20_1_0023_00004976_14000_2000.tif,82-20,2,O2021_82_21_1_0005_00001869_0_2000.tif,82-21,1,1173.0,11.73
O2021_82_20_1_0023_00004976_14000_2000.tif,82-20,2,O2021_82_21_1_0004_00002039_10000_3000.tif,82-21,1,3384.0,33.84
O2021_82_20_1_0023_00004976_14000_2000.tif,82-20,2,O2021_82_21_1_0004_00002039_11000_3000.tif,82-21,1,3816.0,38.16
O2021_82_20_1_0023_00004976_14000_2000.tif,82-20,2,O2021_82_21_1_0005_00001868_0_7000.tif,82-21,1,912.0,9.12
O2021_82_20_1_0023_00004976_14000_2000.tif,82-20,2,O2021_82_21_1_0004_00002040_10000_7000.tif,82-21,1,2576.0,25.76
O2021_82_20_1_0023_00004976_14000_2000.tif,82-20,2,O2021_82_21_1_0004_00002040_11000_7000.tif,82-21,1,2024.0,20.24
O2021_82_20_1_0023_00004976_14000_2000.tif,82-20,2,O2021_82_21_1_0005_00001869_0_1000.tif,82-21,1,527.0,5.27
O2021_82_20_1_0023_00004976_14000_2000.tif,82-20,2,O2021_82_21_1_0004_00002039_10000_2000.tif,82-21,1,1316.0,13.16
O2021_82_20_1_0023_00004976_14000_2000.tif,82-20,2,O2021_82_21_1_0004_00002039_11000_2000.tif,82-21,1,1484.0,14.84
O2021_82_20_1_0023_00004976_14000_3000.tif,82-20,2,O2021_82_21_1_0005_00001868_0_8000.tif,82-21,1,912.0,9.12
O2021_82_20_1_0023_00004976_14000_3000.tif,82-20,2,O2021_82_21_1_0004_00002040_10000_8000.tif,82-21,1,2576.0,25.76
O2021_82_20_1_0023_00004976_14000_3000.tif,82-20,2,O2021_82_21_1_0004_00002040_11000_8000.tif,82-21,1,2024.0,20.24
O2021_82_20_1_0023_00004976_14000_3000.tif,82-20,2,O2021_82_21_1_0005_00001869_0_2000.tif,82-21,1,527.0,5.27
O2021_82_20_1_0023_00004976_14000_3000.tif,82-20,2,O2021_82_21_1_0004_00002039_10000_3000.tif,82-21,1,1316.0,13.16
O2021_82_20_1_0023_00004976_14000_3000.tif,82-20,2,O2021_82_21_1_0004_00002039_11000_3000.tif,82-21,1,1484.0,14.84
O2021_82_20_1_0023_00004976_15000_0.tif,82-20,2,O2021_82_21_1_0005_00001868_0_6000.tif,82-21,1,3612.0,36.12
O2021_82_20_1_0023_00004976_15000_0.tif,82-20,2,O2021_82_21_1_0004_00002040_11000_6000.tif,82-21,1,3024.0,30.24
O2021_82_20_1_0023_00004976_15000_0.tif,82-20,2,O2021_82_21_1_0005_00001868_1000_6000.tif,82-21,1,688.0,6.88
O2021_82_20_1_0023_00004976_15000_0.tif,82-20,2,O2021_82_21_1_0004_00002040_12000_6000.tif,82-21,1,2376.0,23.76
O2021_82_20_1_0023_00004976_15000_0.tif,82-20,2,O2021_82_21_1_0005_00001869_1000_0.tif,82-21,1,1173.0,11.73
O2021_82_20_1_0023_00004976_15000_0.tif,82-20,2,O2021_82_21_1_0005_00001868_1000_5000.tif,82-21,1,912.0,9.12
O2021_82_20_1_0023_00004976_15000_0.tif,82-20,2,O2021_82_21_1_0004_00002040_12000_5000.tif,82-21,1,2024.0,20.24
O2021_82_20_1_0023_00004976_15000_0.tif,82-20,2,O2021_82_21_1_0005_00001869_0_0.tif,82-21,1,5727.0,57.27
O2021_82_20_1_0023_00004976_15000_0.tif,82-20,2,O2021_82_21_1_0005_00001868_0_5000.tif,82-21,1,4788.0,47.88
O2021_82_20_1_0023_00004976_15000_0.tif,82-20,2,O2021_82_21_1_0004_00002040_11000_5000.tif,82-21,1,2576.0,25.76
O2021_82_20_1_0023_00004976_15000_0.tif,82-20,2,O2021_82_21_1_0004_00002039_11000_0.tif,82-21,1,1316.0,13.16
O2021_82_20_1_0023_00004976_15000_0.tif,82-20,2,O2021_82_21_1_0004_00002039_12000_0.tif,82-21,1,1484.0,14.84
O2021_82_20_1_0023_00004976_15000_1000.tif,82-20,2,O2021_82_21_1_0005_00001868_1000_7000.tif,82-21,1,688.0,6.88
O2021_82_20_1_0023_00004976_15000_1000.tif,82-20,2,O2021_82_21_1_0004_00002040_12000_7000.tif,82-21,1,2376.0,23.76
O2021_82_20_1_0023_00004976_15000_1000.tif,82-20,2,O2021_82_21_1_0005_00001869_1000_1000.tif,82-21,1,1173.0,11.73
O2021_82_20_1_0023_00004976_15000_1000.tif,82-20,2,O2021_82_21_1_0005_00001868_0_7000.tif,82-21,1,3612.0,36.12
O2021_82_20_1_0023_00004976_15000_1000.tif,82-20,2,O2021_82_21_1_0004_00002040_11000_7000.tif,82-21,1,3024.0,30.24
O2021_82_20_1_0023_00004976_15000_1000.tif,82-20,2,O2021_82_21_1_0005_00001869_0_1000.tif,82-21,1,5727.0,57.27
O2021_82_20_1_0023_00004976_15000_1000.tif,82-20,2,O2021_82_21_1_0004_00002039_11000_2000.tif,82-21,1,3384.0,33.84
O2021_82_20_1_0023_00004976_15000_1000.tif,82-20,2,O2021_82_21_1_0005_00001868_0_6000.tif,82-21,1,4788.0,47.88
O2021_82_20_1_0023_00004976_15000_1000.tif,82-20,2,O2021_82_21_1_0004_00002040_11000_6000.tif,82-21,1,2576.0,25.76
O2021_82_20_1_0023_00004976_15000_1000.tif,82-20,2,O2021_82_21_1_0004_00002039_12000_2000.tif,82-21,1,3816.0,38.16
O2021_82_20_1_0023_00004976_15000_1000.tif,82-20,2,O2021_82_21_1_0005_00001868_1000_6000.tif,82-21,1,912.0,9.12
O2021_82_20_1_0023_00004976_15000_1000.tif,82-20,2,O2021_82_21_1_0004_00002040_12000_6000.tif,82-21,1,2024.0,20.24
O2021_82_20_1_0023_00004976_15000_1000.tif,82-20,2,O2021_82_21_1_0005_00001869_1000_0.tif,82-21,1,527.0,5.27
O2021_82_20_1_0023_00004976_15000_1000.tif,82-20,2,O2021_82_21_1_0005_00001869_0_0.tif,82-21,1,2573.0,25.73
O2021_82_20_1_0023_00004976_15000_2000.tif,82-20,2,O2021_82_21_1_0005_00001868_1000_8000.tif,82-21,1,688.0,6.88
O2021_82_20_1_0023_00004976_15000_2000.tif,82-20,2,O2021_82_21_1_0004_00002040_12000_8000.tif,82-21,1,2376.0,23.76
O2021_82_20_1_0023_00004976_15000_2000.tif,82-20,2,O2021_82_21_1_0005_00001869_1000_2000.tif,82-21,1,1173.0,11.73
O2021_82_20_1_0023_00004976_15000_2000.tif,82-20,2,O2021_82_21_1_0004_00002039_12000_3000.tif,82-21,1,3816.0,38.16
O2021_82_20_1_0023_00004976_15000_2000.tif,82-20,2,O2021_82_21_1_0005_00001868_1000_7000.tif,82-21,1,912.0,9.12
O2021_82_20_1_0023_00004976_15000_2000.tif,82-20,2,O2021_82_21_1_0004_00002040_12000_7000.tif,82-21,1,2024.0,20.24
O2021_82_20_1_0023_00004976_15000_2000.tif,82-20,2,O2021_82_21_1_0005_00001869_1000_1000.tif,82-21,1,527.0,5.27
O2021_82_20_1_0023_00004976_15000_2000.tif,82-20,2,O2021_82_21_1_0005_00001868_0_8000.tif,82-21,1,3612.0,36.12
O2021_82_20_1_0023_00004976_15000_2000.tif,82-20,2,O2021_82_21_1_0004_00002040_11000_8000.tif,82-21,1,3024.0,30.24
O2021_82_20_1_0023_00004976_15000_2000.tif,82-20,2,O2021_82_21_1_0005_00001869_0_2000.tif,82-21,1,5727.0,57.27
O2021_82_20_1_0023_00004976_15000_2000.tif,82-20,2,O2021_82_21_1_0004_00002039_11000_3000.tif,82-21,1,3384.0,33.84
O2021_82_20_1_0023_00004976_15000_2000.tif,82-20,2,O2021_82_21_1_0005_00001868_0_7000.tif,82-21,1,4788.0,47.88
O2021_82_20_1_0023_00004976_15000_2000.tif,82-20,2,O2021_82_21_1_0004_00002040_11000_7000.tif,82-21,1,2576.0,25.76
O2021_82_20_1_0023_00004976_15000_2000.tif,82-20,2,O2021_82_21_1_0005_00001869_0_1000.tif,82-21,1,2573.0,25.73
O2021_82_20_1_0023_00004976_15000_2000.tif,82-20,2,O2021_82_21_1_0004_00002039_11000_2000.tif,82-21,1,1316.0,13.16
O2021_82_20_1_0023_00004976_15000_2000.tif,82-20,2,O2021_82_21_1_0004_00002039_12000_2000.tif,82-21,1,1484.0,14.84
O2021_82_20_1_0023_00004976_15000_3000.tif,82-20,2,O2021_82_21_1_0005_00001868_1000_8000.tif,82-21,1,912.0,9.12
O2021_82_20_1_0023_00004976_15000_3000.tif,82-20,2,O2021_82_21_1_0004_00002040_12000_8000.tif,82-21,1,2024.0,20.24
O2021_82_20_1_0023_00004976_15000_3000.tif,82-20,2,O2021_82_21_1_0005_00001869_1000_2000.tif,82-21,1,527.0,5.27
O2021_82_20_1_0023_00004976_15000_3000.tif,82-20,2,O2021_82_21_1_0004_00002039_12000_3000.tif,82-21,1,1484.0,14.84
O2021_82_20_1_0023_00004976_15000_3000.tif,82-20,2,O2021_82_21_1_0005_00001868_0_8000.tif,82-21,1,4788.0,47.88
O2021_82_20_1_0023_00004976_15000_3000.tif,82-20,2,O2021_82_21_1_0004_00002040_11000_8000.tif,82-21,1,2576.0,25.76
O2021_82_20_1_0023_00004976_15000_3000.tif,82-20,2,O2021_82_21_1_0005_00001869_0_2000.tif,82-21,1,2573.0,25.73
O2021_82_20_1_0023_00004976_15000_3000.tif,82-20,2,O2021_82_21_1_0004_00002039_11000_3000.tif,82-21,1,1316.0,13.16
O2021_82_20_1_0023_00004976_16000_0.tif,82-20,2,O2021_82_21_1_0005_00001868_2000_6000.tif,82-21,1,688.0,6.88
O2021_82_20_1_0023_00004976_16000_0.tif,82-20,2,O2021_82_21_1_0005_00001868_1000_6000.tif,82-21,1,3612.0,36.12
O2021_82_20_1_0023_00004976_16000_0.tif,82-20,2,O2021_82_21_1_0004_00002040_13000_6000.tif,82-21,1,2376.0,23.76
O2021_82_20_1_0023_00004976_16000_0.tif,82-20,2,O2021_82_21_1_0004_00002040_12000_6000.tif,82-21,1,3024.0,30.24
O2021_82_20_1_0023_00004976_16000_0.tif,82-20,2,O2021_82_21_1_0005_00001869_1000_0.tif,82-21,1,5727.0,57.27
O2021_82_20_1_0023_00004976_16000_0.tif,82-20,2,O2021_82_21_1_0005_00001869_2000_0.tif,82-21,1,1173.0,11.73
O2021_82_20_1_0023_00004976_16000_0.tif,82-20,2,O2021_82_21_1_0005_00001868_2000_5000.tif,82-21,1,912.0,9.12
O2021_82_20_1_0023_00004976_16000_0.tif,82-20,2,O2021_82_21_1_0005_00001868_1000_5000.tif,82-21,1,4788.0,47.88
O2021_82_20_1_0023_00004976_16000_0.tif,82-20,2,O2021_82_21_1_0004_00002040_12000_5000.tif,82-21,1,2576.0,25.76
O2021_82_20_1_0023_00004976_16000_0.tif,82-20,2,O2021_82_21_1_0004_00002040_13000_5000.tif,82-21,1,2024.0,20.24
O2021_82_20_1_0023_00004976_16000_0.tif,82-20,2,O2021_82_21_1_0004_00002039_13000_0.tif,82-21,1,1484.0,14.84
O2021_82_20_1_0023_00004976_16000_0.tif,82-20,2,O2021_82_21_1_0004_00002039_12000_0.tif,82-21,1,1316.0,13.16
O2021_82_20_1_0023_00004976_16000_1000.tif,82-20,2,O2021_82_21_1_0005_00001868_1000_7000.tif,82-21,1,3612.0,36.12
O2021_82_20_1_0023_00004976_16000_1000.tif,82-20,2,O2021_82_21_1_0005_00001868_2000_7000.tif,82-21,1,688.0,6.88
O2021_82_20_1_0023_00004976_16000_1000.tif,82-20,2,O2021_82_21_1_0004_00002040_13000_7000.tif,82-21,1,2376.0,23.76
O2021_82_20_1_0023_00004976_16000_1000.tif,82-20,2,O2021_82_21_1_0004_00002040_12000_7000.tif,82-21,1,3024.0,30.24
O2021_82_20_1_0023_00004976_16000_1000.tif,82-20,2,O2021_82_21_1_0005_00001869_2000_1000.tif,82-21,1,1173.0,11.73
O2021_82_20_1_0023_00004976_16000_1000.tif,82-20,2,O2021_82_21_1_0005_00001869_1000_1000.tif,82-21,1,5727.0,57.27
O2021_82_20_1_0023_00004976_16000_1000.tif,82-20,2,O2021_82_21_1_0004_00002039_13000_2000.tif,82-21,1,3816.0,38.16
O2021_82_20_1_0023_00004976_16000_1000.tif,82-20,2,O2021_82_21_1_0004_00002039_12000_2000.tif,82-21,1,3384.0,33.84
O2021_82_20_1_0023_00004976_16000_1000.tif,82-20,2,O2021_82_21_1_0005_00001868_2000_6000.tif,82-21,1,912.0,9.12
O2021_82_20_1_0023_00004976_16000_1000.tif,82-20,2,O2021_82_21_1_0005_00001868_1000_6000.tif,82-21,1,4788.0,47.88
O2021_82_20_1_0023_00004976_16000_1000.tif,82-20,2,O2021_82_21_1_0004_00002040_13000_6000.tif,82-21,1,2024.0,20.24
O2021_82_20_1_0023_00004976_16000_1000.tif,82-20,2,O2021_82_21_1_0004_00002040_12000_6000.tif,82-21,1,2576.0,25.76
O2021_82_20_1_0023_00004976_16000_1000.tif,82-20,2,O2021_82_21_1_0005_00001869_1000_0.tif,82-21,1,2573.0,25.73
O2021_82_20_1_0023_00004976_16000_1000.tif,82-20,2,O2021_82_21_1_0005_00001869_2000_0.tif,82-21,1,527.0,5.27
O2021_82_20_1_0023_00004976_16000_2000.tif,82-20,2,O2021_82_21_1_0005_00001868_1000_8000.tif,82-21,1,3612.0,36.12
O2021_82_20_1_0023_00004976_16000_2000.tif,82-20,2,O2021_82_21_1_0005_00001868_2000_8000.tif,82-21,1,688.0,6.88
O2021_82_20_1_0023_00004976_16000_2000.tif,82-20,2,O2021_82_21_1_0004_00002040_12000_8000.tif,82-21,1,3024.0,30.24
O2021_82_20_1_0023_00004976_16000_2000.tif,82-20,2,O2021_82_21_1_0004_00002040_13000_8000.tif,82-21,1,2376.0,23.76
O2021_82_20_1_0023_00004976_16000_2000.tif,82-20,2,O2021_82_21_1_0005_00001869_2000_2000.tif,82-21,1,1173.0,11.73
O2021_82_20_1_0023_00004976_16000_2000.tif,82-20,2,O2021_82_21_1_0005_00001869_1000_2000.tif,82-21,1,5727.0,57.27
O2021_82_20_1_0023_00004976_16000_2000.tif,82-20,2,O2021_82_21_1_0004_00002039_13000_3000.tif,82-21,1,3816.0,38.16
O2021_82_20_1_0023_00004976_16000_2000.tif,82-20,2,O2021_82_21_1_0004_00002039_12000_3000.tif,82-21,1,3384.0,33.84
O2021_82_20_1_0023_00004976_16000_2000.tif,82-20,2,O2021_82_21_1_0005_00001868_1000_7000.tif,82-21,1,4788.0,47.88
O2021_82_20_1_0023_00004976_16000_2000.tif,82-20,2,O2021_82_21_1_0005_00001868_2000_7000.tif,82-21,1,912.0,9.12
O2021_82_20_1_0023_00004976_16000_2000.tif,82-20,2,O2021_82_21_1_0004_00002040_13000_7000.tif,82-21,1,2024.0,20.24
O2021_82_20_1_0023_00004976_16000_2000.tif,82-20,2,O2021_82_21_1_0004_00002040_12000_7000.tif,82-21,1,2576.0,25.76
O2021_82_20_1_0023_00004976_16000_2000.tif,82-20,2,O2021_82_21_1_0005_00001869_2000_1000.tif,82-21,1,527.0,5.27
O2021_82_20_1_0023_00004976_16000_2000.tif,82-20,2,O2021_82_21_1_0005_00001869_1000_1000.tif,82-21,1,2573.0,25.73
O2021_82_20_1_0023_00004976_16000_2000.tif,82-20,2,O2021_82_21_1_0004_00002039_13000_2000.tif,82-21,1,1484.0,14.84
O2021_82_20_1_0023_00004976_16000_2000.tif,82-20,2,O2021_82_21_1_0004_00002039_12000_2000.tif,82-21,1,1316.0,13.16
O2021_82_20_1_0023_00004976_16000_3000.tif,82-20,2,O2021_82_21_1_0005_00001868_1000_8000.tif,82-21,1,4788.0,47.88
O2021_82_20_1_0023_00004976_16000_3000.tif,82-20,2,O2021_82_21_1_0005_00001868_2000_8000.tif,82-21,1,912.0,9.12
O2021_82_20_1_0023_00004976_16000_3000.tif,82-20,2,O2021_82_21_1_0004_00002040_12000_8000.tif,82-21,1,2576.0,25.76
O2021_82_20_1_0023_00004976_16000_3000.tif,82-20,2,O2021_82_21_1_0004_00002040_13000_8000.tif,82-21,1,2024.0,20.24
O2021_82_20_1_0023_00004976_16000_3000.tif,82-20,2,O2021_82_21_1_0005_00001869_2000_2000.tif,82-21,1,527.0,5.27
O2021_82_20_1_0023_00004976_16000_3000.tif,82-20,2,O2021_82_21_1_0005_00001869_1000_2000.tif,82-21,1,2573.0,25.73
O2021_82_20_1_0023_00004976_16000_3000.tif,82-20,2,O2021_82_21_1_0004_00002039_13000_3000.tif,82-21,1,1484.0,14.84
O2021_82_20_1_0023_00004976_16000_3000.tif,82-20,2,O2021_82_21_1_0004_00002039_12000_3000.tif,82-21,1,1316.0,13.16
O2021_82_20_1_0023_00004976_6000_0.tif,82-20,2,O2021_82_21_1_0004_00002040_3000_6000.tif,82-21,1,2376.0,23.76
O2021_82_20_1_0023_00004976_6000_0.tif,82-20,2,O2021_82_21_1_0004_00002040_3000_5000.tif,82-21,1,2024.0,20.24
O2021_82_20_1_0023_00004976_6000_0.tif,82-20,2,O2021_82_21_1_0004_00002039_3000_0.tif,82-21,1,1484.0,14.84
O2021_82_20_1_0023_00004976_6000_1000.tif,82-20,2,O2021_82_21_1_0004_00002040_3000_7000.tif,82-21,1,2376.0,23.76
O2021_82_20_1_0023_00004976_6000_1000.tif,82-20,2,O2021_82_21_1_0004_00002039_3000_2000.tif,82-21,1,3816.0,38.16
O2021_82_20_1_0023_00004976_6000_1000.tif,82-20,2,O2021_82_21_1_0004_00002040_3000_6000.tif,82-21,1,2024.0,20.24
O2021_82_20_1_0023_00004976_6000_2000.tif,82-20,2,O2021_82_21_1_0004_00002040_3000_8000.tif,82-21,1,2376.0,23.76
O2021_82_20_1_0023_00004976_6000_2000.tif,82-20,2,O2021_82_21_1_0004_00002039_3000_3000.tif,82-21,1,3816.0,38.16
O2021_82_20_1_0023_00004976_6000_2000.tif,82-20,2,O2021_82_21_1_0004_00002040_3000_7000.tif,82-21,1,2024.0,20.24
O2021_82_20_1_0023_00004976_6000_2000.tif,82-20,2,O2021_82_21_1_0004_00002039_3000_2000.tif,82-21,1,1484.0,14.84
O2021_82_20_1_0023_00004976_6000_3000.tif,82-20,2,O2021_82_21_1_0004_00002040_3000_8000.tif,82-21,1,2024.0,20.24
O2021_82_20_1_0023_00004976_6000_3000.tif,82-20,2,O2021_82_21_1_0004_00002039_3000_3000.tif,82-21,1,1484.0,14.84
O2021_82_20_1_0023_00004976_7000_0.tif,82-20,2,O2021_82_21_1_0004_00002040_3000_6000.tif,82-21,1,3024.0,30.24
O2021_82_20_1_0023_00004976_7000_0.tif,82-20,2,O2021_82_21_1_0004_00002040_4000_6000.tif,82-21,1,2376.0,23.76
O2021_82_20_1_0023_00004976_7000_0.tif,82-20,2,O2021_82_21_1_0004_00002040_4000_5000.tif,82-21,1,2024.0,20.24
O2021_82_20_1_0023_00004976_7000_0.tif,82-20,2,O2021_82_21_1_0004_00002040_3000_5000.tif,82-21,1,2576.0,25.76
O2021_82_20_1_0023_00004976_7000_0.tif,82-20,2,O2021_82_21_1_0004_00002039_3000_0.tif,82-21,1,1316.0,13.16
O2021_82_20_1_0023_00004976_7000_0.tif,82-20,2,O2021_82_21_1_0004_00002039_4000_0.tif,82-21,1,1484.0,14.84
O2021_82_20_1_0023_00004976_7000_1000.tif,82-20,2,O2021_82_21_1_0004_00002040_3000_7000.tif,82-21,1,3024.0,30.24
O2021_82_20_1_0023_00004976_7000_1000.tif,82-20,2,O2021_82_21_1_0004_00002040_4000_7000.tif,82-21,1,2376.0,23.76
O2021_82_20_1_0023_00004976_7000_1000.tif,82-20,2,O2021_82_21_1_0004_00002039_4000_2000.tif,82-21,1,3816.0,38.16
O2021_82_20_1_0023_00004976_7000_1000.tif,82-20,2,O2021_82_21_1_0004_00002039_3000_2000.tif,82-21,1,3384.0,33.84
O2021_82_20_1_0023_00004976_7000_1000.tif,82-20,2,O2021_82_21_1_0004_00002040_3000_6000.tif,82-21,1,2576.0,25.76
O2021_82_20_1_0023_00004976_7000_1000.tif,82-20,2,O2021_82_21_1_0004_00002040_4000_6000.tif,82-21,1,2024.0,20.24
O2021_82_20_1_0023_00004976_7000_2000.tif,82-20,2,O2021_82_21_1_0004_00002040_3000_8000.tif,82-21,1,3024.0,30.24
O2021_82_20_1_0023_00004976_7000_2000.tif,82-20,2,O2021_82_21_1_0004_00002040_4000_8000.tif,82-21,1,2376.0,23.76
O2021_82_20_1_0023_00004976_7000_2000.tif,82-20,2,O2021_82_21_1_0004_00002039_3000_3000.tif,82-21,1,3384.0,33.84
O2021_82_20_1_0023_00004976_7000_2000.tif,82-20,2,O2021_82_21_1_0004_00002039_4000_3000.tif,82-21,1,3816.0,38.16
O2021_82_20_1_0023_00004976_7000_2000.tif,82-20,2,O2021_82_21_1_0004_00002040_3000_7000.tif,82-21,1,2576.0,25.76
O2021_82_20_1_0023_00004976_7000_2000.tif,82-20,2,O2021_82_21_1_0004_00002040_4000_7000.tif,82-21,1,2024.0,20.24
O2021_82_20_1_0023_00004976_7000_2000.tif,82-20,2,O2021_82_21_1_0004_00002039_4000_2000.tif,82-21,1,1484.0,14.84
O2021_82_20_1_0023_00004976_7000_2000.tif,82-20,2,O2021_82_21_1_0004_00002039_3000_2000.tif,82-21,1,1316.0,13.16
O2021_82_20_1_0023_00004976_7000_3000.tif,82-20,2,O2021_82_21_1_0004_00002040_3000_8000.tif,82-21,1,2576.0,25.76
O2021_82_20_1_0023_00004976_7000_3000.tif,82-20,2,O2021_82_21_1_0004_00002040_4000_8000.tif,82-21,1,2024.0,20.24
O2021_82_20_1_0023_00004976_7000_3000.tif,82-20,2,O2021_82_21_1_0004_00002039_3000_3000.tif,82-21,1,1316.0,13.16
O2021_82_20_1_0023_00004976_7000_3000.tif,82-20,2,O2021_82_21_1_0004_00002039_4000_3000.tif,82-21,1,1484.0,14.84
O2021_82_20_1_0023_00004976_8000_0.tif,82-20,2,O2021_82_21_1_0004_00002040_5000_6000.tif,82-21,1,2376.0,23.76
O2021_82_20_1_0023_00004976_8000_0.tif,82-20,2,O2021_82_21_1_0004_00002040_4000_6000.tif,82-21,1,3024.0,30.24
O2021_82_20_1_0023_00004976_8000_0.tif,82-20,2,O2021_82_21_1_0004_00002040_4000_5000.tif,82-21,1,2576.0,25.76
O2021_82_20_1_0023_00004976_8000_0.tif,82-20,2,O2021_82_21_1_0004_00002040_5000_5000.tif,82-21,1,2024.0,20.24
O2021_82_20_1_0023_00004976_8000_0.tif,82-20,2,O2021_82_21_1_0004_00002039_5000_0.tif,82-21,1,1484.0,14.84
O2021_82_20_1_0023_00004976_8000_0.tif,82-20,2,O2021_82_21_1_0004_00002039_4000_0.tif,82-21,1,1316.0,13.16
O2021_82_20_1_0023_00004976_8000_1000.tif,82-20,2,O2021_82_21_1_0004_00002040_5000_7000.tif,82-21,1,2376.0,23.76
O2021_82_20_1_0023_00004976_8000_1000.tif,82-20,2,O2021_82_21_1_0004_00002040_4000_7000.tif,82-21,1,3024.0,30.24
O2021_82_20_1_0023_00004976_8000_1000.tif,82-20,2,O2021_82_21_1_0004_00002039_4000_2000.tif,82-21,1,3384.0,33.84
O2021_82_20_1_0023_00004976_8000_1000.tif,82-20,2,O2021_82_21_1_0004_00002039_5000_2000.tif,82-21,1,3816.0,38.16
O2021_82_20_1_0023_00004976_8000_1000.tif,82-20,2,O2021_82_21_1_0004_00002040_5000_6000.tif,82-21,1,2024.0,20.24
O2021_82_20_1_0023_00004976_8000_1000.tif,82-20,2,O2021_82_21_1_0004_00002040_4000_6000.tif,82-21,1,2576.0,25.76
O2021_82_20_1_0023_00004976_8000_2000.tif,82-20,2,O2021_82_21_1_0004_00002040_5000_8000.tif,82-21,1,2376.0,23.76
O2021_82_20_1_0023_00004976_8000_2000.tif,82-20,2,O2021_82_21_1_0004_00002040_4000_8000.tif,82-21,1,3024.0,30.24
O2021_82_20_1_0023_00004976_8000_2000.tif,82-20,2,O2021_82_21_1_0004_00002039_5000_3000.tif,82-21,1,3816.0,38.16
O2021_82_20_1_0023_00004976_8000_2000.tif,82-20,2,O2021_82_21_1_0004_00002039_4000_3000.tif,82-21,1,3384.0,33.84
O2021_82_20_1_0023_00004976_8000_2000.tif,82-20,2,O2021_82_21_1_0004_00002040_5000_7000.tif,82-21,1,2024.0,20.24
O2021_82_20_1_0023_00004976_8000_2000.tif,82-20,2,O2021_82_21_1_0004_00002040_4000_7000.tif,82-21,1,2576.0,25.76
O2021_82_20_1_0023_00004976_8000_2000.tif,82-20,2,O2021_82_21_1_0004_00002039_4000_2000.tif,82-21,1,1316.0,13.16
O2021_82_20_1_0023_00004976_8000_2000.tif,82-20,2,O2021_82_21_1_0004_00002039_5000_2000.tif,82-21,1,1484.0,14.84
O2021_82_20_1_0023_00004976_8000_3000.tif,82-20,2,O2021_82_21_1_0004_00002040_5000_8000.tif,82-21,1,2024.0,20.24
O2021_82_20_1_0023_00004976_8000_3000.tif,82-20,2,O2021_82_21_1_0004_00002040_4000_8000.tif,82-21,1,2576.0,25.76
O2021_82_20_1_0023_00004976_8000_3000.tif,82-20,2,O2021_82_21_1_0004_00002039_5000_3000.tif,82-21,1,1484.0,14.84
O2021_82_20_1_0023_00004976_8000_3000.tif,82-20,2,O2021_82_21_1_0004_00002039_4000_3000.tif,82-21,1,1316.0,13.16
O2021_82_20_1_0023_00004976_9000_0.tif,82-20,2,O2021_82_21_1_0004_00002040_6000_6000.tif,82-21,1,2376.0,23.76
O2021_82_20_1_0023_00004976_9000_0.tif,82-20,2,O2021_82_21_1_0004_00002040_5000_6000.tif,82-21,1,3024.0,30.24
O2021_82_20_1_0023_00004976_9000_0.tif,82-20,2,O2021_82_21_1_0004_00002040_6000_5000.tif,82-21,1,2024.0,20.24
O2021_82_20_1_0023_00004976_9000_0.tif,82-20,2,O2021_82_21_1_0004_00002040_5000_5000.tif,82-21,1,2576.0,25.76
O2021_82_20_1_0023_00004976_9000_0.tif,82-20,2,O2021_82_21_1_0004_00002039_5000_0.tif,82-21,1,1316.0,13.16
O2021_82_20_1_0023_00004976_9000_0.tif,82-20,2,O2021_82_21_1_0004_00002039_6000_0.tif,82-21,1,1484.0,14.84
O2021_82_20_1_0023_00004976_9000_1000.tif,82-20,2,O2021_82_21_1_0004_00002040_6000_7000.tif,82-21,1,2376.0,23.76
O2021_82_20_1_0023_00004976_9000_1000.tif,82-20,2,O2021_82_21_1_0004_00002040_5000_7000.tif,82-21,1,3024.0,30.24
O2021_82_20_1_0023_00004976_9000_1000.tif,82-20,2,O2021_82_21_1_0004_00002039_5000_2000.tif,82-21,1,3384.0,33.84
O2021_82_20_1_0023_00004976_9000_1000.tif,82-20,2,O2021_82_21_1_0004_00002039_6000_2000.tif,82-21,1,3816.0,38.16
O2021_82_20_1_0023_00004976_9000_1000.tif,82-20,2,O2021_82_21_1_0004_00002040_6000_6000.tif,82-21,1,2024.0,20.24
O2021_82_20_1_0023_00004976_9000_1000.tif,82-20,2,O2021_82_21_1_0004_00002040_5000_6000.tif,82-21,1,2576.0,25.76
O2021_82_20_1_0023_00004976_9000_2000.tif,82-20,2,O2021_82_21_1_0004_00002040_5000_8000.tif,82-21,1,3024.0,30.24
O2021_82_20_1_0023_00004976_9000_2000.tif,82-20,2,O2021_82_21_1_0004_00002040_6000_8000.tif,82-21,1,2376.0,23.76
O2021_82_20_1_0023_00004976_9000_2000.tif,82-20,2,O2021_82_21_1_0004_00002039_5000_3000.tif,82-21,1,3384.0,33.84
O2021_82_20_1_0023_00004976_9000_2000.tif,82-20,2,O2021_82_21_1_0004_00002039_6000_3000.tif,82-21,1,3816.0,38.16
O2021_82_20_1_0023_00004976_9000_2000.tif,82-20,2,O2021_82_21_1_0004_00002040_6000_7000.tif,82-21,1,2024.0,20.24
O2021_82_20_1_0023_00004976_9000_2000.tif,82-20,2,O2021_82_21_1_0004_00002040_5000_7000.tif,82-21,1,2576.0,25.76
O2021_82_20_1_0023_00004976_9000_2000.tif,82-20,2,O2021_82_21_1_0004_00002039_5000_2000.tif,82-21,1,1316.0,13.16
O2021_82_20_1_0023_00004976_9000_2000.tif,82-20,2,O2021_82_21_1_0004_00002039_6000_2000.tif,82-21,1,1484.0,14.84
O2021_82_20_1_0023_00004976_9000_3000.tif,82-20,2,O2021_82_21_1_0004_00002040_5000_8000.tif,82-21,1,2576.0,25.76
O2021_82_20_1_0023_00004976_9000_3000.tif,82-20,2,O2021_82_21_1_0004_00002040_6000_8000.tif,82-21,1,2024.0,20.24
O2021_82_20_1_0023_00004976_9000_3000.tif,82-20,2,O2021_82_21_1_0004_00002039_5000_3000.tif,82-21,1,1316.0,13.16
O2021_82_20_1_0023_00004976_9000_3000.tif,82-20,2,O2021_82_21_1_0004_00002039_6000_3000.tif,82-21,1,1484.0,14.84
O2021_82_20_1_0024_00005077_0_0.tif,82-20,2,O2021_82_21_1_0004_00002040_10000_6000.tif,82-21,1,1904.0,19.04
O2021_82_20_1_0024_00005077_0_0.tif,82-20,2,O2021_82_21_1_0004_00002040_9000_6000.tif,82-21,1,896.0,8.96
O2021_82_20_1_0024_00005077_0_0.tif,82-20,2,O2021_82_21_1_0004_00002040_9000_5000.tif,82-21,1,2304.0,23.04
O2021_82_20_1_0024_00005077_0_0.tif,82-20,2,O2021_82_21_1_0004_00002040_10000_5000.tif,82-21,1,4896.0,48.96
O2021_82_20_1_0024_00005077_0_0.tif,82-20,2,O2021_82_21_1_0004_00002039_10000_0.tif,82-21,1,4158.0,41.58
O2021_82_20_1_0024_00005077_0_0.tif,82-20,2,O2021_82_21_1_0004_00002039_9000_0.tif,82-21,1,1242.0,12.42
O2021_82_20_1_0024_00005077_0_1000.tif,82-20,2,O2021_82_21_1_0004_00002040_10000_7000.tif,82-21,1,1904.0,19.04
O2021_82_20_1_0024_00005077_0_1000.tif,82-20,2,O2021_82_21_1_0004_00002040_9000_7000.tif,82-21,1,896.0,8.96
O2021_82_20_1_0024_00005077_0_1000.tif,82-20,2,O2021_82_21_1_0004_00002039_10000_2000.tif,82-21,1,3542.0,35.42
O2021_82_20_1_0024_00005077_0_1000.tif,82-20,2,O2021_82_21_1_0004_00002039_9000_2000.tif,82-21,1,1058.0,10.58
O2021_82_20_1_0024_00005077_0_1000.tif,82-20,2,O2021_82_21_1_0004_00002040_10000_6000.tif,82-21,1,4896.0,48.96
O2021_82_20_1_0024_00005077_0_1000.tif,82-20,2,O2021_82_21_1_0004_00002040_9000_6000.tif,82-21,1,2304.0,23.04
O2021_82_20_1_0024_00005077_0_3000.tif,82-20,2,O2021_82_21_1_0004_00002040_10000_8000.tif,82-21,1,4896.0,48.96
O2021_82_20_1_0024_00005077_0_3000.tif,82-20,2,O2021_82_21_1_0004_00002040_9000_8000.tif,82-21,1,2304.0,23.04
O2021_82_20_1_0024_00005077_0_3000.tif,82-20,2,O2021_82_21_1_0004_00002039_10000_3000.tif,82-21,1,4158.0,41.58
O2021_82_20_1_0024_00005077_0_3000.tif,82-20,2,O2021_82_21_1_0004_00002039_9000_3000.tif,82-21,1,1242.0,12.42
O2021_82_20_1_0024_00005077_10000_0.tif,82-20,2,O2021_82_21_1_0005_00001868_8000_6000.tif,82-21,1,1020.0,10.2
O2021_82_20_1_0024_00005077_10000_0.tif,82-20,2,O2021_82_21_1_0005_00001868_9000_6000.tif,82-21,1,680.0,6.8
O2021_82_20_1_0024_00005077_10000_0.tif,82-20,2,O2021_82_21_1_0005_00001869_9000_0.tif,82-21,1,1763.0,17.63
O2021_82_20_1_0024_00005077_10000_0.tif,82-20,2,O2021_82_21_1_0005_00001869_8000_0.tif,82-21,1,2537.0,25.37
O2021_82_20_1_0024_00005077_10000_0.tif,82-20,2,O2021_82_21_1_0005_00001868_9000_5000.tif,82-21,1,3320.0,33.2
O2021_82_20_1_0024_00005077_10000_0.tif,82-20,2,O2021_82_21_1_0005_00001868_8000_5000.tif,82-21,1,4980.0,49.8
O2021_82_20_1_0024_00005077_10000_1000.tif,82-20,2,O2021_82_21_1_0005_00001868_9000_7000.tif,82-21,1,680.0,6.8
O2021_82_20_1_0024_00005077_10000_1000.tif,82-20,2,O2021_82_21_1_0005_00001868_8000_7000.tif,82-21,1,1020.0,10.2
O2021_82_20_1_0024_00005077_10000_1000.tif,82-20,2,O2021_82_21_1_0005_00001869_9000_1000.tif,82-21,1,1763.0,17.63
O2021_82_20_1_0024_00005077_10000_1000.tif,82-20,2,O2021_82_21_1_0005_00001869_8000_1000.tif,82-21,1,2537.0,25.37
O2021_82_20_1_0024_00005077_10000_1000.tif,82-20,2,O2021_82_21_1_0005_00001868_8000_6000.tif,82-21,1,4980.0,49.8
O2021_82_20_1_0024_00005077_10000_1000.tif,82-20,2,O2021_82_21_1_0005_00001868_9000_6000.tif,82-21,1,3320.0,33.2
O2021_82_20_1_0024_00005077_10000_1000.tif,82-20,2,O2021_82_21_1_0005_00001869_9000_0.tif,82-21,1,2337.0,23.37
O2021_82_20_1_0024_00005077_10000_1000.tif,82-20,2,O2021_82_21_1_0005_00001869_8000_0.tif,82-21,1,3363.0,33.63
O2021_82_20_1_0024_00005077_10000_3000.tif,82-20,2,O2021_82_21_1_0005_00001868_8000_8000.tif,82-21,1,4980.0,49.8
O2021_82_20_1_0024_00005077_10000_3000.tif,82-20,2,O2021_82_21_1_0005_00001868_9000_8000.tif,82-21,1,3320.0,33.2
O2021_82_20_1_0024_00005077_10000_3000.tif,82-20,2,O2021_82_21_1_0005_00001869_8000_2000.tif,82-21,1,3363.0,33.63
O2021_82_20_1_0024_00005077_10000_3000.tif,82-20,2,O2021_82_21_1_0005_00001869_9000_2000.tif,82-21,1,2337.0,23.37
O2021_82_20_1_0024_00005077_1000_0.tif,82-20,2,O2021_82_21_1_0005_00001868_0_6000.tif,82-21,1,680.0,6.8
O2021_82_20_1_0024_00005077_1000_0.tif,82-20,2,O2021_82_21_1_0004_00002040_10000_6000.tif,82-21,1,896.0,8.96
O2021_82_20_1_0024_00005077_1000_0.tif,82-20,2,O2021_82_21_1_0004_00002040_11000_6000.tif,82-21,1,1904.0,19.04
O2021_82_20_1_0024_00005077_1000_0.tif,82-20,2,O2021_82_21_1_0005_00001869_0_0.tif,82-21,1,1763.0,17.63
O2021_82_20_1_0024_00005077_1000_0.tif,82-20,2,O2021_82_21_1_0005_00001868_0_5000.tif,82-21,1,3320.0,33.2
O2021_82_20_1_0024_00005077_1000_0.tif,82-20,2,O2021_82_21_1_0004_00002040_11000_5000.tif,82-21,1,4896.0,48.96
O2021_82_20_1_0024_00005077_1000_0.tif,82-20,2,O2021_82_21_1_0004_00002040_10000_5000.tif,82-21,1,2304.0,23.04
O2021_82_20_1_0024_00005077_1000_0.tif,82-20,2,O2021_82_21_1_0004_00002039_10000_0.tif,82-21,1,1242.0,12.42
O2021_82_20_1_0024_00005077_1000_0.tif,82-20,2,O2021_82_21_1_0004_00002039_11000_0.tif,82-21,1,4158.0,41.58
O2021_82_20_1_0024_00005077_1000_1000.tif,82-20,2,O2021_82_21_1_0005_00001868_0_7000.tif,82-21,1,680.0,6.8
O2021_82_20_1_0024_00005077_1000_1000.tif,82-20,2,O2021_82_21_1_0004_00002040_10000_7000.tif,82-21,1,896.0,8.96
O2021_82_20_1_0024_00005077_1000_1000.tif,82-20,2,O2021_82_21_1_0004_00002040_11000_7000.tif,82-21,1,1904.0,19.04
O2021_82_20_1_0024_00005077_1000_1000.tif,82-20,2,O2021_82_21_1_0005_00001869_0_1000.tif,82-21,1,1763.0,17.63
O2021_82_20_1_0024_00005077_1000_1000.tif,82-20,2,O2021_82_21_1_0004_00002039_10000_2000.tif,82-21,1,1058.0,10.58
O2021_82_20_1_0024_00005077_1000_1000.tif,82-20,2,O2021_82_21_1_0004_00002039_11000_2000.tif,82-21,1,3542.0,35.42
O2021_82_20_1_0024_00005077_1000_1000.tif,82-20,2,O2021_82_21_1_0005_00001868_0_6000.tif,82-21,1,3320.0,33.2
O2021_82_20_1_0024_00005077_1000_1000.tif,82-20,2,O2021_82_21_1_0004_00002040_10000_6000.tif,82-21,1,2304.0,23.04
O2021_82_20_1_0024_00005077_1000_1000.tif,82-20,2,O2021_82_21_1_0004_00002040_11000_6000.tif,82-21,1,4896.0,48.96
O2021_82_20_1_0024_00005077_1000_1000.tif,82-20,2,O2021_82_21_1_0005_00001869_0_0.tif,82-21,1,2337.0,23.37
O2021_82_20_1_0024_00005077_1000_3000.tif,82-20,2,O2021_82_21_1_0005_00001868_0_8000.tif,82-21,1,3320.0,33.2
O2021_82_20_1_0024_00005077_1000_3000.tif,82-20,2,O2021_82_21_1_0004_00002040_10000_8000.tif,82-21,1,2304.0,23.04
O2021_82_20_1_0024_00005077_1000_3000.tif,82-20,2,O2021_82_21_1_0004_00002040_11000_8000.tif,82-21,1,4896.0,48.96
O2021_82_20_1_0024_00005077_1000_3000.tif,82-20,2,O2021_82_21_1_0005_00001869_0_2000.tif,82-21,1,2337.0,23.37
O2021_82_20_1_0024_00005077_1000_3000.tif,82-20,2,O2021_82_21_1_0004_00002039_10000_3000.tif,82-21,1,1242.0,12.42
O2021_82_20_1_0024_00005077_1000_3000.tif,82-20,2,O2021_82_21_1_0004_00002039_11000_3000.tif,82-21,1,4158.0,41.58
O2021_82_20_1_0024_00005077_11000_0.tif,82-20,2,O2021_82_21_1_0005_00001868_10000_6000.tif,82-21,1,680.0,6.8
O2021_82_20_1_0024_00005077_11000_0.tif,82-20,2,O2021_82_21_1_0005_00001868_9000_6000.tif,82-21,1,1020.0,10.2
O2021_82_20_1_0024_00005077_11000_0.tif,82-20,2,O2021_82_21_1_0005_00001869_9000_0.tif,82-21,1,2537.0,25.37
O2021_82_20_1_0024_00005077_11000_0.tif,82-20,2,O2021_82_21_1_0005_00001869_10000_0.tif,82-21,1,1763.0,17.63
O2021_82_20_1_0024_00005077_11000_0.tif,82-20,2,O2021_82_21_1_0005_00001868_9000_5000.tif,82-21,1,4980.0,49.8
O2021_82_20_1_0024_00005077_11000_0.tif,82-20,2,O2021_82_21_1_0005_00001868_10000_5000.tif,82-21,1,3320.0,33.2
O2021_82_20_1_0024_00005077_11000_1000.tif,82-20,2,O2021_82_21_1_0005_00001868_9000_7000.tif,82-21,1,1020.0,10.2
O2021_82_20_1_0024_00005077_11000_1000.tif,82-20,2,O2021_82_21_1_0005_00001868_10000_7000.tif,82-21,1,680.0,6.8
O2021_82_20_1_0024_00005077_11000_1000.tif,82-20,2,O2021_82_21_1_0005_00001869_9000_1000.tif,82-21,1,2537.0,25.37
O2021_82_20_1_0024_00005077_11000_1000.tif,82-20,2,O2021_82_21_1_0005_00001869_10000_1000.tif,82-21,1,1763.0,17.63
O2021_82_20_1_0024_00005077_11000_1000.tif,82-20,2,O2021_82_21_1_0005_00001868_10000_6000.tif,82-21,1,3320.0,33.2
O2021_82_20_1_0024_00005077_11000_1000.tif,82-20,2,O2021_82_21_1_0005_00001868_9000_6000.tif,82-21,1,4980.0,49.8
O2021_82_20_1_0024_00005077_11000_1000.tif,82-20,2,O2021_82_21_1_0005_00001869_9000_0.tif,82-21,1,3363.0,33.63
O2021_82_20_1_0024_00005077_11000_1000.tif,82-20,2,O2021_82_21_1_0005_00001869_10000_0.tif,82-21,1,2337.0,23.37
O2021_82_20_1_0024_00005077_11000_3000.tif,82-20,2,O2021_82_21_1_0005_00001868_10000_8000.tif,82-21,1,3320.0,33.2
O2021_82_20_1_0024_00005077_11000_3000.tif,82-20,2,O2021_82_21_1_0005_00001868_9000_8000.tif,82-21,1,4980.0,49.8
O2021_82_20_1_0024_00005077_11000_3000.tif,82-20,2,O2021_82_21_1_0005_00001869_10000_2000.tif,82-21,1,2337.0,23.37
O2021_82_20_1_0024_00005077_11000_3000.tif,82-20,2,O2021_82_21_1_0005_00001869_9000_2000.tif,82-21,1,3363.0,33.63
O2021_82_20_1_0024_00005077_12000_0.tif,82-20,2,O2021_82_21_1_0005_00001868_10000_6000.tif,82-21,1,1020.0,10.2
O2021_82_20_1_0024_00005077_12000_0.tif,82-20,2,O2021_82_21_1_0005_00001869_10000_0.tif,82-21,1,2537.0,25.37
O2021_82_20_1_0024_00005077_12000_0.tif,82-20,2,O2021_82_21_1_0005_00001868_11000_6000.tif,82-21,1,680.0,6.8
O2021_82_20_1_0024_00005077_12000_0.tif,82-20,2,O2021_82_21_1_0005_00001869_11000_0.tif,82-21,1,1763.0,17.63
O2021_82_20_1_0024_00005077_12000_0.tif,82-20,2,O2021_82_21_1_0005_00001868_11000_5000.tif,82-21,1,3320.0,33.2
O2021_82_20_1_0024_00005077_12000_0.tif,82-20,2,O2021_82_21_1_0005_00001868_10000_5000.tif,82-21,1,4980.0,49.8
O2021_82_20_1_0024_00005077_12000_1000.tif,82-20,2,O2021_82_21_1_0005_00001868_11000_7000.tif,82-21,1,680.0,6.8
O2021_82_20_1_0024_00005077_12000_1000.tif,82-20,2,O2021_82_21_1_0005_00001869_11000_1000.tif,82-21,1,1763.0,17.63
O2021_82_20_1_0024_00005077_12000_1000.tif,82-20,2,O2021_82_21_1_0005_00001868_10000_7000.tif,82-21,1,1020.0,10.2
O2021_82_20_1_0024_00005077_12000_1000.tif,82-20,2,O2021_82_21_1_0005_00001869_10000_1000.tif,82-21,1,2537.0,25.37
O2021_82_20_1_0024_00005077_12000_1000.tif,82-20,2,O2021_82_21_1_0005_00001868_10000_6000.tif,82-21,1,4980.0,49.8
O2021_82_20_1_0024_00005077_12000_1000.tif,82-20,2,O2021_82_21_1_0005_00001869_10000_0.tif,82-21,1,3363.0,33.63
O2021_82_20_1_0024_00005077_12000_1000.tif,82-20,2,O2021_82_21_1_0005_00001868_11000_6000.tif,82-21,1,3320.0,33.2
O2021_82_20_1_0024_00005077_12000_1000.tif,82-20,2,O2021_82_21_1_0005_00001869_11000_0.tif,82-21,1,2337.0,23.37
O2021_82_20_1_0024_00005077_12000_3000.tif,82-20,2,O2021_82_21_1_0005_00001868_10000_8000.tif,82-21,1,4980.0,49.8
O2021_82_20_1_0024_00005077_12000_3000.tif,82-20,2,O2021_82_21_1_0005_00001869_10000_2000.tif,82-21,1,3363.0,33.63
O2021_82_20_1_0024_00005077_12000_3000.tif,82-20,2,O2021_82_21_1_0005_00001868_11000_8000.tif,82-21,1,3320.0,33.2
O2021_82_20_1_0024_00005077_12000_3000.tif,82-20,2,O2021_82_21_1_0005_00001869_11000_2000.tif,82-21,1,2337.0,23.37
O2021_82_20_1_0024_00005077_13000_0.tif,82-20,2,O2021_82_21_1_0005_00001868_11000_6000.tif,82-21,1,1020.0,10.2
O2021_82_20_1_0024_00005077_13000_0.tif,82-20,2,O2021_82_21_1_0005_00001869_11000_0.tif,82-21,1,2537.0,25.37
O2021_82_20_1_0024_00005077_13000_0.tif,82-20,2,O2021_82_21_1_0005_00001868_11000_5000.tif,82-21,1,4980.0,49.8
O2021_82_20_1_0024_00005077_13000_1000.tif,82-20,2,O2021_82_21_1_0005_00001868_11000_7000.tif,82-21,1,1020.0,10.2
O2021_82_20_1_0024_00005077_13000_1000.tif,82-20,2,O2021_82_21_1_0005_00001869_11000_1000.tif,82-21,1,2537.0,25.37
O2021_82_20_1_0024_00005077_13000_1000.tif,82-20,2,O2021_82_21_1_0005_00001868_11000_6000.tif,82-21,1,4980.0,49.8
O2021_82_20_1_0024_00005077_13000_1000.tif,82-20,2,O2021_82_21_1_0005_00001869_11000_0.tif,82-21,1,3363.0,33.63
O2021_82_20_1_0024_00005077_13000_3000.tif,82-20,2,O2021_82_21_1_0005_00001868_11000_8000.tif,82-21,1,4980.0,49.8
O2021_82_20_1_0024_00005077_13000_3000.tif,82-20,2,O2021_82_21_1_0005_00001869_11000_2000.tif,82-21,1,3363.0,33.63
O2021_82_20_1_0024_00005077_2000_0.tif,82-20,2,O2021_82_21_1_0005_00001868_0_6000.tif,82-21,1,1020.0,10.2
O2021_82_20_1_0024_00005077_2000_0.tif,82-20,2,O2021_82_21_1_0004_00002040_11000_6000.tif,82-21,1,896.0,8.96
O2021_82_20_1_0024_00005077_2000_0.tif,82-20,2,O2021_82_21_1_0005_00001868_1000_6000.tif,82-21,1,680.0,6.8
O2021_82_20_1_0024_00005077_2000_0.tif,82-20,2,O2021_82_21_1_0004_00002040_12000_6000.tif,82-21,1,1904.0,19.04
O2021_82_20_1_0024_00005077_2000_0.tif,82-20,2,O2021_82_21_1_0005_00001869_1000_0.tif,82-21,1,1763.0,17.63
O2021_82_20_1_0024_00005077_2000_0.tif,82-20,2,O2021_82_21_1_0005_00001868_1000_5000.tif,82-21,1,3320.0,33.2
O2021_82_20_1_0024_00005077_2000_0.tif,82-20,2,O2021_82_21_1_0004_00002040_12000_5000.tif,82-21,1,4896.0,48.96
O2021_82_20_1_0024_00005077_2000_0.tif,82-20,2,O2021_82_21_1_0005_00001869_0_0.tif,82-21,1,2537.0,25.37
O2021_82_20_1_0024_00005077_2000_0.tif,82-20,2,O2021_82_21_1_0005_00001868_0_5000.tif,82-21,1,4980.0,49.8
O2021_82_20_1_0024_00005077_2000_0.tif,82-20,2,O2021_82_21_1_0004_00002040_11000_5000.tif,82-21,1,2304.0,23.04
O2021_82_20_1_0024_00005077_2000_0.tif,82-20,2,O2021_82_21_1_0004_00002039_11000_0.tif,82-21,1,1242.0,12.42
O2021_82_20_1_0024_00005077_2000_0.tif,82-20,2,O2021_82_21_1_0004_00002039_12000_0.tif,82-21,1,4158.0,41.58
O2021_82_20_1_0024_00005077_2000_1000.tif,82-20,2,O2021_82_21_1_0005_00001868_1000_7000.tif,82-21,1,680.0,6.8
O2021_82_20_1_0024_00005077_2000_1000.tif,82-20,2,O2021_82_21_1_0004_00002040_12000_7000.tif,82-21,1,1904.0,19.04
O2021_82_20_1_0024_00005077_2000_1000.tif,82-20,2,O2021_82_21_1_0005_00001869_1000_1000.tif,82-21,1,1763.0,17.63
O2021_82_20_1_0024_00005077_2000_1000.tif,82-20,2,O2021_82_21_1_0005_00001868_0_7000.tif,82-21,1,1020.0,10.2
O2021_82_20_1_0024_00005077_2000_1000.tif,82-20,2,O2021_82_21_1_0004_00002040_11000_7000.tif,82-21,1,896.0,8.96
O2021_82_20_1_0024_00005077_2000_1000.tif,82-20,2,O2021_82_21_1_0005_00001869_0_1000.tif,82-21,1,2537.0,25.37
O2021_82_20_1_0024_00005077_2000_1000.tif,82-20,2,O2021_82_21_1_0004_00002039_11000_2000.tif,82-21,1,1058.0,10.58
O2021_82_20_1_0024_00005077_2000_1000.tif,82-20,2,O2021_82_21_1_0005_00001868_0_6000.tif,82-21,1,4980.0,49.8
O2021_82_20_1_0024_00005077_2000_1000.tif,82-20,2,O2021_82_21_1_0004_00002040_11000_6000.tif,82-21,1,2304.0,23.04
O2021_82_20_1_0024_00005077_2000_1000.tif,82-20,2,O2021_82_21_1_0004_00002039_12000_2000.tif,82-21,1,3542.0,35.42
O2021_82_20_1_0024_00005077_2000_1000.tif,82-20,2,O2021_82_21_1_0005_00001868_1000_6000.tif,82-21,1,3320.0,33.2
O2021_82_20_1_0024_00005077_2000_1000.tif,82-20,2,O2021_82_21_1_0004_00002040_12000_6000.tif,82-21,1,4896.0,48.96
O2021_82_20_1_0024_00005077_2000_1000.tif,82-20,2,O2021_82_21_1_0005_00001869_1000_0.tif,82-21,1,2337.0,23.37
O2021_82_20_1_0024_00005077_2000_1000.tif,82-20,2,O2021_82_21_1_0005_00001869_0_0.tif,82-21,1,3363.0,33.63
O2021_82_20_1_0024_00005077_2000_3000.tif,82-20,2,O2021_82_21_1_0005_00001868_1000_8000.tif,82-21,1,3320.0,33.2
O2021_82_20_1_0024_00005077_2000_3000.tif,82-20,2,O2021_82_21_1_0004_00002040_12000_8000.tif,82-21,1,4896.0,48.96
O2021_82_20_1_0024_00005077_2000_3000.tif,82-20,2,O2021_82_21_1_0005_00001869_1000_2000.tif,82-21,1,2337.0,23.37
O2021_82_20_1_0024_00005077_2000_3000.tif,82-20,2,O2021_82_21_1_0004_00002039_12000_3000.tif,82-21,1,4158.0,41.58
O2021_82_20_1_0024_00005077_2000_3000.tif,82-20,2,O2021_82_21_1_0005_00001868_0_8000.tif,82-21,1,4980.0,49.8
O2021_82_20_1_0024_00005077_2000_3000.tif,82-20,2,O2021_82_21_1_0004_00002040_11000_8000.tif,82-21,1,2304.0,23.04
O2021_82_20_1_0024_00005077_2000_3000.tif,82-20,2,O2021_82_21_1_0005_00001869_0_2000.tif,82-21,1,3363.0,33.63
O2021_82_20_1_0024_00005077_2000_3000.tif,82-20,2,O2021_82_21_1_0004_00002039_11000_3000.tif,82-21,1,1242.0,12.42
O2021_82_20_1_0024_00005077_3000_0.tif,82-20,2,O2021_82_21_1_0005_00001868_2000_6000.tif,82-21,1,680.0,6.8
O2021_82_20_1_0024_00005077_3000_0.tif,82-20,2,O2021_82_21_1_0005_00001868_1000_6000.tif,82-21,1,1020.0,10.2
O2021_82_20_1_0024_00005077_3000_0.tif,82-20,2,O2021_82_21_1_0004_00002040_13000_6000.tif,82-21,1,1904.0,19.04
O2021_82_20_1_0024_00005077_3000_0.tif,82-20,2,O2021_82_21_1_0004_00002040_12000_6000.tif,82-21,1,896.0,8.96
O2021_82_20_1_0024_00005077_3000_0.tif,82-20,2,O2021_82_21_1_0005_00001869_1000_0.tif,82-21,1,2537.0,25.37
O2021_82_20_1_0024_00005077_3000_0.tif,82-20,2,O2021_82_21_1_0005_00001869_2000_0.tif,82-21,1,1763.0,17.63
O2021_82_20_1_0024_00005077_3000_0.tif,82-20,2,O2021_82_21_1_0005_00001868_2000_5000.tif,82-21,1,3320.0,33.2
O2021_82_20_1_0024_00005077_3000_0.tif,82-20,2,O2021_82_21_1_0005_00001868_1000_5000.tif,82-21,1,4980.0,49.8
O2021_82_20_1_0024_00005077_3000_0.tif,82-20,2,O2021_82_21_1_0004_00002040_12000_5000.tif,82-21,1,2304.0,23.04
O2021_82_20_1_0024_00005077_3000_0.tif,82-20,2,O2021_82_21_1_0004_00002040_13000_5000.tif,82-21,1,4896.0,48.96
O2021_82_20_1_0024_00005077_3000_0.tif,82-20,2,O2021_82_21_1_0004_00002039_13000_0.tif,82-21,1,4158.0,41.58
O2021_82_20_1_0024_00005077_3000_0.tif,82-20,2,O2021_82_21_1_0004_00002039_12000_0.tif,82-21,1,1242.0,12.42
O2021_82_20_1_0024_00005077_3000_1000.tif,82-20,2,O2021_82_21_1_0005_00001868_1000_7000.tif,82-21,1,1020.0,10.2
O2021_82_20_1_0024_00005077_3000_1000.tif,82-20,2,O2021_82_21_1_0005_00001868_2000_7000.tif,82-21,1,680.0,6.8
O2021_82_20_1_0024_00005077_3000_1000.tif,82-20,2,O2021_82_21_1_0004_00002040_13000_7000.tif,82-21,1,1904.0,19.04
O2021_82_20_1_0024_00005077_3000_1000.tif,82-20,2,O2021_82_21_1_0004_00002040_12000_7000.tif,82-21,1,896.0,8.96
O2021_82_20_1_0024_00005077_3000_1000.tif,82-20,2,O2021_82_21_1_0005_00001869_2000_1000.tif,82-21,1,1763.0,17.63
O2021_82_20_1_0024_00005077_3000_1000.tif,82-20,2,O2021_82_21_1_0005_00001869_1000_1000.tif,82-21,1,2537.0,25.37
O2021_82_20_1_0024_00005077_3000_1000.tif,82-20,2,O2021_82_21_1_0004_00002039_13000_2000.tif,82-21,1,3542.0,35.42
O2021_82_20_1_0024_00005077_3000_1000.tif,82-20,2,O2021_82_21_1_0004_00002039_12000_2000.tif,82-21,1,1058.0,10.58
O2021_82_20_1_0024_00005077_3000_1000.tif,82-20,2,O2021_82_21_1_0005_00001868_2000_6000.tif,82-21,1,3320.0,33.2
O2021_82_20_1_0024_00005077_3000_1000.tif,82-20,2,O2021_82_21_1_0005_00001868_1000_6000.tif,82-21,1,4980.0,49.8
O2021_82_20_1_0024_00005077_3000_1000.tif,82-20,2,O2021_82_21_1_0004_00002040_13000_6000.tif,82-21,1,4896.0,48.96
O2021_82_20_1_0024_00005077_3000_1000.tif,82-20,2,O2021_82_21_1_0004_00002040_12000_6000.tif,82-21,1,2304.0,23.04
O2021_82_20_1_0024_00005077_3000_1000.tif,82-20,2,O2021_82_21_1_0005_00001869_1000_0.tif,82-21,1,3363.0,33.63
O2021_82_20_1_0024_00005077_3000_1000.tif,82-20,2,O2021_82_21_1_0005_00001869_2000_0.tif,82-21,1,2337.0,23.37
O2021_82_20_1_0024_00005077_3000_3000.tif,82-20,2,O2021_82_21_1_0005_00001868_1000_8000.tif,82-21,1,4980.0,49.8
O2021_82_20_1_0024_00005077_3000_3000.tif,82-20,2,O2021_82_21_1_0005_00001868_2000_8000.tif,82-21,1,3320.0,33.2
O2021_82_20_1_0024_00005077_3000_3000.tif,82-20,2,O2021_82_21_1_0004_00002040_12000_8000.tif,82-21,1,2304.0,23.04
O2021_82_20_1_0024_00005077_3000_3000.tif,82-20,2,O2021_82_21_1_0004_00002040_13000_8000.tif,82-21,1,4896.0,48.96
O2021_82_20_1_0024_00005077_3000_3000.tif,82-20,2,O2021_82_21_1_0005_00001869_2000_2000.tif,82-21,1,2337.0,23.37
O2021_82_20_1_0024_00005077_3000_3000.tif,82-20,2,O2021_82_21_1_0005_00001869_1000_2000.tif,82-21,1,3363.0,33.63
O2021_82_20_1_0024_00005077_3000_3000.tif,82-20,2,O2021_82_21_1_0004_00002039_13000_3000.tif,82-21,1,4158.0,41.58
O2021_82_20_1_0024_00005077_3000_3000.tif,82-20,2,O2021_82_21_1_0004_00002039_12000_3000.tif,82-21,1,1242.0,12.42
O2021_82_20_1_0024_00005077_4000_0.tif,82-20,2,O2021_82_21_1_0005_00001868_3000_6000.tif,82-21,1,680.0,6.8
O2021_82_20_1_0024_00005077_4000_0.tif,82-20,2,O2021_82_21_1_0005_00001868_2000_6000.tif,82-21,1,1020.0,10.2
O2021_82_20_1_0024_00005077_4000_0.tif,82-20,2,O2021_82_21_1_0004_00002040_13000_6000.tif,82-21,1,896.0,8.96
O2021_82_20_1_0024_00005077_4000_0.tif,82-20,2,O2021_82_21_1_0004_00002040_14000_6000.tif,82-21,1,1904.0,19.04
O2021_82_20_1_0024_00005077_4000_0.tif,82-20,2,O2021_82_21_1_0005_00001869_3000_0.tif,82-21,1,1763.0,17.63
O2021_82_20_1_0024_00005077_4000_0.tif,82-20,2,O2021_82_21_1_0005_00001869_2000_0.tif,82-21,1,2537.0,25.37
O2021_82_20_1_0024_00005077_4000_0.tif,82-20,2,O2021_82_21_1_0005_00001868_2000_5000.tif,82-21,1,4980.0,49.8
O2021_82_20_1_0024_00005077_4000_0.tif,82-20,2,O2021_82_21_1_0005_00001868_3000_5000.tif,82-21,1,3320.0,33.2
O2021_82_20_1_0024_00005077_4000_0.tif,82-20,2,O2021_82_21_1_0004_00002040_14000_5000.tif,82-21,1,4896.0,48.96
O2021_82_20_1_0024_00005077_4000_0.tif,82-20,2,O2021_82_21_1_0004_00002040_13000_5000.tif,82-21,1,2304.0,23.04
O2021_82_20_1_0024_00005077_4000_0.tif,82-20,2,O2021_82_21_1_0004_00002039_14000_0.tif,82-21,1,4158.0,41.58
O2021_82_20_1_0024_00005077_4000_0.tif,82-20,2,O2021_82_21_1_0004_00002039_13000_0.tif,82-21,1,1242.0,12.42
O2021_82_20_1_0024_00005077_4000_1000.tif,82-20,2,O2021_82_21_1_0005_00001868_3000_7000.tif,82-21,1,680.0,6.8
O2021_82_20_1_0024_00005077_4000_1000.tif,82-20,2,O2021_82_21_1_0005_00001868_2000_7000.tif,82-21,1,1020.0,10.2
O2021_82_20_1_0024_00005077_4000_1000.tif,82-20,2,O2021_82_21_1_0004_00002040_14000_7000.tif,82-21,1,1904.0,19.04
O2021_82_20_1_0024_00005077_4000_1000.tif,82-20,2,O2021_82_21_1_0004_00002040_13000_7000.tif,82-21,1,896.0,8.96
O2021_82_20_1_0024_00005077_4000_1000.tif,82-20,2,O2021_82_21_1_0005_00001869_3000_1000.tif,82-21,1,1763.0,17.63
O2021_82_20_1_0024_00005077_4000_1000.tif,82-20,2,O2021_82_21_1_0005_00001869_2000_1000.tif,82-21,1,2537.0,25.37
O2021_82_20_1_0024_00005077_4000_1000.tif,82-20,2,O2021_82_21_1_0004_00002039_13000_2000.tif,82-21,1,1058.0,10.58
O2021_82_20_1_0024_00005077_4000_1000.tif,82-20,2,O2021_82_21_1_0004_00002039_14000_2000.tif,82-21,1,3542.0,35.42
O2021_82_20_1_0024_00005077_4000_1000.tif,82-20,2,O2021_82_21_1_0005_00001868_3000_6000.tif,82-21,1,3320.0,33.2
O2021_82_20_1_0024_00005077_4000_1000.tif,82-20,2,O2021_82_21_1_0005_00001868_2000_6000.tif,82-21,1,4980.0,49.8
O2021_82_20_1_0024_00005077_4000_1000.tif,82-20,2,O2021_82_21_1_0004_00002040_13000_6000.tif,82-21,1,2304.0,23.04
O2021_82_20_1_0024_00005077_4000_1000.tif,82-20,2,O2021_82_21_1_0004_00002040_14000_6000.tif,82-21,1,4896.0,48.96
O2021_82_20_1_0024_00005077_4000_1000.tif,82-20,2,O2021_82_21_1_0005_00001869_3000_0.tif,82-21,1,2337.0,23.37
O2021_82_20_1_0024_00005077_4000_1000.tif,82-20,2,O2021_82_21_1_0005_00001869_2000_0.tif,82-21,1,3363.0,33.63
O2021_82_20_1_0024_00005077_4000_3000.tif,82-20,2,O2021_82_21_1_0005_00001868_3000_8000.tif,82-21,1,3320.0,33.2
O2021_82_20_1_0024_00005077_4000_3000.tif,82-20,2,O2021_82_21_1_0005_00001868_2000_8000.tif,82-21,1,4980.0,49.8
O2021_82_20_1_0024_00005077_4000_3000.tif,82-20,2,O2021_82_21_1_0004_00002040_13000_8000.tif,82-21,1,2304.0,23.04
O2021_82_20_1_0024_00005077_4000_3000.tif,82-20,2,O2021_82_21_1_0004_00002040_14000_8000.tif,82-21,1,4896.0,48.96
O2021_82_20_1_0024_00005077_4000_3000.tif,82-20,2,O2021_82_21_1_0005_00001869_3000_2000.tif,82-21,1,2337.0,23.37
O2021_82_20_1_0024_00005077_4000_3000.tif,82-20,2,O2021_82_21_1_0005_00001869_2000_2000.tif,82-21,1,3363.0,33.63
O2021_82_20_1_0024_00005077_4000_3000.tif,82-20,2,O2021_82_21_1_0004_00002039_13000_3000.tif,82-21,1,1242.0,12.42
O2021_82_20_1_0024_00005077_4000_3000.tif,82-20,2,O2021_82_21_1_0004_00002039_14000_3000.tif,82-21,1,4158.0,41.58
O2021_82_20_1_0024_00005077_5000_0.tif,82-20,2,O2021_82_21_1_0005_00001868_3000_6000.tif,82-21,1,1020.0,10.2
O2021_82_20_1_0024_00005077_5000_0.tif,82-20,2,O2021_82_21_1_0005_00001868_4000_6000.tif,82-21,1,680.0,6.8
O2021_82_20_1_0024_00005077_5000_0.tif,82-20,2,O2021_82_21_1_0004_00002040_15000_6000.tif,82-21,1,1904.0,19.04
O2021_82_20_1_0024_00005077_5000_0.tif,82-20,2,O2021_82_21_1_0004_00002040_14000_6000.tif,82-21,1,896.0,8.96
O2021_82_20_1_0024_00005077_5000_0.tif,82-20,2,O2021_82_21_1_0005_00001869_3000_0.tif,82-21,1,2537.0,25.37
O2021_82_20_1_0024_00005077_5000_0.tif,82-20,2,O2021_82_21_1_0005_00001869_4000_0.tif,82-21,1,1763.0,17.63
O2021_82_20_1_0024_00005077_5000_0.tif,82-20,2,O2021_82_21_1_0005_00001868_4000_5000.tif,82-21,1,3320.0,33.2
O2021_82_20_1_0024_00005077_5000_0.tif,82-20,2,O2021_82_21_1_0005_00001868_3000_5000.tif,82-21,1,4980.0,49.8
O2021_82_20_1_0024_00005077_5000_0.tif,82-20,2,O2021_82_21_1_0004_00002040_14000_5000.tif,82-21,1,2304.0,23.04
O2021_82_20_1_0024_00005077_5000_0.tif,82-20,2,O2021_82_21_1_0004_00002040_15000_5000.tif,82-21,1,4896.0,48.96
O2021_82_20_1_0024_00005077_5000_0.tif,82-20,2,O2021_82_21_1_0004_00002039_15000_0.tif,82-21,1,4158.0,41.58
O2021_82_20_1_0024_00005077_5000_0.tif,82-20,2,O2021_82_21_1_0004_00002039_14000_0.tif,82-21,1,1242.0,12.42
O2021_82_20_1_0024_00005077_5000_1000.tif,82-20,2,O2021_82_21_1_0005_00001868_4000_7000.tif,82-21,1,680.0,6.8
O2021_82_20_1_0024_00005077_5000_1000.tif,82-20,2,O2021_82_21_1_0005_00001868_3000_7000.tif,82-21,1,1020.0,10.2
O2021_82_20_1_0024_00005077_5000_1000.tif,82-20,2,O2021_82_21_1_0004_00002040_15000_7000.tif,82-21,1,1904.0,19.04
O2021_82_20_1_0024_00005077_5000_1000.tif,82-20,2,O2021_82_21_1_0004_00002040_14000_7000.tif,82-21,1,896.0,8.96
O2021_82_20_1_0024_00005077_5000_1000.tif,82-20,2,O2021_82_21_1_0005_00001869_4000_1000.tif,82-21,1,1763.0,17.63
O2021_82_20_1_0024_00005077_5000_1000.tif,82-20,2,O2021_82_21_1_0005_00001869_3000_1000.tif,82-21,1,2537.0,25.37
O2021_82_20_1_0024_00005077_5000_1000.tif,82-20,2,O2021_82_21_1_0004_00002039_15000_2000.tif,82-21,1,3542.0,35.42
O2021_82_20_1_0024_00005077_5000_1000.tif,82-20,2,O2021_82_21_1_0004_00002039_14000_2000.tif,82-21,1,1058.0,10.58
O2021_82_20_1_0024_00005077_5000_1000.tif,82-20,2,O2021_82_21_1_0005_00001868_3000_6000.tif,82-21,1,4980.0,49.8
O2021_82_20_1_0024_00005077_5000_1000.tif,82-20,2,O2021_82_21_1_0005_00001868_4000_6000.tif,82-21,1,3320.0,33.2
O2021_82_20_1_0024_00005077_5000_1000.tif,82-20,2,O2021_82_21_1_0004_00002040_15000_6000.tif,82-21,1,4896.0,48.96
O2021_82_20_1_0024_00005077_5000_1000.tif,82-20,2,O2021_82_21_1_0004_00002040_14000_6000.tif,82-21,1,2304.0,23.04
O2021_82_20_1_0024_00005077_5000_1000.tif,82-20,2,O2021_82_21_1_0005_00001869_3000_0.tif,82-21,1,3363.0,33.63
O2021_82_20_1_0024_00005077_5000_1000.tif,82-20,2,O2021_82_21_1_0005_00001869_4000_0.tif,82-21,1,2337.0,23.37
O2021_82_20_1_0024_00005077_5000_3000.tif,82-20,2,O2021_82_21_1_0005_00001868_4000_8000.tif,82-21,1,3320.0,33.2
O2021_82_20_1_0024_00005077_5000_3000.tif,82-20,2,O2021_82_21_1_0005_00001868_3000_8000.tif,82-21,1,4980.0,49.8
O2021_82_20_1_0024_00005077_5000_3000.tif,82-20,2,O2021_82_21_1_0004_00002040_15000_8000.tif,82-21,1,4896.0,48.96
O2021_82_20_1_0024_00005077_5000_3000.tif,82-20,2,O2021_82_21_1_0004_00002040_14000_8000.tif,82-21,1,2304.0,23.04
O2021_82_20_1_0024_00005077_5000_3000.tif,82-20,2,O2021_82_21_1_0005_00001869_3000_2000.tif,82-21,1,3363.0,33.63
O2021_82_20_1_0024_00005077_5000_3000.tif,82-20,2,O2021_82_21_1_0005_00001869_4000_2000.tif,82-21,1,2337.0,23.37
O2021_82_20_1_0024_00005077_5000_3000.tif,82-20,2,O2021_82_21_1_0004_00002039_15000_3000.tif,82-21,1,4158.0,41.58
O2021_82_20_1_0024_00005077_5000_3000.tif,82-20,2,O2021_82_21_1_0004_00002039_14000_3000.tif,82-21,1,1242.0,12.42
O2021_82_20_1_0024_00005077_6000_0.tif,82-20,2,O2021_82_21_1_0005_00001868_5000_6000.tif,82-21,1,680.0,6.8
O2021_82_20_1_0024_00005077_6000_0.tif,82-20,2,O2021_82_21_1_0005_00001868_4000_6000.tif,82-21,1,1020.0,10.2
O2021_82_20_1_0024_00005077_6000_0.tif,82-20,2,O2021_82_21_1_0004_00002040_15000_6000.tif,82-21,1,896.0,8.96
O2021_82_20_1_0024_00005077_6000_0.tif,82-20,2,O2021_82_21_1_0004_00002040_16000_6000.tif,82-21,1,1904.0,19.04
O2021_82_20_1_0024_00005077_6000_0.tif,82-20,2,O2021_82_21_1_0005_00001869_5000_0.tif,82-21,1,1763.0,17.63
O2021_82_20_1_0024_00005077_6000_0.tif,82-20,2,O2021_82_21_1_0005_00001869_4000_0.tif,82-21,1,2537.0,25.37
O2021_82_20_1_0024_00005077_6000_0.tif,82-20,2,O2021_82_21_1_0005_00001868_4000_5000.tif,82-21,1,4980.0,49.8
O2021_82_20_1_0024_00005077_6000_0.tif,82-20,2,O2021_82_21_1_0005_00001868_5000_5000.tif,82-21,1,3320.0,33.2
O2021_82_20_1_0024_00005077_6000_0.tif,82-20,2,O2021_82_21_1_0004_00002040_16000_5000.tif,82-21,1,4896.0,48.96
O2021_82_20_1_0024_00005077_6000_0.tif,82-20,2,O2021_82_21_1_0004_00002040_15000_5000.tif,82-21,1,2304.0,23.04
O2021_82_20_1_0024_00005077_6000_0.tif,82-20,2,O2021_82_21_1_0004_00002039_15000_0.tif,82-21,1,1242.0,12.42
O2021_82_20_1_0024_00005077_6000_0.tif,82-20,2,O2021_82_21_1_0004_00002039_16000_0.tif,82-21,1,4158.0,41.58
O2021_82_20_1_0024_00005077_6000_1000.tif,82-20,2,O2021_82_21_1_0005_00001868_5000_7000.tif,82-21,1,680.0,6.8
O2021_82_20_1_0024_00005077_6000_1000.tif,82-20,2,O2021_82_21_1_0005_00001868_4000_7000.tif,82-21,1,1020.0,10.2
O2021_82_20_1_0024_00005077_6000_1000.tif,82-20,2,O2021_82_21_1_0004_00002040_15000_7000.tif,82-21,1,896.0,8.96
O2021_82_20_1_0024_00005077_6000_1000.tif,82-20,2,O2021_82_21_1_0004_00002040_16000_7000.tif,82-21,1,1904.0,19.04
O2021_82_20_1_0024_00005077_6000_1000.tif,82-20,2,O2021_82_21_1_0005_00001869_4000_1000.tif,82-21,1,2537.0,25.37
O2021_82_20_1_0024_00005077_6000_1000.tif,82-20,2,O2021_82_21_1_0005_00001869_5000_1000.tif,82-21,1,1763.0,17.63
O2021_82_20_1_0024_00005077_6000_1000.tif,82-20,2,O2021_82_21_1_0004_00002039_15000_2000.tif,82-21,1,1058.0,10.58
O2021_82_20_1_0024_00005077_6000_1000.tif,82-20,2,O2021_82_21_1_0004_00002039_16000_2000.tif,82-21,1,3542.0,35.42
O2021_82_20_1_0024_00005077_6000_1000.tif,82-20,2,O2021_82_21_1_0005_00001868_5000_6000.tif,82-21,1,3320.0,33.2
O2021_82_20_1_0024_00005077_6000_1000.tif,82-20,2,O2021_82_21_1_0005_00001868_4000_6000.tif,82-21,1,4980.0,49.8
O2021_82_20_1_0024_00005077_6000_1000.tif,82-20,2,O2021_82_21_1_0004_00002040_15000_6000.tif,82-21,1,2304.0,23.04
O2021_82_20_1_0024_00005077_6000_1000.tif,82-20,2,O2021_82_21_1_0004_00002040_16000_6000.tif,82-21,1,4896.0,48.96
O2021_82_20_1_0024_00005077_6000_1000.tif,82-20,2,O2021_82_21_1_0005_00001869_5000_0.tif,82-21,1,2337.0,23.37
O2021_82_20_1_0024_00005077_6000_1000.tif,82-20,2,O2021_82_21_1_0005_00001869_4000_0.tif,82-21,1,3363.0,33.63
O2021_82_20_1_0024_00005077_6000_3000.tif,82-20,2,O2021_82_21_1_0005_00001868_4000_8000.tif,82-21,1,4980.0,49.8
O2021_82_20_1_0024_00005077_6000_3000.tif,82-20,2,O2021_82_21_1_0005_00001868_5000_8000.tif,82-21,1,3320.0,33.2
O2021_82_20_1_0024_00005077_6000_3000.tif,82-20,2,O2021_82_21_1_0004_00002040_16000_8000.tif,82-21,1,4896.0,48.96
O2021_82_20_1_0024_00005077_6000_3000.tif,82-20,2,O2021_82_21_1_0004_00002040_15000_8000.tif,82-21,1,2304.0,23.04
O2021_82_20_1_0024_00005077_6000_3000.tif,82-20,2,O2021_82_21_1_0005_00001869_4000_2000.tif,82-21,1,3363.0,33.63
O2021_82_20_1_0024_00005077_6000_3000.tif,82-20,2,O2021_82_21_1_0005_00001869_5000_2000.tif,82-21,1,2337.0,23.37
O2021_82_20_1_0024_00005077_6000_3000.tif,82-20,2,O2021_82_21_1_0004_00002039_16000_3000.tif,82-21,1,4158.0,41.58
O2021_82_20_1_0024_00005077_6000_3000.tif,82-20,2,O2021_82_21_1_0004_00002039_15000_3000.tif,82-21,1,1242.0,12.42
O2021_82_20_1_0024_00005077_7000_0.tif,82-20,2,O2021_82_21_1_0005_00001868_6000_6000.tif,82-21,1,680.0,6.8
O2021_82_20_1_0024_00005077_7000_0.tif,82-20,2,O2021_82_21_1_0005_00001868_5000_6000.tif,82-21,1,1020.0,10.2
O2021_82_20_1_0024_00005077_7000_0.tif,82-20,2,O2021_82_21_1_0004_00002040_16000_6000.tif,82-21,1,896.0,8.96
O2021_82_20_1_0024_00005077_7000_0.tif,82-20,2,O2021_82_21_1_0005_00001869_6000_0.tif,82-21,1,1763.0,17.63
O2021_82_20_1_0024_00005077_7000_0.tif,82-20,2,O2021_82_21_1_0005_00001869_5000_0.tif,82-21,1,2537.0,25.37
O2021_82_20_1_0024_00005077_7000_0.tif,82-20,2,O2021_82_21_1_0005_00001868_6000_5000.tif,82-21,1,3320.0,33.2
O2021_82_20_1_0024_00005077_7000_0.tif,82-20,2,O2021_82_21_1_0005_00001868_5000_5000.tif,82-21,1,4980.0,49.8
O2021_82_20_1_0024_00005077_7000_0.tif,82-20,2,O2021_82_21_1_0004_00002040_16000_5000.tif,82-21,1,2304.0,23.04
O2021_82_20_1_0024_00005077_7000_0.tif,82-20,2,O2021_82_21_1_0004_00002039_16000_0.tif,82-21,1,1242.0,12.42
O2021_82_20_1_0024_00005077_7000_1000.tif,82-20,2,O2021_82_21_1_0005_00001868_5000_7000.tif,82-21,1,1020.0,10.2
O2021_82_20_1_0024_00005077_7000_1000.tif,82-20,2,O2021_82_21_1_0005_00001868_6000_7000.tif,82-21,1,680.0,6.8
O2021_82_20_1_0024_00005077_7000_1000.tif,82-20,2,O2021_82_21_1_0004_00002040_16000_7000.tif,82-21,1,896.0,8.96
O2021_82_20_1_0024_00005077_7000_1000.tif,82-20,2,O2021_82_21_1_0005_00001869_6000_1000.tif,82-21,1,1763.0,17.63
O2021_82_20_1_0024_00005077_7000_1000.tif,82-20,2,O2021_82_21_1_0005_00001869_5000_1000.tif,82-21,1,2537.0,25.37
O2021_82_20_1_0024_00005077_7000_1000.tif,82-20,2,O2021_82_21_1_0004_00002039_16000_2000.tif,82-21,1,1058.0,10.58
O2021_82_20_1_0024_00005077_7000_1000.tif,82-20,2,O2021_82_21_1_0005_00001868_6000_6000.tif,82-21,1,3320.0,33.2
O2021_82_20_1_0024_00005077_7000_1000.tif,82-20,2,O2021_82_21_1_0005_00001868_5000_6000.tif,82-21,1,4980.0,49.8
O2021_82_20_1_0024_00005077_7000_1000.tif,82-20,2,O2021_82_21_1_0004_00002040_16000_6000.tif,82-21,1,2304.0,23.04
O2021_82_20_1_0024_00005077_7000_1000.tif,82-20,2,O2021_82_21_1_0005_00001869_6000_0.tif,82-21,1,2337.0,23.37
O2021_82_20_1_0024_00005077_7000_1000.tif,82-20,2,O2021_82_21_1_0005_00001869_5000_0.tif,82-21,1,3363.0,33.63
O2021_82_20_1_0024_00005077_7000_3000.tif,82-20,2,O2021_82_21_1_0005_00001868_6000_8000.tif,82-21,1,3320.0,33.2
O2021_82_20_1_0024_00005077_7000_3000.tif,82-20,2,O2021_82_21_1_0005_00001868_5000_8000.tif,82-21,1,4980.0,49.8
O2021_82_20_1_0024_00005077_7000_3000.tif,82-20,2,O2021_82_21_1_0004_00002040_16000_8000.tif,82-21,1,2304.0,23.04
O2021_82_20_1_0024_00005077_7000_3000.tif,82-20,2,O2021_82_21_1_0005_00001869_6000_2000.tif,82-21,1,2337.0,23.37
O2021_82_20_1_0024_00005077_7000_3000.tif,82-20,2,O2021_82_21_1_0005_00001869_5000_2000.tif,82-21,1,3363.0,33.63
O2021_82_20_1_0024_00005077_7000_3000.tif,82-20,2,O2021_82_21_1_0004_00002039_16000_3000.tif,82-21,1,1242.0,12.42
O2021_82_20_1_0024_00005077_8000_0.tif,82-20,2,O2021_82_21_1_0005_00001868_7000_6000.tif,82-21,1,680.0,6.8
O2021_82_20_1_0024_00005077_8000_0.tif,82-20,2,O2021_82_21_1_0005_00001868_6000_6000.tif,82-21,1,1020.0,10.2
O2021_82_20_1_0024_00005077_8000_0.tif,82-20,2,O2021_82_21_1_0005_00001869_6000_0.tif,82-21,1,2537.0,25.37
O2021_82_20_1_0024_00005077_8000_0.tif,82-20,2,O2021_82_21_1_0005_00001869_7000_0.tif,82-21,1,1763.0,17.63
O2021_82_20_1_0024_00005077_8000_0.tif,82-20,2,O2021_82_21_1_0005_00001868_6000_5000.tif,82-21,1,4980.0,49.8
O2021_82_20_1_0024_00005077_8000_0.tif,82-20,2,O2021_82_21_1_0005_00001868_7000_5000.tif,82-21,1,3320.0,33.2
O2021_82_20_1_0024_00005077_8000_1000.tif,82-20,2,O2021_82_21_1_0005_00001868_7000_7000.tif,82-21,1,680.0,6.8
O2021_82_20_1_0024_00005077_8000_1000.tif,82-20,2,O2021_82_21_1_0005_00001868_6000_7000.tif,82-21,1,1020.0,10.2
O2021_82_20_1_0024_00005077_8000_1000.tif,82-20,2,O2021_82_21_1_0005_00001869_7000_1000.tif,82-21,1,1763.0,17.63
O2021_82_20_1_0024_00005077_8000_1000.tif,82-20,2,O2021_82_21_1_0005_00001869_6000_1000.tif,82-21,1,2537.0,25.37
O2021_82_20_1_0024_00005077_8000_1000.tif,82-20,2,O2021_82_21_1_0005_00001868_7000_6000.tif,82-21,1,3320.0,33.2
O2021_82_20_1_0024_00005077_8000_1000.tif,82-20,2,O2021_82_21_1_0005_00001868_6000_6000.tif,82-21,1,4980.0,49.8
O2021_82_20_1_0024_00005077_8000_1000.tif,82-20,2,O2021_82_21_1_0005_00001869_6000_0.tif,82-21,1,3363.0,33.63
O2021_82_20_1_0024_00005077_8000_1000.tif,82-20,2,O2021_82_21_1_0005_00001869_7000_0.tif,82-21,1,2337.0,23.37
O2021_82_20_1_0024_00005077_8000_3000.tif,82-20,2,O2021_82_21_1_0005_00001868_6000_8000.tif,82-21,1,4980.0,49.8
O2021_82_20_1_0024_00005077_8000_3000.tif,82-20,2,O2021_82_21_1_0005_00001868_7000_8000.tif,82-21,1,3320.0,33.2
O2021_82_20_1_0024_00005077_8000_3000.tif,82-20,2,O2021_82_21_1_0005_00001869_6000_2000.tif,82-21,1,3363.0,33.63
O2021_82_20_1_0024_00005077_8000_3000.tif,82-20,2,O2021_82_21_1_0005_00001869_7000_2000.tif,82-21,1,2337.0,23.37
O2021_82_20_1_0024_00005077_9000_0.tif,82-20,2,O2021_82_21_1_0005_00001868_8000_6000.tif,82-21,1,680.0,6.8
O2021_82_20_1_0024_00005077_9000_0.tif,82-20,2,O2021_82_21_1_0005_00001868_7000_6000.tif,82-21,1,1020.0,10.2
O2021_82_20_1_0024_00005077_9000_0.tif,82-20,2,O2021_82_21_1_0005_00001869_7000_0.tif,82-21,1,2537.0,25.37
O2021_82_20_1_0024_00005077_9000_0.tif,82-20,2,O2021_82_21_1_0005_00001869_8000_0.tif,82-21,1,1763.0,17.63
O2021_82_20_1_0024_00005077_9000_0.tif,82-20,2,O2021_82_21_1_0005_00001868_8000_5000.tif,82-21,1,3320.0,33.2
O2021_82_20_1_0024_00005077_9000_0.tif,82-20,2,O2021_82_21_1_0005_00001868_7000_5000.tif,82-21,1,4980.0,49.8
O2021_82_20_1_0024_00005077_9000_1000.tif,82-20,2,O2021_82_21_1_0005_00001868_7000_7000.tif,82-21,1,1020.0,10.2
O2021_82_20_1_0024_00005077_9000_1000.tif,82-20,2,O2021_82_21_1_0005_00001868_8000_7000.tif,82-21,1,680.0,6.8
O2021_82_20_1_0024_00005077_9000_1000.tif,82-20,2,O2021_82_21_1_0005_00001869_7000_1000.tif,82-21,1,2537.0,25.37
O2021_82_20_1_0024_00005077_9000_1000.tif,82-20,2,O2021_82_21_1_0005_00001869_8000_1000.tif,82-21,1,1763.0,17.63
O2021_82_20_1_0024_00005077_9000_1000.tif,82-20,2,O2021_82_21_1_0005_00001868_8000_6000.tif,82-21,1,3320.0,33.2
O2021_82_20_1_0024_00005077_9000_1000.tif,82-20,2,O2021_82_21_1_0005_00001868_7000_6000.tif,82-21,1,4980.0,49.8
O2021_82_20_1_0024_00005077_9000_1000.tif,82-20,2,O2021_82_21_1_0005_00001869_7000_0.tif,82-21,1,3363.0,33.63
O2021_82_20_1_0024_00005077_9000_1000.tif,82-20,2,O2021_82_21_1_0005_00001869_8000_0.tif,82-21,1,2337.0,23.37
O2021_82_20_1_0024_00005077_9000_3000.tif,82-20,2,O2021_82_21_1_0005_00001868_7000_8000.tif,82-21,1,4980.0,49.8
O2021_82_20_1_0024_00005077_9000_3000.tif,82-20,2,O2021_82_21_1_0005_00001868_8000_8000.tif,82-21,1,3320.0,33.2
O2021_82_20_1_0024_00005077_9000_3000.tif,82-20,2,O2021_82_21_1_0005_00001869_8000_2000.tif,82-21,1,2337.0,23.37
O2021_82_20_1_0024_00005077_9000_3000.tif,82-20,2,O2021_82_21_1_0005_00001869_7000_2000.tif,82-21,1,3363.0,33.63
O2021_82_20_1_0024_00005078_0_1000.tif,82-20,2,O2021_82_21_1_0004_00002040_9000_1000.tif,82-21,1,3366.0,33.66
O2021_82_20_1_0024_00005078_0_1000.tif,82-20,2,O2021_82_21_1_0004_00002040_10000_1000.tif,82-21,1,6534.0,65.34
O2021_82_20_1_0024_00005078_0_1000.tif,82-20,2,O2021_82_21_1_0004_00002040_9000_0.tif,82-21,1,34.0,0.34
O2021_82_20_1_0024_00005078_0_1000.tif,82-20,2,O2021_82_21_1_0004_00002040_10000_0.tif,82-21,1,66.0,0.66
O2021_82_20_1_0024_00005078_0_2000.tif,82-20,2,O2021_82_21_1_0004_00002040_9000_2000.tif,82-21,1,3366.0,33.66
O2021_82_20_1_0024_00005078_0_2000.tif,82-20,2,O2021_82_21_1_0004_00002040_10000_2000.tif,82-21,1,6534.0,65.34
O2021_82_20_1_0024_00005078_0_2000.tif,82-20,2,O2021_82_21_1_0004_00002040_9000_1000.tif,82-21,1,34.0,0.34
O2021_82_20_1_0024_00005078_0_2000.tif,82-20,2,O2021_82_21_1_0004_00002040_10000_1000.tif,82-21,1,66.0,0.66
O2021_82_20_1_0024_00005078_0_3000.tif,82-20,2,O2021_82_21_1_0004_00002040_10000_3000.tif,82-21,1,6534.0,65.34
O2021_82_20_1_0024_00005078_0_3000.tif,82-20,2,O2021_82_21_1_0004_00002040_9000_3000.tif,82-21,1,3366.0,33.66
O2021_82_20_1_0024_00005078_0_3000.tif,82-20,2,O2021_82_21_1_0004_00002040_9000_2000.tif,82-21,1,34.0,0.34
O2021_82_20_1_0024_00005078_0_3000.tif,82-20,2,O2021_82_21_1_0004_00002040_10000_2000.tif,82-21,1,66.0,0.66
O2021_82_20_1_0024_00005078_0_4000.tif,82-20,2,O2021_82_21_1_0004_00002039_10000_0.tif,82-21,1,1275.0,12.75
O2021_82_20_1_0024_00005078_0_4000.tif,82-20,2,O2021_82_21_1_0004_00002039_9000_0.tif,82-21,1,425.0,4.25
O2021_82_20_1_0024_00005078_0_4000.tif,82-20,2,O2021_82_21_1_0004_00002040_9000_4000.tif,82-21,1,3366.0,33.66
O2021_82_20_1_0024_00005078_0_4000.tif,82-20,2,O2021_82_21_1_0004_00002040_10000_4000.tif,82-21,1,6534.0,65.34
O2021_82_20_1_0024_00005078_0_4000.tif,82-20,2,O2021_82_21_1_0004_00002040_10000_3000.tif,82-21,1,66.0,0.66
O2021_82_20_1_0024_00005078_0_4000.tif,82-20,2,O2021_82_21_1_0004_00002040_9000_3000.tif,82-21,1,34.0,0.34
O2021_82_20_1_0024_00005078_0_5000.tif,82-20,2,O2021_82_21_1_0004_00002040_9000_5000.tif,82-21,1,3366.0,33.66
O2021_82_20_1_0024_00005078_0_5000.tif,82-20,2,O2021_82_21_1_0004_00002040_10000_5000.tif,82-21,1,6534.0,65.34
O2021_82_20_1_0024_00005078_0_5000.tif,82-20,2,O2021_82_21_1_0004_00002039_10000_0.tif,82-21,1,6225.0,62.25
O2021_82_20_1_0024_00005078_0_5000.tif,82-20,2,O2021_82_21_1_0004_00002039_9000_0.tif,82-21,1,2075.0,20.75
O2021_82_20_1_0024_00005078_0_5000.tif,82-20,2,O2021_82_21_1_0004_00002040_9000_4000.tif,82-21,1,34.0,0.34
O2021_82_20_1_0024_00005078_0_5000.tif,82-20,2,O2021_82_21_1_0004_00002040_10000_4000.tif,82-21,1,66.0,0.66
O2021_82_20_1_0024_00005078_0_6000.tif,82-20,2,O2021_82_21_1_0004_00002039_10000_2000.tif,82-21,1,1275.0,12.75
O2021_82_20_1_0024_00005078_0_6000.tif,82-20,2,O2021_82_21_1_0004_00002039_9000_2000.tif,82-21,1,425.0,4.25
O2021_82_20_1_0024_00005078_0_6000.tif,82-20,2,O2021_82_21_1_0004_00002040_10000_6000.tif,82-21,1,6534.0,65.34
O2021_82_20_1_0024_00005078_0_6000.tif,82-20,2,O2021_82_21_1_0004_00002040_9000_6000.tif,82-21,1,3366.0,33.66
O2021_82_20_1_0024_00005078_0_6000.tif,82-20,2,O2021_82_21_1_0004_00002040_9000_5000.tif,82-21,1,34.0,0.34
O2021_82_20_1_0024_00005078_0_6000.tif,82-20,2,O2021_82_21_1_0004_00002040_10000_5000.tif,82-21,1,66.0,0.66
O2021_82_20_1_0024_00005078_0_7000.tif,82-20,2,O2021_82_21_1_0004_00002039_10000_3000.tif,82-21,1,1275.0,12.75
O2021_82_20_1_0024_00005078_0_7000.tif,82-20,2,O2021_82_21_1_0004_00002039_9000_3000.tif,82-21,1,425.0,4.25
O2021_82_20_1_0024_00005078_0_7000.tif,82-20,2,O2021_82_21_1_0004_00002040_10000_7000.tif,82-21,1,6534.0,65.34
O2021_82_20_1_0024_00005078_0_7000.tif,82-20,2,O2021_82_21_1_0004_00002040_9000_7000.tif,82-21,1,3366.0,33.66
O2021_82_20_1_0024_00005078_0_7000.tif,82-20,2,O2021_82_21_1_0004_00002039_10000_2000.tif,82-21,1,6225.0,62.25
O2021_82_20_1_0024_00005078_0_7000.tif,82-20,2,O2021_82_21_1_0004_00002039_9000_2000.tif,82-21,1,2075.0,20.75
O2021_82_20_1_0024_00005078_0_7000.tif,82-20,2,O2021_82_21_1_0004_00002040_10000_6000.tif,82-21,1,66.0,0.66
O2021_82_20_1_0024_00005078_0_7000.tif,82-20,2,O2021_82_21_1_0004_00002040_9000_6000.tif,82-21,1,34.0,0.34
O2021_82_20_1_0024_00005078_0_8000.tif,82-20,2,O2021_82_21_1_0004_00002040_10000_8000.tif,82-21,1,6534.0,65.34
O2021_82_20_1_0024_00005078_0_8000.tif,82-20,2,O2021_82_21_1_0004_00002040_9000_8000.tif,82-21,1,3366.0,33.66
O2021_82_20_1_0024_00005078_0_8000.tif,82-20,2,O2021_82_21_1_0004_00002039_10000_3000.tif,82-21,1,6225.0,62.25
O2021_82_20_1_0024_00005078_0_8000.tif,82-20,2,O2021_82_21_1_0004_00002039_9000_3000.tif,82-21,1,2075.0,20.75
O2021_82_20_1_0024_00005078_0_8000.tif,82-20,2,O2021_82_21_1_0004_00002040_10000_7000.tif,82-21,1,66.0,0.66
O2021_82_20_1_0024_00005078_0_8000.tif,82-20,2,O2021_82_21_1_0004_00002040_9000_7000.tif,82-21,1,34.0,0.34
O2021_82_20_1_0024_00005078_10000_1000.tif,82-20,2,O2021_82_21_1_0005_00001868_8000_1000.tif,82-21,1,5456.0,54.56
O2021_82_20_1_0024_00005078_10000_1000.tif,82-20,2,O2021_82_21_1_0005_00001868_9000_1000.tif,82-21,1,3344.0,33.44
O2021_82_20_1_0024_00005078_10000_1000.tif,82-20,2,O2021_82_21_1_0005_00001868_8000_0.tif,82-21,1,744.0,7.44
O2021_82_20_1_0024_00005078_10000_1000.tif,82-20,2,O2021_82_21_1_0005_00001868_9000_0.tif,82-21,1,456.0,4.56
O2021_82_20_1_0024_00005078_10000_2000.tif,82-20,2,O2021_82_21_1_0005_00001868_9000_2000.tif,82-21,1,3344.0,33.44
O2021_82_20_1_0024_00005078_10000_2000.tif,82-20,2,O2021_82_21_1_0005_00001868_8000_2000.tif,82-21,1,5456.0,54.56
O2021_82_20_1_0024_00005078_10000_2000.tif,82-20,2,O2021_82_21_1_0005_00001868_8000_1000.tif,82-21,1,744.0,7.44
O2021_82_20_1_0024_00005078_10000_2000.tif,82-20,2,O2021_82_21_1_0005_00001868_9000_1000.tif,82-21,1,456.0,4.56
O2021_82_20_1_0024_00005078_10000_3000.tif,82-20,2,O2021_82_21_1_0005_00001868_8000_3000.tif,82-21,1,5456.0,54.56
O2021_82_20_1_0024_00005078_10000_3000.tif,82-20,2,O2021_82_21_1_0005_00001868_9000_3000.tif,82-21,1,3344.0,33.44
O2021_82_20_1_0024_00005078_10000_3000.tif,82-20,2,O2021_82_21_1_0005_00001868_9000_2000.tif,82-21,1,456.0,4.56
O2021_82_20_1_0024_00005078_10000_3000.tif,82-20,2,O2021_82_21_1_0005_00001868_8000_2000.tif,82-21,1,744.0,7.44
O2021_82_20_1_0024_00005078_10000_4000.tif,82-20,2,O2021_82_21_1_0005_00001868_8000_4000.tif,82-21,1,5456.0,54.56
O2021_82_20_1_0024_00005078_10000_4000.tif,82-20,2,O2021_82_21_1_0005_00001868_9000_4000.tif,82-21,1,3344.0,33.44
O2021_82_20_1_0024_00005078_10000_4000.tif,82-20,2,O2021_82_21_1_0005_00001868_8000_3000.tif,82-21,1,744.0,7.44
O2021_82_20_1_0024_00005078_10000_4000.tif,82-20,2,O2021_82_21_1_0005_00001868_9000_3000.tif,82-21,1,456.0,4.56
O2021_82_20_1_0024_00005078_10000_5000.tif,82-20,2,O2021_82_21_1_0005_00001869_9000_0.tif,82-21,1,546.0,5.46
O2021_82_20_1_0024_00005078_10000_5000.tif,82-20,2,O2021_82_21_1_0005_00001869_8000_0.tif,82-21,1,854.0,8.54
O2021_82_20_1_0024_00005078_10000_5000.tif,82-20,2,O2021_82_21_1_0005_00001868_9000_5000.tif,82-21,1,3344.0,33.44
O2021_82_20_1_0024_00005078_10000_5000.tif,82-20,2,O2021_82_21_1_0005_00001868_8000_5000.tif,82-21,1,5456.0,54.56
O2021_82_20_1_0024_00005078_10000_5000.tif,82-20,2,O2021_82_21_1_0005_00001868_8000_4000.tif,82-21,1,744.0,7.44
O2021_82_20_1_0024_00005078_10000_5000.tif,82-20,2,O2021_82_21_1_0005_00001868_9000_4000.tif,82-21,1,456.0,4.56
O2021_82_20_1_0024_00005078_10000_6000.tif,82-20,2,O2021_82_21_1_0005_00001869_9000_1000.tif,82-21,1,546.0,5.46
O2021_82_20_1_0024_00005078_10000_6000.tif,82-20,2,O2021_82_21_1_0005_00001869_8000_1000.tif,82-21,1,854.0,8.54
O2021_82_20_1_0024_00005078_10000_6000.tif,82-20,2,O2021_82_21_1_0005_00001868_8000_6000.tif,82-21,1,5456.0,54.56
O2021_82_20_1_0024_00005078_10000_6000.tif,82-20,2,O2021_82_21_1_0005_00001868_9000_6000.tif,82-21,1,3344.0,33.44
O2021_82_20_1_0024_00005078_10000_6000.tif,82-20,2,O2021_82_21_1_0005_00001869_9000_0.tif,82-21,1,3354.0,33.54
O2021_82_20_1_0024_00005078_10000_6000.tif,82-20,2,O2021_82_21_1_0005_00001869_8000_0.tif,82-21,1,5246.0,52.46
O2021_82_20_1_0024_00005078_10000_6000.tif,82-20,2,O2021_82_21_1_0005_00001868_9000_5000.tif,82-21,1,456.0,4.56
O2021_82_20_1_0024_00005078_10000_6000.tif,82-20,2,O2021_82_21_1_0005_00001868_8000_5000.tif,82-21,1,744.0,7.44
O2021_82_20_1_0024_00005078_10000_7000.tif,82-20,2,O2021_82_21_1_0005_00001869_8000_2000.tif,82-21,1,854.0,8.54
O2021_82_20_1_0024_00005078_10000_7000.tif,82-20,2,O2021_82_21_1_0005_00001869_9000_2000.tif,82-21,1,546.0,5.46
O2021_82_20_1_0024_00005078_10000_7000.tif,82-20,2,O2021_82_21_1_0005_00001868_9000_7000.tif,82-21,1,3344.0,33.44
O2021_82_20_1_0024_00005078_10000_7000.tif,82-20,2,O2021_82_21_1_0005_00001868_8000_7000.tif,82-21,1,5456.0,54.56
O2021_82_20_1_0024_00005078_10000_7000.tif,82-20,2,O2021_82_21_1_0005_00001869_9000_1000.tif,82-21,1,3354.0,33.54
O2021_82_20_1_0024_00005078_10000_7000.tif,82-20,2,O2021_82_21_1_0005_00001869_8000_1000.tif,82-21,1,5246.0,52.46
O2021_82_20_1_0024_00005078_10000_7000.tif,82-20,2,O2021_82_21_1_0005_00001868_8000_6000.tif,82-21,1,744.0,7.44
O2021_82_20_1_0024_00005078_10000_7000.tif,82-20,2,O2021_82_21_1_0005_00001868_9000_6000.tif,82-21,1,456.0,4.56
O2021_82_20_1_0024_00005078_10000_8000.tif,82-20,2,O2021_82_21_1_0005_00001868_8000_8000.tif,82-21,1,5456.0,54.56
O2021_82_20_1_0024_00005078_10000_8000.tif,82-20,2,O2021_82_21_1_0005_00001868_9000_8000.tif,82-21,1,3344.0,33.44
O2021_82_20_1_0024_00005078_10000_8000.tif,82-20,2,O2021_82_21_1_0005_00001869_8000_2000.tif,82-21,1,5246.0,52.46
O2021_82_20_1_0024_00005078_10000_8000.tif,82-20,2,O2021_82_21_1_0005_00001869_9000_2000.tif,82-21,1,3354.0,33.54
O2021_82_20_1_0024_00005078_10000_8000.tif,82-20,2,O2021_82_21_1_0005_00001868_9000_7000.tif,82-21,1,456.0,4.56
O2021_82_20_1_0024_00005078_10000_8000.tif,82-20,2,O2021_82_21_1_0005_00001868_8000_7000.tif,82-21,1,744.0,7.44
O2021_82_20_1_0024_00005078_1000_1000.tif,82-20,2,O2021_82_21_1_0005_00001868_0_1000.tif,82-21,1,3344.0,33.44
O2021_82_20_1_0024_00005078_1000_1000.tif,82-20,2,O2021_82_21_1_0004_00002040_11000_1000.tif,82-21,1,6534.0,65.34
O2021_82_20_1_0024_00005078_1000_1000.tif,82-20,2,O2021_82_21_1_0004_00002040_10000_1000.tif,82-21,1,3366.0,33.66
O2021_82_20_1_0024_00005078_1000_1000.tif,82-20,2,O2021_82_21_1_0005_00001868_0_0.tif,82-21,1,456.0,4.56
O2021_82_20_1_0024_00005078_1000_1000.tif,82-20,2,O2021_82_21_1_0004_00002040_10000_0.tif,82-21,1,34.0,0.34
O2021_82_20_1_0024_00005078_1000_1000.tif,82-20,2,O2021_82_21_1_0004_00002040_11000_0.tif,82-21,1,66.0,0.66
O2021_82_20_1_0024_00005078_1000_2000.tif,82-20,2,O2021_82_21_1_0005_00001868_0_2000.tif,82-21,1,3344.0,33.44
O2021_82_20_1_0024_00005078_1000_2000.tif,82-20,2,O2021_82_21_1_0004_00002040_11000_2000.tif,82-21,1,6534.0,65.34
O2021_82_20_1_0024_00005078_1000_2000.tif,82-20,2,O2021_82_21_1_0004_00002040_10000_2000.tif,82-21,1,3366.0,33.66
O2021_82_20_1_0024_00005078_1000_2000.tif,82-20,2,O2021_82_21_1_0005_00001868_0_1000.tif,82-21,1,456.0,4.56
O2021_82_20_1_0024_00005078_1000_2000.tif,82-20,2,O2021_82_21_1_0004_00002040_11000_1000.tif,82-21,1,66.0,0.66
O2021_82_20_1_0024_00005078_1000_2000.tif,82-20,2,O2021_82_21_1_0004_00002040_10000_1000.tif,82-21,1,34.0,0.34
O2021_82_20_1_0024_00005078_1000_3000.tif,82-20,2,O2021_82_21_1_0005_00001868_0_3000.tif,82-21,1,3344.0,33.44
O2021_82_20_1_0024_00005078_1000_3000.tif,82-20,2,O2021_82_21_1_0004_00002040_10000_3000.tif,82-21,1,3366.0,33.66
O2021_82_20_1_0024_00005078_1000_3000.tif,82-20,2,O2021_82_21_1_0004_00002040_11000_3000.tif,82-21,1,6534.0,65.34
O2021_82_20_1_0024_00005078_1000_3000.tif,82-20,2,O2021_82_21_1_0005_00001868_0_2000.tif,82-21,1,456.0,4.56
O2021_82_20_1_0024_00005078_1000_3000.tif,82-20,2,O2021_82_21_1_0004_00002040_11000_2000.tif,82-21,1,66.0,0.66
O2021_82_20_1_0024_00005078_1000_3000.tif,82-20,2,O2021_82_21_1_0004_00002040_10000_2000.tif,82-21,1,34.0,0.34
O2021_82_20_1_0024_00005078_1000_4000.tif,82-20,2,O2021_82_21_1_0004_00002039_10000_0.tif,82-21,1,425.0,4.25
O2021_82_20_1_0024_00005078_1000_4000.tif,82-20,2,O2021_82_21_1_0004_00002039_11000_0.tif,82-21,1,1275.0,12.75
O2021_82_20_1_0024_00005078_1000_4000.tif,82-20,2,O2021_82_21_1_0005_00001868_0_4000.tif,82-21,1,3344.0,33.44
O2021_82_20_1_0024_00005078_1000_4000.tif,82-20,2,O2021_82_21_1_0004_00002040_10000_4000.tif,82-21,1,3366.0,33.66
O2021_82_20_1_0024_00005078_1000_4000.tif,82-20,2,O2021_82_21_1_0004_00002040_11000_4000.tif,82-21,1,6534.0,65.34
O2021_82_20_1_0024_00005078_1000_4000.tif,82-20,2,O2021_82_21_1_0005_00001868_0_3000.tif,82-21,1,456.0,4.56
O2021_82_20_1_0024_00005078_1000_4000.tif,82-20,2,O2021_82_21_1_0004_00002040_10000_3000.tif,82-21,1,34.0,0.34
O2021_82_20_1_0024_00005078_1000_4000.tif,82-20,2,O2021_82_21_1_0004_00002040_11000_3000.tif,82-21,1,66.0,0.66
O2021_82_20_1_0024_00005078_1000_5000.tif,82-20,2,O2021_82_21_1_0005_00001869_0_0.tif,82-21,1,546.0,5.46
O2021_82_20_1_0024_00005078_1000_5000.tif,82-20,2,O2021_82_21_1_0005_00001868_0_5000.tif,82-21,1,3344.0,33.44
O2021_82_20_1_0024_00005078_1000_5000.tif,82-20,2,O2021_82_21_1_0004_00002040_11000_5000.tif,82-21,1,6534.0,65.34
O2021_82_20_1_0024_00005078_1000_5000.tif,82-20,2,O2021_82_21_1_0004_00002040_10000_5000.tif,82-21,1,3366.0,33.66
O2021_82_20_1_0024_00005078_1000_5000.tif,82-20,2,O2021_82_21_1_0004_00002039_10000_0.tif,82-21,1,2075.0,20.75
O2021_82_20_1_0024_00005078_1000_5000.tif,82-20,2,O2021_82_21_1_0004_00002039_11000_0.tif,82-21,1,6225.0,62.25
O2021_82_20_1_0024_00005078_1000_5000.tif,82-20,2,O2021_82_21_1_0005_00001868_0_4000.tif,82-21,1,456.0,4.56
O2021_82_20_1_0024_00005078_1000_5000.tif,82-20,2,O2021_82_21_1_0004_00002040_10000_4000.tif,82-21,1,34.0,0.34
O2021_82_20_1_0024_00005078_1000_5000.tif,82-20,2,O2021_82_21_1_0004_00002040_11000_4000.tif,82-21,1,66.0,0.66
O2021_82_20_1_0024_00005078_1000_6000.tif,82-20,2,O2021_82_21_1_0005_00001869_0_1000.tif,82-21,1,546.0,5.46
O2021_82_20_1_0024_00005078_1000_6000.tif,82-20,2,O2021_82_21_1_0004_00002039_10000_2000.tif,82-21,1,425.0,4.25
O2021_82_20_1_0024_00005078_1000_6000.tif,82-20,2,O2021_82_21_1_0004_00002039_11000_2000.tif,82-21,1,1275.0,12.75
O2021_82_20_1_0024_00005078_1000_6000.tif,82-20,2,O2021_82_21_1_0005_00001868_0_6000.tif,82-21,1,3344.0,33.44
O2021_82_20_1_0024_00005078_1000_6000.tif,82-20,2,O2021_82_21_1_0004_00002040_10000_6000.tif,82-21,1,3366.0,33.66
O2021_82_20_1_0024_00005078_1000_6000.tif,82-20,2,O2021_82_21_1_0004_00002040_11000_6000.tif,82-21,1,6534.0,65.34
O2021_82_20_1_0024_00005078_1000_6000.tif,82-20,2,O2021_82_21_1_0005_00001869_0_0.tif,82-21,1,3354.0,33.54
O2021_82_20_1_0024_00005078_1000_6000.tif,82-20,2,O2021_82_21_1_0005_00001868_0_5000.tif,82-21,1,456.0,4.56
O2021_82_20_1_0024_00005078_1000_6000.tif,82-20,2,O2021_82_21_1_0004_00002040_11000_5000.tif,82-21,1,66.0,0.66
O2021_82_20_1_0024_00005078_1000_6000.tif,82-20,2,O2021_82_21_1_0004_00002040_10000_5000.tif,82-21,1,34.0,0.34
O2021_82_20_1_0024_00005078_1000_7000.tif,82-20,2,O2021_82_21_1_0005_00001869_0_2000.tif,82-21,1,546.0,5.46
O2021_82_20_1_0024_00005078_1000_7000.tif,82-20,2,O2021_82_21_1_0004_00002039_10000_3000.tif,82-21,1,425.0,4.25
O2021_82_20_1_0024_00005078_1000_7000.tif,82-20,2,O2021_82_21_1_0004_00002039_11000_3000.tif,82-21,1,1275.0,12.75
O2021_82_20_1_0024_00005078_1000_7000.tif,82-20,2,O2021_82_21_1_0005_00001868_0_7000.tif,82-21,1,3344.0,33.44
O2021_82_20_1_0024_00005078_1000_7000.tif,82-20,2,O2021_82_21_1_0004_00002040_10000_7000.tif,82-21,1,3366.0,33.66
O2021_82_20_1_0024_00005078_1000_7000.tif,82-20,2,O2021_82_21_1_0004_00002040_11000_7000.tif,82-21,1,6534.0,65.34
O2021_82_20_1_0024_00005078_1000_7000.tif,82-20,2,O2021_82_21_1_0005_00001869_0_1000.tif,82-21,1,3354.0,33.54
O2021_82_20_1_0024_00005078_1000_7000.tif,82-20,2,O2021_82_21_1_0004_00002039_10000_2000.tif,82-21,1,2075.0,20.75
O2021_82_20_1_0024_00005078_1000_7000.tif,82-20,2,O2021_82_21_1_0004_00002039_11000_2000.tif,82-21,1,6225.0,62.25
O2021_82_20_1_0024_00005078_1000_7000.tif,82-20,2,O2021_82_21_1_0005_00001868_0_6000.tif,82-21,1,456.0,4.56
O2021_82_20_1_0024_00005078_1000_7000.tif,82-20,2,O2021_82_21_1_0004_00002040_10000_6000.tif,82-21,1,34.0,0.34
O2021_82_20_1_0024_00005078_1000_7000.tif,82-20,2,O2021_82_21_1_0004_00002040_11000_6000.tif,82-21,1,66.0,0.66
O2021_82_20_1_0024_00005078_1000_8000.tif,82-20,2,O2021_82_21_1_0005_00001868_0_8000.tif,82-21,1,3344.0,33.44
O2021_82_20_1_0024_00005078_1000_8000.tif,82-20,2,O2021_82_21_1_0004_00002040_10000_8000.tif,82-21,1,3366.0,33.66
O2021_82_20_1_0024_00005078_1000_8000.tif,82-20,2,O2021_82_21_1_0004_00002040_11000_8000.tif,82-21,1,6534.0,65.34
O2021_82_20_1_0024_00005078_1000_8000.tif,82-20,2,O2021_82_21_1_0005_00001869_0_2000.tif,82-21,1,3354.0,33.54
O2021_82_20_1_0024_00005078_1000_8000.tif,82-20,2,O2021_82_21_1_0004_00002039_10000_3000.tif,82-21,1,2075.0,20.75
O2021_82_20_1_0024_00005078_1000_8000.tif,82-20,2,O2021_82_21_1_0004_00002039_11000_3000.tif,82-21,1,6225.0,62.25
O2021_82_20_1_0024_00005078_1000_8000.tif,82-20,2,O2021_82_21_1_0005_00001868_0_7000.tif,82-21,1,456.0,4.56
O2021_82_20_1_0024_00005078_1000_8000.tif,82-20,2,O2021_82_21_1_0004_00002040_10000_7000.tif,82-21,1,34.0,0.34
O2021_82_20_1_0024_00005078_1000_8000.tif,82-20,2,O2021_82_21_1_0004_00002040_11000_7000.tif,82-21,1,66.0,0.66
O2021_82_20_1_0024_00005078_11000_1000.tif,82-20,2,O2021_82_21_1_0005_00001868_9000_1000.tif,82-21,1,5456.0,54.56
O2021_82_20_1_0024_00005078_11000_1000.tif,82-20,2,O2021_82_21_1_0005_00001868_10000_1000.tif,82-21,1,3344.0,33.44
O2021_82_20_1_0024_00005078_11000_1000.tif,82-20,2,O2021_82_21_1_0005_00001868_9000_0.tif,82-21,1,744.0,7.44
O2021_82_20_1_0024_00005078_11000_1000.tif,82-20,2,O2021_82_21_1_0005_00001868_10000_0.tif,82-21,1,456.0,4.56
O2021_82_20_1_0024_00005078_11000_2000.tif,82-20,2,O2021_82_21_1_0005_00001868_9000_2000.tif,82-21,1,5456.0,54.56
O2021_82_20_1_0024_00005078_11000_2000.tif,82-20,2,O2021_82_21_1_0005_00001868_10000_2000.tif,82-21,1,3344.0,33.44
O2021_82_20_1_0024_00005078_11000_2000.tif,82-20,2,O2021_82_21_1_0005_00001868_9000_1000.tif,82-21,1,744.0,7.44
O2021_82_20_1_0024_00005078_11000_2000.tif,82-20,2,O2021_82_21_1_0005_00001868_10000_1000.tif,82-21,1,456.0,4.56
O2021_82_20_1_0024_00005078_11000_3000.tif,82-20,2,O2021_82_21_1_0005_00001868_9000_3000.tif,82-21,1,5456.0,54.56
O2021_82_20_1_0024_00005078_11000_3000.tif,82-20,2,O2021_82_21_1_0005_00001868_10000_3000.tif,82-21,1,3344.0,33.44
O2021_82_20_1_0024_00005078_11000_3000.tif,82-20,2,O2021_82_21_1_0005_00001868_9000_2000.tif,82-21,1,744.0,7.44
O2021_82_20_1_0024_00005078_11000_3000.tif,82-20,2,O2021_82_21_1_0005_00001868_10000_2000.tif,82-21,1,456.0,4.56
O2021_82_20_1_0024_00005078_11000_4000.tif,82-20,2,O2021_82_21_1_0005_00001868_9000_4000.tif,82-21,1,5456.0,54.56
O2021_82_20_1_0024_00005078_11000_4000.tif,82-20,2,O2021_82_21_1_0005_00001868_10000_4000.tif,82-21,1,3344.0,33.44
O2021_82_20_1_0024_00005078_11000_4000.tif,82-20,2,O2021_82_21_1_0005_00001868_9000_3000.tif,82-21,1,744.0,7.44
O2021_82_20_1_0024_00005078_11000_4000.tif,82-20,2,O2021_82_21_1_0005_00001868_10000_3000.tif,82-21,1,456.0,4.56
O2021_82_20_1_0024_00005078_11000_5000.tif,82-20,2,O2021_82_21_1_0005_00001869_9000_0.tif,82-21,1,854.0,8.54
O2021_82_20_1_0024_00005078_11000_5000.tif,82-20,2,O2021_82_21_1_0005_00001869_10000_0.tif,82-21,1,546.0,5.46
O2021_82_20_1_0024_00005078_11000_5000.tif,82-20,2,O2021_82_21_1_0005_00001868_9000_5000.tif,82-21,1,5456.0,54.56
O2021_82_20_1_0024_00005078_11000_5000.tif,82-20,2,O2021_82_21_1_0005_00001868_10000_5000.tif,82-21,1,3344.0,33.44
O2021_82_20_1_0024_00005078_11000_5000.tif,82-20,2,O2021_82_21_1_0005_00001868_9000_4000.tif,82-21,1,744.0,7.44
O2021_82_20_1_0024_00005078_11000_5000.tif,82-20,2,O2021_82_21_1_0005_00001868_10000_4000.tif,82-21,1,456.0,4.56
O2021_82_20_1_0024_00005078_11000_6000.tif,82-20,2,O2021_82_21_1_0005_00001869_9000_1000.tif,82-21,1,854.0,8.54
O2021_82_20_1_0024_00005078_11000_6000.tif,82-20,2,O2021_82_21_1_0005_00001869_10000_1000.tif,82-21,1,546.0,5.46
O2021_82_20_1_0024_00005078_11000_6000.tif,82-20,2,O2021_82_21_1_0005_00001868_10000_6000.tif,82-21,1,3344.0,33.44
O2021_82_20_1_0024_00005078_11000_6000.tif,82-20,2,O2021_82_21_1_0005_00001868_9000_6000.tif,82-21,1,5456.0,54.56
O2021_82_20_1_0024_00005078_11000_6000.tif,82-20,2,O2021_82_21_1_0005_00001869_9000_0.tif,82-21,1,5246.0,52.46
O2021_82_20_1_0024_00005078_11000_6000.tif,82-20,2,O2021_82_21_1_0005_00001869_10000_0.tif,82-21,1,3354.0,33.54
O2021_82_20_1_0024_00005078_11000_6000.tif,82-20,2,O2021_82_21_1_0005_00001868_9000_5000.tif,82-21,1,744.0,7.44
O2021_82_20_1_0024_00005078_11000_6000.tif,82-20,2,O2021_82_21_1_0005_00001868_10000_5000.tif,82-21,1,456.0,4.56
O2021_82_20_1_0024_00005078_11000_7000.tif,82-20,2,O2021_82_21_1_0005_00001869_10000_2000.tif,82-21,1,546.0,5.46
O2021_82_20_1_0024_00005078_11000_7000.tif,82-20,2,O2021_82_21_1_0005_00001869_9000_2000.tif,82-21,1,854.0,8.54
O2021_82_20_1_0024_00005078_11000_7000.tif,82-20,2,O2021_82_21_1_0005_00001868_9000_7000.tif,82-21,1,5456.0,54.56
O2021_82_20_1_0024_00005078_11000_7000.tif,82-20,2,O2021_82_21_1_0005_00001868_10000_7000.tif,82-21,1,3344.0,33.44
O2021_82_20_1_0024_00005078_11000_7000.tif,82-20,2,O2021_82_21_1_0005_00001869_9000_1000.tif,82-21,1,5246.0,52.46
O2021_82_20_1_0024_00005078_11000_7000.tif,82-20,2,O2021_82_21_1_0005_00001869_10000_1000.tif,82-21,1,3354.0,33.54
O2021_82_20_1_0024_00005078_11000_7000.tif,82-20,2,O2021_82_21_1_0005_00001868_10000_6000.tif,82-21,1,456.0,4.56
O2021_82_20_1_0024_00005078_11000_7000.tif,82-20,2,O2021_82_21_1_0005_00001868_9000_6000.tif,82-21,1,744.0,7.44
O2021_82_20_1_0024_00005078_11000_8000.tif,82-20,2,O2021_82_21_1_0005_00001868_10000_8000.tif,82-21,1,3344.0,33.44
O2021_82_20_1_0024_00005078_11000_8000.tif,82-20,2,O2021_82_21_1_0005_00001868_9000_8000.tif,82-21,1,5456.0,54.56
O2021_82_20_1_0024_00005078_11000_8000.tif,82-20,2,O2021_82_21_1_0005_00001869_10000_2000.tif,82-21,1,3354.0,33.54
O2021_82_20_1_0024_00005078_11000_8000.tif,82-20,2,O2021_82_21_1_0005_00001869_9000_2000.tif,82-21,1,5246.0,52.46
O2021_82_20_1_0024_00005078_11000_8000.tif,82-20,2,O2021_82_21_1_0005_00001868_9000_7000.tif,82-21,1,744.0,7.44
O2021_82_20_1_0024_00005078_11000_8000.tif,82-20,2,O2021_82_21_1_0005_00001868_10000_7000.tif,82-21,1,456.0,4.56
O2021_82_20_1_0024_00005078_12000_1000.tif,82-20,2,O2021_82_21_1_0005_00001868_11000_1000.tif,82-21,1,3344.0,33.44
O2021_82_20_1_0024_00005078_12000_1000.tif,82-20,2,O2021_82_21_1_0005_00001868_10000_1000.tif,82-21,1,5456.0,54.56
O2021_82_20_1_0024_00005078_12000_1000.tif,82-20,2,O2021_82_21_1_0005_00001868_10000_0.tif,82-21,1,744.0,7.44
O2021_82_20_1_0024_00005078_12000_1000.tif,82-20,2,O2021_82_21_1_0005_00001868_11000_0.tif,82-21,1,456.0,4.56
O2021_82_20_1_0024_00005078_12000_2000.tif,82-20,2,O2021_82_21_1_0005_00001868_10000_2000.tif,82-21,1,5456.0,54.56
O2021_82_20_1_0024_00005078_12000_2000.tif,82-20,2,O2021_82_21_1_0005_00001868_11000_2000.tif,82-21,1,3344.0,33.44
O2021_82_20_1_0024_00005078_12000_2000.tif,82-20,2,O2021_82_21_1_0005_00001868_11000_1000.tif,82-21,1,456.0,4.56
O2021_82_20_1_0024_00005078_12000_2000.tif,82-20,2,O2021_82_21_1_0005_00001868_10000_1000.tif,82-21,1,744.0,7.44
O2021_82_20_1_0024_00005078_12000_3000.tif,82-20,2,O2021_82_21_1_0005_00001868_11000_3000.tif,82-21,1,3344.0,33.44
O2021_82_20_1_0024_00005078_12000_3000.tif,82-20,2,O2021_82_21_1_0005_00001868_10000_3000.tif,82-21,1,5456.0,54.56
O2021_82_20_1_0024_00005078_12000_3000.tif,82-20,2,O2021_82_21_1_0005_00001868_10000_2000.tif,82-21,1,744.0,7.44
O2021_82_20_1_0024_00005078_12000_3000.tif,82-20,2,O2021_82_21_1_0005_00001868_11000_2000.tif,82-21,1,456.0,4.56
O2021_82_20_1_0024_00005078_12000_4000.tif,82-20,2,O2021_82_21_1_0005_00001868_10000_4000.tif,82-21,1,5456.0,54.56
O2021_82_20_1_0024_00005078_12000_4000.tif,82-20,2,O2021_82_21_1_0005_00001868_11000_4000.tif,82-21,1,3344.0,33.44
O2021_82_20_1_0024_00005078_12000_4000.tif,82-20,2,O2021_82_21_1_0005_00001868_11000_3000.tif,82-21,1,456.0,4.56
O2021_82_20_1_0024_00005078_12000_4000.tif,82-20,2,O2021_82_21_1_0005_00001868_10000_3000.tif,82-21,1,744.0,7.44
O2021_82_20_1_0024_00005078_12000_5000.tif,82-20,2,O2021_82_21_1_0005_00001869_10000_0.tif,82-21,1,854.0,8.54
O2021_82_20_1_0024_00005078_12000_5000.tif,82-20,2,O2021_82_21_1_0005_00001869_11000_0.tif,82-21,1,546.0,5.46
O2021_82_20_1_0024_00005078_12000_5000.tif,82-20,2,O2021_82_21_1_0005_00001868_11000_5000.tif,82-21,1,3344.0,33.44
O2021_82_20_1_0024_00005078_12000_5000.tif,82-20,2,O2021_82_21_1_0005_00001868_10000_5000.tif,82-21,1,5456.0,54.56
O2021_82_20_1_0024_00005078_12000_5000.tif,82-20,2,O2021_82_21_1_0005_00001868_10000_4000.tif,82-21,1,744.0,7.44
O2021_82_20_1_0024_00005078_12000_5000.tif,82-20,2,O2021_82_21_1_0005_00001868_11000_4000.tif,82-21,1,456.0,4.56
O2021_82_20_1_0024_00005078_12000_6000.tif,82-20,2,O2021_82_21_1_0005_00001869_11000_1000.tif,82-21,1,546.0,5.46
O2021_82_20_1_0024_00005078_12000_6000.tif,82-20,2,O2021_82_21_1_0005_00001869_10000_1000.tif,82-21,1,854.0,8.54
O2021_82_20_1_0024_00005078_12000_6000.tif,82-20,2,O2021_82_21_1_0005_00001868_10000_6000.tif,82-21,1,5456.0,54.56
O2021_82_20_1_0024_00005078_12000_6000.tif,82-20,2,O2021_82_21_1_0005_00001869_10000_0.tif,82-21,1,5246.0,52.46
O2021_82_20_1_0024_00005078_12000_6000.tif,82-20,2,O2021_82_21_1_0005_00001868_11000_6000.tif,82-21,1,3344.0,33.44
O2021_82_20_1_0024_00005078_12000_6000.tif,82-20,2,O2021_82_21_1_0005_00001869_11000_0.tif,82-21,1,3354.0,33.54
O2021_82_20_1_0024_00005078_12000_6000.tif,82-20,2,O2021_82_21_1_0005_00001868_11000_5000.tif,82-21,1,456.0,4.56
O2021_82_20_1_0024_00005078_12000_6000.tif,82-20,2,O2021_82_21_1_0005_00001868_10000_5000.tif,82-21,1,744.0,7.44
O2021_82_20_1_0024_00005078_12000_7000.tif,82-20,2,O2021_82_21_1_0005_00001869_10000_2000.tif,82-21,1,854.0,8.54
O2021_82_20_1_0024_00005078_12000_7000.tif,82-20,2,O2021_82_21_1_0005_00001869_11000_2000.tif,82-21,1,546.0,5.46
O2021_82_20_1_0024_00005078_12000_7000.tif,82-20,2,O2021_82_21_1_0005_00001868_11000_7000.tif,82-21,1,3344.0,33.44
O2021_82_20_1_0024_00005078_12000_7000.tif,82-20,2,O2021_82_21_1_0005_00001869_11000_1000.tif,82-21,1,3354.0,33.54
O2021_82_20_1_0024_00005078_12000_7000.tif,82-20,2,O2021_82_21_1_0005_00001868_10000_7000.tif,82-21,1,5456.0,54.56
O2021_82_20_1_0024_00005078_12000_7000.tif,82-20,2,O2021_82_21_1_0005_00001869_10000_1000.tif,82-21,1,5246.0,52.46
O2021_82_20_1_0024_00005078_12000_7000.tif,82-20,2,O2021_82_21_1_0005_00001868_10000_6000.tif,82-21,1,744.0,7.44
O2021_82_20_1_0024_00005078_12000_7000.tif,82-20,2,O2021_82_21_1_0005_00001868_11000_6000.tif,82-21,1,456.0,4.56
O2021_82_20_1_0024_00005078_12000_8000.tif,82-20,2,O2021_82_21_1_0005_00001868_10000_8000.tif,82-21,1,5456.0,54.56
O2021_82_20_1_0024_00005078_12000_8000.tif,82-20,2,O2021_82_21_1_0005_00001869_10000_2000.tif,82-21,1,5246.0,52.46
O2021_82_20_1_0024_00005078_12000_8000.tif,82-20,2,O2021_82_21_1_0005_00001868_11000_8000.tif,82-21,1,3344.0,33.44
O2021_82_20_1_0024_00005078_12000_8000.tif,82-20,2,O2021_82_21_1_0005_00001869_11000_2000.tif,82-21,1,3354.0,33.54
O2021_82_20_1_0024_00005078_12000_8000.tif,82-20,2,O2021_82_21_1_0005_00001868_11000_7000.tif,82-21,1,456.0,4.56
O2021_82_20_1_0024_00005078_12000_8000.tif,82-20,2,O2021_82_21_1_0005_00001868_10000_7000.tif,82-21,1,744.0,7.44
O2021_82_20_1_0024_00005078_13000_1000.tif,82-20,2,O2021_82_21_1_0005_00001868_11000_1000.tif,82-21,1,5456.0,54.56
O2021_82_20_1_0024_00005078_13000_1000.tif,82-20,2,O2021_82_21_1_0005_00001868_11000_0.tif,82-21,1,744.0,7.44
O2021_82_20_1_0024_00005078_13000_2000.tif,82-20,2,O2021_82_21_1_0005_00001868_11000_2000.tif,82-21,1,5456.0,54.56
O2021_82_20_1_0024_00005078_13000_2000.tif,82-20,2,O2021_82_21_1_0005_00001868_11000_1000.tif,82-21,1,744.0,7.44
O2021_82_20_1_0024_00005078_13000_3000.tif,82-20,2,O2021_82_21_1_0005_00001868_11000_3000.tif,82-21,1,5456.0,54.56
O2021_82_20_1_0024_00005078_13000_3000.tif,82-20,2,O2021_82_21_1_0005_00001868_11000_2000.tif,82-21,1,744.0,7.44
O2021_82_20_1_0024_00005078_13000_4000.tif,82-20,2,O2021_82_21_1_0005_00001868_11000_4000.tif,82-21,1,5456.0,54.56
O2021_82_20_1_0024_00005078_13000_4000.tif,82-20,2,O2021_82_21_1_0005_00001868_11000_3000.tif,82-21,1,744.0,7.44
O2021_82_20_1_0024_00005078_13000_5000.tif,82-20,2,O2021_82_21_1_0005_00001869_11000_0.tif,82-21,1,854.0,8.54
O2021_82_20_1_0024_00005078_13000_5000.tif,82-20,2,O2021_82_21_1_0005_00001868_11000_5000.tif,82-21,1,5456.0,54.56
O2021_82_20_1_0024_00005078_13000_5000.tif,82-20,2,O2021_82_21_1_0005_00001868_11000_4000.tif,82-21,1,744.0,7.44
O2021_82_20_1_0024_00005078_13000_6000.tif,82-20,2,O2021_82_21_1_0005_00001869_11000_1000.tif,82-21,1,854.0,8.54
O2021_82_20_1_0024_00005078_13000_6000.tif,82-20,2,O2021_82_21_1_0005_00001868_11000_6000.tif,82-21,1,5456.0,54.56
O2021_82_20_1_0024_00005078_13000_6000.tif,82-20,2,O2021_82_21_1_0005_00001869_11000_0.tif,82-21,1,5246.0,52.46
O2021_82_20_1_0024_00005078_13000_6000.tif,82-20,2,O2021_82_21_1_0005_00001868_11000_5000.tif,82-21,1,744.0,7.44
O2021_82_20_1_0024_00005078_13000_7000.tif,82-20,2,O2021_82_21_1_0005_00001869_11000_2000.tif,82-21,1,854.0,8.54
O2021_82_20_1_0024_00005078_13000_7000.tif,82-20,2,O2021_82_21_1_0005_00001868_11000_7000.tif,82-21,1,5456.0,54.56
O2021_82_20_1_0024_00005078_13000_7000.tif,82-20,2,O2021_82_21_1_0005_00001869_11000_1000.tif,82-21,1,5246.0,52.46
O2021_82_20_1_0024_00005078_13000_7000.tif,82-20,2,O2021_82_21_1_0005_00001868_11000_6000.tif,82-21,1,744.0,7.44
O2021_82_20_1_0024_00005078_13000_8000.tif,82-20,2,O2021_82_21_1_0005_00001868_11000_8000.tif,82-21,1,5456.0,54.56
O2021_82_20_1_0024_00005078_13000_8000.tif,82-20,2,O2021_82_21_1_0005_00001869_11000_2000.tif,82-21,1,5246.0,52.46
O2021_82_20_1_0024_00005078_13000_8000.tif,82-20,2,O2021_82_21_1_0005_00001868_11000_7000.tif,82-21,1,744.0,7.44
O2021_82_20_1_0024_00005078_2000_1000.tif,82-20,2,O2021_82_21_1_0005_00001868_0_1000.tif,82-21,1,5456.0,54.56
O2021_82_20_1_0024_00005078_2000_1000.tif,82-20,2,O2021_82_21_1_0004_00002040_11000_1000.tif,82-21,1,3366.0,33.66
O2021_82_20_1_0024_00005078_2000_1000.tif,82-20,2,O2021_82_21_1_0005_00001868_1000_1000.tif,82-21,1,3344.0,33.44
O2021_82_20_1_0024_00005078_2000_1000.tif,82-20,2,O2021_82_21_1_0004_00002040_12000_1000.tif,82-21,1,6534.0,65.34
O2021_82_20_1_0024_00005078_2000_1000.tif,82-20,2,O2021_82_21_1_0005_00001868_0_0.tif,82-21,1,744.0,7.44
O2021_82_20_1_0024_00005078_2000_1000.tif,82-20,2,O2021_82_21_1_0004_00002040_11000_0.tif,82-21,1,34.0,0.34
O2021_82_20_1_0024_00005078_2000_1000.tif,82-20,2,O2021_82_21_1_0005_00001868_1000_0.tif,82-21,1,456.0,4.56
O2021_82_20_1_0024_00005078_2000_1000.tif,82-20,2,O2021_82_21_1_0004_00002040_12000_0.tif,82-21,1,66.0,0.66
O2021_82_20_1_0024_00005078_2000_2000.tif,82-20,2,O2021_82_21_1_0005_00001868_0_2000.tif,82-21,1,5456.0,54.56
O2021_82_20_1_0024_00005078_2000_2000.tif,82-20,2,O2021_82_21_1_0004_00002040_11000_2000.tif,82-21,1,3366.0,33.66
O2021_82_20_1_0024_00005078_2000_2000.tif,82-20,2,O2021_82_21_1_0005_00001868_0_1000.tif,82-21,1,744.0,7.44
O2021_82_20_1_0024_00005078_2000_2000.tif,82-20,2,O2021_82_21_1_0004_00002040_11000_1000.tif,82-21,1,34.0,0.34
O2021_82_20_1_0024_00005078_2000_2000.tif,82-20,2,O2021_82_21_1_0005_00001868_1000_2000.tif,82-21,1,3344.0,33.44
O2021_82_20_1_0024_00005078_2000_2000.tif,82-20,2,O2021_82_21_1_0004_00002040_12000_2000.tif,82-21,1,6534.0,65.34
O2021_82_20_1_0024_00005078_2000_2000.tif,82-20,2,O2021_82_21_1_0005_00001868_1000_1000.tif,82-21,1,456.0,4.56
O2021_82_20_1_0024_00005078_2000_2000.tif,82-20,2,O2021_82_21_1_0004_00002040_12000_1000.tif,82-21,1,66.0,0.66
O2021_82_20_1_0024_00005078_2000_3000.tif,82-20,2,O2021_82_21_1_0005_00001868_1000_3000.tif,82-21,1,3344.0,33.44
O2021_82_20_1_0024_00005078_2000_3000.tif,82-20,2,O2021_82_21_1_0004_00002040_12000_3000.tif,82-21,1,6534.0,65.34
O2021_82_20_1_0024_00005078_2000_3000.tif,82-20,2,O2021_82_21_1_0005_00001868_0_3000.tif,82-21,1,5456.0,54.56
O2021_82_20_1_0024_00005078_2000_3000.tif,82-20,2,O2021_82_21_1_0004_00002040_11000_3000.tif,82-21,1,3366.0,33.66
O2021_82_20_1_0024_00005078_2000_3000.tif,82-20,2,O2021_82_21_1_0005_00001868_0_2000.tif,82-21,1,744.0,7.44
O2021_82_20_1_0024_00005078_2000_3000.tif,82-20,2,O2021_82_21_1_0004_00002040_11000_2000.tif,82-21,1,34.0,0.34
O2021_82_20_1_0024_00005078_2000_3000.tif,82-20,2,O2021_82_21_1_0005_00001868_1000_2000.tif,82-21,1,456.0,4.56
O2021_82_20_1_0024_00005078_2000_3000.tif,82-20,2,O2021_82_21_1_0004_00002040_12000_2000.tif,82-21,1,66.0,0.66
O2021_82_20_1_0024_00005078_2000_4000.tif,82-20,2,O2021_82_21_1_0004_00002039_11000_0.tif,82-21,1,425.0,4.25
O2021_82_20_1_0024_00005078_2000_4000.tif,82-20,2,O2021_82_21_1_0005_00001868_0_4000.tif,82-21,1,5456.0,54.56
O2021_82_20_1_0024_00005078_2000_4000.tif,82-20,2,O2021_82_21_1_0004_00002040_11000_4000.tif,82-21,1,3366.0,33.66
O2021_82_20_1_0024_00005078_2000_4000.tif,82-20,2,O2021_82_21_1_0004_00002039_12000_0.tif,82-21,1,1275.0,12.75
O2021_82_20_1_0024_00005078_2000_4000.tif,82-20,2,O2021_82_21_1_0005_00001868_1000_4000.tif,82-21,1,3344.0,33.44
O2021_82_20_1_0024_00005078_2000_4000.tif,82-20,2,O2021_82_21_1_0004_00002040_12000_4000.tif,82-21,1,6534.0,65.34
O2021_82_20_1_0024_00005078_2000_4000.tif,82-20,2,O2021_82_21_1_0005_00001868_1000_3000.tif,82-21,1,456.0,4.56
O2021_82_20_1_0024_00005078_2000_4000.tif,82-20,2,O2021_82_21_1_0004_00002040_12000_3000.tif,82-21,1,66.0,0.66
O2021_82_20_1_0024_00005078_2000_4000.tif,82-20,2,O2021_82_21_1_0005_00001868_0_3000.tif,82-21,1,744.0,7.44
O2021_82_20_1_0024_00005078_2000_4000.tif,82-20,2,O2021_82_21_1_0004_00002040_11000_3000.tif,82-21,1,34.0,0.34
O2021_82_20_1_0024_00005078_2000_5000.tif,82-20,2,O2021_82_21_1_0005_00001869_1000_0.tif,82-21,1,546.0,5.46
O2021_82_20_1_0024_00005078_2000_5000.tif,82-20,2,O2021_82_21_1_0005_00001868_1000_5000.tif,82-21,1,3344.0,33.44
O2021_82_20_1_0024_00005078_2000_5000.tif,82-20,2,O2021_82_21_1_0004_00002040_12000_5000.tif,82-21,1,6534.0,65.34
O2021_82_20_1_0024_00005078_2000_5000.tif,82-20,2,O2021_82_21_1_0005_00001869_0_0.tif,82-21,1,854.0,8.54
O2021_82_20_1_0024_00005078_2000_5000.tif,82-20,2,O2021_82_21_1_0005_00001868_0_5000.tif,82-21,1,5456.0,54.56
O2021_82_20_1_0024_00005078_2000_5000.tif,82-20,2,O2021_82_21_1_0004_00002040_11000_5000.tif,82-21,1,3366.0,33.66
O2021_82_20_1_0024_00005078_2000_5000.tif,82-20,2,O2021_82_21_1_0004_00002039_11000_0.tif,82-21,1,2075.0,20.75
O2021_82_20_1_0024_00005078_2000_5000.tif,82-20,2,O2021_82_21_1_0005_00001868_0_4000.tif,82-21,1,744.0,7.44
O2021_82_20_1_0024_00005078_2000_5000.tif,82-20,2,O2021_82_21_1_0004_00002040_11000_4000.tif,82-21,1,34.0,0.34
O2021_82_20_1_0024_00005078_2000_5000.tif,82-20,2,O2021_82_21_1_0004_00002039_12000_0.tif,82-21,1,6225.0,62.25
O2021_82_20_1_0024_00005078_2000_5000.tif,82-20,2,O2021_82_21_1_0005_00001868_1000_4000.tif,82-21,1,456.0,4.56
O2021_82_20_1_0024_00005078_2000_5000.tif,82-20,2,O2021_82_21_1_0004_00002040_12000_4000.tif,82-21,1,66.0,0.66
O2021_82_20_1_0024_00005078_2000_6000.tif,82-20,2,O2021_82_21_1_0005_00001869_1000_1000.tif,82-21,1,546.0,5.46
O2021_82_20_1_0024_00005078_2000_6000.tif,82-20,2,O2021_82_21_1_0005_00001869_0_1000.tif,82-21,1,854.0,8.54
O2021_82_20_1_0024_00005078_2000_6000.tif,82-20,2,O2021_82_21_1_0004_00002039_11000_2000.tif,82-21,1,425.0,4.25
O2021_82_20_1_0024_00005078_2000_6000.tif,82-20,2,O2021_82_21_1_0005_00001868_0_6000.tif,82-21,1,5456.0,54.56
O2021_82_20_1_0024_00005078_2000_6000.tif,82-20,2,O2021_82_21_1_0004_00002040_11000_6000.tif,82-21,1,3366.0,33.66
O2021_82_20_1_0024_00005078_2000_6000.tif,82-20,2,O2021_82_21_1_0004_00002039_12000_2000.tif,82-21,1,1275.0,12.75
O2021_82_20_1_0024_00005078_2000_6000.tif,82-20,2,O2021_82_21_1_0005_00001868_1000_6000.tif,82-21,1,3344.0,33.44
O2021_82_20_1_0024_00005078_2000_6000.tif,82-20,2,O2021_82_21_1_0004_00002040_12000_6000.tif,82-21,1,6534.0,65.34
O2021_82_20_1_0024_00005078_2000_6000.tif,82-20,2,O2021_82_21_1_0005_00001869_1000_0.tif,82-21,1,3354.0,33.54
O2021_82_20_1_0024_00005078_2000_6000.tif,82-20,2,O2021_82_21_1_0005_00001868_1000_5000.tif,82-21,1,456.0,4.56
O2021_82_20_1_0024_00005078_2000_6000.tif,82-20,2,O2021_82_21_1_0004_00002040_12000_5000.tif,82-21,1,66.0,0.66
O2021_82_20_1_0024_00005078_2000_6000.tif,82-20,2,O2021_82_21_1_0005_00001869_0_0.tif,82-21,1,5246.0,52.46
O2021_82_20_1_0024_00005078_2000_6000.tif,82-20,2,O2021_82_21_1_0005_00001868_0_5000.tif,82-21,1,744.0,7.44
O2021_82_20_1_0024_00005078_2000_6000.tif,82-20,2,O2021_82_21_1_0004_00002040_11000_5000.tif,82-21,1,34.0,0.34
O2021_82_20_1_0024_00005078_2000_7000.tif,82-20,2,O2021_82_21_1_0005_00001869_1000_2000.tif,82-21,1,546.0,5.46
O2021_82_20_1_0024_00005078_2000_7000.tif,82-20,2,O2021_82_21_1_0004_00002039_12000_3000.tif,82-21,1,1275.0,12.75
O2021_82_20_1_0024_00005078_2000_7000.tif,82-20,2,O2021_82_21_1_0005_00001868_1000_7000.tif,82-21,1,3344.0,33.44
O2021_82_20_1_0024_00005078_2000_7000.tif,82-20,2,O2021_82_21_1_0004_00002040_12000_7000.tif,82-21,1,6534.0,65.34
O2021_82_20_1_0024_00005078_2000_7000.tif,82-20,2,O2021_82_21_1_0005_00001869_1000_1000.tif,82-21,1,3354.0,33.54
O2021_82_20_1_0024_00005078_2000_7000.tif,82-20,2,O2021_82_21_1_0005_00001869_0_2000.tif,82-21,1,854.0,8.54
O2021_82_20_1_0024_00005078_2000_7000.tif,82-20,2,O2021_82_21_1_0004_00002039_11000_3000.tif,82-21,1,425.0,4.25
O2021_82_20_1_0024_00005078_2000_7000.tif,82-20,2,O2021_82_21_1_0005_00001868_0_7000.tif,82-21,1,5456.0,54.56
O2021_82_20_1_0024_00005078_2000_7000.tif,82-20,2,O2021_82_21_1_0004_00002040_11000_7000.tif,82-21,1,3366.0,33.66
O2021_82_20_1_0024_00005078_2000_7000.tif,82-20,2,O2021_82_21_1_0005_00001869_0_1000.tif,82-21,1,5246.0,52.46
O2021_82_20_1_0024_00005078_2000_7000.tif,82-20,2,O2021_82_21_1_0004_00002039_11000_2000.tif,82-21,1,2075.0,20.75
O2021_82_20_1_0024_00005078_2000_7000.tif,82-20,2,O2021_82_21_1_0005_00001868_0_6000.tif,82-21,1,744.0,7.44
O2021_82_20_1_0024_00005078_2000_7000.tif,82-20,2,O2021_82_21_1_0004_00002040_11000_6000.tif,82-21,1,34.0,0.34
O2021_82_20_1_0024_00005078_2000_7000.tif,82-20,2,O2021_82_21_1_0004_00002039_12000_2000.tif,82-21,1,6225.0,62.25
O2021_82_20_1_0024_00005078_2000_7000.tif,82-20,2,O2021_82_21_1_0005_00001868_1000_6000.tif,82-21,1,456.0,4.56
O2021_82_20_1_0024_00005078_2000_7000.tif,82-20,2,O2021_82_21_1_0004_00002040_12000_6000.tif,82-21,1,66.0,0.66
O2021_82_20_1_0024_00005078_2000_8000.tif,82-20,2,O2021_82_21_1_0005_00001868_1000_8000.tif,82-21,1,3344.0,33.44
O2021_82_20_1_0024_00005078_2000_8000.tif,82-20,2,O2021_82_21_1_0004_00002040_12000_8000.tif,82-21,1,6534.0,65.34
O2021_82_20_1_0024_00005078_2000_8000.tif,82-20,2,O2021_82_21_1_0005_00001869_1000_2000.tif,82-21,1,3354.0,33.54
O2021_82_20_1_0024_00005078_2000_8000.tif,82-20,2,O2021_82_21_1_0004_00002039_12000_3000.tif,82-21,1,6225.0,62.25
O2021_82_20_1_0024_00005078_2000_8000.tif,82-20,2,O2021_82_21_1_0005_00001868_1000_7000.tif,82-21,1,456.0,4.56
O2021_82_20_1_0024_00005078_2000_8000.tif,82-20,2,O2021_82_21_1_0004_00002040_12000_7000.tif,82-21,1,66.0,0.66
O2021_82_20_1_0024_00005078_2000_8000.tif,82-20,2,O2021_82_21_1_0005_00001868_0_8000.tif,82-21,1,5456.0,54.56
O2021_82_20_1_0024_00005078_2000_8000.tif,82-20,2,O2021_82_21_1_0004_00002040_11000_8000.tif,82-21,1,3366.0,33.66
O2021_82_20_1_0024_00005078_2000_8000.tif,82-20,2,O2021_82_21_1_0005_00001869_0_2000.tif,82-21,1,5246.0,52.46
O2021_82_20_1_0024_00005078_2000_8000.tif,82-20,2,O2021_82_21_1_0004_00002039_11000_3000.tif,82-21,1,2075.0,20.75
O2021_82_20_1_0024_00005078_2000_8000.tif,82-20,2,O2021_82_21_1_0005_00001868_0_7000.tif,82-21,1,744.0,7.44
O2021_82_20_1_0024_00005078_2000_8000.tif,82-20,2,O2021_82_21_1_0004_00002040_11000_7000.tif,82-21,1,34.0,0.34
O2021_82_20_1_0024_00005078_3000_1000.tif,82-20,2,O2021_82_21_1_0005_00001868_1000_1000.tif,82-21,1,5456.0,54.56
O2021_82_20_1_0024_00005078_3000_1000.tif,82-20,2,O2021_82_21_1_0005_00001868_2000_1000.tif,82-21,1,3344.0,33.44
O2021_82_20_1_0024_00005078_3000_1000.tif,82-20,2,O2021_82_21_1_0004_00002040_13000_1000.tif,82-21,1,6534.0,65.34
O2021_82_20_1_0024_00005078_3000_1000.tif,82-20,2,O2021_82_21_1_0004_00002040_12000_1000.tif,82-21,1,3366.0,33.66
O2021_82_20_1_0024_00005078_3000_1000.tif,82-20,2,O2021_82_21_1_0005_00001868_1000_0.tif,82-21,1,744.0,7.44
O2021_82_20_1_0024_00005078_3000_1000.tif,82-20,2,O2021_82_21_1_0005_00001868_2000_0.tif,82-21,1,456.0,4.56
O2021_82_20_1_0024_00005078_3000_1000.tif,82-20,2,O2021_82_21_1_0004_00002040_13000_0.tif,82-21,1,66.0,0.66
O2021_82_20_1_0024_00005078_3000_1000.tif,82-20,2,O2021_82_21_1_0004_00002040_12000_0.tif,82-21,1,34.0,0.34
O2021_82_20_1_0024_00005078_3000_2000.tif,82-20,2,O2021_82_21_1_0005_00001868_1000_2000.tif,82-21,1,5456.0,54.56
O2021_82_20_1_0024_00005078_3000_2000.tif,82-20,2,O2021_82_21_1_0005_00001868_2000_2000.tif,82-21,1,3344.0,33.44
O2021_82_20_1_0024_00005078_3000_2000.tif,82-20,2,O2021_82_21_1_0004_00002040_12000_2000.tif,82-21,1,3366.0,33.66
O2021_82_20_1_0024_00005078_3000_2000.tif,82-20,2,O2021_82_21_1_0004_00002040_13000_2000.tif,82-21,1,6534.0,65.34
O2021_82_20_1_0024_00005078_3000_2000.tif,82-20,2,O2021_82_21_1_0005_00001868_1000_1000.tif,82-21,1,744.0,7.44
O2021_82_20_1_0024_00005078_3000_2000.tif,82-20,2,O2021_82_21_1_0005_00001868_2000_1000.tif,82-21,1,456.0,4.56
O2021_82_20_1_0024_00005078_3000_2000.tif,82-20,2,O2021_82_21_1_0004_00002040_13000_1000.tif,82-21,1,66.0,0.66
O2021_82_20_1_0024_00005078_3000_2000.tif,82-20,2,O2021_82_21_1_0004_00002040_12000_1000.tif,82-21,1,34.0,0.34
O2021_82_20_1_0024_00005078_3000_3000.tif,82-20,2,O2021_82_21_1_0005_00001868_2000_3000.tif,82-21,1,3344.0,33.44
O2021_82_20_1_0024_00005078_3000_3000.tif,82-20,2,O2021_82_21_1_0005_00001868_1000_3000.tif,82-21,1,5456.0,54.56
O2021_82_20_1_0024_00005078_3000_3000.tif,82-20,2,O2021_82_21_1_0004_00002040_13000_3000.tif,82-21,1,6534.0,65.34
O2021_82_20_1_0024_00005078_3000_3000.tif,82-20,2,O2021_82_21_1_0004_00002040_12000_3000.tif,82-21,1,3366.0,33.66
O2021_82_20_1_0024_00005078_3000_3000.tif,82-20,2,O2021_82_21_1_0005_00001868_1000_2000.tif,82-21,1,744.0,7.44
O2021_82_20_1_0024_00005078_3000_3000.tif,82-20,2,O2021_82_21_1_0005_00001868_2000_2000.tif,82-21,1,456.0,4.56
O2021_82_20_1_0024_00005078_3000_3000.tif,82-20,2,O2021_82_21_1_0004_00002040_12000_2000.tif,82-21,1,34.0,0.34
O2021_82_20_1_0024_00005078_3000_3000.tif,82-20,2,O2021_82_21_1_0004_00002040_13000_2000.tif,82-21,1,66.0,0.66
O2021_82_20_1_0024_00005078_3000_4000.tif,82-20,2,O2021_82_21_1_0004_00002039_13000_0.tif,82-21,1,1275.0,12.75
O2021_82_20_1_0024_00005078_3000_4000.tif,82-20,2,O2021_82_21_1_0004_00002039_12000_0.tif,82-21,1,425.0,4.25
O2021_82_20_1_0024_00005078_3000_4000.tif,82-20,2,O2021_82_21_1_0005_00001868_2000_4000.tif,82-21,1,3344.0,33.44
O2021_82_20_1_0024_00005078_3000_4000.tif,82-20,2,O2021_82_21_1_0005_00001868_1000_4000.tif,82-21,1,5456.0,54.56
O2021_82_20_1_0024_00005078_3000_4000.tif,82-20,2,O2021_82_21_1_0004_00002040_12000_4000.tif,82-21,1,3366.0,33.66
O2021_82_20_1_0024_00005078_3000_4000.tif,82-20,2,O2021_82_21_1_0004_00002040_13000_4000.tif,82-21,1,6534.0,65.34
O2021_82_20_1_0024_00005078_3000_4000.tif,82-20,2,O2021_82_21_1_0005_00001868_2000_3000.tif,82-21,1,456.0,4.56
O2021_82_20_1_0024_00005078_3000_4000.tif,82-20,2,O2021_82_21_1_0005_00001868_1000_3000.tif,82-21,1,744.0,7.44
O2021_82_20_1_0024_00005078_3000_4000.tif,82-20,2,O2021_82_21_1_0004_00002040_13000_3000.tif,82-21,1,66.0,0.66
O2021_82_20_1_0024_00005078_3000_4000.tif,82-20,2,O2021_82_21_1_0004_00002040_12000_3000.tif,82-21,1,34.0,0.34
O2021_82_20_1_0024_00005078_3000_5000.tif,82-20,2,O2021_82_21_1_0005_00001869_1000_0.tif,82-21,1,854.0,8.54
O2021_82_20_1_0024_00005078_3000_5000.tif,82-20,2,O2021_82_21_1_0005_00001869_2000_0.tif,82-21,1,546.0,5.46
O2021_82_20_1_0024_00005078_3000_5000.tif,82-20,2,O2021_82_21_1_0005_00001868_2000_5000.tif,82-21,1,3344.0,33.44
O2021_82_20_1_0024_00005078_3000_5000.tif,82-20,2,O2021_82_21_1_0005_00001868_1000_5000.tif,82-21,1,5456.0,54.56
O2021_82_20_1_0024_00005078_3000_5000.tif,82-20,2,O2021_82_21_1_0004_00002040_12000_5000.tif,82-21,1,3366.0,33.66
O2021_82_20_1_0024_00005078_3000_5000.tif,82-20,2,O2021_82_21_1_0004_00002040_13000_5000.tif,82-21,1,6534.0,65.34
O2021_82_20_1_0024_00005078_3000_5000.tif,82-20,2,O2021_82_21_1_0004_00002039_13000_0.tif,82-21,1,6225.0,62.25
O2021_82_20_1_0024_00005078_3000_5000.tif,82-20,2,O2021_82_21_1_0004_00002039_12000_0.tif,82-21,1,2075.0,20.75
O2021_82_20_1_0024_00005078_3000_5000.tif,82-20,2,O2021_82_21_1_0005_00001868_2000_4000.tif,82-21,1,456.0,4.56
O2021_82_20_1_0024_00005078_3000_5000.tif,82-20,2,O2021_82_21_1_0005_00001868_1000_4000.tif,82-21,1,744.0,7.44
O2021_82_20_1_0024_00005078_3000_5000.tif,82-20,2,O2021_82_21_1_0004_00002040_12000_4000.tif,82-21,1,34.0,0.34
O2021_82_20_1_0024_00005078_3000_5000.tif,82-20,2,O2021_82_21_1_0004_00002040_13000_4000.tif,82-21,1,66.0,0.66
O2021_82_20_1_0024_00005078_3000_6000.tif,82-20,2,O2021_82_21_1_0005_00001869_2000_1000.tif,82-21,1,546.0,5.46
O2021_82_20_1_0024_00005078_3000_6000.tif,82-20,2,O2021_82_21_1_0005_00001869_1000_1000.tif,82-21,1,854.0,8.54
O2021_82_20_1_0024_00005078_3000_6000.tif,82-20,2,O2021_82_21_1_0004_00002039_13000_2000.tif,82-21,1,1275.0,12.75
O2021_82_20_1_0024_00005078_3000_6000.tif,82-20,2,O2021_82_21_1_0004_00002039_12000_2000.tif,82-21,1,425.0,4.25
O2021_82_20_1_0024_00005078_3000_6000.tif,82-20,2,O2021_82_21_1_0005_00001868_2000_6000.tif,82-21,1,3344.0,33.44
O2021_82_20_1_0024_00005078_3000_6000.tif,82-20,2,O2021_82_21_1_0005_00001868_1000_6000.tif,82-21,1,5456.0,54.56
O2021_82_20_1_0024_00005078_3000_6000.tif,82-20,2,O2021_82_21_1_0004_00002040_13000_6000.tif,82-21,1,6534.0,65.34
O2021_82_20_1_0024_00005078_3000_6000.tif,82-20,2,O2021_82_21_1_0004_00002040_12000_6000.tif,82-21,1,3366.0,33.66
O2021_82_20_1_0024_00005078_3000_6000.tif,82-20,2,O2021_82_21_1_0005_00001869_1000_0.tif,82-21,1,5246.0,52.46
O2021_82_20_1_0024_00005078_3000_6000.tif,82-20,2,O2021_82_21_1_0005_00001869_2000_0.tif,82-21,1,3354.0,33.54
O2021_82_20_1_0024_00005078_3000_6000.tif,82-20,2,O2021_82_21_1_0005_00001868_2000_5000.tif,82-21,1,456.0,4.56
O2021_82_20_1_0024_00005078_3000_6000.tif,82-20,2,O2021_82_21_1_0005_00001868_1000_5000.tif,82-21,1,744.0,7.44
O2021_82_20_1_0024_00005078_3000_6000.tif,82-20,2,O2021_82_21_1_0004_00002040_12000_5000.tif,82-21,1,34.0,0.34
O2021_82_20_1_0024_00005078_3000_6000.tif,82-20,2,O2021_82_21_1_0004_00002040_13000_5000.tif,82-21,1,66.0,0.66
O2021_82_20_1_0024_00005078_3000_7000.tif,82-20,2,O2021_82_21_1_0005_00001869_2000_2000.tif,82-21,1,546.0,5.46
O2021_82_20_1_0024_00005078_3000_7000.tif,82-20,2,O2021_82_21_1_0005_00001869_1000_2000.tif,82-21,1,854.0,8.54
O2021_82_20_1_0024_00005078_3000_7000.tif,82-20,2,O2021_82_21_1_0004_00002039_13000_3000.tif,82-21,1,1275.0,12.75
O2021_82_20_1_0024_00005078_3000_7000.tif,82-20,2,O2021_82_21_1_0004_00002039_12000_3000.tif,82-21,1,425.0,4.25
O2021_82_20_1_0024_00005078_3000_7000.tif,82-20,2,O2021_82_21_1_0005_00001868_1000_7000.tif,82-21,1,5456.0,54.56
O2021_82_20_1_0024_00005078_3000_7000.tif,82-20,2,O2021_82_21_1_0005_00001868_2000_7000.tif,82-21,1,3344.0,33.44
O2021_82_20_1_0024_00005078_3000_7000.tif,82-20,2,O2021_82_21_1_0004_00002040_13000_7000.tif,82-21,1,6534.0,65.34
O2021_82_20_1_0024_00005078_3000_7000.tif,82-20,2,O2021_82_21_1_0004_00002040_12000_7000.tif,82-21,1,3366.0,33.66
O2021_82_20_1_0024_00005078_3000_7000.tif,82-20,2,O2021_82_21_1_0005_00001869_2000_1000.tif,82-21,1,3354.0,33.54
O2021_82_20_1_0024_00005078_3000_7000.tif,82-20,2,O2021_82_21_1_0005_00001869_1000_1000.tif,82-21,1,5246.0,52.46
O2021_82_20_1_0024_00005078_3000_7000.tif,82-20,2,O2021_82_21_1_0004_00002039_13000_2000.tif,82-21,1,6225.0,62.25
O2021_82_20_1_0024_00005078_3000_7000.tif,82-20,2,O2021_82_21_1_0004_00002039_12000_2000.tif,82-21,1,2075.0,20.75
O2021_82_20_1_0024_00005078_3000_7000.tif,82-20,2,O2021_82_21_1_0005_00001868_2000_6000.tif,82-21,1,456.0,4.56
O2021_82_20_1_0024_00005078_3000_7000.tif,82-20,2,O2021_82_21_1_0005_00001868_1000_6000.tif,82-21,1,744.0,7.44
O2021_82_20_1_0024_00005078_3000_7000.tif,82-20,2,O2021_82_21_1_0004_00002040_13000_6000.tif,82-21,1,66.0,0.66
O2021_82_20_1_0024_00005078_3000_7000.tif,82-20,2,O2021_82_21_1_0004_00002040_12000_6000.tif,82-21,1,34.0,0.34
O2021_82_20_1_0024_00005078_3000_8000.tif,82-20,2,O2021_82_21_1_0005_00001868_1000_8000.tif,82-21,1,5456.0,54.56
O2021_82_20_1_0024_00005078_3000_8000.tif,82-20,2,O2021_82_21_1_0005_00001868_2000_8000.tif,82-21,1,3344.0,33.44
O2021_82_20_1_0024_00005078_3000_8000.tif,82-20,2,O2021_82_21_1_0004_00002040_12000_8000.tif,82-21,1,3366.0,33.66
O2021_82_20_1_0024_00005078_3000_8000.tif,82-20,2,O2021_82_21_1_0004_00002040_13000_8000.tif,82-21,1,6534.0,65.34
O2021_82_20_1_0024_00005078_3000_8000.tif,82-20,2,O2021_82_21_1_0005_00001869_2000_2000.tif,82-21,1,3354.0,33.54
O2021_82_20_1_0024_00005078_3000_8000.tif,82-20,2,O2021_82_21_1_0005_00001869_1000_2000.tif,82-21,1,5246.0,52.46
O2021_82_20_1_0024_00005078_3000_8000.tif,82-20,2,O2021_82_21_1_0004_00002039_13000_3000.tif,82-21,1,6225.0,62.25
O2021_82_20_1_0024_00005078_3000_8000.tif,82-20,2,O2021_82_21_1_0004_00002039_12000_3000.tif,82-21,1,2075.0,20.75
O2021_82_20_1_0024_00005078_3000_8000.tif,82-20,2,O2021_82_21_1_0005_00001868_1000_7000.tif,82-21,1,744.0,7.44
O2021_82_20_1_0024_00005078_3000_8000.tif,82-20,2,O2021_82_21_1_0005_00001868_2000_7000.tif,82-21,1,456.0,4.56
O2021_82_20_1_0024_00005078_3000_8000.tif,82-20,2,O2021_82_21_1_0004_00002040_13000_7000.tif,82-21,1,66.0,0.66
O2021_82_20_1_0024_00005078_3000_8000.tif,82-20,2,O2021_82_21_1_0004_00002040_12000_7000.tif,82-21,1,34.0,0.34
O2021_82_20_1_0024_00005078_4000_1000.tif,82-20,2,O2021_82_21_1_0005_00001868_3000_1000.tif,82-21,1,3344.0,33.44
O2021_82_20_1_0024_00005078_4000_1000.tif,82-20,2,O2021_82_21_1_0005_00001868_2000_1000.tif,82-21,1,5456.0,54.56
O2021_82_20_1_0024_00005078_4000_1000.tif,82-20,2,O2021_82_21_1_0004_00002040_13000_1000.tif,82-21,1,3366.0,33.66
O2021_82_20_1_0024_00005078_4000_1000.tif,82-20,2,O2021_82_21_1_0004_00002040_14000_1000.tif,82-21,1,6534.0,65.34
O2021_82_20_1_0024_00005078_4000_1000.tif,82-20,2,O2021_82_21_1_0005_00001868_3000_0.tif,82-21,1,456.0,4.56
O2021_82_20_1_0024_00005078_4000_1000.tif,82-20,2,O2021_82_21_1_0005_00001868_2000_0.tif,82-21,1,744.0,7.44
O2021_82_20_1_0024_00005078_4000_1000.tif,82-20,2,O2021_82_21_1_0004_00002040_14000_0.tif,82-21,1,66.0,0.66
O2021_82_20_1_0024_00005078_4000_1000.tif,82-20,2,O2021_82_21_1_0004_00002040_13000_0.tif,82-21,1,34.0,0.34
O2021_82_20_1_0024_00005078_4000_2000.tif,82-20,2,O2021_82_21_1_0005_00001868_3000_2000.tif,82-21,1,3344.0,33.44
O2021_82_20_1_0024_00005078_4000_2000.tif,82-20,2,O2021_82_21_1_0005_00001868_2000_2000.tif,82-21,1,5456.0,54.56
O2021_82_20_1_0024_00005078_4000_2000.tif,82-20,2,O2021_82_21_1_0004_00002040_14000_2000.tif,82-21,1,6534.0,65.34
O2021_82_20_1_0024_00005078_4000_2000.tif,82-20,2,O2021_82_21_1_0004_00002040_13000_2000.tif,82-21,1,3366.0,33.66
O2021_82_20_1_0024_00005078_4000_2000.tif,82-20,2,O2021_82_21_1_0005_00001868_3000_1000.tif,82-21,1,456.0,4.56
O2021_82_20_1_0024_00005078_4000_2000.tif,82-20,2,O2021_82_21_1_0005_00001868_2000_1000.tif,82-21,1,744.0,7.44
O2021_82_20_1_0024_00005078_4000_2000.tif,82-20,2,O2021_82_21_1_0004_00002040_13000_1000.tif,82-21,1,34.0,0.34
O2021_82_20_1_0024_00005078_4000_2000.tif,82-20,2,O2021_82_21_1_0004_00002040_14000_1000.tif,82-21,1,66.0,0.66
O2021_82_20_1_0024_00005078_4000_3000.tif,82-20,2,O2021_82_21_1_0005_00001868_2000_3000.tif,82-21,1,5456.0,54.56
O2021_82_20_1_0024_00005078_4000_3000.tif,82-20,2,O2021_82_21_1_0005_00001868_3000_3000.tif,82-21,1,3344.0,33.44
O2021_82_20_1_0024_00005078_4000_3000.tif,82-20,2,O2021_82_21_1_0004_00002040_13000_3000.tif,82-21,1,3366.0,33.66
O2021_82_20_1_0024_00005078_4000_3000.tif,82-20,2,O2021_82_21_1_0004_00002040_14000_3000.tif,82-21,1,6534.0,65.34
O2021_82_20_1_0024_00005078_4000_3000.tif,82-20,2,O2021_82_21_1_0005_00001868_3000_2000.tif,82-21,1,456.0,4.56
O2021_82_20_1_0024_00005078_4000_3000.tif,82-20,2,O2021_82_21_1_0005_00001868_2000_2000.tif,82-21,1,744.0,7.44
O2021_82_20_1_0024_00005078_4000_3000.tif,82-20,2,O2021_82_21_1_0004_00002040_14000_2000.tif,82-21,1,66.0,0.66
O2021_82_20_1_0024_00005078_4000_3000.tif,82-20,2,O2021_82_21_1_0004_00002040_13000_2000.tif,82-21,1,34.0,0.34
O2021_82_20_1_0024_00005078_4000_4000.tif,82-20,2,O2021_82_21_1_0004_00002039_14000_0.tif,82-21,1,1275.0,12.75
O2021_82_20_1_0024_00005078_4000_4000.tif,82-20,2,O2021_82_21_1_0004_00002039_13000_0.tif,82-21,1,425.0,4.25
O2021_82_20_1_0024_00005078_4000_4000.tif,82-20,2,O2021_82_21_1_0005_00001868_2000_4000.tif,82-21,1,5456.0,54.56
O2021_82_20_1_0024_00005078_4000_4000.tif,82-20,2,O2021_82_21_1_0005_00001868_3000_4000.tif,82-21,1,3344.0,33.44
O2021_82_20_1_0024_00005078_4000_4000.tif,82-20,2,O2021_82_21_1_0004_00002040_13000_4000.tif,82-21,1,3366.0,33.66
O2021_82_20_1_0024_00005078_4000_4000.tif,82-20,2,O2021_82_21_1_0004_00002040_14000_4000.tif,82-21,1,6534.0,65.34
O2021_82_20_1_0024_00005078_4000_4000.tif,82-20,2,O2021_82_21_1_0005_00001868_2000_3000.tif,82-21,1,744.0,7.44
O2021_82_20_1_0024_00005078_4000_4000.tif,82-20,2,O2021_82_21_1_0005_00001868_3000_3000.tif,82-21,1,456.0,4.56
O2021_82_20_1_0024_00005078_4000_4000.tif,82-20,2,O2021_82_21_1_0004_00002040_13000_3000.tif,82-21,1,34.0,0.34
O2021_82_20_1_0024_00005078_4000_4000.tif,82-20,2,O2021_82_21_1_0004_00002040_14000_3000.tif,82-21,1,66.0,0.66
O2021_82_20_1_0024_00005078_4000_5000.tif,82-20,2,O2021_82_21_1_0005_00001869_3000_0.tif,82-21,1,546.0,5.46
O2021_82_20_1_0024_00005078_4000_5000.tif,82-20,2,O2021_82_21_1_0005_00001869_2000_0.tif,82-21,1,854.0,8.54
O2021_82_20_1_0024_00005078_4000_5000.tif,82-20,2,O2021_82_21_1_0005_00001868_2000_5000.tif,82-21,1,5456.0,54.56
O2021_82_20_1_0024_00005078_4000_5000.tif,82-20,2,O2021_82_21_1_0005_00001868_3000_5000.tif,82-21,1,3344.0,33.44
O2021_82_20_1_0024_00005078_4000_5000.tif,82-20,2,O2021_82_21_1_0004_00002040_14000_5000.tif,82-21,1,6534.0,65.34
O2021_82_20_1_0024_00005078_4000_5000.tif,82-20,2,O2021_82_21_1_0004_00002040_13000_5000.tif,82-21,1,3366.0,33.66
O2021_82_20_1_0024_00005078_4000_5000.tif,82-20,2,O2021_82_21_1_0004_00002039_14000_0.tif,82-21,1,6225.0,62.25
O2021_82_20_1_0024_00005078_4000_5000.tif,82-20,2,O2021_82_21_1_0004_00002039_13000_0.tif,82-21,1,2075.0,20.75
O2021_82_20_1_0024_00005078_4000_5000.tif,82-20,2,O2021_82_21_1_0005_00001868_2000_4000.tif,82-21,1,744.0,7.44
O2021_82_20_1_0024_00005078_4000_5000.tif,82-20,2,O2021_82_21_1_0005_00001868_3000_4000.tif,82-21,1,456.0,4.56
O2021_82_20_1_0024_00005078_4000_5000.tif,82-20,2,O2021_82_21_1_0004_00002040_13000_4000.tif,82-21,1,34.0,0.34
O2021_82_20_1_0024_00005078_4000_5000.tif,82-20,2,O2021_82_21_1_0004_00002040_14000_4000.tif,82-21,1,66.0,0.66
O2021_82_20_1_0024_00005078_4000_6000.tif,82-20,2,O2021_82_21_1_0005_00001869_3000_1000.tif,82-21,1,546.0,5.46
O2021_82_20_1_0024_00005078_4000_6000.tif,82-20,2,O2021_82_21_1_0005_00001869_2000_1000.tif,82-21,1,854.0,8.54
O2021_82_20_1_0024_00005078_4000_6000.tif,82-20,2,O2021_82_21_1_0004_00002039_13000_2000.tif,82-21,1,425.0,4.25
O2021_82_20_1_0024_00005078_4000_6000.tif,82-20,2,O2021_82_21_1_0004_00002039_14000_2000.tif,82-21,1,1275.0,12.75
O2021_82_20_1_0024_00005078_4000_6000.tif,82-20,2,O2021_82_21_1_0005_00001868_3000_6000.tif,82-21,1,3344.0,33.44
O2021_82_20_1_0024_00005078_4000_6000.tif,82-20,2,O2021_82_21_1_0005_00001868_2000_6000.tif,82-21,1,5456.0,54.56
O2021_82_20_1_0024_00005078_4000_6000.tif,82-20,2,O2021_82_21_1_0004_00002040_13000_6000.tif,82-21,1,3366.0,33.66
O2021_82_20_1_0024_00005078_4000_6000.tif,82-20,2,O2021_82_21_1_0004_00002040_14000_6000.tif,82-21,1,6534.0,65.34
O2021_82_20_1_0024_00005078_4000_6000.tif,82-20,2,O2021_82_21_1_0005_00001869_3000_0.tif,82-21,1,3354.0,33.54
O2021_82_20_1_0024_00005078_4000_6000.tif,82-20,2,O2021_82_21_1_0005_00001869_2000_0.tif,82-21,1,5246.0,52.46
O2021_82_20_1_0024_00005078_4000_6000.tif,82-20,2,O2021_82_21_1_0005_00001868_2000_5000.tif,82-21,1,744.0,7.44
O2021_82_20_1_0024_00005078_4000_6000.tif,82-20,2,O2021_82_21_1_0005_00001868_3000_5000.tif,82-21,1,456.0,4.56
O2021_82_20_1_0024_00005078_4000_6000.tif,82-20,2,O2021_82_21_1_0004_00002040_14000_5000.tif,82-21,1,66.0,0.66
O2021_82_20_1_0024_00005078_4000_6000.tif,82-20,2,O2021_82_21_1_0004_00002040_13000_5000.tif,82-21,1,34.0,0.34
O2021_82_20_1_0024_00005078_4000_7000.tif,82-20,2,O2021_82_21_1_0005_00001869_3000_2000.tif,82-21,1,546.0,5.46
O2021_82_20_1_0024_00005078_4000_7000.tif,82-20,2,O2021_82_21_1_0005_00001869_2000_2000.tif,82-21,1,854.0,8.54
O2021_82_20_1_0024_00005078_4000_7000.tif,82-20,2,O2021_82_21_1_0004_00002039_13000_3000.tif,82-21,1,425.0,4.25
O2021_82_20_1_0024_00005078_4000_7000.tif,82-20,2,O2021_82_21_1_0004_00002039_14000_3000.tif,82-21,1,1275.0,12.75
O2021_82_20_1_0024_00005078_4000_7000.tif,82-20,2,O2021_82_21_1_0005_00001868_3000_7000.tif,82-21,1,3344.0,33.44
O2021_82_20_1_0024_00005078_4000_7000.tif,82-20,2,O2021_82_21_1_0005_00001868_2000_7000.tif,82-21,1,5456.0,54.56
O2021_82_20_1_0024_00005078_4000_7000.tif,82-20,2,O2021_82_21_1_0004_00002040_14000_7000.tif,82-21,1,6534.0,65.34
O2021_82_20_1_0024_00005078_4000_7000.tif,82-20,2,O2021_82_21_1_0004_00002040_13000_7000.tif,82-21,1,3366.0,33.66
O2021_82_20_1_0024_00005078_4000_7000.tif,82-20,2,O2021_82_21_1_0005_00001869_3000_1000.tif,82-21,1,3354.0,33.54
O2021_82_20_1_0024_00005078_4000_7000.tif,82-20,2,O2021_82_21_1_0005_00001869_2000_1000.tif,82-21,1,5246.0,52.46
O2021_82_20_1_0024_00005078_4000_7000.tif,82-20,2,O2021_82_21_1_0004_00002039_13000_2000.tif,82-21,1,2075.0,20.75
O2021_82_20_1_0024_00005078_4000_7000.tif,82-20,2,O2021_82_21_1_0004_00002039_14000_2000.tif,82-21,1,6225.0,62.25
O2021_82_20_1_0024_00005078_4000_7000.tif,82-20,2,O2021_82_21_1_0005_00001868_3000_6000.tif,82-21,1,456.0,4.56
O2021_82_20_1_0024_00005078_4000_7000.tif,82-20,2,O2021_82_21_1_0005_00001868_2000_6000.tif,82-21,1,744.0,7.44
O2021_82_20_1_0024_00005078_4000_7000.tif,82-20,2,O2021_82_21_1_0004_00002040_13000_6000.tif,82-21,1,34.0,0.34
O2021_82_20_1_0024_00005078_4000_7000.tif,82-20,2,O2021_82_21_1_0004_00002040_14000_6000.tif,82-21,1,66.0,0.66
O2021_82_20_1_0024_00005078_4000_8000.tif,82-20,2,O2021_82_21_1_0005_00001868_3000_8000.tif,82-21,1,3344.0,33.44
O2021_82_20_1_0024_00005078_4000_8000.tif,82-20,2,O2021_82_21_1_0005_00001868_2000_8000.tif,82-21,1,5456.0,54.56
O2021_82_20_1_0024_00005078_4000_8000.tif,82-20,2,O2021_82_21_1_0004_00002040_13000_8000.tif,82-21,1,3366.0,33.66
O2021_82_20_1_0024_00005078_4000_8000.tif,82-20,2,O2021_82_21_1_0004_00002040_14000_8000.tif,82-21,1,6534.0,65.34
O2021_82_20_1_0024_00005078_4000_8000.tif,82-20,2,O2021_82_21_1_0005_00001869_3000_2000.tif,82-21,1,3354.0,33.54
O2021_82_20_1_0024_00005078_4000_8000.tif,82-20,2,O2021_82_21_1_0005_00001869_2000_2000.tif,82-21,1,5246.0,52.46
O2021_82_20_1_0024_00005078_4000_8000.tif,82-20,2,O2021_82_21_1_0004_00002039_13000_3000.tif,82-21,1,2075.0,20.75
O2021_82_20_1_0024_00005078_4000_8000.tif,82-20,2,O2021_82_21_1_0004_00002039_14000_3000.tif,82-21,1,6225.0,62.25
O2021_82_20_1_0024_00005078_4000_8000.tif,82-20,2,O2021_82_21_1_0005_00001868_3000_7000.tif,82-21,1,456.0,4.56
O2021_82_20_1_0024_00005078_4000_8000.tif,82-20,2,O2021_82_21_1_0005_00001868_2000_7000.tif,82-21,1,744.0,7.44
O2021_82_20_1_0024_00005078_4000_8000.tif,82-20,2,O2021_82_21_1_0004_00002040_14000_7000.tif,82-21,1,66.0,0.66
O2021_82_20_1_0024_00005078_4000_8000.tif,82-20,2,O2021_82_21_1_0004_00002040_13000_7000.tif,82-21,1,34.0,0.34
O2021_82_20_1_0024_00005078_5000_1000.tif,82-20,2,O2021_82_21_1_0005_00001868_4000_1000.tif,82-21,1,3344.0,33.44
O2021_82_20_1_0024_00005078_5000_1000.tif,82-20,2,O2021_82_21_1_0005_00001868_3000_1000.tif,82-21,1,5456.0,54.56
O2021_82_20_1_0024_00005078_5000_1000.tif,82-20,2,O2021_82_21_1_0004_00002040_14000_1000.tif,82-21,1,3366.0,33.66
O2021_82_20_1_0024_00005078_5000_1000.tif,82-20,2,O2021_82_21_1_0004_00002040_15000_1000.tif,82-21,1,6534.0,65.34
O2021_82_20_1_0024_00005078_5000_1000.tif,82-20,2,O2021_82_21_1_0005_00001868_3000_0.tif,82-21,1,744.0,7.44
O2021_82_20_1_0024_00005078_5000_1000.tif,82-20,2,O2021_82_21_1_0005_00001868_4000_0.tif,82-21,1,456.0,4.56
O2021_82_20_1_0024_00005078_5000_1000.tif,82-20,2,O2021_82_21_1_0004_00002040_14000_0.tif,82-21,1,34.0,0.34
O2021_82_20_1_0024_00005078_5000_1000.tif,82-20,2,O2021_82_21_1_0004_00002040_15000_0.tif,82-21,1,66.0,0.66
O2021_82_20_1_0024_00005078_5000_2000.tif,82-20,2,O2021_82_21_1_0005_00001868_4000_2000.tif,82-21,1,3344.0,33.44
O2021_82_20_1_0024_00005078_5000_2000.tif,82-20,2,O2021_82_21_1_0005_00001868_3000_2000.tif,82-21,1,5456.0,54.56
O2021_82_20_1_0024_00005078_5000_2000.tif,82-20,2,O2021_82_21_1_0004_00002040_14000_2000.tif,82-21,1,3366.0,33.66
O2021_82_20_1_0024_00005078_5000_2000.tif,82-20,2,O2021_82_21_1_0004_00002040_15000_2000.tif,82-21,1,6534.0,65.34
O2021_82_20_1_0024_00005078_5000_2000.tif,82-20,2,O2021_82_21_1_0005_00001868_4000_1000.tif,82-21,1,456.0,4.56
O2021_82_20_1_0024_00005078_5000_2000.tif,82-20,2,O2021_82_21_1_0005_00001868_3000_1000.tif,82-21,1,744.0,7.44
O2021_82_20_1_0024_00005078_5000_2000.tif,82-20,2,O2021_82_21_1_0004_00002040_14000_1000.tif,82-21,1,34.0,0.34
O2021_82_20_1_0024_00005078_5000_2000.tif,82-20,2,O2021_82_21_1_0004_00002040_15000_1000.tif,82-21,1,66.0,0.66
O2021_82_20_1_0024_00005078_5000_3000.tif,82-20,2,O2021_82_21_1_0005_00001868_3000_3000.tif,82-21,1,5456.0,54.56
O2021_82_20_1_0024_00005078_5000_3000.tif,82-20,2,O2021_82_21_1_0005_00001868_4000_3000.tif,82-21,1,3344.0,33.44
O2021_82_20_1_0024_00005078_5000_3000.tif,82-20,2,O2021_82_21_1_0004_00002040_15000_3000.tif,82-21,1,6534.0,65.34
O2021_82_20_1_0024_00005078_5000_3000.tif,82-20,2,O2021_82_21_1_0004_00002040_14000_3000.tif,82-21,1,3366.0,33.66
O2021_82_20_1_0024_00005078_5000_3000.tif,82-20,2,O2021_82_21_1_0005_00001868_4000_2000.tif,82-21,1,456.0,4.56
O2021_82_20_1_0024_00005078_5000_3000.tif,82-20,2,O2021_82_21_1_0005_00001868_3000_2000.tif,82-21,1,744.0,7.44
O2021_82_20_1_0024_00005078_5000_3000.tif,82-20,2,O2021_82_21_1_0004_00002040_14000_2000.tif,82-21,1,34.0,0.34
O2021_82_20_1_0024_00005078_5000_3000.tif,82-20,2,O2021_82_21_1_0004_00002040_15000_2000.tif,82-21,1,66.0,0.66
O2021_82_20_1_0024_00005078_5000_4000.tif,82-20,2,O2021_82_21_1_0004_00002039_15000_0.tif,82-21,1,1275.0,12.75
O2021_82_20_1_0024_00005078_5000_4000.tif,82-20,2,O2021_82_21_1_0004_00002039_14000_0.tif,82-21,1,425.0,4.25
O2021_82_20_1_0024_00005078_5000_4000.tif,82-20,2,O2021_82_21_1_0005_00001868_3000_4000.tif,82-21,1,5456.0,54.56
O2021_82_20_1_0024_00005078_5000_4000.tif,82-20,2,O2021_82_21_1_0005_00001868_4000_4000.tif,82-21,1,3344.0,33.44
O2021_82_20_1_0024_00005078_5000_4000.tif,82-20,2,O2021_82_21_1_0004_00002040_15000_4000.tif,82-21,1,6534.0,65.34
O2021_82_20_1_0024_00005078_5000_4000.tif,82-20,2,O2021_82_21_1_0004_00002040_14000_4000.tif,82-21,1,3366.0,33.66
O2021_82_20_1_0024_00005078_5000_4000.tif,82-20,2,O2021_82_21_1_0005_00001868_3000_3000.tif,82-21,1,744.0,7.44
O2021_82_20_1_0024_00005078_5000_4000.tif,82-20,2,O2021_82_21_1_0005_00001868_4000_3000.tif,82-21,1,456.0,4.56
O2021_82_20_1_0024_00005078_5000_4000.tif,82-20,2,O2021_82_21_1_0004_00002040_15000_3000.tif,82-21,1,66.0,0.66
O2021_82_20_1_0024_00005078_5000_4000.tif,82-20,2,O2021_82_21_1_0004_00002040_14000_3000.tif,82-21,1,34.0,0.34
O2021_82_20_1_0024_00005078_5000_5000.tif,82-20,2,O2021_82_21_1_0005_00001869_3000_0.tif,82-21,1,854.0,8.54
O2021_82_20_1_0024_00005078_5000_5000.tif,82-20,2,O2021_82_21_1_0005_00001869_4000_0.tif,82-21,1,546.0,5.46
O2021_82_20_1_0024_00005078_5000_5000.tif,82-20,2,O2021_82_21_1_0005_00001868_4000_5000.tif,82-21,1,3344.0,33.44
O2021_82_20_1_0024_00005078_5000_5000.tif,82-20,2,O2021_82_21_1_0005_00001868_3000_5000.tif,82-21,1,5456.0,54.56
O2021_82_20_1_0024_00005078_5000_5000.tif,82-20,2,O2021_82_21_1_0004_00002040_14000_5000.tif,82-21,1,3366.0,33.66
O2021_82_20_1_0024_00005078_5000_5000.tif,82-20,2,O2021_82_21_1_0004_00002040_15000_5000.tif,82-21,1,6534.0,65.34
O2021_82_20_1_0024_00005078_5000_5000.tif,82-20,2,O2021_82_21_1_0004_00002039_15000_0.tif,82-21,1,6225.0,62.25
O2021_82_20_1_0024_00005078_5000_5000.tif,82-20,2,O2021_82_21_1_0004_00002039_14000_0.tif,82-21,1,2075.0,20.75
O2021_82_20_1_0024_00005078_5000_5000.tif,82-20,2,O2021_82_21_1_0005_00001868_3000_4000.tif,82-21,1,744.0,7.44
O2021_82_20_1_0024_00005078_5000_5000.tif,82-20,2,O2021_82_21_1_0005_00001868_4000_4000.tif,82-21,1,456.0,4.56
O2021_82_20_1_0024_00005078_5000_5000.tif,82-20,2,O2021_82_21_1_0004_00002040_15000_4000.tif,82-21,1,66.0,0.66
O2021_82_20_1_0024_00005078_5000_5000.tif,82-20,2,O2021_82_21_1_0004_00002040_14000_4000.tif,82-21,1,34.0,0.34
O2021_82_20_1_0024_00005078_5000_6000.tif,82-20,2,O2021_82_21_1_0005_00001869_4000_1000.tif,82-21,1,546.0,5.46
O2021_82_20_1_0024_00005078_5000_6000.tif,82-20,2,O2021_82_21_1_0005_00001869_3000_1000.tif,82-21,1,854.0,8.54
O2021_82_20_1_0024_00005078_5000_6000.tif,82-20,2,O2021_82_21_1_0004_00002039_15000_2000.tif,82-21,1,1275.0,12.75
O2021_82_20_1_0024_00005078_5000_6000.tif,82-20,2,O2021_82_21_1_0004_00002039_14000_2000.tif,82-21,1,425.0,4.25
O2021_82_20_1_0024_00005078_5000_6000.tif,82-20,2,O2021_82_21_1_0005_00001868_3000_6000.tif,82-21,1,5456.0,54.56
O2021_82_20_1_0024_00005078_5000_6000.tif,82-20,2,O2021_82_21_1_0005_00001868_4000_6000.tif,82-21,1,3344.0,33.44
O2021_82_20_1_0024_00005078_5000_6000.tif,82-20,2,O2021_82_21_1_0004_00002040_15000_6000.tif,82-21,1,6534.0,65.34
O2021_82_20_1_0024_00005078_5000_6000.tif,82-20,2,O2021_82_21_1_0004_00002040_14000_6000.tif,82-21,1,3366.0,33.66
O2021_82_20_1_0024_00005078_5000_6000.tif,82-20,2,O2021_82_21_1_0005_00001869_3000_0.tif,82-21,1,5246.0,52.46
O2021_82_20_1_0024_00005078_5000_6000.tif,82-20,2,O2021_82_21_1_0005_00001869_4000_0.tif,82-21,1,3354.0,33.54
O2021_82_20_1_0024_00005078_5000_6000.tif,82-20,2,O2021_82_21_1_0005_00001868_4000_5000.tif,82-21,1,456.0,4.56
O2021_82_20_1_0024_00005078_5000_6000.tif,82-20,2,O2021_82_21_1_0005_00001868_3000_5000.tif,82-21,1,744.0,7.44
O2021_82_20_1_0024_00005078_5000_6000.tif,82-20,2,O2021_82_21_1_0004_00002040_14000_5000.tif,82-21,1,34.0,0.34
O2021_82_20_1_0024_00005078_5000_6000.tif,82-20,2,O2021_82_21_1_0004_00002040_15000_5000.tif,82-21,1,66.0,0.66
O2021_82_20_1_0024_00005078_5000_7000.tif,82-20,2,O2021_82_21_1_0005_00001869_3000_2000.tif,82-21,1,854.0,8.54
O2021_82_20_1_0024_00005078_5000_7000.tif,82-20,2,O2021_82_21_1_0005_00001869_4000_2000.tif,82-21,1,546.0,5.46
O2021_82_20_1_0024_00005078_5000_7000.tif,82-20,2,O2021_82_21_1_0004_00002039_15000_3000.tif,82-21,1,1275.0,12.75
O2021_82_20_1_0024_00005078_5000_7000.tif,82-20,2,O2021_82_21_1_0004_00002039_14000_3000.tif,82-21,1,425.0,4.25
O2021_82_20_1_0024_00005078_5000_7000.tif,82-20,2,O2021_82_21_1_0005_00001868_4000_7000.tif,82-21,1,3344.0,33.44
O2021_82_20_1_0024_00005078_5000_7000.tif,82-20,2,O2021_82_21_1_0005_00001868_3000_7000.tif,82-21,1,5456.0,54.56
O2021_82_20_1_0024_00005078_5000_7000.tif,82-20,2,O2021_82_21_1_0004_00002040_15000_7000.tif,82-21,1,6534.0,65.34
O2021_82_20_1_0024_00005078_5000_7000.tif,82-20,2,O2021_82_21_1_0004_00002040_14000_7000.tif,82-21,1,3366.0,33.66
O2021_82_20_1_0024_00005078_5000_7000.tif,82-20,2,O2021_82_21_1_0005_00001869_4000_1000.tif,82-21,1,3354.0,33.54
O2021_82_20_1_0024_00005078_5000_7000.tif,82-20,2,O2021_82_21_1_0005_00001869_3000_1000.tif,82-21,1,5246.0,52.46
O2021_82_20_1_0024_00005078_5000_7000.tif,82-20,2,O2021_82_21_1_0004_00002039_15000_2000.tif,82-21,1,6225.0,62.25
O2021_82_20_1_0024_00005078_5000_7000.tif,82-20,2,O2021_82_21_1_0004_00002039_14000_2000.tif,82-21,1,2075.0,20.75
O2021_82_20_1_0024_00005078_5000_7000.tif,82-20,2,O2021_82_21_1_0005_00001868_3000_6000.tif,82-21,1,744.0,7.44
O2021_82_20_1_0024_00005078_5000_7000.tif,82-20,2,O2021_82_21_1_0005_00001868_4000_6000.tif,82-21,1,456.0,4.56
O2021_82_20_1_0024_00005078_5000_7000.tif,82-20,2,O2021_82_21_1_0004_00002040_15000_6000.tif,82-21,1,66.0,0.66
O2021_82_20_1_0024_00005078_5000_7000.tif,82-20,2,O2021_82_21_1_0004_00002040_14000_6000.tif,82-21,1,34.0,0.34
O2021_82_20_1_0024_00005078_5000_8000.tif,82-20,2,O2021_82_21_1_0005_00001868_4000_8000.tif,82-21,1,3344.0,33.44
O2021_82_20_1_0024_00005078_5000_8000.tif,82-20,2,O2021_82_21_1_0005_00001868_3000_8000.tif,82-21,1,5456.0,54.56
O2021_82_20_1_0024_00005078_5000_8000.tif,82-20,2,O2021_82_21_1_0004_00002040_15000_8000.tif,82-21,1,6534.0,65.34
O2021_82_20_1_0024_00005078_5000_8000.tif,82-20,2,O2021_82_21_1_0004_00002040_14000_8000.tif,82-21,1,3366.0,33.66
O2021_82_20_1_0024_00005078_5000_8000.tif,82-20,2,O2021_82_21_1_0005_00001869_3000_2000.tif,82-21,1,5246.0,52.46
O2021_82_20_1_0024_00005078_5000_8000.tif,82-20,2,O2021_82_21_1_0005_00001869_4000_2000.tif,82-21,1,3354.0,33.54
O2021_82_20_1_0024_00005078_5000_8000.tif,82-20,2,O2021_82_21_1_0004_00002039_15000_3000.tif,82-21,1,6225.0,62.25
O2021_82_20_1_0024_00005078_5000_8000.tif,82-20,2,O2021_82_21_1_0004_00002039_14000_3000.tif,82-21,1,2075.0,20.75
O2021_82_20_1_0024_00005078_5000_8000.tif,82-20,2,O2021_82_21_1_0005_00001868_4000_7000.tif,82-21,1,456.0,4.56
O2021_82_20_1_0024_00005078_5000_8000.tif,82-20,2,O2021_82_21_1_0005_00001868_3000_7000.tif,82-21,1,744.0,7.44
O2021_82_20_1_0024_00005078_5000_8000.tif,82-20,2,O2021_82_21_1_0004_00002040_15000_7000.tif,82-21,1,66.0,0.66
O2021_82_20_1_0024_00005078_5000_8000.tif,82-20,2,O2021_82_21_1_0004_00002040_14000_7000.tif,82-21,1,34.0,0.34
O2021_82_20_1_0024_00005078_6000_1000.tif,82-20,2,O2021_82_21_1_0005_00001868_4000_1000.tif,82-21,1,5456.0,54.56
O2021_82_20_1_0024_00005078_6000_1000.tif,82-20,2,O2021_82_21_1_0005_00001868_5000_1000.tif,82-21,1,3344.0,33.44
O2021_82_20_1_0024_00005078_6000_1000.tif,82-20,2,O2021_82_21_1_0004_00002040_15000_1000.tif,82-21,1,3366.0,33.66
O2021_82_20_1_0024_00005078_6000_1000.tif,82-20,2,O2021_82_21_1_0004_00002040_16000_1000.tif,82-21,1,6534.0,65.34
O2021_82_20_1_0024_00005078_6000_1000.tif,82-20,2,O2021_82_21_1_0005_00001868_4000_0.tif,82-21,1,744.0,7.44
O2021_82_20_1_0024_00005078_6000_1000.tif,82-20,2,O2021_82_21_1_0005_00001868_5000_0.tif,82-21,1,456.0,4.56
O2021_82_20_1_0024_00005078_6000_1000.tif,82-20,2,O2021_82_21_1_0004_00002040_16000_0.tif,82-21,1,66.0,0.66
O2021_82_20_1_0024_00005078_6000_1000.tif,82-20,2,O2021_82_21_1_0004_00002040_15000_0.tif,82-21,1,34.0,0.34
O2021_82_20_1_0024_00005078_6000_2000.tif,82-20,2,O2021_82_21_1_0005_00001868_4000_2000.tif,82-21,1,5456.0,54.56
O2021_82_20_1_0024_00005078_6000_2000.tif,82-20,2,O2021_82_21_1_0005_00001868_5000_2000.tif,82-21,1,3344.0,33.44
O2021_82_20_1_0024_00005078_6000_2000.tif,82-20,2,O2021_82_21_1_0004_00002040_15000_2000.tif,82-21,1,3366.0,33.66
O2021_82_20_1_0024_00005078_6000_2000.tif,82-20,2,O2021_82_21_1_0004_00002040_16000_2000.tif,82-21,1,6534.0,65.34
O2021_82_20_1_0024_00005078_6000_2000.tif,82-20,2,O2021_82_21_1_0005_00001868_4000_1000.tif,82-21,1,744.0,7.44
O2021_82_20_1_0024_00005078_6000_2000.tif,82-20,2,O2021_82_21_1_0005_00001868_5000_1000.tif,82-21,1,456.0,4.56
O2021_82_20_1_0024_00005078_6000_2000.tif,82-20,2,O2021_82_21_1_0004_00002040_15000_1000.tif,82-21,1,34.0,0.34
O2021_82_20_1_0024_00005078_6000_2000.tif,82-20,2,O2021_82_21_1_0004_00002040_16000_1000.tif,82-21,1,66.0,0.66
O2021_82_20_1_0024_00005078_6000_3000.tif,82-20,2,O2021_82_21_1_0005_00001868_4000_3000.tif,82-21,1,5456.0,54.56
O2021_82_20_1_0024_00005078_6000_3000.tif,82-20,2,O2021_82_21_1_0005_00001868_5000_3000.tif,82-21,1,3344.0,33.44
O2021_82_20_1_0024_00005078_6000_3000.tif,82-20,2,O2021_82_21_1_0004_00002040_16000_3000.tif,82-21,1,6534.0,65.34
O2021_82_20_1_0024_00005078_6000_3000.tif,82-20,2,O2021_82_21_1_0004_00002040_15000_3000.tif,82-21,1,3366.0,33.66
O2021_82_20_1_0024_00005078_6000_3000.tif,82-20,2,O2021_82_21_1_0005_00001868_4000_2000.tif,82-21,1,744.0,7.44
O2021_82_20_1_0024_00005078_6000_3000.tif,82-20,2,O2021_82_21_1_0005_00001868_5000_2000.tif,82-21,1,456.0,4.56
O2021_82_20_1_0024_00005078_6000_3000.tif,82-20,2,O2021_82_21_1_0004_00002040_15000_2000.tif,82-21,1,34.0,0.34
O2021_82_20_1_0024_00005078_6000_3000.tif,82-20,2,O2021_82_21_1_0004_00002040_16000_2000.tif,82-21,1,66.0,0.66
O2021_82_20_1_0024_00005078_6000_4000.tif,82-20,2,O2021_82_21_1_0004_00002039_15000_0.tif,82-21,1,425.0,4.25
O2021_82_20_1_0024_00005078_6000_4000.tif,82-20,2,O2021_82_21_1_0004_00002039_16000_0.tif,82-21,1,1275.0,12.75
O2021_82_20_1_0024_00005078_6000_4000.tif,82-20,2,O2021_82_21_1_0005_00001868_4000_4000.tif,82-21,1,5456.0,54.56
O2021_82_20_1_0024_00005078_6000_4000.tif,82-20,2,O2021_82_21_1_0005_00001868_5000_4000.tif,82-21,1,3344.0,33.44
O2021_82_20_1_0024_00005078_6000_4000.tif,82-20,2,O2021_82_21_1_0004_00002040_16000_4000.tif,82-21,1,6534.0,65.34
O2021_82_20_1_0024_00005078_6000_4000.tif,82-20,2,O2021_82_21_1_0004_00002040_15000_4000.tif,82-21,1,3366.0,33.66
O2021_82_20_1_0024_00005078_6000_4000.tif,82-20,2,O2021_82_21_1_0005_00001868_4000_3000.tif,82-21,1,744.0,7.44
O2021_82_20_1_0024_00005078_6000_4000.tif,82-20,2,O2021_82_21_1_0005_00001868_5000_3000.tif,82-21,1,456.0,4.56
O2021_82_20_1_0024_00005078_6000_4000.tif,82-20,2,O2021_82_21_1_0004_00002040_16000_3000.tif,82-21,1,66.0,0.66
O2021_82_20_1_0024_00005078_6000_4000.tif,82-20,2,O2021_82_21_1_0004_00002040_15000_3000.tif,82-21,1,34.0,0.34
O2021_82_20_1_0024_00005078_6000_5000.tif,82-20,2,O2021_82_21_1_0005_00001869_5000_0.tif,82-21,1,546.0,5.46
O2021_82_20_1_0024_00005078_6000_5000.tif,82-20,2,O2021_82_21_1_0005_00001869_4000_0.tif,82-21,1,854.0,8.54
O2021_82_20_1_0024_00005078_6000_5000.tif,82-20,2,O2021_82_21_1_0005_00001868_4000_5000.tif,82-21,1,5456.0,54.56
O2021_82_20_1_0024_00005078_6000_5000.tif,82-20,2,O2021_82_21_1_0005_00001868_5000_5000.tif,82-21,1,3344.0,33.44
O2021_82_20_1_0024_00005078_6000_5000.tif,82-20,2,O2021_82_21_1_0004_00002040_16000_5000.tif,82-21,1,6534.0,65.34
O2021_82_20_1_0024_00005078_6000_5000.tif,82-20,2,O2021_82_21_1_0004_00002040_15000_5000.tif,82-21,1,3366.0,33.66
O2021_82_20_1_0024_00005078_6000_5000.tif,82-20,2,O2021_82_21_1_0004_00002039_15000_0.tif,82-21,1,2075.0,20.75
O2021_82_20_1_0024_00005078_6000_5000.tif,82-20,2,O2021_82_21_1_0004_00002039_16000_0.tif,82-21,1,6225.0,62.25
O2021_82_20_1_0024_00005078_6000_5000.tif,82-20,2,O2021_82_21_1_0005_00001868_4000_4000.tif,82-21,1,744.0,7.44
O2021_82_20_1_0024_00005078_6000_5000.tif,82-20,2,O2021_82_21_1_0005_00001868_5000_4000.tif,82-21,1,456.0,4.56
O2021_82_20_1_0024_00005078_6000_5000.tif,82-20,2,O2021_82_21_1_0004_00002040_16000_4000.tif,82-21,1,66.0,0.66
O2021_82_20_1_0024_00005078_6000_5000.tif,82-20,2,O2021_82_21_1_0004_00002040_15000_4000.tif,82-21,1,34.0,0.34
O2021_82_20_1_0024_00005078_6000_6000.tif,82-20,2,O2021_82_21_1_0005_00001869_4000_1000.tif,82-21,1,854.0,8.54
O2021_82_20_1_0024_00005078_6000_6000.tif,82-20,2,O2021_82_21_1_0005_00001869_5000_1000.tif,82-21,1,546.0,5.46
O2021_82_20_1_0024_00005078_6000_6000.tif,82-20,2,O2021_82_21_1_0004_00002039_15000_2000.tif,82-21,1,425.0,4.25
O2021_82_20_1_0024_00005078_6000_6000.tif,82-20,2,O2021_82_21_1_0004_00002039_16000_2000.tif,82-21,1,1275.0,12.75
O2021_82_20_1_0024_00005078_6000_6000.tif,82-20,2,O2021_82_21_1_0005_00001868_5000_6000.tif,82-21,1,3344.0,33.44
O2021_82_20_1_0024_00005078_6000_6000.tif,82-20,2,O2021_82_21_1_0005_00001868_4000_6000.tif,82-21,1,5456.0,54.56
O2021_82_20_1_0024_00005078_6000_6000.tif,82-20,2,O2021_82_21_1_0004_00002040_15000_6000.tif,82-21,1,3366.0,33.66
O2021_82_20_1_0024_00005078_6000_6000.tif,82-20,2,O2021_82_21_1_0004_00002040_16000_6000.tif,82-21,1,6534.0,65.34
O2021_82_20_1_0024_00005078_6000_6000.tif,82-20,2,O2021_82_21_1_0005_00001869_5000_0.tif,82-21,1,3354.0,33.54
O2021_82_20_1_0024_00005078_6000_6000.tif,82-20,2,O2021_82_21_1_0005_00001869_4000_0.tif,82-21,1,5246.0,52.46
O2021_82_20_1_0024_00005078_6000_6000.tif,82-20,2,O2021_82_21_1_0005_00001868_4000_5000.tif,82-21,1,744.0,7.44
O2021_82_20_1_0024_00005078_6000_6000.tif,82-20,2,O2021_82_21_1_0005_00001868_5000_5000.tif,82-21,1,456.0,4.56
O2021_82_20_1_0024_00005078_6000_6000.tif,82-20,2,O2021_82_21_1_0004_00002040_16000_5000.tif,82-21,1,66.0,0.66
O2021_82_20_1_0024_00005078_6000_6000.tif,82-20,2,O2021_82_21_1_0004_00002040_15000_5000.tif,82-21,1,34.0,0.34
O2021_82_20_1_0024_00005078_6000_7000.tif,82-20,2,O2021_82_21_1_0005_00001869_4000_2000.tif,82-21,1,854.0,8.54
O2021_82_20_1_0024_00005078_6000_7000.tif,82-20,2,O2021_82_21_1_0005_00001869_5000_2000.tif,82-21,1,546.0,5.46
O2021_82_20_1_0024_00005078_6000_7000.tif,82-20,2,O2021_82_21_1_0004_00002039_16000_3000.tif,82-21,1,1275.0,12.75
O2021_82_20_1_0024_00005078_6000_7000.tif,82-20,2,O2021_82_21_1_0004_00002039_15000_3000.tif,82-21,1,425.0,4.25
O2021_82_20_1_0024_00005078_6000_7000.tif,82-20,2,O2021_82_21_1_0005_00001868_5000_7000.tif,82-21,1,3344.0,33.44
O2021_82_20_1_0024_00005078_6000_7000.tif,82-20,2,O2021_82_21_1_0005_00001868_4000_7000.tif,82-21,1,5456.0,54.56
O2021_82_20_1_0024_00005078_6000_7000.tif,82-20,2,O2021_82_21_1_0004_00002040_15000_7000.tif,82-21,1,3366.0,33.66
O2021_82_20_1_0024_00005078_6000_7000.tif,82-20,2,O2021_82_21_1_0004_00002040_16000_7000.tif,82-21,1,6534.0,65.34
O2021_82_20_1_0024_00005078_6000_7000.tif,82-20,2,O2021_82_21_1_0005_00001869_4000_1000.tif,82-21,1,5246.0,52.46
O2021_82_20_1_0024_00005078_6000_7000.tif,82-20,2,O2021_82_21_1_0005_00001869_5000_1000.tif,82-21,1,3354.0,33.54
O2021_82_20_1_0024_00005078_6000_7000.tif,82-20,2,O2021_82_21_1_0004_00002039_15000_2000.tif,82-21,1,2075.0,20.75
O2021_82_20_1_0024_00005078_6000_7000.tif,82-20,2,O2021_82_21_1_0004_00002039_16000_2000.tif,82-21,1,6225.0,62.25
O2021_82_20_1_0024_00005078_6000_7000.tif,82-20,2,O2021_82_21_1_0005_00001868_5000_6000.tif,82-21,1,456.0,4.56
O2021_82_20_1_0024_00005078_6000_7000.tif,82-20,2,O2021_82_21_1_0005_00001868_4000_6000.tif,82-21,1,744.0,7.44
O2021_82_20_1_0024_00005078_6000_7000.tif,82-20,2,O2021_82_21_1_0004_00002040_15000_6000.tif,82-21,1,34.0,0.34
O2021_82_20_1_0024_00005078_6000_7000.tif,82-20,2,O2021_82_21_1_0004_00002040_16000_6000.tif,82-21,1,66.0,0.66
O2021_82_20_1_0024_00005078_6000_8000.tif,82-20,2,O2021_82_21_1_0005_00001868_4000_8000.tif,82-21,1,5456.0,54.56
O2021_82_20_1_0024_00005078_6000_8000.tif,82-20,2,O2021_82_21_1_0005_00001868_5000_8000.tif,82-21,1,3344.0,33.44
O2021_82_20_1_0024_00005078_6000_8000.tif,82-20,2,O2021_82_21_1_0004_00002040_16000_8000.tif,82-21,1,6534.0,65.34
O2021_82_20_1_0024_00005078_6000_8000.tif,82-20,2,O2021_82_21_1_0004_00002040_15000_8000.tif,82-21,1,3366.0,33.66
O2021_82_20_1_0024_00005078_6000_8000.tif,82-20,2,O2021_82_21_1_0005_00001869_4000_2000.tif,82-21,1,5246.0,52.46
O2021_82_20_1_0024_00005078_6000_8000.tif,82-20,2,O2021_82_21_1_0005_00001869_5000_2000.tif,82-21,1,3354.0,33.54
O2021_82_20_1_0024_00005078_6000_8000.tif,82-20,2,O2021_82_21_1_0004_00002039_16000_3000.tif,82-21,1,6225.0,62.25
O2021_82_20_1_0024_00005078_6000_8000.tif,82-20,2,O2021_82_21_1_0004_00002039_15000_3000.tif,82-21,1,2075.0,20.75
O2021_82_20_1_0024_00005078_6000_8000.tif,82-20,2,O2021_82_21_1_0005_00001868_5000_7000.tif,82-21,1,456.0,4.56
O2021_82_20_1_0024_00005078_6000_8000.tif,82-20,2,O2021_82_21_1_0005_00001868_4000_7000.tif,82-21,1,744.0,7.44
O2021_82_20_1_0024_00005078_6000_8000.tif,82-20,2,O2021_82_21_1_0004_00002040_15000_7000.tif,82-21,1,34.0,0.34
O2021_82_20_1_0024_00005078_6000_8000.tif,82-20,2,O2021_82_21_1_0004_00002040_16000_7000.tif,82-21,1,66.0,0.66
O2021_82_20_1_0024_00005078_7000_1000.tif,82-20,2,O2021_82_21_1_0005_00001868_6000_1000.tif,82-21,1,3344.0,33.44
O2021_82_20_1_0024_00005078_7000_1000.tif,82-20,2,O2021_82_21_1_0005_00001868_5000_1000.tif,82-21,1,5456.0,54.56
O2021_82_20_1_0024_00005078_7000_1000.tif,82-20,2,O2021_82_21_1_0004_00002040_16000_1000.tif,82-21,1,3366.0,33.66
O2021_82_20_1_0024_00005078_7000_1000.tif,82-20,2,O2021_82_21_1_0005_00001868_6000_0.tif,82-21,1,456.0,4.56
O2021_82_20_1_0024_00005078_7000_1000.tif,82-20,2,O2021_82_21_1_0005_00001868_5000_0.tif,82-21,1,744.0,7.44
O2021_82_20_1_0024_00005078_7000_1000.tif,82-20,2,O2021_82_21_1_0004_00002040_16000_0.tif,82-21,1,34.0,0.34
O2021_82_20_1_0024_00005078_7000_2000.tif,82-20,2,O2021_82_21_1_0005_00001868_6000_2000.tif,82-21,1,3344.0,33.44
O2021_82_20_1_0024_00005078_7000_2000.tif,82-20,2,O2021_82_21_1_0005_00001868_5000_2000.tif,82-21,1,5456.0,54.56
O2021_82_20_1_0024_00005078_7000_2000.tif,82-20,2,O2021_82_21_1_0004_00002040_16000_2000.tif,82-21,1,3366.0,33.66
O2021_82_20_1_0024_00005078_7000_2000.tif,82-20,2,O2021_82_21_1_0005_00001868_6000_1000.tif,82-21,1,456.0,4.56
O2021_82_20_1_0024_00005078_7000_2000.tif,82-20,2,O2021_82_21_1_0005_00001868_5000_1000.tif,82-21,1,744.0,7.44
O2021_82_20_1_0024_00005078_7000_2000.tif,82-20,2,O2021_82_21_1_0004_00002040_16000_1000.tif,82-21,1,34.0,0.34
O2021_82_20_1_0024_00005078_7000_3000.tif,82-20,2,O2021_82_21_1_0005_00001868_6000_3000.tif,82-21,1,3344.0,33.44
O2021_82_20_1_0024_00005078_7000_3000.tif,82-20,2,O2021_82_21_1_0005_00001868_5000_3000.tif,82-21,1,5456.0,54.56
O2021_82_20_1_0024_00005078_7000_3000.tif,82-20,2,O2021_82_21_1_0004_00002040_16000_3000.tif,82-21,1,3366.0,33.66
O2021_82_20_1_0024_00005078_7000_3000.tif,82-20,2,O2021_82_21_1_0005_00001868_6000_2000.tif,82-21,1,456.0,4.56
O2021_82_20_1_0024_00005078_7000_3000.tif,82-20,2,O2021_82_21_1_0005_00001868_5000_2000.tif,82-21,1,744.0,7.44
O2021_82_20_1_0024_00005078_7000_3000.tif,82-20,2,O2021_82_21_1_0004_00002040_16000_2000.tif,82-21,1,34.0,0.34
O2021_82_20_1_0024_00005078_7000_4000.tif,82-20,2,O2021_82_21_1_0004_00002039_16000_0.tif,82-21,1,425.0,4.25
O2021_82_20_1_0024_00005078_7000_4000.tif,82-20,2,O2021_82_21_1_0005_00001868_5000_4000.tif,82-21,1,5456.0,54.56
O2021_82_20_1_0024_00005078_7000_4000.tif,82-20,2,O2021_82_21_1_0005_00001868_6000_4000.tif,82-21,1,3344.0,33.44
O2021_82_20_1_0024_00005078_7000_4000.tif,82-20,2,O2021_82_21_1_0004_00002040_16000_4000.tif,82-21,1,3366.0,33.66
O2021_82_20_1_0024_00005078_7000_4000.tif,82-20,2,O2021_82_21_1_0005_00001868_6000_3000.tif,82-21,1,456.0,4.56
O2021_82_20_1_0024_00005078_7000_4000.tif,82-20,2,O2021_82_21_1_0005_00001868_5000_3000.tif,82-21,1,744.0,7.44
O2021_82_20_1_0024_00005078_7000_4000.tif,82-20,2,O2021_82_21_1_0004_00002040_16000_3000.tif,82-21,1,34.0,0.34
O2021_82_20_1_0024_00005078_7000_5000.tif,82-20,2,O2021_82_21_1_0005_00001869_6000_0.tif,82-21,1,546.0,5.46
O2021_82_20_1_0024_00005078_7000_5000.tif,82-20,2,O2021_82_21_1_0005_00001869_5000_0.tif,82-21,1,854.0,8.54
O2021_82_20_1_0024_00005078_7000_5000.tif,82-20,2,O2021_82_21_1_0005_00001868_6000_5000.tif,82-21,1,3344.0,33.44
O2021_82_20_1_0024_00005078_7000_5000.tif,82-20,2,O2021_82_21_1_0005_00001868_5000_5000.tif,82-21,1,5456.0,54.56
O2021_82_20_1_0024_00005078_7000_5000.tif,82-20,2,O2021_82_21_1_0004_00002040_16000_5000.tif,82-21,1,3366.0,33.66
O2021_82_20_1_0024_00005078_7000_5000.tif,82-20,2,O2021_82_21_1_0004_00002039_16000_0.tif,82-21,1,2075.0,20.75
O2021_82_20_1_0024_00005078_7000_5000.tif,82-20,2,O2021_82_21_1_0005_00001868_5000_4000.tif,82-21,1,744.0,7.44
O2021_82_20_1_0024_00005078_7000_5000.tif,82-20,2,O2021_82_21_1_0005_00001868_6000_4000.tif,82-21,1,456.0,4.56
O2021_82_20_1_0024_00005078_7000_5000.tif,82-20,2,O2021_82_21_1_0004_00002040_16000_4000.tif,82-21,1,34.0,0.34
O2021_82_20_1_0024_00005078_7000_6000.tif,82-20,2,O2021_82_21_1_0005_00001869_6000_1000.tif,82-21,1,546.0,5.46
O2021_82_20_1_0024_00005078_7000_6000.tif,82-20,2,O2021_82_21_1_0005_00001869_5000_1000.tif,82-21,1,854.0,8.54
O2021_82_20_1_0024_00005078_7000_6000.tif,82-20,2,O2021_82_21_1_0004_00002039_16000_2000.tif,82-21,1,425.0,4.25
O2021_82_20_1_0024_00005078_7000_6000.tif,82-20,2,O2021_82_21_1_0005_00001868_6000_6000.tif,82-21,1,3344.0,33.44
O2021_82_20_1_0024_00005078_7000_6000.tif,82-20,2,O2021_82_21_1_0005_00001868_5000_6000.tif,82-21,1,5456.0,54.56
O2021_82_20_1_0024_00005078_7000_6000.tif,82-20,2,O2021_82_21_1_0004_00002040_16000_6000.tif,82-21,1,3366.0,33.66
O2021_82_20_1_0024_00005078_7000_6000.tif,82-20,2,O2021_82_21_1_0005_00001869_6000_0.tif,82-21,1,3354.0,33.54
O2021_82_20_1_0024_00005078_7000_6000.tif,82-20,2,O2021_82_21_1_0005_00001869_5000_0.tif,82-21,1,5246.0,52.46
O2021_82_20_1_0024_00005078_7000_6000.tif,82-20,2,O2021_82_21_1_0005_00001868_6000_5000.tif,82-21,1,456.0,4.56
O2021_82_20_1_0024_00005078_7000_6000.tif,82-20,2,O2021_82_21_1_0005_00001868_5000_5000.tif,82-21,1,744.0,7.44
O2021_82_20_1_0024_00005078_7000_6000.tif,82-20,2,O2021_82_21_1_0004_00002040_16000_5000.tif,82-21,1,34.0,0.34
O2021_82_20_1_0024_00005078_7000_7000.tif,82-20,2,O2021_82_21_1_0005_00001869_6000_2000.tif,82-21,1,546.0,5.46
O2021_82_20_1_0024_00005078_7000_7000.tif,82-20,2,O2021_82_21_1_0005_00001869_5000_2000.tif,82-21,1,854.0,8.54
O2021_82_20_1_0024_00005078_7000_7000.tif,82-20,2,O2021_82_21_1_0004_00002039_16000_3000.tif,82-21,1,425.0,4.25
O2021_82_20_1_0024_00005078_7000_7000.tif,82-20,2,O2021_82_21_1_0005_00001868_5000_7000.tif,82-21,1,5456.0,54.56
O2021_82_20_1_0024_00005078_7000_7000.tif,82-20,2,O2021_82_21_1_0005_00001868_6000_7000.tif,82-21,1,3344.0,33.44
O2021_82_20_1_0024_00005078_7000_7000.tif,82-20,2,O2021_82_21_1_0004_00002040_16000_7000.tif,82-21,1,3366.0,33.66
O2021_82_20_1_0024_00005078_7000_7000.tif,82-20,2,O2021_82_21_1_0005_00001869_6000_1000.tif,82-21,1,3354.0,33.54
O2021_82_20_1_0024_00005078_7000_7000.tif,82-20,2,O2021_82_21_1_0005_00001869_5000_1000.tif,82-21,1,5246.0,52.46
O2021_82_20_1_0024_00005078_7000_7000.tif,82-20,2,O2021_82_21_1_0004_00002039_16000_2000.tif,82-21,1,2075.0,20.75
O2021_82_20_1_0024_00005078_7000_7000.tif,82-20,2,O2021_82_21_1_0005_00001868_6000_6000.tif,82-21,1,456.0,4.56
O2021_82_20_1_0024_00005078_7000_7000.tif,82-20,2,O2021_82_21_1_0005_00001868_5000_6000.tif,82-21,1,744.0,7.44
O2021_82_20_1_0024_00005078_7000_7000.tif,82-20,2,O2021_82_21_1_0004_00002040_16000_6000.tif,82-21,1,34.0,0.34
O2021_82_20_1_0024_00005078_7000_8000.tif,82-20,2,O2021_82_21_1_0005_00001868_6000_8000.tif,82-21,1,3344.0,33.44
O2021_82_20_1_0024_00005078_7000_8000.tif,82-20,2,O2021_82_21_1_0005_00001868_5000_8000.tif,82-21,1,5456.0,54.56
O2021_82_20_1_0024_00005078_7000_8000.tif,82-20,2,O2021_82_21_1_0004_00002040_16000_8000.tif,82-21,1,3366.0,33.66
O2021_82_20_1_0024_00005078_7000_8000.tif,82-20,2,O2021_82_21_1_0005_00001869_6000_2000.tif,82-21,1,3354.0,33.54
O2021_82_20_1_0024_00005078_7000_8000.tif,82-20,2,O2021_82_21_1_0005_00001869_5000_2000.tif,82-21,1,5246.0,52.46
O2021_82_20_1_0024_00005078_7000_8000.tif,82-20,2,O2021_82_21_1_0004_00002039_16000_3000.tif,82-21,1,2075.0,20.75
O2021_82_20_1_0024_00005078_7000_8000.tif,82-20,2,O2021_82_21_1_0005_00001868_5000_7000.tif,82-21,1,744.0,7.44
O2021_82_20_1_0024_00005078_7000_8000.tif,82-20,2,O2021_82_21_1_0005_00001868_6000_7000.tif,82-21,1,456.0,4.56
O2021_82_20_1_0024_00005078_7000_8000.tif,82-20,2,O2021_82_21_1_0004_00002040_16000_7000.tif,82-21,1,34.0,0.34
O2021_82_20_1_0024_00005078_8000_1000.tif,82-20,2,O2021_82_21_1_0005_00001868_7000_1000.tif,82-21,1,3344.0,33.44
O2021_82_20_1_0024_00005078_8000_1000.tif,82-20,2,O2021_82_21_1_0005_00001868_6000_1000.tif,82-21,1,5456.0,54.56
O2021_82_20_1_0024_00005078_8000_1000.tif,82-20,2,O2021_82_21_1_0005_00001868_7000_0.tif,82-21,1,456.0,4.56
O2021_82_20_1_0024_00005078_8000_1000.tif,82-20,2,O2021_82_21_1_0005_00001868_6000_0.tif,82-21,1,744.0,7.44
O2021_82_20_1_0024_00005078_8000_2000.tif,82-20,2,O2021_82_21_1_0005_00001868_6000_2000.tif,82-21,1,5456.0,54.56
O2021_82_20_1_0024_00005078_8000_2000.tif,82-20,2,O2021_82_21_1_0005_00001868_7000_2000.tif,82-21,1,3344.0,33.44
O2021_82_20_1_0024_00005078_8000_2000.tif,82-20,2,O2021_82_21_1_0005_00001868_7000_1000.tif,82-21,1,456.0,4.56
O2021_82_20_1_0024_00005078_8000_2000.tif,82-20,2,O2021_82_21_1_0005_00001868_6000_1000.tif,82-21,1,744.0,7.44
O2021_82_20_1_0024_00005078_8000_3000.tif,82-20,2,O2021_82_21_1_0005_00001868_6000_3000.tif,82-21,1,5456.0,54.56
O2021_82_20_1_0024_00005078_8000_3000.tif,82-20,2,O2021_82_21_1_0005_00001868_7000_3000.tif,82-21,1,3344.0,33.44
O2021_82_20_1_0024_00005078_8000_3000.tif,82-20,2,O2021_82_21_1_0005_00001868_6000_2000.tif,82-21,1,744.0,7.44
O2021_82_20_1_0024_00005078_8000_3000.tif,82-20,2,O2021_82_21_1_0005_00001868_7000_2000.tif,82-21,1,456.0,4.56
O2021_82_20_1_0024_00005078_8000_4000.tif,82-20,2,O2021_82_21_1_0005_00001868_7000_4000.tif,82-21,1,3344.0,33.44
O2021_82_20_1_0024_00005078_8000_4000.tif,82-20,2,O2021_82_21_1_0005_00001868_6000_4000.tif,82-21,1,5456.0,54.56
O2021_82_20_1_0024_00005078_8000_4000.tif,82-20,2,O2021_82_21_1_0005_00001868_6000_3000.tif,82-21,1,744.0,7.44
O2021_82_20_1_0024_00005078_8000_4000.tif,82-20,2,O2021_82_21_1_0005_00001868_7000_3000.tif,82-21,1,456.0,4.56
O2021_82_20_1_0024_00005078_8000_5000.tif,82-20,2,O2021_82_21_1_0005_00001869_6000_0.tif,82-21,1,854.0,8.54
O2021_82_20_1_0024_00005078_8000_5000.tif,82-20,2,O2021_82_21_1_0005_00001869_7000_0.tif,82-21,1,546.0,5.46
O2021_82_20_1_0024_00005078_8000_5000.tif,82-20,2,O2021_82_21_1_0005_00001868_6000_5000.tif,82-21,1,5456.0,54.56
O2021_82_20_1_0024_00005078_8000_5000.tif,82-20,2,O2021_82_21_1_0005_00001868_7000_5000.tif,82-21,1,3344.0,33.44
O2021_82_20_1_0024_00005078_8000_5000.tif,82-20,2,O2021_82_21_1_0005_00001868_7000_4000.tif,82-21,1,456.0,4.56
O2021_82_20_1_0024_00005078_8000_5000.tif,82-20,2,O2021_82_21_1_0005_00001868_6000_4000.tif,82-21,1,744.0,7.44
O2021_82_20_1_0024_00005078_8000_6000.tif,82-20,2,O2021_82_21_1_0005_00001869_7000_1000.tif,82-21,1,546.0,5.46
O2021_82_20_1_0024_00005078_8000_6000.tif,82-20,2,O2021_82_21_1_0005_00001869_6000_1000.tif,82-21,1,854.0,8.54
O2021_82_20_1_0024_00005078_8000_6000.tif,82-20,2,O2021_82_21_1_0005_00001868_7000_6000.tif,82-21,1,3344.0,33.44
O2021_82_20_1_0024_00005078_8000_6000.tif,82-20,2,O2021_82_21_1_0005_00001868_6000_6000.tif,82-21,1,5456.0,54.56
O2021_82_20_1_0024_00005078_8000_6000.tif,82-20,2,O2021_82_21_1_0005_00001869_6000_0.tif,82-21,1,5246.0,52.46
O2021_82_20_1_0024_00005078_8000_6000.tif,82-20,2,O2021_82_21_1_0005_00001869_7000_0.tif,82-21,1,3354.0,33.54
O2021_82_20_1_0024_00005078_8000_6000.tif,82-20,2,O2021_82_21_1_0005_00001868_6000_5000.tif,82-21,1,744.0,7.44
O2021_82_20_1_0024_00005078_8000_6000.tif,82-20,2,O2021_82_21_1_0005_00001868_7000_5000.tif,82-21,1,456.0,4.56
O2021_82_20_1_0024_00005078_8000_7000.tif,82-20,2,O2021_82_21_1_0005_00001869_6000_2000.tif,82-21,1,854.0,8.54
O2021_82_20_1_0024_00005078_8000_7000.tif,82-20,2,O2021_82_21_1_0005_00001869_7000_2000.tif,82-21,1,546.0,5.46
O2021_82_20_1_0024_00005078_8000_7000.tif,82-20,2,O2021_82_21_1_0005_00001868_7000_7000.tif,82-21,1,3344.0,33.44
O2021_82_20_1_0024_00005078_8000_7000.tif,82-20,2,O2021_82_21_1_0005_00001868_6000_7000.tif,82-21,1,5456.0,54.56
O2021_82_20_1_0024_00005078_8000_7000.tif,82-20,2,O2021_82_21_1_0005_00001869_7000_1000.tif,82-21,1,3354.0,33.54
O2021_82_20_1_0024_00005078_8000_7000.tif,82-20,2,O2021_82_21_1_0005_00001869_6000_1000.tif,82-21,1,5246.0,52.46
O2021_82_20_1_0024_00005078_8000_7000.tif,82-20,2,O2021_82_21_1_0005_00001868_7000_6000.tif,82-21,1,456.0,4.56
O2021_82_20_1_0024_00005078_8000_7000.tif,82-20,2,O2021_82_21_1_0005_00001868_6000_6000.tif,82-21,1,744.0,7.44
O2021_82_20_1_0024_00005078_8000_8000.tif,82-20,2,O2021_82_21_1_0005_00001868_6000_8000.tif,82-21,1,5456.0,54.56
O2021_82_20_1_0024_00005078_8000_8000.tif,82-20,2,O2021_82_21_1_0005_00001868_7000_8000.tif,82-21,1,3344.0,33.44
O2021_82_20_1_0024_00005078_8000_8000.tif,82-20,2,O2021_82_21_1_0005_00001869_6000_2000.tif,82-21,1,5246.0,52.46
O2021_82_20_1_0024_00005078_8000_8000.tif,82-20,2,O2021_82_21_1_0005_00001869_7000_2000.tif,82-21,1,3354.0,33.54
O2021_82_20_1_0024_00005078_8000_8000.tif,82-20,2,O2021_82_21_1_0005_00001868_7000_7000.tif,82-21,1,456.0,4.56
O2021_82_20_1_0024_00005078_8000_8000.tif,82-20,2,O2021_82_21_1_0005_00001868_6000_7000.tif,82-21,1,744.0,7.44
O2021_82_20_1_0024_00005078_9000_1000.tif,82-20,2,O2021_82_21_1_0005_00001868_7000_1000.tif,82-21,1,5456.0,54.56
O2021_82_20_1_0024_00005078_9000_1000.tif,82-20,2,O2021_82_21_1_0005_00001868_8000_1000.tif,82-21,1,3344.0,33.44
O2021_82_20_1_0024_00005078_9000_1000.tif,82-20,2,O2021_82_21_1_0005_00001868_8000_0.tif,82-21,1,456.0,4.56
O2021_82_20_1_0024_00005078_9000_1000.tif,82-20,2,O2021_82_21_1_0005_00001868_7000_0.tif,82-21,1,744.0,7.44
O2021_82_20_1_0024_00005078_9000_2000.tif,82-20,2,O2021_82_21_1_0005_00001868_8000_2000.tif,82-21,1,3344.0,33.44
O2021_82_20_1_0024_00005078_9000_2000.tif,82-20,2,O2021_82_21_1_0005_00001868_7000_2000.tif,82-21,1,5456.0,54.56
O2021_82_20_1_0024_00005078_9000_2000.tif,82-20,2,O2021_82_21_1_0005_00001868_7000_1000.tif,82-21,1,744.0,7.44
O2021_82_20_1_0024_00005078_9000_2000.tif,82-20,2,O2021_82_21_1_0005_00001868_8000_1000.tif,82-21,1,456.0,4.56
O2021_82_20_1_0024_00005078_9000_3000.tif,82-20,2,O2021_82_21_1_0005_00001868_8000_3000.tif,82-21,1,3344.0,33.44
O2021_82_20_1_0024_00005078_9000_3000.tif,82-20,2,O2021_82_21_1_0005_00001868_7000_3000.tif,82-21,1,5456.0,54.56
O2021_82_20_1_0024_00005078_9000_3000.tif,82-20,2,O2021_82_21_1_0005_00001868_8000_2000.tif,82-21,1,456.0,4.56
O2021_82_20_1_0024_00005078_9000_3000.tif,82-20,2,O2021_82_21_1_0005_00001868_7000_2000.tif,82-21,1,744.0,7.44
O2021_82_20_1_0024_00005078_9000_4000.tif,82-20,2,O2021_82_21_1_0005_00001868_8000_4000.tif,82-21,1,3344.0,33.44
O2021_82_20_1_0024_00005078_9000_4000.tif,82-20,2,O2021_82_21_1_0005_00001868_7000_4000.tif,82-21,1,5456.0,54.56
O2021_82_20_1_0024_00005078_9000_4000.tif,82-20,2,O2021_82_21_1_0005_00001868_8000_3000.tif,82-21,1,456.0,4.56
O2021_82_20_1_0024_00005078_9000_4000.tif,82-20,2,O2021_82_21_1_0005_00001868_7000_3000.tif,82-21,1,744.0,7.44
O2021_82_20_1_0024_00005078_9000_5000.tif,82-20,2,O2021_82_21_1_0005_00001869_7000_0.tif,82-21,1,854.0,8.54
O2021_82_20_1_0024_00005078_9000_5000.tif,82-20,2,O2021_82_21_1_0005_00001869_8000_0.tif,82-21,1,546.0,5.46
O2021_82_20_1_0024_00005078_9000_5000.tif,82-20,2,O2021_82_21_1_0005_00001868_8000_5000.tif,82-21,1,3344.0,33.44
O2021_82_20_1_0024_00005078_9000_5000.tif,82-20,2,O2021_82_21_1_0005_00001868_7000_5000.tif,82-21,1,5456.0,54.56
O2021_82_20_1_0024_00005078_9000_5000.tif,82-20,2,O2021_82_21_1_0005_00001868_8000_4000.tif,82-21,1,456.0,4.56
O2021_82_20_1_0024_00005078_9000_5000.tif,82-20,2,O2021_82_21_1_0005_00001868_7000_4000.tif,82-21,1,744.0,7.44
O2021_82_20_1_0024_00005078_9000_6000.tif,82-20,2,O2021_82_21_1_0005_00001869_7000_1000.tif,82-21,1,854.0,8.54
O2021_82_20_1_0024_00005078_9000_6000.tif,82-20,2,O2021_82_21_1_0005_00001869_8000_1000.tif,82-21,1,546.0,5.46
O2021_82_20_1_0024_00005078_9000_6000.tif,82-20,2,O2021_82_21_1_0005_00001868_8000_6000.tif,82-21,1,3344.0,33.44
O2021_82_20_1_0024_00005078_9000_6000.tif,82-20,2,O2021_82_21_1_0005_00001868_7000_6000.tif,82-21,1,5456.0,54.56
O2021_82_20_1_0024_00005078_9000_6000.tif,82-20,2,O2021_82_21_1_0005_00001869_7000_0.tif,82-21,1,5246.0,52.46
O2021_82_20_1_0024_00005078_9000_6000.tif,82-20,2,O2021_82_21_1_0005_00001869_8000_0.tif,82-21,1,3354.0,33.54
O2021_82_20_1_0024_00005078_9000_6000.tif,82-20,2,O2021_82_21_1_0005_00001868_8000_5000.tif,82-21,1,456.0,4.56
O2021_82_20_1_0024_00005078_9000_6000.tif,82-20,2,O2021_82_21_1_0005_00001868_7000_5000.tif,82-21,1,744.0,7.44
O2021_82_20_1_0024_00005078_9000_7000.tif,82-20,2,O2021_82_21_1_0005_00001869_8000_2000.tif,82-21,1,546.0,5.46
O2021_82_20_1_0024_00005078_9000_7000.tif,82-20,2,O2021_82_21_1_0005_00001869_7000_2000.tif,82-21,1,854.0,8.54
O2021_82_20_1_0024_00005078_9000_7000.tif,82-20,2,O2021_82_21_1_0005_00001868_7000_7000.tif,82-21,1,5456.0,54.56
O2021_82_20_1_0024_00005078_9000_7000.tif,82-20,2,O2021_82_21_1_0005_00001868_8000_7000.tif,82-21,1,3344.0,33.44
O2021_82_20_1_0024_00005078_9000_7000.tif,82-20,2,O2021_82_21_1_0005_00001869_7000_1000.tif,82-21,1,5246.0,52.46
O2021_82_20_1_0024_00005078_9000_7000.tif,82-20,2,O2021_82_21_1_0005_00001869_8000_1000.tif,82-21,1,3354.0,33.54
O2021_82_20_1_0024_00005078_9000_7000.tif,82-20,2,O2021_82_21_1_0005_00001868_8000_6000.tif,82-21,1,456.0,4.56
O2021_82_20_1_0024_00005078_9000_7000.tif,82-20,2,O2021_82_21_1_0005_00001868_7000_6000.tif,82-21,1,744.0,7.44
O2021_82_20_1_0024_00005078_9000_8000.tif,82-20,2,O2021_82_21_1_0005_00001868_7000_8000.tif,82-21,1,5456.0,54.56
O2021_82_20_1_0024_00005078_9000_8000.tif,82-20,2,O2021_82_21_1_0005_00001868_8000_8000.tif,82-21,1,3344.0,33.44
O2021_82_20_1_0024_00005078_9000_8000.tif,82-20,2,O2021_82_21_1_0005_00001869_8000_2000.tif,82-21,1,3354.0,33.54
O2021_82_20_1_0024_00005078_9000_8000.tif,82-20,2,O2021_82_21_1_0005_00001869_7000_2000.tif,82-21,1,5246.0,52.46
O2021_82_20_1_0024_00005078_9000_8000.tif,82-20,2,O2021_82_21_1_0005_00001868_7000_7000.tif,82-21,1,744.0,7.44
O2021_82_20_1_0024_00005078_9000_8000.tif,82-20,2,O2021_82_21_1_0005_00001868_8000_7000.tif,82-21,1,456.0,4.56
O2021_82_20_1_0024_00005079_0_10000.tif,82-20,2,O2021_82_21_1_0004_00002040_9000_5000.tif,82-21,1,2211.0,22.11
O2021_82_20_1_0024_00005079_0_10000.tif,82-20,2,O2021_82_21_1_0004_00002040_10000_5000.tif,82-21,1,4489.0,44.89
O2021_82_20_1_0024_00005079_0_10000.tif,82-20,2,O2021_82_21_1_0004_00002039_10000_0.tif,82-21,1,6460.0,64.6
O2021_82_20_1_0024_00005079_0_10000.tif,82-20,2,O2021_82_21_1_0004_00002039_9000_0.tif,82-21,1,2040.0,20.4
O2021_82_20_1_0024_00005079_0_10000.tif,82-20,2,O2021_82_21_1_0004_00002040_9000_4000.tif,82-21,1,1089.0,10.89
O2021_82_20_1_0024_00005079_0_10000.tif,82-20,2,O2021_82_21_1_0004_00002040_10000_4000.tif,82-21,1,2211.0,22.11
O2021_82_20_1_0024_00005079_0_11000.tif,82-20,2,O2021_82_21_1_0004_00002040_10000_6000.tif,82-21,1,4489.0,44.89
O2021_82_20_1_0024_00005079_0_11000.tif,82-20,2,O2021_82_21_1_0004_00002040_9000_6000.tif,82-21,1,2211.0,22.11
O2021_82_20_1_0024_00005079_0_11000.tif,82-20,2,O2021_82_21_1_0004_00002040_9000_5000.tif,82-21,1,1089.0,10.89
O2021_82_20_1_0024_00005079_0_11000.tif,82-20,2,O2021_82_21_1_0004_00002040_10000_5000.tif,82-21,1,2211.0,22.11
O2021_82_20_1_0024_00005079_0_11000.tif,82-20,2,O2021_82_21_1_0004_00002039_10000_0.tif,82-21,1,1140.0,11.4
O2021_82_20_1_0024_00005079_0_11000.tif,82-20,2,O2021_82_21_1_0004_00002039_9000_0.tif,82-21,1,360.0,3.6
O2021_82_20_1_0024_00005079_0_5000.tif,82-20,2,O2021_82_21_1_0004_00002040_9000_0.tif,82-21,1,2211.0,22.11
O2021_82_20_1_0024_00005079_0_5000.tif,82-20,2,O2021_82_21_1_0004_00002040_10000_0.tif,82-21,1,4489.0,44.89
O2021_82_20_1_0024_00005079_0_6000.tif,82-20,2,O2021_82_21_1_0004_00002040_9000_1000.tif,82-21,1,2211.0,22.11
O2021_82_20_1_0024_00005079_0_6000.tif,82-20,2,O2021_82_21_1_0004_00002040_10000_1000.tif,82-21,1,4489.0,44.89
O2021_82_20_1_0024_00005079_0_6000.tif,82-20,2,O2021_82_21_1_0004_00002040_9000_0.tif,82-21,1,1089.0,10.89
O2021_82_20_1_0024_00005079_0_6000.tif,82-20,2,O2021_82_21_1_0004_00002040_10000_0.tif,82-21,1,2211.0,22.11
O2021_82_20_1_0024_00005079_0_7000.tif,82-20,2,O2021_82_21_1_0004_00002040_9000_2000.tif,82-21,1,2211.0,22.11
O2021_82_20_1_0024_00005079_0_7000.tif,82-20,2,O2021_82_21_1_0004_00002040_10000_2000.tif,82-21,1,4489.0,44.89
O2021_82_20_1_0024_00005079_0_7000.tif,82-20,2,O2021_82_21_1_0004_00002040_9000_1000.tif,82-21,1,1089.0,10.89
O2021_82_20_1_0024_00005079_0_7000.tif,82-20,2,O2021_82_21_1_0004_00002040_10000_1000.tif,82-21,1,2211.0,22.11
O2021_82_20_1_0024_00005079_0_8000.tif,82-20,2,O2021_82_21_1_0004_00002040_10000_3000.tif,82-21,1,4489.0,44.89
O2021_82_20_1_0024_00005079_0_8000.tif,82-20,2,O2021_82_21_1_0004_00002040_9000_3000.tif,82-21,1,2211.0,22.11
O2021_82_20_1_0024_00005079_0_8000.tif,82-20,2,O2021_82_21_1_0004_00002040_9000_2000.tif,82-21,1,1089.0,10.89
O2021_82_20_1_0024_00005079_0_8000.tif,82-20,2,O2021_82_21_1_0004_00002040_10000_2000.tif,82-21,1,2211.0,22.11
O2021_82_20_1_0024_00005079_0_9000.tif,82-20,2,O2021_82_21_1_0004_00002040_9000_4000.tif,82-21,1,2211.0,22.11
O2021_82_20_1_0024_00005079_0_9000.tif,82-20,2,O2021_82_21_1_0004_00002040_10000_4000.tif,82-21,1,4489.0,44.89
O2021_82_20_1_0024_00005079_0_9000.tif,82-20,2,O2021_82_21_1_0004_00002040_10000_3000.tif,82-21,1,2211.0,22.11
O2021_82_20_1_0024_00005079_0_9000.tif,82-20,2,O2021_82_21_1_0004_00002040_9000_3000.tif,82-21,1,1089.0,10.89
O2021_82_20_1_0024_00005079_10000_10000.tif,82-20,2,O2021_82_21_1_0005_00001868_9000_5000.tif,82-21,1,2184.0,21.84
O2021_82_20_1_0024_00005079_10000_10000.tif,82-20,2,O2021_82_21_1_0005_00001868_8000_5000.tif,82-21,1,3416.0,34.16
O2021_82_20_1_0024_00005079_10000_10000.tif,82-20,2,O2021_82_21_1_0005_00001868_8000_4000.tif,82-21,1,2684.0,26.84
O2021_82_20_1_0024_00005079_10000_10000.tif,82-20,2,O2021_82_21_1_0005_00001868_9000_4000.tif,82-21,1,1716.0,17.16
O2021_82_20_1_0024_00005079_10000_11000.tif,82-20,2,O2021_82_21_1_0005_00001868_8000_6000.tif,82-21,1,3416.0,34.16
O2021_82_20_1_0024_00005079_10000_11000.tif,82-20,2,O2021_82_21_1_0005_00001868_9000_6000.tif,82-21,1,2184.0,21.84
O2021_82_20_1_0024_00005079_10000_11000.tif,82-20,2,O2021_82_21_1_0005_00001869_9000_0.tif,82-21,1,3280.0,32.8
O2021_82_20_1_0024_00005079_10000_11000.tif,82-20,2,O2021_82_21_1_0005_00001869_8000_0.tif,82-21,1,4920.0,49.2
O2021_82_20_1_0024_00005079_10000_11000.tif,82-20,2,O2021_82_21_1_0005_00001868_9000_5000.tif,82-21,1,1716.0,17.16
O2021_82_20_1_0024_00005079_10000_11000.tif,82-20,2,O2021_82_21_1_0005_00001868_8000_5000.tif,82-21,1,2684.0,26.84
O2021_82_20_1_0024_00005079_10000_5000.tif,82-20,2,O2021_82_21_1_0005_00001868_8000_0.tif,82-21,1,3416.0,34.16
O2021_82_20_1_0024_00005079_10000_5000.tif,82-20,2,O2021_82_21_1_0005_00001868_9000_0.tif,82-21,1,2184.0,21.84
O2021_82_20_1_0024_00005079_10000_6000.tif,82-20,2,O2021_82_21_1_0005_00001868_8000_1000.tif,82-21,1,3416.0,34.16
O2021_82_20_1_0024_00005079_10000_6000.tif,82-20,2,O2021_82_21_1_0005_00001868_9000_1000.tif,82-21,1,2184.0,21.84
O2021_82_20_1_0024_00005079_10000_6000.tif,82-20,2,O2021_82_21_1_0005_00001868_8000_0.tif,82-21,1,2684.0,26.84
O2021_82_20_1_0024_00005079_10000_6000.tif,82-20,2,O2021_82_21_1_0005_00001868_9000_0.tif,82-21,1,1716.0,17.16
O2021_82_20_1_0024_00005079_10000_7000.tif,82-20,2,O2021_82_21_1_0005_00001868_9000_2000.tif,82-21,1,2184.0,21.84
O2021_82_20_1_0024_00005079_10000_7000.tif,82-20,2,O2021_82_21_1_0005_00001868_8000_2000.tif,82-21,1,3416.0,34.16
O2021_82_20_1_0024_00005079_10000_7000.tif,82-20,2,O2021_82_21_1_0005_00001868_8000_1000.tif,82-21,1,2684.0,26.84
O2021_82_20_1_0024_00005079_10000_7000.tif,82-20,2,O2021_82_21_1_0005_00001868_9000_1000.tif,82-21,1,1716.0,17.16
O2021_82_20_1_0024_00005079_10000_8000.tif,82-20,2,O2021_82_21_1_0005_00001868_8000_3000.tif,82-21,1,3416.0,34.16
O2021_82_20_1_0024_00005079_10000_8000.tif,82-20,2,O2021_82_21_1_0005_00001868_9000_3000.tif,82-21,1,2184.0,21.84
O2021_82_20_1_0024_00005079_10000_8000.tif,82-20,2,O2021_82_21_1_0005_00001868_9000_2000.tif,82-21,1,1716.0,17.16
O2021_82_20_1_0024_00005079_10000_8000.tif,82-20,2,O2021_82_21_1_0005_00001868_8000_2000.tif,82-21,1,2684.0,26.84
O2021_82_20_1_0024_00005079_10000_9000.tif,82-20,2,O2021_82_21_1_0005_00001868_8000_4000.tif,82-21,1,3416.0,34.16
O2021_82_20_1_0024_00005079_10000_9000.tif,82-20,2,O2021_82_21_1_0005_00001868_9000_4000.tif,82-21,1,2184.0,21.84
O2021_82_20_1_0024_00005079_10000_9000.tif,82-20,2,O2021_82_21_1_0005_00001868_8000_3000.tif,82-21,1,2684.0,26.84
O2021_82_20_1_0024_00005079_10000_9000.tif,82-20,2,O2021_82_21_1_0005_00001868_9000_3000.tif,82-21,1,1716.0,17.16
O2021_82_20_1_0024_00005079_1000_10000.tif,82-20,2,O2021_82_21_1_0005_00001868_0_5000.tif,82-21,1,2184.0,21.84
O2021_82_20_1_0024_00005079_1000_10000.tif,82-20,2,O2021_82_21_1_0004_00002040_11000_5000.tif,82-21,1,4489.0,44.89
O2021_82_20_1_0024_00005079_1000_10000.tif,82-20,2,O2021_82_21_1_0004_00002040_10000_5000.tif,82-21,1,2211.0,22.11
O2021_82_20_1_0024_00005079_1000_10000.tif,82-20,2,O2021_82_21_1_0004_00002039_10000_0.tif,82-21,1,2040.0,20.4
O2021_82_20_1_0024_00005079_1000_10000.tif,82-20,2,O2021_82_21_1_0004_00002039_11000_0.tif,82-21,1,6460.0,64.6
O2021_82_20_1_0024_00005079_1000_10000.tif,82-20,2,O2021_82_21_1_0005_00001868_0_4000.tif,82-21,1,1716.0,17.16
O2021_82_20_1_0024_00005079_1000_10000.tif,82-20,2,O2021_82_21_1_0004_00002040_10000_4000.tif,82-21,1,1089.0,10.89
O2021_82_20_1_0024_00005079_1000_10000.tif,82-20,2,O2021_82_21_1_0004_00002040_11000_4000.tif,82-21,1,2211.0,22.11
O2021_82_20_1_0024_00005079_1000_11000.tif,82-20,2,O2021_82_21_1_0005_00001868_0_6000.tif,82-21,1,2184.0,21.84
O2021_82_20_1_0024_00005079_1000_11000.tif,82-20,2,O2021_82_21_1_0004_00002040_10000_6000.tif,82-21,1,2211.0,22.11
O2021_82_20_1_0024_00005079_1000_11000.tif,82-20,2,O2021_82_21_1_0004_00002040_11000_6000.tif,82-21,1,4489.0,44.89
O2021_82_20_1_0024_00005079_1000_11000.tif,82-20,2,O2021_82_21_1_0005_00001869_0_0.tif,82-21,1,3280.0,32.8
O2021_82_20_1_0024_00005079_1000_11000.tif,82-20,2,O2021_82_21_1_0005_00001868_0_5000.tif,82-21,1,1716.0,17.16
O2021_82_20_1_0024_00005079_1000_11000.tif,82-20,2,O2021_82_21_1_0004_00002040_11000_5000.tif,82-21,1,2211.0,22.11
O2021_82_20_1_0024_00005079_1000_11000.tif,82-20,2,O2021_82_21_1_0004_00002040_10000_5000.tif,82-21,1,1089.0,10.89
O2021_82_20_1_0024_00005079_1000_11000.tif,82-20,2,O2021_82_21_1_0004_00002039_10000_0.tif,82-21,1,360.0,3.6
O2021_82_20_1_0024_00005079_1000_11000.tif,82-20,2,O2021_82_21_1_0004_00002039_11000_0.tif,82-21,1,1140.0,11.4
O2021_82_20_1_0024_00005079_1000_5000.tif,82-20,2,O2021_82_21_1_0005_00001868_0_0.tif,82-21,1,2184.0,21.84
O2021_82_20_1_0024_00005079_1000_5000.tif,82-20,2,O2021_82_21_1_0004_00002040_10000_0.tif,82-21,1,2211.0,22.11
O2021_82_20_1_0024_00005079_1000_5000.tif,82-20,2,O2021_82_21_1_0004_00002040_11000_0.tif,82-21,1,4489.0,44.89
O2021_82_20_1_0024_00005079_1000_6000.tif,82-20,2,O2021_82_21_1_0005_00001868_0_1000.tif,82-21,1,2184.0,21.84
O2021_82_20_1_0024_00005079_1000_6000.tif,82-20,2,O2021_82_21_1_0004_00002040_11000_1000.tif,82-21,1,4489.0,44.89
O2021_82_20_1_0024_00005079_1000_6000.tif,82-20,2,O2021_82_21_1_0004_00002040_10000_1000.tif,82-21,1,2211.0,22.11
O2021_82_20_1_0024_00005079_1000_6000.tif,82-20,2,O2021_82_21_1_0005_00001868_0_0.tif,82-21,1,1716.0,17.16
O2021_82_20_1_0024_00005079_1000_6000.tif,82-20,2,O2021_82_21_1_0004_00002040_10000_0.tif,82-21,1,1089.0,10.89
O2021_82_20_1_0024_00005079_1000_6000.tif,82-20,2,O2021_82_21_1_0004_00002040_11000_0.tif,82-21,1,2211.0,22.11
O2021_82_20_1_0024_00005079_1000_7000.tif,82-20,2,O2021_82_21_1_0005_00001868_0_2000.tif,82-21,1,2184.0,21.84
O2021_82_20_1_0024_00005079_1000_7000.tif,82-20,2,O2021_82_21_1_0004_00002040_11000_2000.tif,82-21,1,4489.0,44.89
O2021_82_20_1_0024_00005079_1000_7000.tif,82-20,2,O2021_82_21_1_0004_00002040_10000_2000.tif,82-21,1,2211.0,22.11
O2021_82_20_1_0024_00005079_1000_7000.tif,82-20,2,O2021_82_21_1_0005_00001868_0_1000.tif,82-21,1,1716.0,17.16
O2021_82_20_1_0024_00005079_1000_7000.tif,82-20,2,O2021_82_21_1_0004_00002040_11000_1000.tif,82-21,1,2211.0,22.11
O2021_82_20_1_0024_00005079_1000_7000.tif,82-20,2,O2021_82_21_1_0004_00002040_10000_1000.tif,82-21,1,1089.0,10.89
O2021_82_20_1_0024_00005079_1000_8000.tif,82-20,2,O2021_82_21_1_0005_00001868_0_3000.tif,82-21,1,2184.0,21.84
O2021_82_20_1_0024_00005079_1000_8000.tif,82-20,2,O2021_82_21_1_0004_00002040_10000_3000.tif,82-21,1,2211.0,22.11
O2021_82_20_1_0024_00005079_1000_8000.tif,82-20,2,O2021_82_21_1_0004_00002040_11000_3000.tif,82-21,1,4489.0,44.89
O2021_82_20_1_0024_00005079_1000_8000.tif,82-20,2,O2021_82_21_1_0005_00001868_0_2000.tif,82-21,1,1716.0,17.16
O2021_82_20_1_0024_00005079_1000_8000.tif,82-20,2,O2021_82_21_1_0004_00002040_11000_2000.tif,82-21,1,2211.0,22.11
O2021_82_20_1_0024_00005079_1000_8000.tif,82-20,2,O2021_82_21_1_0004_00002040_10000_2000.tif,82-21,1,1089.0,10.89
O2021_82_20_1_0024_00005079_1000_9000.tif,82-20,2,O2021_82_21_1_0005_00001868_0_4000.tif,82-21,1,2184.0,21.84
O2021_82_20_1_0024_00005079_1000_9000.tif,82-20,2,O2021_82_21_1_0004_00002040_10000_4000.tif,82-21,1,2211.0,22.11
O2021_82_20_1_0024_00005079_1000_9000.tif,82-20,2,O2021_82_21_1_0004_00002040_11000_4000.tif,82-21,1,4489.0,44.89
O2021_82_20_1_0024_00005079_1000_9000.tif,82-20,2,O2021_82_21_1_0005_00001868_0_3000.tif,82-21,1,1716.0,17.16
O2021_82_20_1_0024_00005079_1000_9000.tif,82-20,2,O2021_82_21_1_0004_00002040_10000_3000.tif,82-21,1,1089.0,10.89
O2021_82_20_1_0024_00005079_1000_9000.tif,82-20,2,O2021_82_21_1_0004_00002040_11000_3000.tif,82-21,1,2211.0,22.11
O2021_82_20_1_0024_00005079_11000_10000.tif,82-20,2,O2021_82_21_1_0005_00001868_9000_5000.tif,82-21,1,3416.0,34.16
O2021_82_20_1_0024_00005079_11000_10000.tif,82-20,2,O2021_82_21_1_0005_00001868_10000_5000.tif,82-21,1,2184.0,21.84
O2021_82_20_1_0024_00005079_11000_10000.tif,82-20,2,O2021_82_21_1_0005_00001868_9000_4000.tif,82-21,1,2684.0,26.84
O2021_82_20_1_0024_00005079_11000_10000.tif,82-20,2,O2021_82_21_1_0005_00001868_10000_4000.tif,82-21,1,1716.0,17.16
O2021_82_20_1_0024_00005079_11000_11000.tif,82-20,2,O2021_82_21_1_0005_00001868_10000_6000.tif,82-21,1,2184.0,21.84
O2021_82_20_1_0024_00005079_11000_11000.tif,82-20,2,O2021_82_21_1_0005_00001868_9000_6000.tif,82-21,1,3416.0,34.16
O2021_82_20_1_0024_00005079_11000_11000.tif,82-20,2,O2021_82_21_1_0005_00001869_9000_0.tif,82-21,1,4920.0,49.2
O2021_82_20_1_0024_00005079_11000_11000.tif,82-20,2,O2021_82_21_1_0005_00001869_10000_0.tif,82-21,1,3280.0,32.8
O2021_82_20_1_0024_00005079_11000_11000.tif,82-20,2,O2021_82_21_1_0005_00001868_9000_5000.tif,82-21,1,2684.0,26.84
O2021_82_20_1_0024_00005079_11000_11000.tif,82-20,2,O2021_82_21_1_0005_00001868_10000_5000.tif,82-21,1,1716.0,17.16
O2021_82_20_1_0024_00005079_11000_5000.tif,82-20,2,O2021_82_21_1_0005_00001868_9000_0.tif,82-21,1,3416.0,34.16
O2021_82_20_1_0024_00005079_11000_5000.tif,82-20,2,O2021_82_21_1_0005_00001868_10000_0.tif,82-21,1,2184.0,21.84
O2021_82_20_1_0024_00005079_11000_6000.tif,82-20,2,O2021_82_21_1_0005_00001868_9000_1000.tif,82-21,1,3416.0,34.16
O2021_82_20_1_0024_00005079_11000_6000.tif,82-20,2,O2021_82_21_1_0005_00001868_10000_1000.tif,82-21,1,2184.0,21.84
O2021_82_20_1_0024_00005079_11000_6000.tif,82-20,2,O2021_82_21_1_0005_00001868_9000_0.tif,82-21,1,2684.0,26.84
O2021_82_20_1_0024_00005079_11000_6000.tif,82-20,2,O2021_82_21_1_0005_00001868_10000_0.tif,82-21,1,1716.0,17.16
O2021_82_20_1_0024_00005079_11000_7000.tif,82-20,2,O2021_82_21_1_0005_00001868_9000_2000.tif,82-21,1,3416.0,34.16
O2021_82_20_1_0024_00005079_11000_7000.tif,82-20,2,O2021_82_21_1_0005_00001868_10000_2000.tif,82-21,1,2184.0,21.84
O2021_82_20_1_0024_00005079_11000_7000.tif,82-20,2,O2021_82_21_1_0005_00001868_9000_1000.tif,82-21,1,2684.0,26.84
O2021_82_20_1_0024_00005079_11000_7000.tif,82-20,2,O2021_82_21_1_0005_00001868_10000_1000.tif,82-21,1,1716.0,17.16
O2021_82_20_1_0024_00005079_11000_8000.tif,82-20,2,O2021_82_21_1_0005_00001868_9000_3000.tif,82-21,1,3416.0,34.16
O2021_82_20_1_0024_00005079_11000_8000.tif,82-20,2,O2021_82_21_1_0005_00001868_10000_3000.tif,82-21,1,2184.0,21.84
O2021_82_20_1_0024_00005079_11000_8000.tif,82-20,2,O2021_82_21_1_0005_00001868_9000_2000.tif,82-21,1,2684.0,26.84
O2021_82_20_1_0024_00005079_11000_8000.tif,82-20,2,O2021_82_21_1_0005_00001868_10000_2000.tif,82-21,1,1716.0,17.16
O2021_82_20_1_0024_00005079_11000_9000.tif,82-20,2,O2021_82_21_1_0005_00001868_9000_4000.tif,82-21,1,3416.0,34.16
O2021_82_20_1_0024_00005079_11000_9000.tif,82-20,2,O2021_82_21_1_0005_00001868_10000_4000.tif,82-21,1,2184.0,21.84
O2021_82_20_1_0024_00005079_11000_9000.tif,82-20,2,O2021_82_21_1_0005_00001868_9000_3000.tif,82-21,1,2684.0,26.84
O2021_82_20_1_0024_00005079_11000_9000.tif,82-20,2,O2021_82_21_1_0005_00001868_10000_3000.tif,82-21,1,1716.0,17.16
O2021_82_20_1_0024_00005079_12000_10000.tif,82-20,2,O2021_82_21_1_0005_00001868_11000_5000.tif,82-21,1,2184.0,21.84
O2021_82_20_1_0024_00005079_12000_10000.tif,82-20,2,O2021_82_21_1_0005_00001868_10000_5000.tif,82-21,1,3416.0,34.16
O2021_82_20_1_0024_00005079_12000_10000.tif,82-20,2,O2021_82_21_1_0005_00001868_10000_4000.tif,82-21,1,2684.0,26.84
O2021_82_20_1_0024_00005079_12000_10000.tif,82-20,2,O2021_82_21_1_0005_00001868_11000_4000.tif,82-21,1,1716.0,17.16
O2021_82_20_1_0024_00005079_12000_11000.tif,82-20,2,O2021_82_21_1_0005_00001868_10000_6000.tif,82-21,1,3416.0,34.16
O2021_82_20_1_0024_00005079_12000_11000.tif,82-20,2,O2021_82_21_1_0005_00001869_10000_0.tif,82-21,1,4920.0,49.2
O2021_82_20_1_0024_00005079_12000_11000.tif,82-20,2,O2021_82_21_1_0005_00001868_11000_6000.tif,82-21,1,2184.0,21.84
O2021_82_20_1_0024_00005079_12000_11000.tif,82-20,2,O2021_82_21_1_0005_00001869_11000_0.tif,82-21,1,3280.0,32.8
O2021_82_20_1_0024_00005079_12000_11000.tif,82-20,2,O2021_82_21_1_0005_00001868_11000_5000.tif,82-21,1,1716.0,17.16
O2021_82_20_1_0024_00005079_12000_11000.tif,82-20,2,O2021_82_21_1_0005_00001868_10000_5000.tif,82-21,1,2684.0,26.84
O2021_82_20_1_0024_00005079_12000_5000.tif,82-20,2,O2021_82_21_1_0005_00001868_10000_0.tif,82-21,1,3416.0,34.16
O2021_82_20_1_0024_00005079_12000_5000.tif,82-20,2,O2021_82_21_1_0005_00001868_11000_0.tif,82-21,1,2184.0,21.84
O2021_82_20_1_0024_00005079_12000_6000.tif,82-20,2,O2021_82_21_1_0005_00001868_11000_1000.tif,82-21,1,2184.0,21.84
O2021_82_20_1_0024_00005079_12000_6000.tif,82-20,2,O2021_82_21_1_0005_00001868_10000_1000.tif,82-21,1,3416.0,34.16
O2021_82_20_1_0024_00005079_12000_6000.tif,82-20,2,O2021_82_21_1_0005_00001868_10000_0.tif,82-21,1,2684.0,26.84
O2021_82_20_1_0024_00005079_12000_6000.tif,82-20,2,O2021_82_21_1_0005_00001868_11000_0.tif,82-21,1,1716.0,17.16
O2021_82_20_1_0024_00005079_12000_7000.tif,82-20,2,O2021_82_21_1_0005_00001868_10000_2000.tif,82-21,1,3416.0,34.16
O2021_82_20_1_0024_00005079_12000_7000.tif,82-20,2,O2021_82_21_1_0005_00001868_11000_2000.tif,82-21,1,2184.0,21.84
O2021_82_20_1_0024_00005079_12000_7000.tif,82-20,2,O2021_82_21_1_0005_00001868_11000_1000.tif,82-21,1,1716.0,17.16
O2021_82_20_1_0024_00005079_12000_7000.tif,82-20,2,O2021_82_21_1_0005_00001868_10000_1000.tif,82-21,1,2684.0,26.84
O2021_82_20_1_0024_00005079_12000_8000.tif,82-20,2,O2021_82_21_1_0005_00001868_11000_3000.tif,82-21,1,2184.0,21.84
O2021_82_20_1_0024_00005079_12000_8000.tif,82-20,2,O2021_82_21_1_0005_00001868_10000_3000.tif,82-21,1,3416.0,34.16
O2021_82_20_1_0024_00005079_12000_8000.tif,82-20,2,O2021_82_21_1_0005_00001868_10000_2000.tif,82-21,1,2684.0,26.84
O2021_82_20_1_0024_00005079_12000_8000.tif,82-20,2,O2021_82_21_1_0005_00001868_11000_2000.tif,82-21,1,1716.0,17.16
O2021_82_20_1_0024_00005079_12000_9000.tif,82-20,2,O2021_82_21_1_0005_00001868_10000_4000.tif,82-21,1,3416.0,34.16
O2021_82_20_1_0024_00005079_12000_9000.tif,82-20,2,O2021_82_21_1_0005_00001868_11000_4000.tif,82-21,1,2184.0,21.84
O2021_82_20_1_0024_00005079_12000_9000.tif,82-20,2,O2021_82_21_1_0005_00001868_11000_3000.tif,82-21,1,1716.0,17.16
O2021_82_20_1_0024_00005079_12000_9000.tif,82-20,2,O2021_82_21_1_0005_00001868_10000_3000.tif,82-21,1,2684.0,26.84
O2021_82_20_1_0024_00005079_13000_10000.tif,82-20,2,O2021_82_21_1_0005_00001868_11000_5000.tif,82-21,1,3416.0,34.16
O2021_82_20_1_0024_00005079_13000_10000.tif,82-20,2,O2021_82_21_1_0005_00001868_11000_4000.tif,82-21,1,2684.0,26.84
O2021_82_20_1_0024_00005079_13000_11000.tif,82-20,2,O2021_82_21_1_0005_00001868_11000_6000.tif,82-21,1,3416.0,34.16
O2021_82_20_1_0024_00005079_13000_11000.tif,82-20,2,O2021_82_21_1_0005_00001869_11000_0.tif,82-21,1,4920.0,49.2
O2021_82_20_1_0024_00005079_13000_11000.tif,82-20,2,O2021_82_21_1_0005_00001868_11000_5000.tif,82-21,1,2684.0,26.84
O2021_82_20_1_0024_00005079_13000_5000.tif,82-20,2,O2021_82_21_1_0005_00001868_11000_0.tif,82-21,1,3416.0,34.16
O2021_82_20_1_0024_00005079_13000_6000.tif,82-20,2,O2021_82_21_1_0005_00001868_11000_1000.tif,82-21,1,3416.0,34.16
O2021_82_20_1_0024_00005079_13000_6000.tif,82-20,2,O2021_82_21_1_0005_00001868_11000_0.tif,82-21,1,2684.0,26.84
O2021_82_20_1_0024_00005079_13000_7000.tif,82-20,2,O2021_82_21_1_0005_00001868_11000_2000.tif,82-21,1,3416.0,34.16
O2021_82_20_1_0024_00005079_13000_7000.tif,82-20,2,O2021_82_21_1_0005_00001868_11000_1000.tif,82-21,1,2684.0,26.84
O2021_82_20_1_0024_00005079_13000_8000.tif,82-20,2,O2021_82_21_1_0005_00001868_11000_3000.tif,82-21,1,3416.0,34.16
O2021_82_20_1_0024_00005079_13000_8000.tif,82-20,2,O2021_82_21_1_0005_00001868_11000_2000.tif,82-21,1,2684.0,26.84
O2021_82_20_1_0024_00005079_13000_9000.tif,82-20,2,O2021_82_21_1_0005_00001868_11000_4000.tif,82-21,1,3416.0,34.16
O2021_82_20_1_0024_00005079_13000_9000.tif,82-20,2,O2021_82_21_1_0005_00001868_11000_3000.tif,82-21,1,2684.0,26.84
O2021_82_20_1_0024_00005079_2000_10000.tif,82-20,2,O2021_82_21_1_0005_00001868_1000_5000.tif,82-21,1,2184.0,21.84
O2021_82_20_1_0024_00005079_2000_10000.tif,82-20,2,O2021_82_21_1_0004_00002040_12000_5000.tif,82-21,1,4489.0,44.89
O2021_82_20_1_0024_00005079_2000_10000.tif,82-20,2,O2021_82_21_1_0005_00001868_0_5000.tif,82-21,1,3416.0,34.16
O2021_82_20_1_0024_00005079_2000_10000.tif,82-20,2,O2021_82_21_1_0004_00002040_11000_5000.tif,82-21,1,2211.0,22.11
O2021_82_20_1_0024_00005079_2000_10000.tif,82-20,2,O2021_82_21_1_0004_00002039_11000_0.tif,82-21,1,2040.0,20.4
O2021_82_20_1_0024_00005079_2000_10000.tif,82-20,2,O2021_82_21_1_0005_00001868_0_4000.tif,82-21,1,2684.0,26.84
O2021_82_20_1_0024_00005079_2000_10000.tif,82-20,2,O2021_82_21_1_0004_00002040_11000_4000.tif,82-21,1,1089.0,10.89
O2021_82_20_1_0024_00005079_2000_10000.tif,82-20,2,O2021_82_21_1_0004_00002039_12000_0.tif,82-21,1,6460.0,64.6
O2021_82_20_1_0024_00005079_2000_10000.tif,82-20,2,O2021_82_21_1_0005_00001868_1000_4000.tif,82-21,1,1716.0,17.16
O2021_82_20_1_0024_00005079_2000_10000.tif,82-20,2,O2021_82_21_1_0004_00002040_12000_4000.tif,82-21,1,2211.0,22.11
O2021_82_20_1_0024_00005079_2000_11000.tif,82-20,2,O2021_82_21_1_0005_00001868_0_6000.tif,82-21,1,3416.0,34.16
O2021_82_20_1_0024_00005079_2000_11000.tif,82-20,2,O2021_82_21_1_0004_00002040_11000_6000.tif,82-21,1,2211.0,22.11
O2021_82_20_1_0024_00005079_2000_11000.tif,82-20,2,O2021_82_21_1_0005_00001868_1000_6000.tif,82-21,1,2184.0,21.84
O2021_82_20_1_0024_00005079_2000_11000.tif,82-20,2,O2021_82_21_1_0004_00002040_12000_6000.tif,82-21,1,4489.0,44.89
O2021_82_20_1_0024_00005079_2000_11000.tif,82-20,2,O2021_82_21_1_0005_00001869_1000_0.tif,82-21,1,3280.0,32.8
O2021_82_20_1_0024_00005079_2000_11000.tif,82-20,2,O2021_82_21_1_0005_00001868_1000_5000.tif,82-21,1,1716.0,17.16
O2021_82_20_1_0024_00005079_2000_11000.tif,82-20,2,O2021_82_21_1_0004_00002040_12000_5000.tif,82-21,1,2211.0,22.11
O2021_82_20_1_0024_00005079_2000_11000.tif,82-20,2,O2021_82_21_1_0005_00001869_0_0.tif,82-21,1,4920.0,49.2
O2021_82_20_1_0024_00005079_2000_11000.tif,82-20,2,O2021_82_21_1_0005_00001868_0_5000.tif,82-21,1,2684.0,26.84
O2021_82_20_1_0024_00005079_2000_11000.tif,82-20,2,O2021_82_21_1_0004_00002040_11000_5000.tif,82-21,1,1089.0,10.89
O2021_82_20_1_0024_00005079_2000_11000.tif,82-20,2,O2021_82_21_1_0004_00002039_11000_0.tif,82-21,1,360.0,3.6
O2021_82_20_1_0024_00005079_2000_11000.tif,82-20,2,O2021_82_21_1_0004_00002039_12000_0.tif,82-21,1,1140.0,11.4
O2021_82_20_1_0024_00005079_2000_5000.tif,82-20,2,O2021_82_21_1_0005_00001868_0_0.tif,82-21,1,3416.0,34.16
O2021_82_20_1_0024_00005079_2000_5000.tif,82-20,2,O2021_82_21_1_0004_00002040_11000_0.tif,82-21,1,2211.0,22.11
O2021_82_20_1_0024_00005079_2000_5000.tif,82-20,2,O2021_82_21_1_0005_00001868_1000_0.tif,82-21,1,2184.0,21.84
O2021_82_20_1_0024_00005079_2000_5000.tif,82-20,2,O2021_82_21_1_0004_00002040_12000_0.tif,82-21,1,4489.0,44.89
O2021_82_20_1_0024_00005079_2000_6000.tif,82-20,2,O2021_82_21_1_0005_00001868_0_1000.tif,82-21,1,3416.0,34.16
O2021_82_20_1_0024_00005079_2000_6000.tif,82-20,2,O2021_82_21_1_0004_00002040_11000_1000.tif,82-21,1,2211.0,22.11
O2021_82_20_1_0024_00005079_2000_6000.tif,82-20,2,O2021_82_21_1_0005_00001868_1000_1000.tif,82-21,1,2184.0,21.84
O2021_82_20_1_0024_00005079_2000_6000.tif,82-20,2,O2021_82_21_1_0004_00002040_12000_1000.tif,82-21,1,4489.0,44.89
O2021_82_20_1_0024_00005079_2000_6000.tif,82-20,2,O2021_82_21_1_0005_00001868_0_0.tif,82-21,1,2684.0,26.84
O2021_82_20_1_0024_00005079_2000_6000.tif,82-20,2,O2021_82_21_1_0004_00002040_11000_0.tif,82-21,1,1089.0,10.89
O2021_82_20_1_0024_00005079_2000_6000.tif,82-20,2,O2021_82_21_1_0005_00001868_1000_0.tif,82-21,1,1716.0,17.16
O2021_82_20_1_0024_00005079_2000_6000.tif,82-20,2,O2021_82_21_1_0004_00002040_12000_0.tif,82-21,1,2211.0,22.11
O2021_82_20_1_0024_00005079_2000_7000.tif,82-20,2,O2021_82_21_1_0005_00001868_0_2000.tif,82-21,1,3416.0,34.16
O2021_82_20_1_0024_00005079_2000_7000.tif,82-20,2,O2021_82_21_1_0004_00002040_11000_2000.tif,82-21,1,2211.0,22.11
O2021_82_20_1_0024_00005079_2000_7000.tif,82-20,2,O2021_82_21_1_0005_00001868_0_1000.tif,82-21,1,2684.0,26.84
O2021_82_20_1_0024_00005079_2000_7000.tif,82-20,2,O2021_82_21_1_0004_00002040_11000_1000.tif,82-21,1,1089.0,10.89
O2021_82_20_1_0024_00005079_2000_7000.tif,82-20,2,O2021_82_21_1_0005_00001868_1000_2000.tif,82-21,1,2184.0,21.84
O2021_82_20_1_0024_00005079_2000_7000.tif,82-20,2,O2021_82_21_1_0004_00002040_12000_2000.tif,82-21,1,4489.0,44.89
O2021_82_20_1_0024_00005079_2000_7000.tif,82-20,2,O2021_82_21_1_0005_00001868_1000_1000.tif,82-21,1,1716.0,17.16
O2021_82_20_1_0024_00005079_2000_7000.tif,82-20,2,O2021_82_21_1_0004_00002040_12000_1000.tif,82-21,1,2211.0,22.11
O2021_82_20_1_0024_00005079_2000_8000.tif,82-20,2,O2021_82_21_1_0005_00001868_1000_3000.tif,82-21,1,2184.0,21.84
O2021_82_20_1_0024_00005079_2000_8000.tif,82-20,2,O2021_82_21_1_0004_00002040_12000_3000.tif,82-21,1,4489.0,44.89
O2021_82_20_1_0024_00005079_2000_8000.tif,82-20,2,O2021_82_21_1_0005_00001868_0_3000.tif,82-21,1,3416.0,34.16
O2021_82_20_1_0024_00005079_2000_8000.tif,82-20,2,O2021_82_21_1_0004_00002040_11000_3000.tif,82-21,1,2211.0,22.11
O2021_82_20_1_0024_00005079_2000_8000.tif,82-20,2,O2021_82_21_1_0005_00001868_0_2000.tif,82-21,1,2684.0,26.84
O2021_82_20_1_0024_00005079_2000_8000.tif,82-20,2,O2021_82_21_1_0004_00002040_11000_2000.tif,82-21,1,1089.0,10.89
O2021_82_20_1_0024_00005079_2000_8000.tif,82-20,2,O2021_82_21_1_0005_00001868_1000_2000.tif,82-21,1,1716.0,17.16
O2021_82_20_1_0024_00005079_2000_8000.tif,82-20,2,O2021_82_21_1_0004_00002040_12000_2000.tif,82-21,1,2211.0,22.11
O2021_82_20_1_0024_00005079_2000_9000.tif,82-20,2,O2021_82_21_1_0005_00001868_0_4000.tif,82-21,1,3416.0,34.16
O2021_82_20_1_0024_00005079_2000_9000.tif,82-20,2,O2021_82_21_1_0004_00002040_11000_4000.tif,82-21,1,2211.0,22.11
O2021_82_20_1_0024_00005079_2000_9000.tif,82-20,2,O2021_82_21_1_0005_00001868_1000_4000.tif,82-21,1,2184.0,21.84
O2021_82_20_1_0024_00005079_2000_9000.tif,82-20,2,O2021_82_21_1_0004_00002040_12000_4000.tif,82-21,1,4489.0,44.89
O2021_82_20_1_0024_00005079_2000_9000.tif,82-20,2,O2021_82_21_1_0005_00001868_1000_3000.tif,82-21,1,1716.0,17.16
O2021_82_20_1_0024_00005079_2000_9000.tif,82-20,2,O2021_82_21_1_0004_00002040_12000_3000.tif,82-21,1,2211.0,22.11
O2021_82_20_1_0024_00005079_2000_9000.tif,82-20,2,O2021_82_21_1_0005_00001868_0_3000.tif,82-21,1,2684.0,26.84
O2021_82_20_1_0024_00005079_2000_9000.tif,82-20,2,O2021_82_21_1_0004_00002040_11000_3000.tif,82-21,1,1089.0,10.89
O2021_82_20_1_0024_00005079_3000_10000.tif,82-20,2,O2021_82_21_1_0005_00001868_2000_5000.tif,82-21,1,2184.0,21.84
O2021_82_20_1_0024_00005079_3000_10000.tif,82-20,2,O2021_82_21_1_0005_00001868_1000_5000.tif,82-21,1,3416.0,34.16
O2021_82_20_1_0024_00005079_3000_10000.tif,82-20,2,O2021_82_21_1_0004_00002040_12000_5000.tif,82-21,1,2211.0,22.11
O2021_82_20_1_0024_00005079_3000_10000.tif,82-20,2,O2021_82_21_1_0004_00002040_13000_5000.tif,82-21,1,4489.0,44.89
O2021_82_20_1_0024_00005079_3000_10000.tif,82-20,2,O2021_82_21_1_0004_00002039_13000_0.tif,82-21,1,6460.0,64.6
O2021_82_20_1_0024_00005079_3000_10000.tif,82-20,2,O2021_82_21_1_0004_00002039_12000_0.tif,82-21,1,2040.0,20.4
O2021_82_20_1_0024_00005079_3000_10000.tif,82-20,2,O2021_82_21_1_0005_00001868_2000_4000.tif,82-21,1,1716.0,17.16
O2021_82_20_1_0024_00005079_3000_10000.tif,82-20,2,O2021_82_21_1_0005_00001868_1000_4000.tif,82-21,1,2684.0,26.84
O2021_82_20_1_0024_00005079_3000_10000.tif,82-20,2,O2021_82_21_1_0004_00002040_12000_4000.tif,82-21,1,1089.0,10.89
O2021_82_20_1_0024_00005079_3000_10000.tif,82-20,2,O2021_82_21_1_0004_00002040_13000_4000.tif,82-21,1,2211.0,22.11
O2021_82_20_1_0024_00005079_3000_11000.tif,82-20,2,O2021_82_21_1_0005_00001868_2000_6000.tif,82-21,1,2184.0,21.84
O2021_82_20_1_0024_00005079_3000_11000.tif,82-20,2,O2021_82_21_1_0005_00001868_1000_6000.tif,82-21,1,3416.0,34.16
O2021_82_20_1_0024_00005079_3000_11000.tif,82-20,2,O2021_82_21_1_0004_00002040_13000_6000.tif,82-21,1,4489.0,44.89
O2021_82_20_1_0024_00005079_3000_11000.tif,82-20,2,O2021_82_21_1_0004_00002040_12000_6000.tif,82-21,1,2211.0,22.11
O2021_82_20_1_0024_00005079_3000_11000.tif,82-20,2,O2021_82_21_1_0005_00001869_1000_0.tif,82-21,1,4920.0,49.2
O2021_82_20_1_0024_00005079_3000_11000.tif,82-20,2,O2021_82_21_1_0005_00001869_2000_0.tif,82-21,1,3280.0,32.8
O2021_82_20_1_0024_00005079_3000_11000.tif,82-20,2,O2021_82_21_1_0005_00001868_2000_5000.tif,82-21,1,1716.0,17.16
O2021_82_20_1_0024_00005079_3000_11000.tif,82-20,2,O2021_82_21_1_0005_00001868_1000_5000.tif,82-21,1,2684.0,26.84
O2021_82_20_1_0024_00005079_3000_11000.tif,82-20,2,O2021_82_21_1_0004_00002040_12000_5000.tif,82-21,1,1089.0,10.89
O2021_82_20_1_0024_00005079_3000_11000.tif,82-20,2,O2021_82_21_1_0004_00002040_13000_5000.tif,82-21,1,2211.0,22.11
O2021_82_20_1_0024_00005079_3000_11000.tif,82-20,2,O2021_82_21_1_0004_00002039_13000_0.tif,82-21,1,1140.0,11.4
O2021_82_20_1_0024_00005079_3000_11000.tif,82-20,2,O2021_82_21_1_0004_00002039_12000_0.tif,82-21,1,360.0,3.6
O2021_82_20_1_0024_00005079_3000_5000.tif,82-20,2,O2021_82_21_1_0005_00001868_1000_0.tif,82-21,1,3416.0,34.16
O2021_82_20_1_0024_00005079_3000_5000.tif,82-20,2,O2021_82_21_1_0005_00001868_2000_0.tif,82-21,1,2184.0,21.84
O2021_82_20_1_0024_00005079_3000_5000.tif,82-20,2,O2021_82_21_1_0004_00002040_13000_0.tif,82-21,1,4489.0,44.89
O2021_82_20_1_0024_00005079_3000_5000.tif,82-20,2,O2021_82_21_1_0004_00002040_12000_0.tif,82-21,1,2211.0,22.11
O2021_82_20_1_0024_00005079_3000_6000.tif,82-20,2,O2021_82_21_1_0005_00001868_1000_1000.tif,82-21,1,3416.0,34.16
O2021_82_20_1_0024_00005079_3000_6000.tif,82-20,2,O2021_82_21_1_0005_00001868_2000_1000.tif,82-21,1,2184.0,21.84
O2021_82_20_1_0024_00005079_3000_6000.tif,82-20,2,O2021_82_21_1_0004_00002040_13000_1000.tif,82-21,1,4489.0,44.89
O2021_82_20_1_0024_00005079_3000_6000.tif,82-20,2,O2021_82_21_1_0004_00002040_12000_1000.tif,82-21,1,2211.0,22.11
O2021_82_20_1_0024_00005079_3000_6000.tif,82-20,2,O2021_82_21_1_0005_00001868_1000_0.tif,82-21,1,2684.0,26.84
O2021_82_20_1_0024_00005079_3000_6000.tif,82-20,2,O2021_82_21_1_0005_00001868_2000_0.tif,82-21,1,1716.0,17.16
O2021_82_20_1_0024_00005079_3000_6000.tif,82-20,2,O2021_82_21_1_0004_00002040_13000_0.tif,82-21,1,2211.0,22.11
O2021_82_20_1_0024_00005079_3000_6000.tif,82-20,2,O2021_82_21_1_0004_00002040_12000_0.tif,82-21,1,1089.0,10.89
O2021_82_20_1_0024_00005079_3000_7000.tif,82-20,2,O2021_82_21_1_0005_00001868_1000_2000.tif,82-21,1,3416.0,34.16
O2021_82_20_1_0024_00005079_3000_7000.tif,82-20,2,O2021_82_21_1_0005_00001868_2000_2000.tif,82-21,1,2184.0,21.84
O2021_82_20_1_0024_00005079_3000_7000.tif,82-20,2,O2021_82_21_1_0004_00002040_12000_2000.tif,82-21,1,2211.0,22.11
O2021_82_20_1_0024_00005079_3000_7000.tif,82-20,2,O2021_82_21_1_0004_00002040_13000_2000.tif,82-21,1,4489.0,44.89
O2021_82_20_1_0024_00005079_3000_7000.tif,82-20,2,O2021_82_21_1_0005_00001868_1000_1000.tif,82-21,1,2684.0,26.84
O2021_82_20_1_0024_00005079_3000_7000.tif,82-20,2,O2021_82_21_1_0005_00001868_2000_1000.tif,82-21,1,1716.0,17.16
O2021_82_20_1_0024_00005079_3000_7000.tif,82-20,2,O2021_82_21_1_0004_00002040_13000_1000.tif,82-21,1,2211.0,22.11
O2021_82_20_1_0024_00005079_3000_7000.tif,82-20,2,O2021_82_21_1_0004_00002040_12000_1000.tif,82-21,1,1089.0,10.89
O2021_82_20_1_0024_00005079_3000_8000.tif,82-20,2,O2021_82_21_1_0005_00001868_2000_3000.tif,82-21,1,2184.0,21.84
O2021_82_20_1_0024_00005079_3000_8000.tif,82-20,2,O2021_82_21_1_0005_00001868_1000_3000.tif,82-21,1,3416.0,34.16
O2021_82_20_1_0024_00005079_3000_8000.tif,82-20,2,O2021_82_21_1_0004_00002040_13000_3000.tif,82-21,1,4489.0,44.89
O2021_82_20_1_0024_00005079_3000_8000.tif,82-20,2,O2021_82_21_1_0004_00002040_12000_3000.tif,82-21,1,2211.0,22.11
O2021_82_20_1_0024_00005079_3000_8000.tif,82-20,2,O2021_82_21_1_0005_00001868_1000_2000.tif,82-21,1,2684.0,26.84
O2021_82_20_1_0024_00005079_3000_8000.tif,82-20,2,O2021_82_21_1_0005_00001868_2000_2000.tif,82-21,1,1716.0,17.16
O2021_82_20_1_0024_00005079_3000_8000.tif,82-20,2,O2021_82_21_1_0004_00002040_12000_2000.tif,82-21,1,1089.0,10.89
O2021_82_20_1_0024_00005079_3000_8000.tif,82-20,2,O2021_82_21_1_0004_00002040_13000_2000.tif,82-21,1,2211.0,22.11
O2021_82_20_1_0024_00005079_3000_9000.tif,82-20,2,O2021_82_21_1_0005_00001868_2000_4000.tif,82-21,1,2184.0,21.84
O2021_82_20_1_0024_00005079_3000_9000.tif,82-20,2,O2021_82_21_1_0005_00001868_1000_4000.tif,82-21,1,3416.0,34.16
O2021_82_20_1_0024_00005079_3000_9000.tif,82-20,2,O2021_82_21_1_0004_00002040_12000_4000.tif,82-21,1,2211.0,22.11
O2021_82_20_1_0024_00005079_3000_9000.tif,82-20,2,O2021_82_21_1_0004_00002040_13000_4000.tif,82-21,1,4489.0,44.89
O2021_82_20_1_0024_00005079_3000_9000.tif,82-20,2,O2021_82_21_1_0005_00001868_2000_3000.tif,82-21,1,1716.0,17.16
O2021_82_20_1_0024_00005079_3000_9000.tif,82-20,2,O2021_82_21_1_0005_00001868_1000_3000.tif,82-21,1,2684.0,26.84
O2021_82_20_1_0024_00005079_3000_9000.tif,82-20,2,O2021_82_21_1_0004_00002040_13000_3000.tif,82-21,1,2211.0,22.11
O2021_82_20_1_0024_00005079_3000_9000.tif,82-20,2,O2021_82_21_1_0004_00002040_12000_3000.tif,82-21,1,1089.0,10.89
O2021_82_20_1_0024_00005079_4000_10000.tif,82-20,2,O2021_82_21_1_0005_00001868_2000_5000.tif,82-21,1,3416.0,34.16
O2021_82_20_1_0024_00005079_4000_10000.tif,82-20,2,O2021_82_21_1_0005_00001868_3000_5000.tif,82-21,1,2184.0,21.84
O2021_82_20_1_0024_00005079_4000_10000.tif,82-20,2,O2021_82_21_1_0004_00002040_14000_5000.tif,82-21,1,4489.0,44.89
O2021_82_20_1_0024_00005079_4000_10000.tif,82-20,2,O2021_82_21_1_0004_00002040_13000_5000.tif,82-21,1,2211.0,22.11
O2021_82_20_1_0024_00005079_4000_10000.tif,82-20,2,O2021_82_21_1_0004_00002039_14000_0.tif,82-21,1,6460.0,64.6
O2021_82_20_1_0024_00005079_4000_10000.tif,82-20,2,O2021_82_21_1_0004_00002039_13000_0.tif,82-21,1,2040.0,20.4
O2021_82_20_1_0024_00005079_4000_10000.tif,82-20,2,O2021_82_21_1_0005_00001868_2000_4000.tif,82-21,1,2684.0,26.84
O2021_82_20_1_0024_00005079_4000_10000.tif,82-20,2,O2021_82_21_1_0005_00001868_3000_4000.tif,82-21,1,1716.0,17.16
O2021_82_20_1_0024_00005079_4000_10000.tif,82-20,2,O2021_82_21_1_0004_00002040_13000_4000.tif,82-21,1,1089.0,10.89
O2021_82_20_1_0024_00005079_4000_10000.tif,82-20,2,O2021_82_21_1_0004_00002040_14000_4000.tif,82-21,1,2211.0,22.11
O2021_82_20_1_0024_00005079_4000_11000.tif,82-20,2,O2021_82_21_1_0005_00001868_3000_6000.tif,82-21,1,2184.0,21.84
O2021_82_20_1_0024_00005079_4000_11000.tif,82-20,2,O2021_82_21_1_0005_00001868_2000_6000.tif,82-21,1,3416.0,34.16
O2021_82_20_1_0024_00005079_4000_11000.tif,82-20,2,O2021_82_21_1_0004_00002040_13000_6000.tif,82-21,1,2211.0,22.11
O2021_82_20_1_0024_00005079_4000_11000.tif,82-20,2,O2021_82_21_1_0004_00002040_14000_6000.tif,82-21,1,4489.0,44.89
O2021_82_20_1_0024_00005079_4000_11000.tif,82-20,2,O2021_82_21_1_0005_00001869_3000_0.tif,82-21,1,3280.0,32.8
O2021_82_20_1_0024_00005079_4000_11000.tif,82-20,2,O2021_82_21_1_0005_00001869_2000_0.tif,82-21,1,4920.0,49.2
O2021_82_20_1_0024_00005079_4000_11000.tif,82-20,2,O2021_82_21_1_0005_00001868_2000_5000.tif,82-21,1,2684.0,26.84
O2021_82_20_1_0024_00005079_4000_11000.tif,82-20,2,O2021_82_21_1_0005_00001868_3000_5000.tif,82-21,1,1716.0,17.16
O2021_82_20_1_0024_00005079_4000_11000.tif,82-20,2,O2021_82_21_1_0004_00002040_14000_5000.tif,82-21,1,2211.0,22.11
O2021_82_20_1_0024_00005079_4000_11000.tif,82-20,2,O2021_82_21_1_0004_00002040_13000_5000.tif,82-21,1,1089.0,10.89
O2021_82_20_1_0024_00005079_4000_11000.tif,82-20,2,O2021_82_21_1_0004_00002039_14000_0.tif,82-21,1,1140.0,11.4
O2021_82_20_1_0024_00005079_4000_11000.tif,82-20,2,O2021_82_21_1_0004_00002039_13000_0.tif,82-21,1,360.0,3.6
O2021_82_20_1_0024_00005079_4000_5000.tif,82-20,2,O2021_82_21_1_0005_00001868_3000_0.tif,82-21,1,2184.0,21.84
O2021_82_20_1_0024_00005079_4000_5000.tif,82-20,2,O2021_82_21_1_0005_00001868_2000_0.tif,82-21,1,3416.0,34.16
O2021_82_20_1_0024_00005079_4000_5000.tif,82-20,2,O2021_82_21_1_0004_00002040_14000_0.tif,82-21,1,4489.0,44.89
O2021_82_20_1_0024_00005079_4000_5000.tif,82-20,2,O2021_82_21_1_0004_00002040_13000_0.tif,82-21,1,2211.0,22.11
O2021_82_20_1_0024_00005079_4000_6000.tif,82-20,2,O2021_82_21_1_0005_00001868_3000_1000.tif,82-21,1,2184.0,21.84
O2021_82_20_1_0024_00005079_4000_6000.tif,82-20,2,O2021_82_21_1_0005_00001868_2000_1000.tif,82-21,1,3416.0,34.16
O2021_82_20_1_0024_00005079_4000_6000.tif,82-20,2,O2021_82_21_1_0004_00002040_13000_1000.tif,82-21,1,2211.0,22.11
O2021_82_20_1_0024_00005079_4000_6000.tif,82-20,2,O2021_82_21_1_0004_00002040_14000_1000.tif,82-21,1,4489.0,44.89
O2021_82_20_1_0024_00005079_4000_6000.tif,82-20,2,O2021_82_21_1_0005_00001868_3000_0.tif,82-21,1,1716.0,17.16
O2021_82_20_1_0024_00005079_4000_6000.tif,82-20,2,O2021_82_21_1_0005_00001868_2000_0.tif,82-21,1,2684.0,26.84
O2021_82_20_1_0024_00005079_4000_6000.tif,82-20,2,O2021_82_21_1_0004_00002040_14000_0.tif,82-21,1,2211.0,22.11
O2021_82_20_1_0024_00005079_4000_6000.tif,82-20,2,O2021_82_21_1_0004_00002040_13000_0.tif,82-21,1,1089.0,10.89
O2021_82_20_1_0024_00005079_4000_7000.tif,82-20,2,O2021_82_21_1_0005_00001868_3000_2000.tif,82-21,1,2184.0,21.84
O2021_82_20_1_0024_00005079_4000_7000.tif,82-20,2,O2021_82_21_1_0005_00001868_2000_2000.tif,82-21,1,3416.0,34.16
O2021_82_20_1_0024_00005079_4000_7000.tif,82-20,2,O2021_82_21_1_0004_00002040_14000_2000.tif,82-21,1,4489.0,44.89
O2021_82_20_1_0024_00005079_4000_7000.tif,82-20,2,O2021_82_21_1_0004_00002040_13000_2000.tif,82-21,1,2211.0,22.11
O2021_82_20_1_0024_00005079_4000_7000.tif,82-20,2,O2021_82_21_1_0005_00001868_3000_1000.tif,82-21,1,1716.0,17.16
O2021_82_20_1_0024_00005079_4000_7000.tif,82-20,2,O2021_82_21_1_0005_00001868_2000_1000.tif,82-21,1,2684.0,26.84
O2021_82_20_1_0024_00005079_4000_7000.tif,82-20,2,O2021_82_21_1_0004_00002040_13000_1000.tif,82-21,1,1089.0,10.89
O2021_82_20_1_0024_00005079_4000_7000.tif,82-20,2,O2021_82_21_1_0004_00002040_14000_1000.tif,82-21,1,2211.0,22.11
O2021_82_20_1_0024_00005079_4000_8000.tif,82-20,2,O2021_82_21_1_0005_00001868_2000_3000.tif,82-21,1,3416.0,34.16
O2021_82_20_1_0024_00005079_4000_8000.tif,82-20,2,O2021_82_21_1_0005_00001868_3000_3000.tif,82-21,1,2184.0,21.84
O2021_82_20_1_0024_00005079_4000_8000.tif,82-20,2,O2021_82_21_1_0004_00002040_13000_3000.tif,82-21,1,2211.0,22.11
O2021_82_20_1_0024_00005079_4000_8000.tif,82-20,2,O2021_82_21_1_0004_00002040_14000_3000.tif,82-21,1,4489.0,44.89
O2021_82_20_1_0024_00005079_4000_8000.tif,82-20,2,O2021_82_21_1_0005_00001868_3000_2000.tif,82-21,1,1716.0,17.16
O2021_82_20_1_0024_00005079_4000_8000.tif,82-20,2,O2021_82_21_1_0005_00001868_2000_2000.tif,82-21,1,2684.0,26.84
O2021_82_20_1_0024_00005079_4000_8000.tif,82-20,2,O2021_82_21_1_0004_00002040_14000_2000.tif,82-21,1,2211.0,22.11
O2021_82_20_1_0024_00005079_4000_8000.tif,82-20,2,O2021_82_21_1_0004_00002040_13000_2000.tif,82-21,1,1089.0,10.89
O2021_82_20_1_0024_00005079_4000_9000.tif,82-20,2,O2021_82_21_1_0005_00001868_2000_4000.tif,82-21,1,3416.0,34.16
O2021_82_20_1_0024_00005079_4000_9000.tif,82-20,2,O2021_82_21_1_0005_00001868_3000_4000.tif,82-21,1,2184.0,21.84
O2021_82_20_1_0024_00005079_4000_9000.tif,82-20,2,O2021_82_21_1_0004_00002040_13000_4000.tif,82-21,1,2211.0,22.11
O2021_82_20_1_0024_00005079_4000_9000.tif,82-20,2,O2021_82_21_1_0004_00002040_14000_4000.tif,82-21,1,4489.0,44.89
O2021_82_20_1_0024_00005079_4000_9000.tif,82-20,2,O2021_82_21_1_0005_00001868_2000_3000.tif,82-21,1,2684.0,26.84
O2021_82_20_1_0024_00005079_4000_9000.tif,82-20,2,O2021_82_21_1_0005_00001868_3000_3000.tif,82-21,1,1716.0,17.16
O2021_82_20_1_0024_00005079_4000_9000.tif,82-20,2,O2021_82_21_1_0004_00002040_13000_3000.tif,82-21,1,1089.0,10.89
O2021_82_20_1_0024_00005079_4000_9000.tif,82-20,2,O2021_82_21_1_0004_00002040_14000_3000.tif,82-21,1,2211.0,22.11
O2021_82_20_1_0024_00005079_5000_10000.tif,82-20,2,O2021_82_21_1_0005_00001868_4000_5000.tif,82-21,1,2184.0,21.84
O2021_82_20_1_0024_00005079_5000_10000.tif,82-20,2,O2021_82_21_1_0005_00001868_3000_5000.tif,82-21,1,3416.0,34.16
O2021_82_20_1_0024_00005079_5000_10000.tif,82-20,2,O2021_82_21_1_0004_00002040_14000_5000.tif,82-21,1,2211.0,22.11
O2021_82_20_1_0024_00005079_5000_10000.tif,82-20,2,O2021_82_21_1_0004_00002040_15000_5000.tif,82-21,1,4489.0,44.89
O2021_82_20_1_0024_00005079_5000_10000.tif,82-20,2,O2021_82_21_1_0004_00002039_15000_0.tif,82-21,1,6460.0,64.6
O2021_82_20_1_0024_00005079_5000_10000.tif,82-20,2,O2021_82_21_1_0004_00002039_14000_0.tif,82-21,1,2040.0,20.4
O2021_82_20_1_0024_00005079_5000_10000.tif,82-20,2,O2021_82_21_1_0005_00001868_3000_4000.tif,82-21,1,2684.0,26.84
O2021_82_20_1_0024_00005079_5000_10000.tif,82-20,2,O2021_82_21_1_0005_00001868_4000_4000.tif,82-21,1,1716.0,17.16
O2021_82_20_1_0024_00005079_5000_10000.tif,82-20,2,O2021_82_21_1_0004_00002040_15000_4000.tif,82-21,1,2211.0,22.11
O2021_82_20_1_0024_00005079_5000_10000.tif,82-20,2,O2021_82_21_1_0004_00002040_14000_4000.tif,82-21,1,1089.0,10.89
O2021_82_20_1_0024_00005079_5000_11000.tif,82-20,2,O2021_82_21_1_0005_00001868_3000_6000.tif,82-21,1,3416.0,34.16
O2021_82_20_1_0024_00005079_5000_11000.tif,82-20,2,O2021_82_21_1_0005_00001868_4000_6000.tif,82-21,1,2184.0,21.84
O2021_82_20_1_0024_00005079_5000_11000.tif,82-20,2,O2021_82_21_1_0004_00002040_15000_6000.tif,82-21,1,4489.0,44.89
O2021_82_20_1_0024_00005079_5000_11000.tif,82-20,2,O2021_82_21_1_0004_00002040_14000_6000.tif,82-21,1,2211.0,22.11
O2021_82_20_1_0024_00005079_5000_11000.tif,82-20,2,O2021_82_21_1_0005_00001869_3000_0.tif,82-21,1,4920.0,49.2
O2021_82_20_1_0024_00005079_5000_11000.tif,82-20,2,O2021_82_21_1_0005_00001869_4000_0.tif,82-21,1,3280.0,32.8
O2021_82_20_1_0024_00005079_5000_11000.tif,82-20,2,O2021_82_21_1_0005_00001868_4000_5000.tif,82-21,1,1716.0,17.16
O2021_82_20_1_0024_00005079_5000_11000.tif,82-20,2,O2021_82_21_1_0005_00001868_3000_5000.tif,82-21,1,2684.0,26.84
O2021_82_20_1_0024_00005079_5000_11000.tif,82-20,2,O2021_82_21_1_0004_00002040_14000_5000.tif,82-21,1,1089.0,10.89
O2021_82_20_1_0024_00005079_5000_11000.tif,82-20,2,O2021_82_21_1_0004_00002040_15000_5000.tif,82-21,1,2211.0,22.11
O2021_82_20_1_0024_00005079_5000_11000.tif,82-20,2,O2021_82_21_1_0004_00002039_15000_0.tif,82-21,1,1140.0,11.4
O2021_82_20_1_0024_00005079_5000_11000.tif,82-20,2,O2021_82_21_1_0004_00002039_14000_0.tif,82-21,1,360.0,3.6
O2021_82_20_1_0024_00005079_5000_5000.tif,82-20,2,O2021_82_21_1_0005_00001868_3000_0.tif,82-21,1,3416.0,34.16
O2021_82_20_1_0024_00005079_5000_5000.tif,82-20,2,O2021_82_21_1_0005_00001868_4000_0.tif,82-21,1,2184.0,21.84
O2021_82_20_1_0024_00005079_5000_5000.tif,82-20,2,O2021_82_21_1_0004_00002040_14000_0.tif,82-21,1,2211.0,22.11
O2021_82_20_1_0024_00005079_5000_5000.tif,82-20,2,O2021_82_21_1_0004_00002040_15000_0.tif,82-21,1,4489.0,44.89
O2021_82_20_1_0024_00005079_5000_6000.tif,82-20,2,O2021_82_21_1_0005_00001868_4000_1000.tif,82-21,1,2184.0,21.84
O2021_82_20_1_0024_00005079_5000_6000.tif,82-20,2,O2021_82_21_1_0005_00001868_3000_1000.tif,82-21,1,3416.0,34.16
O2021_82_20_1_0024_00005079_5000_6000.tif,82-20,2,O2021_82_21_1_0004_00002040_14000_1000.tif,82-21,1,2211.0,22.11
O2021_82_20_1_0024_00005079_5000_6000.tif,82-20,2,O2021_82_21_1_0004_00002040_15000_1000.tif,82-21,1,4489.0,44.89
O2021_82_20_1_0024_00005079_5000_6000.tif,82-20,2,O2021_82_21_1_0005_00001868_3000_0.tif,82-21,1,2684.0,26.84
O2021_82_20_1_0024_00005079_5000_6000.tif,82-20,2,O2021_82_21_1_0005_00001868_4000_0.tif,82-21,1,1716.0,17.16
O2021_82_20_1_0024_00005079_5000_6000.tif,82-20,2,O2021_82_21_1_0004_00002040_14000_0.tif,82-21,1,1089.0,10.89
O2021_82_20_1_0024_00005079_5000_6000.tif,82-20,2,O2021_82_21_1_0004_00002040_15000_0.tif,82-21,1,2211.0,22.11
O2021_82_20_1_0024_00005079_5000_7000.tif,82-20,2,O2021_82_21_1_0005_00001868_4000_2000.tif,82-21,1,2184.0,21.84
O2021_82_20_1_0024_00005079_5000_7000.tif,82-20,2,O2021_82_21_1_0005_00001868_3000_2000.tif,82-21,1,3416.0,34.16
O2021_82_20_1_0024_00005079_5000_7000.tif,82-20,2,O2021_82_21_1_0004_00002040_14000_2000.tif,82-21,1,2211.0,22.11
O2021_82_20_1_0024_00005079_5000_7000.tif,82-20,2,O2021_82_21_1_0004_00002040_15000_2000.tif,82-21,1,4489.0,44.89
O2021_82_20_1_0024_00005079_5000_7000.tif,82-20,2,O2021_82_21_1_0005_00001868_4000_1000.tif,82-21,1,1716.0,17.16
O2021_82_20_1_0024_00005079_5000_7000.tif,82-20,2,O2021_82_21_1_0005_00001868_3000_1000.tif,82-21,1,2684.0,26.84
O2021_82_20_1_0024_00005079_5000_7000.tif,82-20,2,O2021_82_21_1_0004_00002040_14000_1000.tif,82-21,1,1089.0,10.89
O2021_82_20_1_0024_00005079_5000_7000.tif,82-20,2,O2021_82_21_1_0004_00002040_15000_1000.tif,82-21,1,2211.0,22.11
O2021_82_20_1_0024_00005079_5000_8000.tif,82-20,2,O2021_82_21_1_0005_00001868_3000_3000.tif,82-21,1,3416.0,34.16
O2021_82_20_1_0024_00005079_5000_8000.tif,82-20,2,O2021_82_21_1_0005_00001868_4000_3000.tif,82-21,1,2184.0,21.84
O2021_82_20_1_0024_00005079_5000_8000.tif,82-20,2,O2021_82_21_1_0004_00002040_15000_3000.tif,82-21,1,4489.0,44.89
O2021_82_20_1_0024_00005079_5000_8000.tif,82-20,2,O2021_82_21_1_0004_00002040_14000_3000.tif,82-21,1,2211.0,22.11
O2021_82_20_1_0024_00005079_5000_8000.tif,82-20,2,O2021_82_21_1_0005_00001868_4000_2000.tif,82-21,1,1716.0,17.16
O2021_82_20_1_0024_00005079_5000_8000.tif,82-20,2,O2021_82_21_1_0005_00001868_3000_2000.tif,82-21,1,2684.0,26.84
O2021_82_20_1_0024_00005079_5000_8000.tif,82-20,2,O2021_82_21_1_0004_00002040_14000_2000.tif,82-21,1,1089.0,10.89
O2021_82_20_1_0024_00005079_5000_8000.tif,82-20,2,O2021_82_21_1_0004_00002040_15000_2000.tif,82-21,1,2211.0,22.11
O2021_82_20_1_0024_00005079_5000_9000.tif,82-20,2,O2021_82_21_1_0005_00001868_3000_4000.tif,82-21,1,3416.0,34.16
O2021_82_20_1_0024_00005079_5000_9000.tif,82-20,2,O2021_82_21_1_0005_00001868_4000_4000.tif,82-21,1,2184.0,21.84
O2021_82_20_1_0024_00005079_5000_9000.tif,82-20,2,O2021_82_21_1_0004_00002040_15000_4000.tif,82-21,1,4489.0,44.89
O2021_82_20_1_0024_00005079_5000_9000.tif,82-20,2,O2021_82_21_1_0004_00002040_14000_4000.tif,82-21,1,2211.0,22.11
O2021_82_20_1_0024_00005079_5000_9000.tif,82-20,2,O2021_82_21_1_0005_00001868_3000_3000.tif,82-21,1,2684.0,26.84
O2021_82_20_1_0024_00005079_5000_9000.tif,82-20,2,O2021_82_21_1_0005_00001868_4000_3000.tif,82-21,1,1716.0,17.16
O2021_82_20_1_0024_00005079_5000_9000.tif,82-20,2,O2021_82_21_1_0004_00002040_15000_3000.tif,82-21,1,2211.0,22.11
O2021_82_20_1_0024_00005079_5000_9000.tif,82-20,2,O2021_82_21_1_0004_00002040_14000_3000.tif,82-21,1,1089.0,10.89
O2021_82_20_1_0024_00005079_6000_10000.tif,82-20,2,O2021_82_21_1_0005_00001868_4000_5000.tif,82-21,1,3416.0,34.16
O2021_82_20_1_0024_00005079_6000_10000.tif,82-20,2,O2021_82_21_1_0005_00001868_5000_5000.tif,82-21,1,2184.0,21.84
O2021_82_20_1_0024_00005079_6000_10000.tif,82-20,2,O2021_82_21_1_0004_00002040_16000_5000.tif,82-21,1,4489.0,44.89
O2021_82_20_1_0024_00005079_6000_10000.tif,82-20,2,O2021_82_21_1_0004_00002040_15000_5000.tif,82-21,1,2211.0,22.11
O2021_82_20_1_0024_00005079_6000_10000.tif,82-20,2,O2021_82_21_1_0004_00002039_15000_0.tif,82-21,1,2040.0,20.4
O2021_82_20_1_0024_00005079_6000_10000.tif,82-20,2,O2021_82_21_1_0004_00002039_16000_0.tif,82-21,1,6460.0,64.6
O2021_82_20_1_0024_00005079_6000_10000.tif,82-20,2,O2021_82_21_1_0005_00001868_4000_4000.tif,82-21,1,2684.0,26.84
O2021_82_20_1_0024_00005079_6000_10000.tif,82-20,2,O2021_82_21_1_0005_00001868_5000_4000.tif,82-21,1,1716.0,17.16
O2021_82_20_1_0024_00005079_6000_10000.tif,82-20,2,O2021_82_21_1_0004_00002040_16000_4000.tif,82-21,1,2211.0,22.11
O2021_82_20_1_0024_00005079_6000_10000.tif,82-20,2,O2021_82_21_1_0004_00002040_15000_4000.tif,82-21,1,1089.0,10.89
O2021_82_20_1_0024_00005079_6000_11000.tif,82-20,2,O2021_82_21_1_0005_00001868_5000_6000.tif,82-21,1,2184.0,21.84
O2021_82_20_1_0024_00005079_6000_11000.tif,82-20,2,O2021_82_21_1_0005_00001868_4000_6000.tif,82-21,1,3416.0,34.16
O2021_82_20_1_0024_00005079_6000_11000.tif,82-20,2,O2021_82_21_1_0004_00002040_15000_6000.tif,82-21,1,2211.0,22.11
O2021_82_20_1_0024_00005079_6000_11000.tif,82-20,2,O2021_82_21_1_0004_00002040_16000_6000.tif,82-21,1,4489.0,44.89
O2021_82_20_1_0024_00005079_6000_11000.tif,82-20,2,O2021_82_21_1_0005_00001869_5000_0.tif,82-21,1,3280.0,32.8
O2021_82_20_1_0024_00005079_6000_11000.tif,82-20,2,O2021_82_21_1_0005_00001869_4000_0.tif,82-21,1,4920.0,49.2
O2021_82_20_1_0024_00005079_6000_11000.tif,82-20,2,O2021_82_21_1_0005_00001868_4000_5000.tif,82-21,1,2684.0,26.84
O2021_82_20_1_0024_00005079_6000_11000.tif,82-20,2,O2021_82_21_1_0005_00001868_5000_5000.tif,82-21,1,1716.0,17.16
O2021_82_20_1_0024_00005079_6000_11000.tif,82-20,2,O2021_82_21_1_0004_00002040_16000_5000.tif,82-21,1,2211.0,22.11
O2021_82_20_1_0024_00005079_6000_11000.tif,82-20,2,O2021_82_21_1_0004_00002040_15000_5000.tif,82-21,1,1089.0,10.89
O2021_82_20_1_0024_00005079_6000_11000.tif,82-20,2,O2021_82_21_1_0004_00002039_15000_0.tif,82-21,1,360.0,3.6
O2021_82_20_1_0024_00005079_6000_11000.tif,82-20,2,O2021_82_21_1_0004_00002039_16000_0.tif,82-21,1,1140.0,11.4
O2021_82_20_1_0024_00005079_6000_5000.tif,82-20,2,O2021_82_21_1_0005_00001868_4000_0.tif,82-21,1,3416.0,34.16
O2021_82_20_1_0024_00005079_6000_5000.tif,82-20,2,O2021_82_21_1_0005_00001868_5000_0.tif,82-21,1,2184.0,21.84
O2021_82_20_1_0024_00005079_6000_5000.tif,82-20,2,O2021_82_21_1_0004_00002040_16000_0.tif,82-21,1,4489.0,44.89
O2021_82_20_1_0024_00005079_6000_5000.tif,82-20,2,O2021_82_21_1_0004_00002040_15000_0.tif,82-21,1,2211.0,22.11
O2021_82_20_1_0024_00005079_6000_6000.tif,82-20,2,O2021_82_21_1_0005_00001868_4000_1000.tif,82-21,1,3416.0,34.16
O2021_82_20_1_0024_00005079_6000_6000.tif,82-20,2,O2021_82_21_1_0005_00001868_5000_1000.tif,82-21,1,2184.0,21.84
O2021_82_20_1_0024_00005079_6000_6000.tif,82-20,2,O2021_82_21_1_0004_00002040_15000_1000.tif,82-21,1,2211.0,22.11
O2021_82_20_1_0024_00005079_6000_6000.tif,82-20,2,O2021_82_21_1_0004_00002040_16000_1000.tif,82-21,1,4489.0,44.89
O2021_82_20_1_0024_00005079_6000_6000.tif,82-20,2,O2021_82_21_1_0005_00001868_4000_0.tif,82-21,1,2684.0,26.84
O2021_82_20_1_0024_00005079_6000_6000.tif,82-20,2,O2021_82_21_1_0005_00001868_5000_0.tif,82-21,1,1716.0,17.16
O2021_82_20_1_0024_00005079_6000_6000.tif,82-20,2,O2021_82_21_1_0004_00002040_16000_0.tif,82-21,1,2211.0,22.11
O2021_82_20_1_0024_00005079_6000_6000.tif,82-20,2,O2021_82_21_1_0004_00002040_15000_0.tif,82-21,1,1089.0,10.89
O2021_82_20_1_0024_00005079_6000_7000.tif,82-20,2,O2021_82_21_1_0005_00001868_4000_2000.tif,82-21,1,3416.0,34.16
O2021_82_20_1_0024_00005079_6000_7000.tif,82-20,2,O2021_82_21_1_0005_00001868_5000_2000.tif,82-21,1,2184.0,21.84
O2021_82_20_1_0024_00005079_6000_7000.tif,82-20,2,O2021_82_21_1_0004_00002040_15000_2000.tif,82-21,1,2211.0,22.11
O2021_82_20_1_0024_00005079_6000_7000.tif,82-20,2,O2021_82_21_1_0004_00002040_16000_2000.tif,82-21,1,4489.0,44.89
O2021_82_20_1_0024_00005079_6000_7000.tif,82-20,2,O2021_82_21_1_0005_00001868_4000_1000.tif,82-21,1,2684.0,26.84
O2021_82_20_1_0024_00005079_6000_7000.tif,82-20,2,O2021_82_21_1_0005_00001868_5000_1000.tif,82-21,1,1716.0,17.16
O2021_82_20_1_0024_00005079_6000_7000.tif,82-20,2,O2021_82_21_1_0004_00002040_15000_1000.tif,82-21,1,1089.0,10.89
O2021_82_20_1_0024_00005079_6000_7000.tif,82-20,2,O2021_82_21_1_0004_00002040_16000_1000.tif,82-21,1,2211.0,22.11
O2021_82_20_1_0024_00005079_6000_8000.tif,82-20,2,O2021_82_21_1_0005_00001868_4000_3000.tif,82-21,1,3416.0,34.16
O2021_82_20_1_0024_00005079_6000_8000.tif,82-20,2,O2021_82_21_1_0005_00001868_5000_3000.tif,82-21,1,2184.0,21.84
O2021_82_20_1_0024_00005079_6000_8000.tif,82-20,2,O2021_82_21_1_0004_00002040_16000_3000.tif,82-21,1,4489.0,44.89
O2021_82_20_1_0024_00005079_6000_8000.tif,82-20,2,O2021_82_21_1_0004_00002040_15000_3000.tif,82-21,1,2211.0,22.11
O2021_82_20_1_0024_00005079_6000_8000.tif,82-20,2,O2021_82_21_1_0005_00001868_4000_2000.tif,82-21,1,2684.0,26.84
O2021_82_20_1_0024_00005079_6000_8000.tif,82-20,2,O2021_82_21_1_0005_00001868_5000_2000.tif,82-21,1,1716.0,17.16
O2021_82_20_1_0024_00005079_6000_8000.tif,82-20,2,O2021_82_21_1_0004_00002040_15000_2000.tif,82-21,1,1089.0,10.89
O2021_82_20_1_0024_00005079_6000_8000.tif,82-20,2,O2021_82_21_1_0004_00002040_16000_2000.tif,82-21,1,2211.0,22.11
O2021_82_20_1_0024_00005079_6000_9000.tif,82-20,2,O2021_82_21_1_0005_00001868_4000_4000.tif,82-21,1,3416.0,34.16
O2021_82_20_1_0024_00005079_6000_9000.tif,82-20,2,O2021_82_21_1_0005_00001868_5000_4000.tif,82-21,1,2184.0,21.84
O2021_82_20_1_0024_00005079_6000_9000.tif,82-20,2,O2021_82_21_1_0004_00002040_16000_4000.tif,82-21,1,4489.0,44.89
O2021_82_20_1_0024_00005079_6000_9000.tif,82-20,2,O2021_82_21_1_0004_00002040_15000_4000.tif,82-21,1,2211.0,22.11
O2021_82_20_1_0024_00005079_6000_9000.tif,82-20,2,O2021_82_21_1_0005_00001868_4000_3000.tif,82-21,1,2684.0,26.84
O2021_82_20_1_0024_00005079_6000_9000.tif,82-20,2,O2021_82_21_1_0005_00001868_5000_3000.tif,82-21,1,1716.0,17.16
O2021_82_20_1_0024_00005079_6000_9000.tif,82-20,2,O2021_82_21_1_0004_00002040_16000_3000.tif,82-21,1,2211.0,22.11
O2021_82_20_1_0024_00005079_6000_9000.tif,82-20,2,O2021_82_21_1_0004_00002040_15000_3000.tif,82-21,1,1089.0,10.89
O2021_82_20_1_0024_00005079_7000_10000.tif,82-20,2,O2021_82_21_1_0005_00001868_6000_5000.tif,82-21,1,2184.0,21.84
O2021_82_20_1_0024_00005079_7000_10000.tif,82-20,2,O2021_82_21_1_0005_00001868_5000_5000.tif,82-21,1,3416.0,34.16
O2021_82_20_1_0024_00005079_7000_10000.tif,82-20,2,O2021_82_21_1_0004_00002040_16000_5000.tif,82-21,1,2211.0,22.11
O2021_82_20_1_0024_00005079_7000_10000.tif,82-20,2,O2021_82_21_1_0004_00002039_16000_0.tif,82-21,1,2040.0,20.4
O2021_82_20_1_0024_00005079_7000_10000.tif,82-20,2,O2021_82_21_1_0005_00001868_5000_4000.tif,82-21,1,2684.0,26.84
O2021_82_20_1_0024_00005079_7000_10000.tif,82-20,2,O2021_82_21_1_0005_00001868_6000_4000.tif,82-21,1,1716.0,17.16
O2021_82_20_1_0024_00005079_7000_10000.tif,82-20,2,O2021_82_21_1_0004_00002040_16000_4000.tif,82-21,1,1089.0,10.89
O2021_82_20_1_0024_00005079_7000_11000.tif,82-20,2,O2021_82_21_1_0005_00001868_6000_6000.tif,82-21,1,2184.0,21.84
O2021_82_20_1_0024_00005079_7000_11000.tif,82-20,2,O2021_82_21_1_0005_00001868_5000_6000.tif,82-21,1,3416.0,34.16
O2021_82_20_1_0024_00005079_7000_11000.tif,82-20,2,O2021_82_21_1_0004_00002040_16000_6000.tif,82-21,1,2211.0,22.11
O2021_82_20_1_0024_00005079_7000_11000.tif,82-20,2,O2021_82_21_1_0005_00001869_6000_0.tif,82-21,1,3280.0,32.8
O2021_82_20_1_0024_00005079_7000_11000.tif,82-20,2,O2021_82_21_1_0005_00001869_5000_0.tif,82-21,1,4920.0,49.2
O2021_82_20_1_0024_00005079_7000_11000.tif,82-20,2,O2021_82_21_1_0005_00001868_6000_5000.tif,82-21,1,1716.0,17.16
O2021_82_20_1_0024_00005079_7000_11000.tif,82-20,2,O2021_82_21_1_0005_00001868_5000_5000.tif,82-21,1,2684.0,26.84
O2021_82_20_1_0024_00005079_7000_11000.tif,82-20,2,O2021_82_21_1_0004_00002040_16000_5000.tif,82-21,1,1089.0,10.89
O2021_82_20_1_0024_00005079_7000_11000.tif,82-20,2,O2021_82_21_1_0004_00002039_16000_0.tif,82-21,1,360.0,3.6
O2021_82_20_1_0024_00005079_7000_5000.tif,82-20,2,O2021_82_21_1_0005_00001868_6000_0.tif,82-21,1,2184.0,21.84
O2021_82_20_1_0024_00005079_7000_5000.tif,82-20,2,O2021_82_21_1_0005_00001868_5000_0.tif,82-21,1,3416.0,34.16
O2021_82_20_1_0024_00005079_7000_5000.tif,82-20,2,O2021_82_21_1_0004_00002040_16000_0.tif,82-21,1,2211.0,22.11
O2021_82_20_1_0024_00005079_7000_6000.tif,82-20,2,O2021_82_21_1_0005_00001868_6000_1000.tif,82-21,1,2184.0,21.84
O2021_82_20_1_0024_00005079_7000_6000.tif,82-20,2,O2021_82_21_1_0005_00001868_5000_1000.tif,82-21,1,3416.0,34.16
O2021_82_20_1_0024_00005079_7000_6000.tif,82-20,2,O2021_82_21_1_0004_00002040_16000_1000.tif,82-21,1,2211.0,22.11
O2021_82_20_1_0024_00005079_7000_6000.tif,82-20,2,O2021_82_21_1_0005_00001868_6000_0.tif,82-21,1,1716.0,17.16
O2021_82_20_1_0024_00005079_7000_6000.tif,82-20,2,O2021_82_21_1_0005_00001868_5000_0.tif,82-21,1,2684.0,26.84
O2021_82_20_1_0024_00005079_7000_6000.tif,82-20,2,O2021_82_21_1_0004_00002040_16000_0.tif,82-21,1,1089.0,10.89
O2021_82_20_1_0024_00005079_7000_7000.tif,82-20,2,O2021_82_21_1_0005_00001868_6000_2000.tif,82-21,1,2184.0,21.84
O2021_82_20_1_0024_00005079_7000_7000.tif,82-20,2,O2021_82_21_1_0005_00001868_5000_2000.tif,82-21,1,3416.0,34.16
O2021_82_20_1_0024_00005079_7000_7000.tif,82-20,2,O2021_82_21_1_0004_00002040_16000_2000.tif,82-21,1,2211.0,22.11
O2021_82_20_1_0024_00005079_7000_7000.tif,82-20,2,O2021_82_21_1_0005_00001868_6000_1000.tif,82-21,1,1716.0,17.16
O2021_82_20_1_0024_00005079_7000_7000.tif,82-20,2,O2021_82_21_1_0005_00001868_5000_1000.tif,82-21,1,2684.0,26.84
O2021_82_20_1_0024_00005079_7000_7000.tif,82-20,2,O2021_82_21_1_0004_00002040_16000_1000.tif,82-21,1,1089.0,10.89
O2021_82_20_1_0024_00005079_7000_8000.tif,82-20,2,O2021_82_21_1_0005_00001868_6000_3000.tif,82-21,1,2184.0,21.84
O2021_82_20_1_0024_00005079_7000_8000.tif,82-20,2,O2021_82_21_1_0005_00001868_5000_3000.tif,82-21,1,3416.0,34.16
O2021_82_20_1_0024_00005079_7000_8000.tif,82-20,2,O2021_82_21_1_0004_00002040_16000_3000.tif,82-21,1,2211.0,22.11
O2021_82_20_1_0024_00005079_7000_8000.tif,82-20,2,O2021_82_21_1_0005_00001868_6000_2000.tif,82-21,1,1716.0,17.16
O2021_82_20_1_0024_00005079_7000_8000.tif,82-20,2,O2021_82_21_1_0005_00001868_5000_2000.tif,82-21,1,2684.0,26.84
O2021_82_20_1_0024_00005079_7000_8000.tif,82-20,2,O2021_82_21_1_0004_00002040_16000_2000.tif,82-21,1,1089.0,10.89
O2021_82_20_1_0024_00005079_7000_9000.tif,82-20,2,O2021_82_21_1_0005_00001868_5000_4000.tif,82-21,1,3416.0,34.16
O2021_82_20_1_0024_00005079_7000_9000.tif,82-20,2,O2021_82_21_1_0005_00001868_6000_4000.tif,82-21,1,2184.0,21.84
O2021_82_20_1_0024_00005079_7000_9000.tif,82-20,2,O2021_82_21_1_0004_00002040_16000_4000.tif,82-21,1,2211.0,22.11
O2021_82_20_1_0024_00005079_7000_9000.tif,82-20,2,O2021_82_21_1_0005_00001868_6000_3000.tif,82-21,1,1716.0,17.16
O2021_82_20_1_0024_00005079_7000_9000.tif,82-20,2,O2021_82_21_1_0005_00001868_5000_3000.tif,82-21,1,2684.0,26.84
O2021_82_20_1_0024_00005079_7000_9000.tif,82-20,2,O2021_82_21_1_0004_00002040_16000_3000.tif,82-21,1,1089.0,10.89
O2021_82_20_1_0024_00005079_8000_10000.tif,82-20,2,O2021_82_21_1_0005_00001868_6000_5000.tif,82-21,1,3416.0,34.16
O2021_82_20_1_0024_00005079_8000_10000.tif,82-20,2,O2021_82_21_1_0005_00001868_7000_5000.tif,82-21,1,2184.0,21.84
O2021_82_20_1_0024_00005079_8000_10000.tif,82-20,2,O2021_82_21_1_0005_00001868_7000_4000.tif,82-21,1,1716.0,17.16
O2021_82_20_1_0024_00005079_8000_10000.tif,82-20,2,O2021_82_21_1_0005_00001868_6000_4000.tif,82-21,1,2684.0,26.84
O2021_82_20_1_0024_00005079_8000_11000.tif,82-20,2,O2021_82_21_1_0005_00001868_7000_6000.tif,82-21,1,2184.0,21.84
O2021_82_20_1_0024_00005079_8000_11000.tif,82-20,2,O2021_82_21_1_0005_00001868_6000_6000.tif,82-21,1,3416.0,34.16
O2021_82_20_1_0024_00005079_8000_11000.tif,82-20,2,O2021_82_21_1_0005_00001869_6000_0.tif,82-21,1,4920.0,49.2
O2021_82_20_1_0024_00005079_8000_11000.tif,82-20,2,O2021_82_21_1_0005_00001869_7000_0.tif,82-21,1,3280.0,32.8
O2021_82_20_1_0024_00005079_8000_11000.tif,82-20,2,O2021_82_21_1_0005_00001868_6000_5000.tif,82-21,1,2684.0,26.84
O2021_82_20_1_0024_00005079_8000_11000.tif,82-20,2,O2021_82_21_1_0005_00001868_7000_5000.tif,82-21,1,1716.0,17.16
O2021_82_20_1_0024_00005079_8000_5000.tif,82-20,2,O2021_82_21_1_0005_00001868_7000_0.tif,82-21,1,2184.0,21.84
O2021_82_20_1_0024_00005079_8000_5000.tif,82-20,2,O2021_82_21_1_0005_00001868_6000_0.tif,82-21,1,3416.0,34.16
O2021_82_20_1_0024_00005079_8000_6000.tif,82-20,2,O2021_82_21_1_0005_00001868_7000_1000.tif,82-21,1,2184.0,21.84
O2021_82_20_1_0024_00005079_8000_6000.tif,82-20,2,O2021_82_21_1_0005_00001868_6000_1000.tif,82-21,1,3416.0,34.16
O2021_82_20_1_0024_00005079_8000_6000.tif,82-20,2,O2021_82_21_1_0005_00001868_7000_0.tif,82-21,1,1716.0,17.16
O2021_82_20_1_0024_00005079_8000_6000.tif,82-20,2,O2021_82_21_1_0005_00001868_6000_0.tif,82-21,1,2684.0,26.84
O2021_82_20_1_0024_00005079_8000_7000.tif,82-20,2,O2021_82_21_1_0005_00001868_6000_2000.tif,82-21,1,3416.0,34.16
O2021_82_20_1_0024_00005079_8000_7000.tif,82-20,2,O2021_82_21_1_0005_00001868_7000_2000.tif,82-21,1,2184.0,21.84
O2021_82_20_1_0024_00005079_8000_7000.tif,82-20,2,O2021_82_21_1_0005_00001868_7000_1000.tif,82-21,1,1716.0,17.16
O2021_82_20_1_0024_00005079_8000_7000.tif,82-20,2,O2021_82_21_1_0005_00001868_6000_1000.tif,82-21,1,2684.0,26.84
O2021_82_20_1_0024_00005079_8000_8000.tif,82-20,2,O2021_82_21_1_0005_00001868_6000_3000.tif,82-21,1,3416.0,34.16
O2021_82_20_1_0024_00005079_8000_8000.tif,82-20,2,O2021_82_21_1_0005_00001868_7000_3000.tif,82-21,1,2184.0,21.84
O2021_82_20_1_0024_00005079_8000_8000.tif,82-20,2,O2021_82_21_1_0005_00001868_6000_2000.tif,82-21,1,2684.0,26.84
O2021_82_20_1_0024_00005079_8000_8000.tif,82-20,2,O2021_82_21_1_0005_00001868_7000_2000.tif,82-21,1,1716.0,17.16
O2021_82_20_1_0024_00005079_8000_9000.tif,82-20,2,O2021_82_21_1_0005_00001868_7000_4000.tif,82-21,1,2184.0,21.84
O2021_82_20_1_0024_00005079_8000_9000.tif,82-20,2,O2021_82_21_1_0005_00001868_6000_4000.tif,82-21,1,3416.0,34.16
O2021_82_20_1_0024_00005079_8000_9000.tif,82-20,2,O2021_82_21_1_0005_00001868_6000_3000.tif,82-21,1,2684.0,26.84
O2021_82_20_1_0024_00005079_8000_9000.tif,82-20,2,O2021_82_21_1_0005_00001868_7000_3000.tif,82-21,1,1716.0,17.16
O2021_82_20_1_0024_00005079_9000_10000.tif,82-20,2,O2021_82_21_1_0005_00001868_8000_5000.tif,82-21,1,2184.0,21.84
O2021_82_20_1_0024_00005079_9000_10000.tif,82-20,2,O2021_82_21_1_0005_00001868_7000_5000.tif,82-21,1,3416.0,34.16
O2021_82_20_1_0024_00005079_9000_10000.tif,82-20,2,O2021_82_21_1_0005_00001868_8000_4000.tif,82-21,1,1716.0,17.16
O2021_82_20_1_0024_00005079_9000_10000.tif,82-20,2,O2021_82_21_1_0005_00001868_7000_4000.tif,82-21,1,2684.0,26.84
O2021_82_20_1_0024_00005079_9000_11000.tif,82-20,2,O2021_82_21_1_0005_00001868_8000_6000.tif,82-21,1,2184.0,21.84
O2021_82_20_1_0024_00005079_9000_11000.tif,82-20,2,O2021_82_21_1_0005_00001868_7000_6000.tif,82-21,1,3416.0,34.16
O2021_82_20_1_0024_00005079_9000_11000.tif,82-20,2,O2021_82_21_1_0005_00001869_7000_0.tif,82-21,1,4920.0,49.2
O2021_82_20_1_0024_00005079_9000_11000.tif,82-20,2,O2021_82_21_1_0005_00001869_8000_0.tif,82-21,1,3280.0,32.8
O2021_82_20_1_0024_00005079_9000_11000.tif,82-20,2,O2021_82_21_1_0005_00001868_8000_5000.tif,82-21,1,1716.0,17.16
O2021_82_20_1_0024_00005079_9000_11000.tif,82-20,2,O2021_82_21_1_0005_00001868_7000_5000.tif,82-21,1,2684.0,26.84
O2021_82_20_1_0024_00005079_9000_5000.tif,82-20,2,O2021_82_21_1_0005_00001868_8000_0.tif,82-21,1,2184.0,21.84
O2021_82_20_1_0024_00005079_9000_5000.tif,82-20,2,O2021_82_21_1_0005_00001868_7000_0.tif,82-21,1,3416.0,34.16
O2021_82_20_1_0024_00005079_9000_6000.tif,82-20,2,O2021_82_21_1_0005_00001868_7000_1000.tif,82-21,1,3416.0,34.16
O2021_82_20_1_0024_00005079_9000_6000.tif,82-20,2,O2021_82_21_1_0005_00001868_8000_1000.tif,82-21,1,2184.0,21.84
O2021_82_20_1_0024_00005079_9000_6000.tif,82-20,2,O2021_82_21_1_0005_00001868_8000_0.tif,82-21,1,1716.0,17.16
O2021_82_20_1_0024_00005079_9000_6000.tif,82-20,2,O2021_82_21_1_0005_00001868_7000_0.tif,82-21,1,2684.0,26.84
O2021_82_20_1_0024_00005079_9000_7000.tif,82-20,2,O2021_82_21_1_0005_00001868_8000_2000.tif,82-21,1,2184.0,21.84
O2021_82_20_1_0024_00005079_9000_7000.tif,82-20,2,O2021_82_21_1_0005_00001868_7000_2000.tif,82-21,1,3416.0,34.16
O2021_82_20_1_0024_00005079_9000_7000.tif,82-20,2,O2021_82_21_1_0005_00001868_7000_1000.tif,82-21,1,2684.0,26.84
O2021_82_20_1_0024_00005079_9000_7000.tif,82-20,2,O2021_82_21_1_0005_00001868_8000_1000.tif,82-21,1,1716.0,17.16
O2021_82_20_1_0024_00005079_9000_8000.tif,82-20,2,O2021_82_21_1_0005_00001868_8000_3000.tif,82-21,1,2184.0,21.84
O2021_82_20_1_0024_00005079_9000_8000.tif,82-20,2,O2021_82_21_1_0005_00001868_7000_3000.tif,82-21,1,3416.0,34.16
O2021_82_20_1_0024_00005079_9000_8000.tif,82-20,2,O2021_82_21_1_0005_00001868_8000_2000.tif,82-21,1,1716.0,17.16
O2021_82_20_1_0024_00005079_9000_8000.tif,82-20,2,O2021_82_21_1_0005_00001868_7000_2000.tif,82-21,1,2684.0,26.84
O2021_82_20_1_0024_00005079_9000_9000.tif,82-20,2,O2021_82_21_1_0005_00001868_8000_4000.tif,82-21,1,2184.0,21.84
O2021_82_20_1_0024_00005079_9000_9000.tif,82-20,2,O2021_82_21_1_0005_00001868_7000_4000.tif,82-21,1,3416.0,34.16
O2021_82_20_1_0024_00005079_9000_9000.tif,82-20,2,O2021_82_21_1_0005_00001868_8000_3000.tif,82-21,1,1716.0,17.16
O2021_82_20_1_0024_00005079_9000_9000.tif,82-20,2,O2021_82_21_1_0005_00001868_7000_3000.tif,82-21,1,2684.0,26.84
O2021_82_20_1_0024_00005080_0_10000.tif,82-20,2,O2021_82_21_1_0004_00002040_9000_0.tif,82-21,1,1190.0,11.9
O2021_82_20_1_0024_00005080_0_10000.tif,82-20,2,O2021_82_21_1_0004_00002040_10000_0.tif,82-21,1,2310.0,23.1
O2021_82_20_1_0024_00005080_0_11000.tif,82-20,2,O2021_82_21_1_0004_00002040_9000_1000.tif,82-21,1,1190.0,11.9
O2021_82_20_1_0024_00005080_0_11000.tif,82-20,2,O2021_82_21_1_0004_00002040_10000_1000.tif,82-21,1,2310.0,23.1
O2021_82_20_1_0024_00005080_0_11000.tif,82-20,2,O2021_82_21_1_0004_00002040_9000_0.tif,82-21,1,2210.0,22.1
O2021_82_20_1_0024_00005080_0_11000.tif,82-20,2,O2021_82_21_1_0004_00002040_10000_0.tif,82-21,1,4290.0,42.9
O2021_82_20_1_0024_00005080_10000_10000.tif,82-20,2,O2021_82_21_1_0005_00001868_8000_0.tif,82-21,1,1488.0,14.88
O2021_82_20_1_0024_00005080_10000_10000.tif,82-20,2,O2021_82_21_1_0005_00001868_9000_0.tif,82-21,1,912.0,9.12
O2021_82_20_1_0024_00005080_10000_11000.tif,82-20,2,O2021_82_21_1_0005_00001868_8000_1000.tif,82-21,1,1488.0,14.88
O2021_82_20_1_0024_00005080_10000_11000.tif,82-20,2,O2021_82_21_1_0005_00001868_9000_1000.tif,82-21,1,912.0,9.12
O2021_82_20_1_0024_00005080_10000_11000.tif,82-20,2,O2021_82_21_1_0005_00001868_8000_0.tif,82-21,1,4712.0,47.12
O2021_82_20_1_0024_00005080_10000_11000.tif,82-20,2,O2021_82_21_1_0005_00001868_9000_0.tif,82-21,1,2888.0,28.88
O2021_82_20_1_0024_00005080_1000_10000.tif,82-20,2,O2021_82_21_1_0005_00001868_0_0.tif,82-21,1,912.0,9.12
O2021_82_20_1_0024_00005080_1000_10000.tif,82-20,2,O2021_82_21_1_0004_00002040_10000_0.tif,82-21,1,1190.0,11.9
O2021_82_20_1_0024_00005080_1000_10000.tif,82-20,2,O2021_82_21_1_0004_00002040_11000_0.tif,82-21,1,2310.0,23.1
O2021_82_20_1_0024_00005080_1000_11000.tif,82-20,2,O2021_82_21_1_0005_00001868_0_1000.tif,82-21,1,912.0,9.12
O2021_82_20_1_0024_00005080_1000_11000.tif,82-20,2,O2021_82_21_1_0004_00002040_11000_1000.tif,82-21,1,2310.0,23.1
O2021_82_20_1_0024_00005080_1000_11000.tif,82-20,2,O2021_82_21_1_0004_00002040_10000_1000.tif,82-21,1,1190.0,11.9
O2021_82_20_1_0024_00005080_1000_11000.tif,82-20,2,O2021_82_21_1_0005_00001868_0_0.tif,82-21,1,2888.0,28.88
O2021_82_20_1_0024_00005080_1000_11000.tif,82-20,2,O2021_82_21_1_0004_00002040_10000_0.tif,82-21,1,2210.0,22.1
O2021_82_20_1_0024_00005080_1000_11000.tif,82-20,2,O2021_82_21_1_0004_00002040_11000_0.tif,82-21,1,4290.0,42.9
O2021_82_20_1_0024_00005080_11000_10000.tif,82-20,2,O2021_82_21_1_0005_00001868_9000_0.tif,82-21,1,1488.0,14.88
O2021_82_20_1_0024_00005080_11000_10000.tif,82-20,2,O2021_82_21_1_0005_00001868_10000_0.tif,82-21,1,912.0,9.12
O2021_82_20_1_0024_00005080_11000_11000.tif,82-20,2,O2021_82_21_1_0005_00001868_9000_1000.tif,82-21,1,1488.0,14.88
O2021_82_20_1_0024_00005080_11000_11000.tif,82-20,2,O2021_82_21_1_0005_00001868_10000_1000.tif,82-21,1,912.0,9.12
O2021_82_20_1_0024_00005080_11000_11000.tif,82-20,2,O2021_82_21_1_0005_00001868_9000_0.tif,82-21,1,4712.0,47.12
O2021_82_20_1_0024_00005080_11000_11000.tif,82-20,2,O2021_82_21_1_0005_00001868_10000_0.tif,82-21,1,2888.0,28.88
O2021_82_20_1_0024_00005080_12000_10000.tif,82-20,2,O2021_82_21_1_0005_00001868_10000_0.tif,82-21,1,1488.0,14.88
O2021_82_20_1_0024_00005080_12000_10000.tif,82-20,2,O2021_82_21_1_0005_00001868_11000_0.tif,82-21,1,912.0,9.12
O2021_82_20_1_0024_00005080_12000_11000.tif,82-20,2,O2021_82_21_1_0005_00001868_11000_1000.tif,82-21,1,912.0,9.12
O2021_82_20_1_0024_00005080_12000_11000.tif,82-20,2,O2021_82_21_1_0005_00001868_10000_1000.tif,82-21,1,1488.0,14.88
O2021_82_20_1_0024_00005080_12000_11000.tif,82-20,2,O2021_82_21_1_0005_00001868_10000_0.tif,82-21,1,4712.0,47.12
O2021_82_20_1_0024_00005080_12000_11000.tif,82-20,2,O2021_82_21_1_0005_00001868_11000_0.tif,82-21,1,2888.0,28.88
O2021_82_20_1_0024_00005080_13000_10000.tif,82-20,2,O2021_82_21_1_0005_00001868_11000_0.tif,82-21,1,1488.0,14.88
O2021_82_20_1_0024_00005080_13000_11000.tif,82-20,2,O2021_82_21_1_0005_00001868_11000_1000.tif,82-21,1,1488.0,14.88
O2021_82_20_1_0024_00005080_13000_11000.tif,82-20,2,O2021_82_21_1_0005_00001868_11000_0.tif,82-21,1,4712.0,47.12
O2021_82_20_1_0024_00005080_2000_10000.tif,82-20,2,O2021_82_21_1_0005_00001868_0_0.tif,82-21,1,1488.0,14.88
O2021_82_20_1_0024_00005080_2000_10000.tif,82-20,2,O2021_82_21_1_0004_00002040_11000_0.tif,82-21,1,1190.0,11.9
O2021_82_20_1_0024_00005080_2000_10000.tif,82-20,2,O2021_82_21_1_0005_00001868_1000_0.tif,82-21,1,912.0,9.12
O2021_82_20_1_0024_00005080_2000_10000.tif,82-20,2,O2021_82_21_1_0004_00002040_12000_0.tif,82-21,1,2310.0,23.1
O2021_82_20_1_0024_00005080_2000_11000.tif,82-20,2,O2021_82_21_1_0005_00001868_0_1000.tif,82-21,1,1488.0,14.88
O2021_82_20_1_0024_00005080_2000_11000.tif,82-20,2,O2021_82_21_1_0004_00002040_11000_1000.tif,82-21,1,1190.0,11.9
O2021_82_20_1_0024_00005080_2000_11000.tif,82-20,2,O2021_82_21_1_0005_00001868_1000_1000.tif,82-21,1,912.0,9.12
O2021_82_20_1_0024_00005080_2000_11000.tif,82-20,2,O2021_82_21_1_0004_00002040_12000_1000.tif,82-21,1,2310.0,23.1
O2021_82_20_1_0024_00005080_2000_11000.tif,82-20,2,O2021_82_21_1_0005_00001868_0_0.tif,82-21,1,4712.0,47.12
O2021_82_20_1_0024_00005080_2000_11000.tif,82-20,2,O2021_82_21_1_0004_00002040_11000_0.tif,82-21,1,2210.0,22.1
O2021_82_20_1_0024_00005080_2000_11000.tif,82-20,2,O2021_82_21_1_0005_00001868_1000_0.tif,82-21,1,2888.0,28.88
O2021_82_20_1_0024_00005080_2000_11000.tif,82-20,2,O2021_82_21_1_0004_00002040_12000_0.tif,82-21,1,4290.0,42.9
O2021_82_20_1_0024_00005080_3000_10000.tif,82-20,2,O2021_82_21_1_0005_00001868_1000_0.tif,82-21,1,1488.0,14.88
O2021_82_20_1_0024_00005080_3000_10000.tif,82-20,2,O2021_82_21_1_0005_00001868_2000_0.tif,82-21,1,912.0,9.12
O2021_82_20_1_0024_00005080_3000_10000.tif,82-20,2,O2021_82_21_1_0004_00002040_13000_0.tif,82-21,1,2310.0,23.1
O2021_82_20_1_0024_00005080_3000_10000.tif,82-20,2,O2021_82_21_1_0004_00002040_12000_0.tif,82-21,1,1190.0,11.9
O2021_82_20_1_0024_00005080_3000_11000.tif,82-20,2,O2021_82_21_1_0005_00001868_1000_1000.tif,82-21,1,1488.0,14.88
O2021_82_20_1_0024_00005080_3000_11000.tif,82-20,2,O2021_82_21_1_0005_00001868_2000_1000.tif,82-21,1,912.0,9.12
O2021_82_20_1_0024_00005080_3000_11000.tif,82-20,2,O2021_82_21_1_0004_00002040_13000_1000.tif,82-21,1,2310.0,23.1
O2021_82_20_1_0024_00005080_3000_11000.tif,82-20,2,O2021_82_21_1_0004_00002040_12000_1000.tif,82-21,1,1190.0,11.9
O2021_82_20_1_0024_00005080_3000_11000.tif,82-20,2,O2021_82_21_1_0005_00001868_1000_0.tif,82-21,1,4712.0,47.12
O2021_82_20_1_0024_00005080_3000_11000.tif,82-20,2,O2021_82_21_1_0005_00001868_2000_0.tif,82-21,1,2888.0,28.88
O2021_82_20_1_0024_00005080_3000_11000.tif,82-20,2,O2021_82_21_1_0004_00002040_13000_0.tif,82-21,1,4290.0,42.9
O2021_82_20_1_0024_00005080_3000_11000.tif,82-20,2,O2021_82_21_1_0004_00002040_12000_0.tif,82-21,1,2210.0,22.1
O2021_82_20_1_0024_00005080_4000_10000.tif,82-20,2,O2021_82_21_1_0005_00001868_3000_0.tif,82-21,1,912.0,9.12
O2021_82_20_1_0024_00005080_4000_10000.tif,82-20,2,O2021_82_21_1_0005_00001868_2000_0.tif,82-21,1,1488.0,14.88
O2021_82_20_1_0024_00005080_4000_10000.tif,82-20,2,O2021_82_21_1_0004_00002040_14000_0.tif,82-21,1,2310.0,23.1
O2021_82_20_1_0024_00005080_4000_10000.tif,82-20,2,O2021_82_21_1_0004_00002040_13000_0.tif,82-21,1,1190.0,11.9
O2021_82_20_1_0024_00005080_4000_11000.tif,82-20,2,O2021_82_21_1_0005_00001868_3000_1000.tif,82-21,1,912.0,9.12
O2021_82_20_1_0024_00005080_4000_11000.tif,82-20,2,O2021_82_21_1_0005_00001868_2000_1000.tif,82-21,1,1488.0,14.88
O2021_82_20_1_0024_00005080_4000_11000.tif,82-20,2,O2021_82_21_1_0004_00002040_13000_1000.tif,82-21,1,1190.0,11.9
O2021_82_20_1_0024_00005080_4000_11000.tif,82-20,2,O2021_82_21_1_0004_00002040_14000_1000.tif,82-21,1,2310.0,23.1
O2021_82_20_1_0024_00005080_4000_11000.tif,82-20,2,O2021_82_21_1_0005_00001868_3000_0.tif,82-21,1,2888.0,28.88
O2021_82_20_1_0024_00005080_4000_11000.tif,82-20,2,O2021_82_21_1_0005_00001868_2000_0.tif,82-21,1,4712.0,47.12
O2021_82_20_1_0024_00005080_4000_11000.tif,82-20,2,O2021_82_21_1_0004_00002040_14000_0.tif,82-21,1,4290.0,42.9
O2021_82_20_1_0024_00005080_4000_11000.tif,82-20,2,O2021_82_21_1_0004_00002040_13000_0.tif,82-21,1,2210.0,22.1
O2021_82_20_1_0024_00005080_5000_10000.tif,82-20,2,O2021_82_21_1_0005_00001868_3000_0.tif,82-21,1,1488.0,14.88
O2021_82_20_1_0024_00005080_5000_10000.tif,82-20,2,O2021_82_21_1_0005_00001868_4000_0.tif,82-21,1,912.0,9.12
O2021_82_20_1_0024_00005080_5000_10000.tif,82-20,2,O2021_82_21_1_0004_00002040_14000_0.tif,82-21,1,1190.0,11.9
O2021_82_20_1_0024_00005080_5000_10000.tif,82-20,2,O2021_82_21_1_0004_00002040_15000_0.tif,82-21,1,2310.0,23.1
O2021_82_20_1_0024_00005080_5000_11000.tif,82-20,2,O2021_82_21_1_0005_00001868_4000_1000.tif,82-21,1,912.0,9.12
O2021_82_20_1_0024_00005080_5000_11000.tif,82-20,2,O2021_82_21_1_0005_00001868_3000_1000.tif,82-21,1,1488.0,14.88
O2021_82_20_1_0024_00005080_5000_11000.tif,82-20,2,O2021_82_21_1_0004_00002040_14000_1000.tif,82-21,1,1190.0,11.9
O2021_82_20_1_0024_00005080_5000_11000.tif,82-20,2,O2021_82_21_1_0004_00002040_15000_1000.tif,82-21,1,2310.0,23.1
O2021_82_20_1_0024_00005080_5000_11000.tif,82-20,2,O2021_82_21_1_0005_00001868_3000_0.tif,82-21,1,4712.0,47.12
O2021_82_20_1_0024_00005080_5000_11000.tif,82-20,2,O2021_82_21_1_0005_00001868_4000_0.tif,82-21,1,2888.0,28.88
O2021_82_20_1_0024_00005080_5000_11000.tif,82-20,2,O2021_82_21_1_0004_00002040_14000_0.tif,82-21,1,2210.0,22.1
O2021_82_20_1_0024_00005080_5000_11000.tif,82-20,2,O2021_82_21_1_0004_00002040_15000_0.tif,82-21,1,4290.0,42.9
O2021_82_20_1_0024_00005080_6000_10000.tif,82-20,2,O2021_82_21_1_0005_00001868_4000_0.tif,82-21,1,1488.0,14.88
O2021_82_20_1_0024_00005080_6000_10000.tif,82-20,2,O2021_82_21_1_0005_00001868_5000_0.tif,82-21,1,912.0,9.12
O2021_82_20_1_0024_00005080_6000_10000.tif,82-20,2,O2021_82_21_1_0004_00002040_16000_0.tif,82-21,1,2310.0,23.1
O2021_82_20_1_0024_00005080_6000_10000.tif,82-20,2,O2021_82_21_1_0004_00002040_15000_0.tif,82-21,1,1190.0,11.9
O2021_82_20_1_0024_00005080_6000_11000.tif,82-20,2,O2021_82_21_1_0005_00001868_4000_1000.tif,82-21,1,1488.0,14.88
O2021_82_20_1_0024_00005080_6000_11000.tif,82-20,2,O2021_82_21_1_0005_00001868_5000_1000.tif,82-21,1,912.0,9.12
O2021_82_20_1_0024_00005080_6000_11000.tif,82-20,2,O2021_82_21_1_0004_00002040_15000_1000.tif,82-21,1,1190.0,11.9
O2021_82_20_1_0024_00005080_6000_11000.tif,82-20,2,O2021_82_21_1_0004_00002040_16000_1000.tif,82-21,1,2310.0,23.1
O2021_82_20_1_0024_00005080_6000_11000.tif,82-20,2,O2021_82_21_1_0005_00001868_4000_0.tif,82-21,1,4712.0,47.12
O2021_82_20_1_0024_00005080_6000_11000.tif,82-20,2,O2021_82_21_1_0005_00001868_5000_0.tif,82-21,1,2888.0,28.88
O2021_82_20_1_0024_00005080_6000_11000.tif,82-20,2,O2021_82_21_1_0004_00002040_16000_0.tif,82-21,1,4290.0,42.9
O2021_82_20_1_0024_00005080_6000_11000.tif,82-20,2,O2021_82_21_1_0004_00002040_15000_0.tif,82-21,1,2210.0,22.1
O2021_82_20_1_0024_00005080_7000_10000.tif,82-20,2,O2021_82_21_1_0005_00001868_6000_0.tif,82-21,1,912.0,9.12
O2021_82_20_1_0024_00005080_7000_10000.tif,82-20,2,O2021_82_21_1_0005_00001868_5000_0.tif,82-21,1,1488.0,14.88
O2021_82_20_1_0024_00005080_7000_10000.tif,82-20,2,O2021_82_21_1_0004_00002040_16000_0.tif,82-21,1,1190.0,11.9
O2021_82_20_1_0024_00005080_7000_11000.tif,82-20,2,O2021_82_21_1_0005_00001868_6000_1000.tif,82-21,1,912.0,9.12
O2021_82_20_1_0024_00005080_7000_11000.tif,82-20,2,O2021_82_21_1_0005_00001868_5000_1000.tif,82-21,1,1488.0,14.88
O2021_82_20_1_0024_00005080_7000_11000.tif,82-20,2,O2021_82_21_1_0004_00002040_16000_1000.tif,82-21,1,1190.0,11.9
O2021_82_20_1_0024_00005080_7000_11000.tif,82-20,2,O2021_82_21_1_0005_00001868_6000_0.tif,82-21,1,2888.0,28.88
O2021_82_20_1_0024_00005080_7000_11000.tif,82-20,2,O2021_82_21_1_0005_00001868_5000_0.tif,82-21,1,4712.0,47.12
O2021_82_20_1_0024_00005080_7000_11000.tif,82-20,2,O2021_82_21_1_0004_00002040_16000_0.tif,82-21,1,2210.0,22.1
O2021_82_20_1_0024_00005080_8000_10000.tif,82-20,2,O2021_82_21_1_0005_00001868_7000_0.tif,82-21,1,912.0,9.12
O2021_82_20_1_0024_00005080_8000_10000.tif,82-20,2,O2021_82_21_1_0005_00001868_6000_0.tif,82-21,1,1488.0,14.88
O2021_82_20_1_0024_00005080_8000_11000.tif,82-20,2,O2021_82_21_1_0005_00001868_7000_1000.tif,82-21,1,912.0,9.12
O2021_82_20_1_0024_00005080_8000_11000.tif,82-20,2,O2021_82_21_1_0005_00001868_6000_1000.tif,82-21,1,1488.0,14.88
O2021_82_20_1_0024_00005080_8000_11000.tif,82-20,2,O2021_82_21_1_0005_00001868_7000_0.tif,82-21,1,2888.0,28.88
O2021_82_20_1_0024_00005080_8000_11000.tif,82-20,2,O2021_82_21_1_0005_00001868_6000_0.tif,82-21,1,4712.0,47.12
O2021_82_20_1_0024_00005080_9000_10000.tif,82-20,2,O2021_82_21_1_0005_00001868_8000_0.tif,82-21,1,912.0,9.12
O2021_82_20_1_0024_00005080_9000_10000.tif,82-20,2,O2021_82_21_1_0005_00001868_7000_0.tif,82-21,1,1488.0,14.88
O2021_82_20_1_0024_00005080_9000_11000.tif,82-20,2,O2021_82_21_1_0005_00001868_7000_1000.tif,82-21,1,1488.0,14.88
O2021_82_20_1_0024_00005080_9000_11000.tif,82-20,2,O2021_82_21_1_0005_00001868_8000_1000.tif,82-21,1,912.0,9.12
O2021_82_20_1_0024_00005080_9000_11000.tif,82-20,2,O2021_82_21_1_0005_00001868_8000_0.tif,82-21,1,2888.0,28.88
O2021_82_20_1_0024_00005080_9000_11000.tif,82-20,2,O2021_82_21_1_0005_00001868_7000_0.tif,82-21,1,4712.0,47.12
O2023_84_40_1_0125_00092541_1000_6000.tif,84-40,0,O2023_84_41_1_0124_00164907_8000_4000.tif,84-41,2,550.0,5.5
O2023_84_40_1_0125_00092541_1000_6000.tif,84-40,0,O2023_84_41_1_0124_00164907_8750_4000.tif,84-41,2,825.0,8.25
O2023_84_40_1_0125_00092541_1000_6000.tif,84-40,0,O2023_84_41_1_0124_00164911_9000_0.tif,84-41,2,6156.0,61.56
O2023_84_40_1_0125_00092541_1000_6000.tif,84-40,0,O2023_84_41_1_0124_00164907_8750_3000.tif,84-41,2,6675.0,66.75
O2023_84_40_1_0125_00092541_1000_6000.tif,84-40,0,O2023_84_41_1_0124_00164904_8740_7000.tif,84-41,2,6375.0,63.75
O2023_84_40_1_0125_00092541_1000_7000.tif,84-40,0,O2023_84_41_1_0124_00164911_8000_1000.tif,84-41,2,100.0,1.0
O2023_84_40_1_0125_00092541_1000_7000.tif,84-40,0,O2023_84_41_1_0124_00164907_8000_4000.tif,84-41,2,1600.0,16.0
O2023_84_40_1_0125_00092541_1000_7000.tif,84-40,0,O2023_84_41_1_0124_00164911_8740_1000.tif,84-41,2,152.0,1.52
O2023_84_40_1_0125_00092541_1000_7000.tif,84-40,0,O2023_84_41_1_0124_00164907_8750_4000.tif,84-41,2,2400.0,24.0
O2023_84_40_1_0125_00092541_1000_7000.tif,84-40,0,O2023_84_41_1_0124_00164911_9000_0.tif,84-41,2,7448.0,74.48
O2023_84_40_1_0125_00092541_1000_7000.tif,84-40,0,O2023_84_41_1_0124_00164907_8750_3000.tif,84-41,2,5100.0,51.0
O2023_84_40_1_0125_00092541_1000_7000.tif,84-40,0,O2023_84_41_1_0124_00164904_8740_7000.tif,84-41,2,4800.0,48.0
O2023_84_40_1_0125_00092544_0_5000.tif,84-40,0,O2023_84_41_1_0124_00164907_8000_6000.tif,84-41,2,1728.0,17.28
O2023_84_40_1_0125_00092544_0_5000.tif,84-40,0,O2023_84_41_1_0124_00164907_7000_6000.tif,84-41,2,1872.0,18.72
O2023_84_40_1_0125_00092544_0_5000.tif,84-40,0,O2023_84_41_1_0124_00164911_8000_2000.tif,84-41,2,4512.0,45.12
O2023_84_40_1_0125_00092544_0_5000.tif,84-40,0,O2023_84_41_1_0124_00164911_7000_2000.tif,84-41,2,4888.0,48.88
O2023_84_40_1_0125_00092544_0_5000.tif,84-40,0,O2023_84_41_1_0124_00164907_8000_5000.tif,84-41,2,3072.0,30.72
O2023_84_40_1_0125_00092544_0_5000.tif,84-40,0,O2023_84_41_1_0124_00164911_8000_3000.tif,84-41,2,288.0,2.88
O2023_84_40_1_0125_00092544_0_5000.tif,84-40,0,O2023_84_41_1_0124_00164911_7000_3000.tif,84-41,2,312.0,3.12
O2023_84_40_1_0125_00092544_0_5000.tif,84-40,0,O2023_84_41_1_0124_00164907_8000_7000.tif,84-41,2,576.0,5.76
O2023_84_40_1_0125_00092544_0_5000.tif,84-40,0,O2023_84_41_1_0124_00164907_7000_7000.tif,84-41,2,624.0,6.24
O2023_84_40_1_0125_00092544_0_6000.tif,84-40,0,O2023_84_41_1_0124_00164907_8000_6000.tif,84-41,2,3072.0,30.72
O2023_84_40_1_0125_00092544_0_6000.tif,84-40,0,O2023_84_41_1_0124_00164907_7000_6000.tif,84-41,2,3328.0,33.28
O2023_84_40_1_0125_00092544_0_6000.tif,84-40,0,O2023_84_41_1_0124_00164911_8000_4000.tif,84-41,2,288.0,2.88
O2023_84_40_1_0125_00092544_0_6000.tif,84-40,0,O2023_84_41_1_0124_00164911_7000_4000.tif,84-41,2,312.0,3.12
O2023_84_40_1_0125_00092544_0_6000.tif,84-40,0,O2023_84_41_1_0124_00164914_8000_0.tif,84-41,2,3822.0,38.22
O2023_84_40_1_0125_00092544_0_6000.tif,84-40,0,O2023_84_41_1_0124_00164914_7000_0.tif,84-41,2,3978.0,39.78
O2023_84_40_1_0125_00092544_0_6000.tif,84-40,0,O2023_84_41_1_0124_00164911_8000_3000.tif,84-41,2,4512.0,45.12
O2023_84_40_1_0125_00092544_0_6000.tif,84-40,0,O2023_84_41_1_0124_00164911_7000_3000.tif,84-41,2,4888.0,48.88
O2023_84_40_1_0125_00092544_0_6000.tif,84-40,0,O2023_84_41_1_0124_00164907_8000_7000.tif,84-41,2,4224.0,42.24
O2023_84_40_1_0125_00092544_0_6000.tif,84-40,0,O2023_84_41_1_0124_00164907_7000_7000.tif,84-41,2,4576.0,45.76
O2023_84_40_1_0125_00092544_0_7000.tif,84-40,0,O2023_84_41_1_0124_00164907_8000_6000.tif,84-41,2,2016.0,20.16
O2023_84_40_1_0125_00092544_0_7000.tif,84-40,0,O2023_84_41_1_0124_00164907_7000_6000.tif,84-41,2,2184.0,21.84
O2023_84_40_1_0125_00092544_0_7000.tif,84-40,0,O2023_84_41_1_0124_00164911_8000_4000.tif,84-41,2,1344.0,13.44
O2023_84_40_1_0125_00092544_0_7000.tif,84-40,0,O2023_84_41_1_0124_00164911_7000_4000.tif,84-41,2,1456.0,14.56
O2023_84_40_1_0125_00092544_0_7000.tif,84-40,0,O2023_84_41_1_0124_00164914_8000_0.tif,84-41,2,4900.0,49.0
O2023_84_40_1_0125_00092544_0_7000.tif,84-40,0,O2023_84_41_1_0124_00164914_7000_0.tif,84-41,2,5100.0,51.0
O2023_84_40_1_0125_00092544_0_7000.tif,84-40,0,O2023_84_41_1_0124_00164911_8000_3000.tif,84-41,2,3456.0,34.56
O2023_84_40_1_0125_00092544_0_7000.tif,84-40,0,O2023_84_41_1_0124_00164911_7000_3000.tif,84-41,2,3744.0,37.44
O2023_84_40_1_0125_00092544_0_7000.tif,84-40,0,O2023_84_41_1_0124_00164907_8000_7000.tif,84-41,2,3168.0,31.68
O2023_84_40_1_0125_00092544_0_7000.tif,84-40,0,O2023_84_41_1_0124_00164907_7000_7000.tif,84-41,2,3432.0,34.32
O2023_84_40_1_0125_00092544_1000_3000.tif,84-40,0,O2023_84_41_1_0124_00164911_8000_1000.tif,84-41,2,312.0,3.12
O2023_84_40_1_0125_00092544_1000_3000.tif,84-40,0,O2023_84_41_1_0124_00164907_8000_4000.tif,84-41,2,1872.0,18.72
O2023_84_40_1_0125_00092544_1000_3000.tif,84-40,0,O2023_84_41_1_0124_00164911_8740_1000.tif,84-41,2,444.0,4.44
O2023_84_40_1_0125_00092544_1000_3000.tif,84-40,0,O2023_84_41_1_0124_00164907_8750_4000.tif,84-41,2,2628.0,26.28
O2023_84_40_1_0125_00092544_1000_3000.tif,84-40,0,O2023_84_41_1_0124_00164911_9000_0.tif,84-41,2,6956.0,69.56
O2023_84_40_1_0125_00092544_1000_3000.tif,84-40,0,O2023_84_41_1_0124_00164907_8750_3000.tif,84-41,2,4672.0,46.72
O2023_84_40_1_0125_00092544_1000_3000.tif,84-40,0,O2023_84_41_1_0124_00164904_8740_7000.tif,84-41,2,4380.0,43.8
O2023_84_40_1_0125_00092544_1000_4000.tif,84-40,0,O2023_84_41_1_0124_00164911_8000_2000.tif,84-41,2,312.0,3.12
O2023_84_40_1_0125_00092544_1000_4000.tif,84-40,0,O2023_84_41_1_0124_00164907_8000_5000.tif,84-41,2,1872.0,18.72
O2023_84_40_1_0125_00092544_1000_4000.tif,84-40,0,O2023_84_41_1_0124_00164911_8000_1000.tif,84-41,2,4888.0,48.88
O2023_84_40_1_0125_00092544_1000_4000.tif,84-40,0,O2023_84_41_1_0124_00164907_8000_4000.tif,84-41,2,3328.0,33.28
O2023_84_40_1_0125_00092544_1000_4000.tif,84-40,0,O2023_84_41_1_0124_00164911_8740_2000.tif,84-41,2,444.0,4.44
O2023_84_40_1_0125_00092544_1000_4000.tif,84-40,0,O2023_84_41_1_0124_00164907_8750_5000.tif,84-41,2,2628.0,26.28
O2023_84_40_1_0125_00092544_1000_4000.tif,84-40,0,O2023_84_41_1_0124_00164911_8740_1000.tif,84-41,2,6956.0,69.56
O2023_84_40_1_0125_00092544_1000_4000.tif,84-40,0,O2023_84_41_1_0124_00164907_8750_4000.tif,84-41,2,4672.0,46.72
O2023_84_40_1_0125_00092544_1000_5000.tif,84-40,0,O2023_84_41_1_0124_00164907_8000_6000.tif,84-41,2,1872.0,18.72
O2023_84_40_1_0125_00092544_1000_5000.tif,84-40,0,O2023_84_41_1_0124_00164911_8000_2000.tif,84-41,2,4888.0,48.88
O2023_84_40_1_0125_00092544_1000_5000.tif,84-40,0,O2023_84_41_1_0124_00164907_8000_5000.tif,84-41,2,3328.0,33.28
O2023_84_40_1_0125_00092544_1000_5000.tif,84-40,0,O2023_84_41_1_0124_00164911_8740_3000.tif,84-41,2,444.0,4.44
O2023_84_40_1_0125_00092544_1000_5000.tif,84-40,0,O2023_84_41_1_0124_00164907_8750_7000.tif,84-41,2,876.0,8.76
O2023_84_40_1_0125_00092544_1000_5000.tif,84-40,0,O2023_84_41_1_0124_00164907_8750_6000.tif,84-41,2,2628.0,26.28
O2023_84_40_1_0125_00092544_1000_5000.tif,84-40,0,O2023_84_41_1_0124_00164911_8000_3000.tif,84-41,2,312.0,3.12
O2023_84_40_1_0125_00092544_1000_5000.tif,84-40,0,O2023_84_41_1_0124_00164907_8000_7000.tif,84-41,2,624.0,6.24
O2023_84_40_1_0125_00092544_1000_5000.tif,84-40,0,O2023_84_41_1_0124_00164911_8740_2000.tif,84-41,2,6956.0,69.56
O2023_84_40_1_0125_00092544_1000_5000.tif,84-40,0,O2023_84_41_1_0124_00164907_8750_5000.tif,84-41,2,4672.0,46.72
O2023_84_40_1_0125_00092544_1000_6000.tif,84-40,0,O2023_84_41_1_0124_00164907_8000_6000.tif,84-41,2,3328.0,33.28
O2023_84_40_1_0125_00092544_1000_6000.tif,84-40,0,O2023_84_41_1_0124_00164911_8000_4000.tif,84-41,2,312.0,3.12
O2023_84_40_1_0125_00092544_1000_6000.tif,84-40,0,O2023_84_41_1_0124_00164911_8740_4000.tif,84-41,2,444.0,4.44
O2023_84_40_1_0125_00092544_1000_6000.tif,84-40,0,O2023_84_41_1_0124_00164914_8000_0.tif,84-41,2,3978.0,39.78
O2023_84_40_1_0125_00092544_1000_6000.tif,84-40,0,O2023_84_41_1_0124_00164914_9000_0.tif,84-41,2,5850.0,58.5
O2023_84_40_1_0125_00092544_1000_6000.tif,84-40,0,O2023_84_41_1_0124_00164911_8740_3000.tif,84-41,2,6956.0,69.56
O2023_84_40_1_0125_00092544_1000_6000.tif,84-40,0,O2023_84_41_1_0124_00164907_8750_7000.tif,84-41,2,6424.0,64.24
O2023_84_40_1_0125_00092544_1000_6000.tif,84-40,0,O2023_84_41_1_0124_00164907_8750_6000.tif,84-41,2,4672.0,46.72
O2023_84_40_1_0125_00092544_1000_6000.tif,84-40,0,O2023_84_41_1_0124_00164911_8000_3000.tif,84-41,2,4888.0,48.88
O2023_84_40_1_0125_00092544_1000_6000.tif,84-40,0,O2023_84_41_1_0124_00164907_8000_7000.tif,84-41,2,4576.0,45.76
O2023_84_40_1_0125_00092544_1000_7000.tif,84-40,0,O2023_84_41_1_0124_00164907_8000_6000.tif,84-41,2,2184.0,21.84
O2023_84_40_1_0125_00092544_1000_7000.tif,84-40,0,O2023_84_41_1_0124_00164911_8000_4000.tif,84-41,2,1456.0,14.56
O2023_84_40_1_0125_00092544_1000_7000.tif,84-40,0,O2023_84_41_1_0124_00164911_8740_4000.tif,84-41,2,2072.0,20.72
O2023_84_40_1_0125_00092544_1000_7000.tif,84-40,0,O2023_84_41_1_0124_00164914_8000_0.tif,84-41,2,5100.0,51.0
O2023_84_40_1_0125_00092544_1000_7000.tif,84-40,0,O2023_84_41_1_0124_00164914_9000_0.tif,84-41,2,7500.0,75.0
O2023_84_40_1_0125_00092544_1000_7000.tif,84-40,0,O2023_84_41_1_0124_00164911_8740_3000.tif,84-41,2,5328.0,53.28
O2023_84_40_1_0125_00092544_1000_7000.tif,84-40,0,O2023_84_41_1_0124_00164907_8750_7000.tif,84-41,2,4818.0,48.18
O2023_84_40_1_0125_00092544_1000_7000.tif,84-40,0,O2023_84_41_1_0124_00164907_8750_6000.tif,84-41,2,3066.0,30.66
O2023_84_40_1_0125_00092544_1000_7000.tif,84-40,0,O2023_84_41_1_0124_00164911_8000_3000.tif,84-41,2,3744.0,37.44
O2023_84_40_1_0125_00092544_1000_7000.tif,84-40,0,O2023_84_41_1_0124_00164907_8000_7000.tif,84-41,2,3432.0,34.32
O2023_84_40_1_0125_00092544_2000_4000.tif,84-40,0,O2023_84_41_1_0124_00164911_8740_2000.tif,84-41,2,156.0,1.56
O2023_84_40_1_0125_00092544_2000_4000.tif,84-40,0,O2023_84_41_1_0124_00164907_8750_5000.tif,84-41,2,972.0,9.72
O2023_84_40_1_0125_00092544_2000_4000.tif,84-40,0,O2023_84_41_1_0124_00164911_8740_1000.tif,84-41,2,2444.0,24.44
O2023_84_40_1_0125_00092544_2000_4000.tif,84-40,0,O2023_84_41_1_0124_00164907_8750_4000.tif,84-41,2,1728.0,17.28
O2023_84_40_1_0125_00092544_2000_5000.tif,84-40,0,O2023_84_41_1_0124_00164911_8740_3000.tif,84-41,2,156.0,1.56
O2023_84_40_1_0125_00092544_2000_5000.tif,84-40,0,O2023_84_41_1_0124_00164907_8750_7000.tif,84-41,2,324.0,3.24
O2023_84_40_1_0125_00092544_2000_5000.tif,84-40,0,O2023_84_41_1_0124_00164907_8750_6000.tif,84-41,2,972.0,9.72
O2023_84_40_1_0125_00092544_2000_5000.tif,84-40,0,O2023_84_41_1_0124_00164911_8740_2000.tif,84-41,2,2444.0,24.44
O2023_84_40_1_0125_00092544_2000_5000.tif,84-40,0,O2023_84_41_1_0124_00164907_8750_5000.tif,84-41,2,1728.0,17.28
O2023_84_40_1_0125_00092544_2000_6000.tif,84-40,0,O2023_84_41_1_0124_00164911_8740_4000.tif,84-41,2,156.0,1.56
O2023_84_40_1_0125_00092544_2000_6000.tif,84-40,0,O2023_84_41_1_0124_00164914_9000_0.tif,84-41,2,1950.0,19.5
O2023_84_40_1_0125_00092544_2000_6000.tif,84-40,0,O2023_84_41_1_0124_00164911_8740_3000.tif,84-41,2,2444.0,24.44
O2023_84_40_1_0125_00092544_2000_6000.tif,84-40,0,O2023_84_41_1_0124_00164907_8750_7000.tif,84-41,2,2376.0,23.76
O2023_84_40_1_0125_00092544_2000_6000.tif,84-40,0,O2023_84_41_1_0124_00164907_8750_6000.tif,84-41,2,1728.0,17.28
O2023_84_40_1_0125_00092544_2000_7000.tif,84-40,0,O2023_84_41_1_0124_00164911_8740_4000.tif,84-41,2,728.0,7.28
O2023_84_40_1_0125_00092544_2000_7000.tif,84-40,0,O2023_84_41_1_0124_00164914_9000_0.tif,84-41,2,2500.0,25.0
O2023_84_40_1_0125_00092544_2000_7000.tif,84-40,0,O2023_84_41_1_0124_00164911_8740_3000.tif,84-41,2,1872.0,18.72
O2023_84_40_1_0125_00092544_2000_7000.tif,84-40,0,O2023_84_41_1_0124_00164907_8750_7000.tif,84-41,2,1782.0,17.82
O2023_84_40_1_0125_00092544_2000_7000.tif,84-40,0,O2023_84_41_1_0124_00164907_8750_6000.tif,84-41,2,1134.0,11.34
O2023_84_40_1_0125_00092547_0_2000.tif,84-40,0,O2023_84_41_1_0124_00164907_8000_6000.tif,84-41,2,2806.0,28.06
O2023_84_40_1_0125_00092547_0_2000.tif,84-40,0,O2023_84_41_1_0124_00164907_7000_6000.tif,84-41,2,3294.0,32.94
O2023_84_40_1_0125_00092547_0_2000.tif,84-40,0,O2023_84_41_1_0124_00164911_8000_2000.tif,84-41,2,3174.0,31.74
O2023_84_40_1_0125_00092547_0_2000.tif,84-40,0,O2023_84_41_1_0124_00164911_7000_2000.tif,84-41,2,3726.0,37.26
O2023_84_40_1_0125_00092547_0_2000.tif,84-40,0,O2023_84_41_1_0124_00164907_8000_5000.tif,84-41,2,1794.0,17.94
O2023_84_40_1_0125_00092547_0_2000.tif,84-40,0,O2023_84_41_1_0124_00164914_8000_0.tif,84-41,2,141.0,1.41
O2023_84_40_1_0125_00092547_0_2000.tif,84-40,0,O2023_84_41_1_0124_00164914_7000_0.tif,84-41,2,159.0,1.59
O2023_84_40_1_0125_00092547_0_2000.tif,84-40,0,O2023_84_41_1_0124_00164911_8000_3000.tif,84-41,2,1426.0,14.26
O2023_84_40_1_0125_00092547_0_2000.tif,84-40,0,O2023_84_41_1_0124_00164911_7000_3000.tif,84-41,2,1674.0,16.74
O2023_84_40_1_0125_00092547_0_2000.tif,84-40,0,O2023_84_41_1_0124_00164907_8000_7000.tif,84-41,2,1702.0,17.02
O2023_84_40_1_0125_00092547_0_2000.tif,84-40,0,O2023_84_41_1_0124_00164907_7000_7000.tif,84-41,2,1998.0,19.98
O2023_84_40_1_0125_00092547_0_3000.tif,84-40,0,O2023_84_41_1_0124_00164907_8000_6000.tif,84-41,2,1794.0,17.94
O2023_84_40_1_0125_00092547_0_3000.tif,84-40,0,O2023_84_41_1_0124_00164907_7000_6000.tif,84-41,2,2106.0,21.06
O2023_84_40_1_0125_00092547_0_3000.tif,84-40,0,O2023_84_41_1_0124_00164914_8000_1000.tif,84-41,2,141.0,1.41
O2023_84_40_1_0125_00092547_0_3000.tif,84-40,0,O2023_84_41_1_0124_00164914_7000_1000.tif,84-41,2,159.0,1.59
O2023_84_40_1_0125_00092547_0_3000.tif,84-40,0,O2023_84_41_1_0124_00164911_8000_4000.tif,84-41,2,1426.0,14.26
O2023_84_40_1_0125_00092547_0_3000.tif,84-40,0,O2023_84_41_1_0124_00164911_7000_4000.tif,84-41,2,1674.0,16.74
O2023_84_40_1_0125_00092547_0_3000.tif,84-40,0,O2023_84_41_1_0124_00164914_8000_0.tif,84-41,2,4559.0,45.59
O2023_84_40_1_0125_00092547_0_3000.tif,84-40,0,O2023_84_41_1_0124_00164914_7000_0.tif,84-41,2,5141.0,51.41
O2023_84_40_1_0125_00092547_0_3000.tif,84-40,0,O2023_84_41_1_0124_00164911_8000_3000.tif,84-41,2,3174.0,31.74
O2023_84_40_1_0125_00092547_0_3000.tif,84-40,0,O2023_84_41_1_0124_00164911_7000_3000.tif,84-41,2,3726.0,37.26
O2023_84_40_1_0125_00092547_0_3000.tif,84-40,0,O2023_84_41_1_0124_00164907_8000_7000.tif,84-41,2,2898.0,28.98
O2023_84_40_1_0125_00092547_0_3000.tif,84-40,0,O2023_84_41_1_0124_00164907_7000_7000.tif,84-41,2,3402.0,34.02
O2023_84_40_1_0125_00092547_0_4000.tif,84-40,0,O2023_84_41_1_0124_00164914_8000_2000.tif,84-41,2,141.0,1.41
O2023_84_40_1_0125_00092547_0_4000.tif,84-40,0,O2023_84_41_1_0124_00164914_7000_2000.tif,84-41,2,159.0,1.59
O2023_84_40_1_0125_00092547_0_4000.tif,84-40,0,O2023_84_41_1_0124_00164911_8000_5000.tif,84-41,2,1426.0,14.26
O2023_84_40_1_0125_00092547_0_4000.tif,84-40,0,O2023_84_41_1_0124_00164911_7000_5000.tif,84-41,2,1674.0,16.74
O2023_84_40_1_0125_00092547_0_4000.tif,84-40,0,O2023_84_41_1_0124_00164914_8000_1000.tif,84-41,2,4559.0,45.59
O2023_84_40_1_0125_00092547_0_4000.tif,84-40,0,O2023_84_41_1_0124_00164914_7000_1000.tif,84-41,2,5141.0,51.41
O2023_84_40_1_0125_00092547_0_4000.tif,84-40,0,O2023_84_41_1_0124_00164911_8000_4000.tif,84-41,2,3174.0,31.74
O2023_84_40_1_0125_00092547_0_4000.tif,84-40,0,O2023_84_41_1_0124_00164911_7000_4000.tif,84-41,2,3726.0,37.26
O2023_84_40_1_0125_00092547_0_5000.tif,84-40,0,O2023_84_41_1_0124_00164914_8000_3000.tif,84-41,2,141.0,1.41
O2023_84_40_1_0125_00092547_0_5000.tif,84-40,0,O2023_84_41_1_0124_00164914_7000_3000.tif,84-41,2,159.0,1.59
O2023_84_40_1_0125_00092547_0_5000.tif,84-40,0,O2023_84_41_1_0124_00164911_8000_7000.tif,84-41,2,322.0,3.22
O2023_84_40_1_0125_00092547_0_5000.tif,84-40,0,O2023_84_41_1_0124_00164911_7000_7000.tif,84-41,2,378.0,3.78
O2023_84_40_1_0125_00092547_0_5000.tif,84-40,0,O2023_84_41_1_0124_00164911_8000_6000.tif,84-41,2,1426.0,14.26
O2023_84_40_1_0125_00092547_0_5000.tif,84-40,0,O2023_84_41_1_0124_00164911_7000_6000.tif,84-41,2,1674.0,16.74
O2023_84_40_1_0125_00092547_0_5000.tif,84-40,0,O2023_84_41_1_0124_00164914_8000_2000.tif,84-41,2,4559.0,45.59
O2023_84_40_1_0125_00092547_0_5000.tif,84-40,0,O2023_84_41_1_0124_00164914_7000_2000.tif,84-41,2,5141.0,51.41
O2023_84_40_1_0125_00092547_0_5000.tif,84-40,0,O2023_84_41_1_0124_00164911_8000_5000.tif,84-41,2,3174.0,31.74
O2023_84_40_1_0125_00092547_0_5000.tif,84-40,0,O2023_84_41_1_0124_00164911_7000_5000.tif,84-41,2,3726.0,37.26
O2023_84_40_1_0125_00092547_0_6000.tif,84-40,0,O2023_84_41_1_0124_00164914_8000_4000.tif,84-41,2,141.0,1.41
O2023_84_40_1_0125_00092547_0_6000.tif,84-40,0,O2023_84_41_1_0124_00164914_7000_4000.tif,84-41,2,159.0,1.59
O2023_84_40_1_0125_00092547_0_6000.tif,84-40,0,O2023_84_41_1_0124_00164918_7000_0.tif,84-41,2,3723.0,37.23
O2023_84_40_1_0125_00092547_0_6000.tif,84-40,0,O2023_84_41_1_0124_00164918_8000_0.tif,84-41,2,3577.0,35.77
O2023_84_40_1_0125_00092547_0_6000.tif,84-40,0,O2023_84_41_1_0124_00164914_8000_3000.tif,84-41,2,4559.0,45.59
O2023_84_40_1_0125_00092547_0_6000.tif,84-40,0,O2023_84_41_1_0124_00164914_7000_3000.tif,84-41,2,5141.0,51.41
O2023_84_40_1_0125_00092547_0_6000.tif,84-40,0,O2023_84_41_1_0124_00164911_8000_7000.tif,84-41,2,4278.0,42.78
O2023_84_40_1_0125_00092547_0_6000.tif,84-40,0,O2023_84_41_1_0124_00164911_7000_7000.tif,84-41,2,5022.0,50.22
O2023_84_40_1_0125_00092547_0_6000.tif,84-40,0,O2023_84_41_1_0124_00164911_8000_6000.tif,84-41,2,3174.0,31.74
O2023_84_40_1_0125_00092547_0_6000.tif,84-40,0,O2023_84_41_1_0124_00164911_7000_6000.tif,84-41,2,3726.0,37.26
O2023_84_40_1_0125_00092547_0_7000.tif,84-40,0,O2023_84_41_1_0124_00164914_8000_4000.tif,84-41,2,1128.0,11.28
O2023_84_40_1_0125_00092547_0_7000.tif,84-40,0,O2023_84_41_1_0124_00164914_7000_4000.tif,84-41,2,1272.0,12.72
O2023_84_40_1_0125_00092547_0_7000.tif,84-40,0,O2023_84_41_1_0124_00164918_7000_0.tif,84-41,2,4794.0,47.94
O2023_84_40_1_0125_00092547_0_7000.tif,84-40,0,O2023_84_41_1_0124_00164918_8000_0.tif,84-41,2,4606.0,46.06
O2023_84_40_1_0125_00092547_0_7000.tif,84-40,0,O2023_84_41_1_0124_00164914_8000_3000.tif,84-41,2,3572.0,35.72
O2023_84_40_1_0125_00092547_0_7000.tif,84-40,0,O2023_84_41_1_0124_00164914_7000_3000.tif,84-41,2,4028.0,40.28
O2023_84_40_1_0125_00092547_0_7000.tif,84-40,0,O2023_84_41_1_0124_00164911_8000_7000.tif,84-41,2,3312.0,33.12
O2023_84_40_1_0125_00092547_0_7000.tif,84-40,0,O2023_84_41_1_0124_00164911_7000_7000.tif,84-41,2,3888.0,38.88
O2023_84_40_1_0125_00092547_0_7000.tif,84-40,0,O2023_84_41_1_0124_00164911_8000_6000.tif,84-41,2,2208.0,22.08
O2023_84_40_1_0125_00092547_0_7000.tif,84-40,0,O2023_84_41_1_0124_00164911_7000_6000.tif,84-41,2,2592.0,25.92
O2023_84_40_1_0125_00092547_1000_0.tif,84-40,0,O2023_84_41_1_0124_00164911_8000_1000.tif,84-41,2,1674.0,16.74
O2023_84_40_1_0125_00092547_1000_0.tif,84-40,0,O2023_84_41_1_0124_00164907_8000_4000.tif,84-41,2,3294.0,32.94
O2023_84_40_1_0125_00092547_1000_0.tif,84-40,0,O2023_84_41_1_0124_00164911_8740_1000.tif,84-41,2,2232.0,22.32
O2023_84_40_1_0125_00092547_1000_0.tif,84-40,0,O2023_84_41_1_0124_00164907_8750_4000.tif,84-41,2,4331.0,43.31
O2023_84_40_1_0125_00092547_1000_0.tif,84-40,0,O2023_84_41_1_0124_00164911_9000_0.tif,84-41,2,4968.0,49.68
O2023_84_40_1_0125_00092547_1000_0.tif,84-40,0,O2023_84_41_1_0124_00164907_8750_3000.tif,84-41,2,2769.0,27.69
O2023_84_40_1_0125_00092547_1000_0.tif,84-40,0,O2023_84_41_1_0124_00164904_8740_7000.tif,84-41,2,2485.0,24.85
O2023_84_40_1_0125_00092547_1000_1000.tif,84-40,0,O2023_84_41_1_0124_00164911_8000_2000.tif,84-41,2,1674.0,16.74
O2023_84_40_1_0125_00092547_1000_1000.tif,84-40,0,O2023_84_41_1_0124_00164907_8000_5000.tif,84-41,2,3294.0,32.94
O2023_84_40_1_0125_00092547_1000_1000.tif,84-40,0,O2023_84_41_1_0124_00164911_8000_1000.tif,84-41,2,3726.0,37.26
O2023_84_40_1_0125_00092547_1000_1000.tif,84-40,0,O2023_84_41_1_0124_00164907_8000_4000.tif,84-41,2,2106.0,21.06
O2023_84_40_1_0125_00092547_1000_1000.tif,84-40,0,O2023_84_41_1_0124_00164911_8740_2000.tif,84-41,2,2232.0,22.32
O2023_84_40_1_0125_00092547_1000_1000.tif,84-40,0,O2023_84_41_1_0124_00164907_8750_5000.tif,84-41,2,4331.0,43.31
O2023_84_40_1_0125_00092547_1000_1000.tif,84-40,0,O2023_84_41_1_0124_00164911_8740_1000.tif,84-41,2,4968.0,49.68
O2023_84_40_1_0125_00092547_1000_1000.tif,84-40,0,O2023_84_41_1_0124_00164907_8750_4000.tif,84-41,2,2769.0,27.69
O2023_84_40_1_0125_00092547_1000_2000.tif,84-40,0,O2023_84_41_1_0124_00164907_8000_6000.tif,84-41,2,3294.0,32.94
O2023_84_40_1_0125_00092547_1000_2000.tif,84-40,0,O2023_84_41_1_0124_00164911_8000_2000.tif,84-41,2,3726.0,37.26
O2023_84_40_1_0125_00092547_1000_2000.tif,84-40,0,O2023_84_41_1_0124_00164907_8000_5000.tif,84-41,2,2106.0,21.06
O2023_84_40_1_0125_00092547_1000_2000.tif,84-40,0,O2023_84_41_1_0124_00164914_8000_0.tif,84-41,2,159.0,1.59
O2023_84_40_1_0125_00092547_1000_2000.tif,84-40,0,O2023_84_41_1_0124_00164914_9000_0.tif,84-41,2,219.0,2.19
O2023_84_40_1_0125_00092547_1000_2000.tif,84-40,0,O2023_84_41_1_0124_00164911_8740_3000.tif,84-41,2,2232.0,22.32
O2023_84_40_1_0125_00092547_1000_2000.tif,84-40,0,O2023_84_41_1_0124_00164907_8750_7000.tif,84-41,2,2627.0,26.27
O2023_84_40_1_0125_00092547_1000_2000.tif,84-40,0,O2023_84_41_1_0124_00164907_8750_6000.tif,84-41,2,4331.0,43.31
O2023_84_40_1_0125_00092547_1000_2000.tif,84-40,0,O2023_84_41_1_0124_00164911_8000_3000.tif,84-41,2,1674.0,16.74
O2023_84_40_1_0125_00092547_1000_2000.tif,84-40,0,O2023_84_41_1_0124_00164907_8000_7000.tif,84-41,2,1998.0,19.98
O2023_84_40_1_0125_00092547_1000_2000.tif,84-40,0,O2023_84_41_1_0124_00164911_8740_2000.tif,84-41,2,4968.0,49.68
O2023_84_40_1_0125_00092547_1000_2000.tif,84-40,0,O2023_84_41_1_0124_00164907_8750_5000.tif,84-41,2,2769.0,27.69
O2023_84_40_1_0125_00092547_1000_3000.tif,84-40,0,O2023_84_41_1_0124_00164907_8000_6000.tif,84-41,2,2106.0,21.06
O2023_84_40_1_0125_00092547_1000_3000.tif,84-40,0,O2023_84_41_1_0124_00164914_8000_1000.tif,84-41,2,159.0,1.59
O2023_84_40_1_0125_00092547_1000_3000.tif,84-40,0,O2023_84_41_1_0124_00164911_8000_4000.tif,84-41,2,1674.0,16.74
O2023_84_40_1_0125_00092547_1000_3000.tif,84-40,0,O2023_84_41_1_0124_00164914_8740_1000.tif,84-41,2,219.0,2.19
O2023_84_40_1_0125_00092547_1000_3000.tif,84-40,0,O2023_84_41_1_0124_00164911_8740_4000.tif,84-41,2,2232.0,22.32
O2023_84_40_1_0125_00092547_1000_3000.tif,84-40,0,O2023_84_41_1_0124_00164914_8000_0.tif,84-41,2,5141.0,51.41
O2023_84_40_1_0125_00092547_1000_3000.tif,84-40,0,O2023_84_41_1_0124_00164914_9000_0.tif,84-41,2,7081.0,70.81
O2023_84_40_1_0125_00092547_1000_3000.tif,84-40,0,O2023_84_41_1_0124_00164911_8740_3000.tif,84-41,2,4968.0,49.68
O2023_84_40_1_0125_00092547_1000_3000.tif,84-40,0,O2023_84_41_1_0124_00164907_8750_7000.tif,84-41,2,4473.0,44.73
O2023_84_40_1_0125_00092547_1000_3000.tif,84-40,0,O2023_84_41_1_0124_00164907_8750_6000.tif,84-41,2,2769.0,27.69
O2023_84_40_1_0125_00092547_1000_3000.tif,84-40,0,O2023_84_41_1_0124_00164911_8000_3000.tif,84-41,2,3726.0,37.26
O2023_84_40_1_0125_00092547_1000_3000.tif,84-40,0,O2023_84_41_1_0124_00164907_8000_7000.tif,84-41,2,3402.0,34.02
O2023_84_40_1_0125_00092547_1000_4000.tif,84-40,0,O2023_84_41_1_0124_00164914_8740_2000.tif,84-41,2,219.0,2.19
O2023_84_40_1_0125_00092547_1000_4000.tif,84-40,0,O2023_84_41_1_0124_00164914_8000_2000.tif,84-41,2,159.0,1.59
O2023_84_40_1_0125_00092547_1000_4000.tif,84-40,0,O2023_84_41_1_0124_00164911_8000_5000.tif,84-41,2,1674.0,16.74
O2023_84_40_1_0125_00092547_1000_4000.tif,84-40,0,O2023_84_41_1_0124_00164911_8740_5000.tif,84-41,2,2232.0,22.32
O2023_84_40_1_0125_00092547_1000_4000.tif,84-40,0,O2023_84_41_1_0124_00164914_8000_1000.tif,84-41,2,5141.0,51.41
O2023_84_40_1_0125_00092547_1000_4000.tif,84-40,0,O2023_84_41_1_0124_00164911_8000_4000.tif,84-41,2,3726.0,37.26
O2023_84_40_1_0125_00092547_1000_4000.tif,84-40,0,O2023_84_41_1_0124_00164914_8740_1000.tif,84-41,2,7081.0,70.81
O2023_84_40_1_0125_00092547_1000_4000.tif,84-40,0,O2023_84_41_1_0124_00164911_8740_4000.tif,84-41,2,4968.0,49.68
O2023_84_40_1_0125_00092547_1000_5000.tif,84-40,0,O2023_84_41_1_0124_00164914_8000_3000.tif,84-41,2,159.0,1.59
O2023_84_40_1_0125_00092547_1000_5000.tif,84-40,0,O2023_84_41_1_0124_00164911_8000_7000.tif,84-41,2,378.0,3.78
O2023_84_40_1_0125_00092547_1000_5000.tif,84-40,0,O2023_84_41_1_0124_00164914_8740_3000.tif,84-41,2,219.0,2.19
O2023_84_40_1_0125_00092547_1000_5000.tif,84-40,0,O2023_84_41_1_0124_00164911_8740_7000.tif,84-41,2,504.0,5.04
O2023_84_40_1_0125_00092547_1000_5000.tif,84-40,0,O2023_84_41_1_0124_00164911_8740_6000.tif,84-41,2,2232.0,22.32
O2023_84_40_1_0125_00092547_1000_5000.tif,84-40,0,O2023_84_41_1_0124_00164911_8000_6000.tif,84-41,2,1674.0,16.74
O2023_84_40_1_0125_00092547_1000_5000.tif,84-40,0,O2023_84_41_1_0124_00164914_8740_2000.tif,84-41,2,7081.0,70.81
O2023_84_40_1_0125_00092547_1000_5000.tif,84-40,0,O2023_84_41_1_0124_00164914_8000_2000.tif,84-41,2,5141.0,51.41
O2023_84_40_1_0125_00092547_1000_5000.tif,84-40,0,O2023_84_41_1_0124_00164911_8000_5000.tif,84-41,2,3726.0,37.26
O2023_84_40_1_0125_00092547_1000_5000.tif,84-40,0,O2023_84_41_1_0124_00164911_8740_5000.tif,84-41,2,4968.0,49.68
O2023_84_40_1_0125_00092547_1000_6000.tif,84-40,0,O2023_84_41_1_0124_00164914_8740_4000.tif,84-41,2,219.0,2.19
O2023_84_40_1_0125_00092547_1000_6000.tif,84-40,0,O2023_84_41_1_0124_00164914_8000_4000.tif,84-41,2,159.0,1.59
O2023_84_40_1_0125_00092547_1000_6000.tif,84-40,0,O2023_84_41_1_0124_00164918_8000_0.tif,84-41,2,3723.0,37.23
O2023_84_40_1_0125_00092547_1000_6000.tif,84-40,0,O2023_84_41_1_0124_00164918_9000_0.tif,84-41,2,5475.0,54.75
O2023_84_40_1_0125_00092547_1000_6000.tif,84-40,0,O2023_84_41_1_0124_00164914_8000_3000.tif,84-41,2,5141.0,51.41
O2023_84_40_1_0125_00092547_1000_6000.tif,84-40,0,O2023_84_41_1_0124_00164911_8000_7000.tif,84-41,2,5022.0,50.22
O2023_84_40_1_0125_00092547_1000_6000.tif,84-40,0,O2023_84_41_1_0124_00164914_8740_3000.tif,84-41,2,7081.0,70.81
O2023_84_40_1_0125_00092547_1000_6000.tif,84-40,0,O2023_84_41_1_0124_00164911_8740_7000.tif,84-41,2,6696.0,66.96
O2023_84_40_1_0125_00092547_1000_6000.tif,84-40,0,O2023_84_41_1_0124_00164911_8740_6000.tif,84-41,2,4968.0,49.68
O2023_84_40_1_0125_00092547_1000_6000.tif,84-40,0,O2023_84_41_1_0124_00164911_8000_6000.tif,84-41,2,3726.0,37.26
O2023_84_40_1_0125_00092547_1000_7000.tif,84-40,0,O2023_84_41_1_0124_00164914_8740_4000.tif,84-41,2,1752.0,17.52
O2023_84_40_1_0125_00092547_1000_7000.tif,84-40,0,O2023_84_41_1_0124_00164914_8000_4000.tif,84-41,2,1272.0,12.72
O2023_84_40_1_0125_00092547_1000_7000.tif,84-40,0,O2023_84_41_1_0124_00164918_8000_0.tif,84-41,2,4794.0,47.94
O2023_84_40_1_0125_00092547_1000_7000.tif,84-40,0,O2023_84_41_1_0124_00164918_9000_0.tif,84-41,2,7050.0,70.5
O2023_84_40_1_0125_00092547_1000_7000.tif,84-40,0,O2023_84_41_1_0124_00164914_8000_3000.tif,84-41,2,4028.0,40.28
O2023_84_40_1_0125_00092547_1000_7000.tif,84-40,0,O2023_84_41_1_0124_00164911_8000_7000.tif,84-41,2,3888.0,38.88
O2023_84_40_1_0125_00092547_1000_7000.tif,84-40,0,O2023_84_41_1_0124_00164914_8740_3000.tif,84-41,2,5548.0,55.48
O2023_84_40_1_0125_00092547_1000_7000.tif,84-40,0,O2023_84_41_1_0124_00164911_8740_7000.tif,84-41,2,5184.0,51.84
O2023_84_40_1_0125_00092547_1000_7000.tif,84-40,0,O2023_84_41_1_0124_00164911_8740_6000.tif,84-41,2,3456.0,34.56
O2023_84_40_1_0125_00092547_1000_7000.tif,84-40,0,O2023_84_41_1_0124_00164911_8000_6000.tif,84-41,2,2592.0,25.92
O2023_84_40_1_0125_00092547_2000_1000.tif,84-40,0,O2023_84_41_1_0124_00164911_8740_2000.tif,84-41,2,868.0,8.68
O2023_84_40_1_0125_00092547_2000_1000.tif,84-40,0,O2023_84_41_1_0124_00164907_8750_5000.tif,84-41,2,1769.0,17.69
O2023_84_40_1_0125_00092547_2000_1000.tif,84-40,0,O2023_84_41_1_0124_00164911_8740_1000.tif,84-41,2,1932.0,19.32
O2023_84_40_1_0125_00092547_2000_1000.tif,84-40,0,O2023_84_41_1_0124_00164907_8750_4000.tif,84-41,2,1131.0,11.31
O2023_84_40_1_0125_00092547_2000_2000.tif,84-40,0,O2023_84_41_1_0124_00164914_9000_0.tif,84-41,2,81.0,0.81
O2023_84_40_1_0125_00092547_2000_2000.tif,84-40,0,O2023_84_41_1_0124_00164911_8740_3000.tif,84-41,2,868.0,8.68
O2023_84_40_1_0125_00092547_2000_2000.tif,84-40,0,O2023_84_41_1_0124_00164907_8750_7000.tif,84-41,2,1073.0,10.73
O2023_84_40_1_0125_00092547_2000_2000.tif,84-40,0,O2023_84_41_1_0124_00164907_8750_6000.tif,84-41,2,1769.0,17.69
O2023_84_40_1_0125_00092547_2000_2000.tif,84-40,0,O2023_84_41_1_0124_00164911_8740_2000.tif,84-41,2,1932.0,19.32
O2023_84_40_1_0125_00092547_2000_2000.tif,84-40,0,O2023_84_41_1_0124_00164907_8750_5000.tif,84-41,2,1131.0,11.31
O2023_84_40_1_0125_00092547_2000_3000.tif,84-40,0,O2023_84_41_1_0124_00164914_8740_1000.tif,84-41,2,81.0,0.81
O2023_84_40_1_0125_00092547_2000_3000.tif,84-40,0,O2023_84_41_1_0124_00164911_8740_4000.tif,84-41,2,868.0,8.68
O2023_84_40_1_0125_00092547_2000_3000.tif,84-40,0,O2023_84_41_1_0124_00164914_9000_0.tif,84-41,2,2619.0,26.19
O2023_84_40_1_0125_00092547_2000_3000.tif,84-40,0,O2023_84_41_1_0124_00164911_8740_3000.tif,84-41,2,1932.0,19.32
O2023_84_40_1_0125_00092547_2000_3000.tif,84-40,0,O2023_84_41_1_0124_00164907_8750_7000.tif,84-41,2,1827.0,18.27
O2023_84_40_1_0125_00092547_2000_3000.tif,84-40,0,O2023_84_41_1_0124_00164907_8750_6000.tif,84-41,2,1131.0,11.31
O2023_84_40_1_0125_00092547_2000_4000.tif,84-40,0,O2023_84_41_1_0124_00164914_8740_2000.tif,84-41,2,81.0,0.81
O2023_84_40_1_0125_00092547_2000_4000.tif,84-40,0,O2023_84_41_1_0124_00164911_8740_5000.tif,84-41,2,868.0,8.68
O2023_84_40_1_0125_00092547_2000_4000.tif,84-40,0,O2023_84_41_1_0124_00164914_8740_1000.tif,84-41,2,2619.0,26.19
O2023_84_40_1_0125_00092547_2000_4000.tif,84-40,0,O2023_84_41_1_0124_00164911_8740_4000.tif,84-41,2,1932.0,19.32
O2023_84_40_1_0125_00092547_2000_5000.tif,84-40,0,O2023_84_41_1_0124_00164914_8740_3000.tif,84-41,2,81.0,0.81
O2023_84_40_1_0125_00092547_2000_5000.tif,84-40,0,O2023_84_41_1_0124_00164911_8740_7000.tif,84-41,2,196.0,1.96
O2023_84_40_1_0125_00092547_2000_5000.tif,84-40,0,O2023_84_41_1_0124_00164911_8740_6000.tif,84-41,2,868.0,8.68
O2023_84_40_1_0125_00092547_2000_5000.tif,84-40,0,O2023_84_41_1_0124_00164914_8740_2000.tif,84-41,2,2619.0,26.19
O2023_84_40_1_0125_00092547_2000_5000.tif,84-40,0,O2023_84_41_1_0124_00164911_8740_5000.tif,84-41,2,1932.0,19.32
O2023_84_40_1_0125_00092547_2000_6000.tif,84-40,0,O2023_84_41_1_0124_00164914_8740_4000.tif,84-41,2,81.0,0.81
O2023_84_40_1_0125_00092547_2000_6000.tif,84-40,0,O2023_84_41_1_0124_00164918_9000_0.tif,84-41,2,1825.0,18.25
O2023_84_40_1_0125_00092547_2000_6000.tif,84-40,0,O2023_84_41_1_0124_00164914_8740_3000.tif,84-41,2,2619.0,26.19
O2023_84_40_1_0125_00092547_2000_6000.tif,84-40,0,O2023_84_41_1_0124_00164911_8740_7000.tif,84-41,2,2604.0,26.04
O2023_84_40_1_0125_00092547_2000_6000.tif,84-40,0,O2023_84_41_1_0124_00164911_8740_6000.tif,84-41,2,1932.0,19.32
O2023_84_40_1_0125_00092547_2000_7000.tif,84-40,0,O2023_84_41_1_0124_00164914_8740_4000.tif,84-41,2,648.0,6.48
O2023_84_40_1_0125_00092547_2000_7000.tif,84-40,0,O2023_84_41_1_0124_00164918_9000_0.tif,84-41,2,2350.0,23.5
O2023_84_40_1_0125_00092547_2000_7000.tif,84-40,0,O2023_84_41_1_0124_00164914_8740_3000.tif,84-41,2,2052.0,20.52
O2023_84_40_1_0125_00092547_2000_7000.tif,84-40,0,O2023_84_41_1_0124_00164911_8740_7000.tif,84-41,2,2016.0,20.16
O2023_84_40_1_0125_00092547_2000_7000.tif,84-40,0,O2023_84_41_1_0124_00164911_8740_6000.tif,84-41,2,1344.0,13.44
O2023_84_40_1_0125_00092551_0_0.tif,84-40,0,O2023_84_41_1_0124_00164907_8000_6000.tif,84-41,2,630.0,6.3
O2023_84_40_1_0125_00092551_0_0.tif,84-40,0,O2023_84_41_1_0124_00164907_7000_6000.tif,84-41,2,770.0,7.7
O2023_84_40_1_0125_00092551_0_0.tif,84-40,0,O2023_84_41_1_0124_00164914_8000_1000.tif,84-41,2,1288.0,12.88
O2023_84_40_1_0125_00092551_0_0.tif,84-40,0,O2023_84_41_1_0124_00164914_7000_1000.tif,84-41,2,1512.0,15.12
O2023_84_40_1_0125_00092551_0_0.tif,84-40,0,O2023_84_41_1_0124_00164911_8000_4000.tif,84-41,2,2520.0,25.2
O2023_84_40_1_0125_00092551_0_0.tif,84-40,0,O2023_84_41_1_0124_00164911_7000_4000.tif,84-41,2,3080.0,30.8
O2023_84_40_1_0125_00092551_0_0.tif,84-40,0,O2023_84_41_1_0124_00164914_8000_0.tif,84-41,2,3312.0,33.12
O2023_84_40_1_0125_00092551_0_0.tif,84-40,0,O2023_84_41_1_0124_00164914_7000_0.tif,84-41,2,3888.0,38.88
O2023_84_40_1_0125_00092551_0_0.tif,84-40,0,O2023_84_41_1_0124_00164911_8000_3000.tif,84-41,2,1980.0,19.8
O2023_84_40_1_0125_00092551_0_0.tif,84-40,0,O2023_84_41_1_0124_00164911_7000_3000.tif,84-41,2,2420.0,24.2
O2023_84_40_1_0125_00092551_0_0.tif,84-40,0,O2023_84_41_1_0124_00164907_8000_7000.tif,84-41,2,1710.0,17.1
O2023_84_40_1_0125_00092551_0_0.tif,84-40,0,O2023_84_41_1_0124_00164907_7000_7000.tif,84-41,2,2090.0,20.9
O2023_84_40_1_0125_00092551_0_1000.tif,84-40,0,O2023_84_41_1_0124_00164914_8000_2000.tif,84-41,2,1288.0,12.88
O2023_84_40_1_0125_00092551_0_1000.tif,84-40,0,O2023_84_41_1_0124_00164914_7000_2000.tif,84-41,2,1512.0,15.12
O2023_84_40_1_0125_00092551_0_1000.tif,84-40,0,O2023_84_41_1_0124_00164911_8000_5000.tif,84-41,2,2520.0,25.2
O2023_84_40_1_0125_00092551_0_1000.tif,84-40,0,O2023_84_41_1_0124_00164911_7000_5000.tif,84-41,2,3080.0,30.8
O2023_84_40_1_0125_00092551_0_1000.tif,84-40,0,O2023_84_41_1_0124_00164914_8000_1000.tif,84-41,2,3312.0,33.12
O2023_84_40_1_0125_00092551_0_1000.tif,84-40,0,O2023_84_41_1_0124_00164914_7000_1000.tif,84-41,2,3888.0,38.88
O2023_84_40_1_0125_00092551_0_1000.tif,84-40,0,O2023_84_41_1_0124_00164911_8000_4000.tif,84-41,2,1980.0,19.8
O2023_84_40_1_0125_00092551_0_1000.tif,84-40,0,O2023_84_41_1_0124_00164911_7000_4000.tif,84-41,2,2420.0,24.2
O2023_84_40_1_0125_00092551_0_2000.tif,84-40,0,O2023_84_41_1_0124_00164914_8000_3000.tif,84-41,2,1288.0,12.88
O2023_84_40_1_0125_00092551_0_2000.tif,84-40,0,O2023_84_41_1_0124_00164914_7000_3000.tif,84-41,2,1512.0,15.12
O2023_84_40_1_0125_00092551_0_2000.tif,84-40,0,O2023_84_41_1_0124_00164911_8000_7000.tif,84-41,2,1440.0,14.4
O2023_84_40_1_0125_00092551_0_2000.tif,84-40,0,O2023_84_41_1_0124_00164911_7000_7000.tif,84-41,2,1760.0,17.6
O2023_84_40_1_0125_00092551_0_2000.tif,84-40,0,O2023_84_41_1_0124_00164911_8000_6000.tif,84-41,2,2520.0,25.2
O2023_84_40_1_0125_00092551_0_2000.tif,84-40,0,O2023_84_41_1_0124_00164911_7000_6000.tif,84-41,2,3080.0,30.8
O2023_84_40_1_0125_00092551_0_2000.tif,84-40,0,O2023_84_41_1_0124_00164914_8000_2000.tif,84-41,2,3312.0,33.12
O2023_84_40_1_0125_00092551_0_2000.tif,84-40,0,O2023_84_41_1_0124_00164914_7000_2000.tif,84-41,2,3888.0,38.88
O2023_84_40_1_0125_00092551_0_2000.tif,84-40,0,O2023_84_41_1_0124_00164911_8000_5000.tif,84-41,2,1980.0,19.8
O2023_84_40_1_0125_00092551_0_2000.tif,84-40,0,O2023_84_41_1_0124_00164911_7000_5000.tif,84-41,2,2420.0,24.2
O2023_84_40_1_0125_00092551_0_3000.tif,84-40,0,O2023_84_41_1_0124_00164914_8000_4000.tif,84-41,2,1288.0,12.88
O2023_84_40_1_0125_00092551_0_3000.tif,84-40,0,O2023_84_41_1_0124_00164914_7000_4000.tif,84-41,2,1512.0,15.12
O2023_84_40_1_0125_00092551_0_3000.tif,84-40,0,O2023_84_41_1_0124_00164918_7000_0.tif,84-41,2,5096.0,50.96
O2023_84_40_1_0125_00092551_0_3000.tif,84-40,0,O2023_84_41_1_0124_00164918_8000_0.tif,84-41,2,4704.0,47.04
O2023_84_40_1_0125_00092551_0_3000.tif,84-40,0,O2023_84_41_1_0124_00164914_8000_3000.tif,84-41,2,3312.0,33.12
O2023_84_40_1_0125_00092551_0_3000.tif,84-40,0,O2023_84_41_1_0124_00164914_7000_3000.tif,84-41,2,3888.0,38.88
O2023_84_40_1_0125_00092551_0_3000.tif,84-40,0,O2023_84_41_1_0124_00164911_8000_7000.tif,84-41,2,3060.0,30.6
O2023_84_40_1_0125_00092551_0_3000.tif,84-40,0,O2023_84_41_1_0124_00164911_7000_7000.tif,84-41,2,3740.0,37.4
O2023_84_40_1_0125_00092551_0_3000.tif,84-40,0,O2023_84_41_1_0124_00164911_8000_6000.tif,84-41,2,1980.0,19.8
O2023_84_40_1_0125_00092551_0_3000.tif,84-40,0,O2023_84_41_1_0124_00164911_7000_6000.tif,84-41,2,2420.0,24.2
O2023_84_40_1_0125_00092551_0_4000.tif,84-40,0,O2023_84_41_1_0124_00164914_8000_5000.tif,84-41,2,1288.0,12.88
O2023_84_40_1_0125_00092551_0_4000.tif,84-40,0,O2023_84_41_1_0124_00164914_7000_5000.tif,84-41,2,1512.0,15.12
O2023_84_40_1_0125_00092551_0_4000.tif,84-40,0,O2023_84_41_1_0124_00164918_8000_1000.tif,84-41,2,4704.0,47.04
O2023_84_40_1_0125_00092551_0_4000.tif,84-40,0,O2023_84_41_1_0124_00164918_7000_1000.tif,84-41,2,5096.0,50.96
O2023_84_40_1_0125_00092551_0_4000.tif,84-40,0,O2023_84_41_1_0124_00164914_8000_4000.tif,84-41,2,3312.0,33.12
O2023_84_40_1_0125_00092551_0_4000.tif,84-40,0,O2023_84_41_1_0124_00164914_7000_4000.tif,84-41,2,3888.0,38.88
O2023_84_40_1_0125_00092551_0_4000.tif,84-40,0,O2023_84_41_1_0124_00164918_7000_0.tif,84-41,2,104.0,1.04
O2023_84_40_1_0125_00092551_0_4000.tif,84-40,0,O2023_84_41_1_0124_00164918_8000_0.tif,84-41,2,96.0,0.96
O2023_84_40_1_0125_00092551_0_5000.tif,84-40,0,O2023_84_41_1_0124_00164914_8000_6000.tif,84-41,2,1288.0,12.88
O2023_84_40_1_0125_00092551_0_5000.tif,84-40,0,O2023_84_41_1_0124_00164918_8000_2000.tif,84-41,2,4704.0,47.04
O2023_84_40_1_0125_00092551_0_5000.tif,84-40,0,O2023_84_41_1_0124_00164914_8000_5000.tif,84-41,2,3312.0,33.12
O2023_84_40_1_0125_00092551_0_5000.tif,84-40,0,O2023_84_41_1_0124_00164914_7000_5000.tif,84-41,2,3888.0,38.88
O2023_84_40_1_0125_00092551_0_5000.tif,84-40,0,O2023_84_41_1_0124_00164918_8000_1000.tif,84-41,2,96.0,0.96
O2023_84_40_1_0125_00092551_0_5000.tif,84-40,0,O2023_84_41_1_0124_00164918_7000_1000.tif,84-41,2,104.0,1.04
O2023_84_40_1_0125_00092551_1000_0.tif,84-40,0,O2023_84_41_1_0124_00164907_8000_6000.tif,84-41,2,770.0,7.7
O2023_84_40_1_0125_00092551_1000_0.tif,84-40,0,O2023_84_41_1_0124_00164914_8000_1000.tif,84-41,2,1512.0,15.12
O2023_84_40_1_0125_00092551_1000_0.tif,84-40,0,O2023_84_41_1_0124_00164911_8000_4000.tif,84-41,2,3080.0,30.8
O2023_84_40_1_0125_00092551_1000_0.tif,84-40,0,O2023_84_41_1_0124_00164914_8740_1000.tif,84-41,2,2016.0,20.16
O2023_84_40_1_0125_00092551_1000_0.tif,84-40,0,O2023_84_41_1_0124_00164911_8740_4000.tif,84-41,2,3976.0,39.76
O2023_84_40_1_0125_00092551_1000_0.tif,84-40,0,O2023_84_41_1_0124_00164914_8000_0.tif,84-41,2,3888.0,38.88
O2023_84_40_1_0125_00092551_1000_0.tif,84-40,0,O2023_84_41_1_0124_00164914_9000_0.tif,84-41,2,5184.0,51.84
O2023_84_40_1_0125_00092551_1000_0.tif,84-40,0,O2023_84_41_1_0124_00164911_8740_3000.tif,84-41,2,3124.0,31.24
O2023_84_40_1_0125_00092551_1000_0.tif,84-40,0,O2023_84_41_1_0124_00164907_8750_7000.tif,84-41,2,2660.0,26.6
O2023_84_40_1_0125_00092551_1000_0.tif,84-40,0,O2023_84_41_1_0124_00164907_8750_6000.tif,84-41,2,980.0,9.8
O2023_84_40_1_0125_00092551_1000_0.tif,84-40,0,O2023_84_41_1_0124_00164911_8000_3000.tif,84-41,2,2420.0,24.2
O2023_84_40_1_0125_00092551_1000_0.tif,84-40,0,O2023_84_41_1_0124_00164907_8000_7000.tif,84-41,2,2090.0,20.9
O2023_84_40_1_0125_00092551_1000_1000.tif,84-40,0,O2023_84_41_1_0124_00164914_8740_2000.tif,84-41,2,2016.0,20.16
O2023_84_40_1_0125_00092551_1000_1000.tif,84-40,0,O2023_84_41_1_0124_00164914_8000_2000.tif,84-41,2,1512.0,15.12
O2023_84_40_1_0125_00092551_1000_1000.tif,84-40,0,O2023_84_41_1_0124_00164911_8000_5000.tif,84-41,2,3080.0,30.8
O2023_84_40_1_0125_00092551_1000_1000.tif,84-40,0,O2023_84_41_1_0124_00164911_8740_5000.tif,84-41,2,3976.0,39.76
O2023_84_40_1_0125_00092551_1000_1000.tif,84-40,0,O2023_84_41_1_0124_00164914_8000_1000.tif,84-41,2,3888.0,38.88
O2023_84_40_1_0125_00092551_1000_1000.tif,84-40,0,O2023_84_41_1_0124_00164911_8000_4000.tif,84-41,2,2420.0,24.2
O2023_84_40_1_0125_00092551_1000_1000.tif,84-40,0,O2023_84_41_1_0124_00164914_8740_1000.tif,84-41,2,5184.0,51.84
O2023_84_40_1_0125_00092551_1000_1000.tif,84-40,0,O2023_84_41_1_0124_00164911_8740_4000.tif,84-41,2,3124.0,31.24
O2023_84_40_1_0125_00092551_1000_2000.tif,84-40,0,O2023_84_41_1_0124_00164914_8000_3000.tif,84-41,2,1512.0,15.12
O2023_84_40_1_0125_00092551_1000_2000.tif,84-40,0,O2023_84_41_1_0124_00164911_8000_7000.tif,84-41,2,1760.0,17.6
O2023_84_40_1_0125_00092551_1000_2000.tif,84-40,0,O2023_84_41_1_0124_00164914_8740_3000.tif,84-41,2,2016.0,20.16
O2023_84_40_1_0125_00092551_1000_2000.tif,84-40,0,O2023_84_41_1_0124_00164911_8740_7000.tif,84-41,2,2272.0,22.72
O2023_84_40_1_0125_00092551_1000_2000.tif,84-40,0,O2023_84_41_1_0124_00164911_8740_6000.tif,84-41,2,3976.0,39.76
O2023_84_40_1_0125_00092551_1000_2000.tif,84-40,0,O2023_84_41_1_0124_00164911_8000_6000.tif,84-41,2,3080.0,30.8
O2023_84_40_1_0125_00092551_1000_2000.tif,84-40,0,O2023_84_41_1_0124_00164914_8740_2000.tif,84-41,2,5184.0,51.84
O2023_84_40_1_0125_00092551_1000_2000.tif,84-40,0,O2023_84_41_1_0124_00164914_8000_2000.tif,84-41,2,3888.0,38.88
O2023_84_40_1_0125_00092551_1000_2000.tif,84-40,0,O2023_84_41_1_0124_00164911_8000_5000.tif,84-41,2,2420.0,24.2
O2023_84_40_1_0125_00092551_1000_2000.tif,84-40,0,O2023_84_41_1_0124_00164911_8740_5000.tif,84-41,2,3124.0,31.24
O2023_84_40_1_0125_00092551_1000_3000.tif,84-40,0,O2023_84_41_1_0124_00164914_8740_4000.tif,84-41,2,2016.0,20.16
O2023_84_40_1_0125_00092551_1000_3000.tif,84-40,0,O2023_84_41_1_0124_00164914_8000_4000.tif,84-41,2,1512.0,15.12
O2023_84_40_1_0125_00092551_1000_3000.tif,84-40,0,O2023_84_41_1_0124_00164918_8000_0.tif,84-41,2,5096.0,50.96
O2023_84_40_1_0125_00092551_1000_3000.tif,84-40,0,O2023_84_41_1_0124_00164918_9000_0.tif,84-41,2,7252.0,72.52
O2023_84_40_1_0125_00092551_1000_3000.tif,84-40,0,O2023_84_41_1_0124_00164914_8000_3000.tif,84-41,2,3888.0,38.88
O2023_84_40_1_0125_00092551_1000_3000.tif,84-40,0,O2023_84_41_1_0124_00164911_8000_7000.tif,84-41,2,3740.0,37.4
O2023_84_40_1_0125_00092551_1000_3000.tif,84-40,0,O2023_84_41_1_0124_00164914_8740_3000.tif,84-41,2,5184.0,51.84
O2023_84_40_1_0125_00092551_1000_3000.tif,84-40,0,O2023_84_41_1_0124_00164911_8740_7000.tif,84-41,2,4828.0,48.28
O2023_84_40_1_0125_00092551_1000_3000.tif,84-40,0,O2023_84_41_1_0124_00164911_8740_6000.tif,84-41,2,3124.0,31.24
O2023_84_40_1_0125_00092551_1000_3000.tif,84-40,0,O2023_84_41_1_0124_00164911_8000_6000.tif,84-41,2,2420.0,24.2
O2023_84_40_1_0125_00092551_1000_4000.tif,84-40,0,O2023_84_41_1_0124_00164914_8000_5000.tif,84-41,2,1512.0,15.12
O2023_84_40_1_0125_00092551_1000_4000.tif,84-40,0,O2023_84_41_1_0124_00164918_8000_1000.tif,84-41,2,5096.0,50.96
O2023_84_40_1_0125_00092551_1000_4000.tif,84-40,0,O2023_84_41_1_0124_00164914_8740_5000.tif,84-41,2,2016.0,20.16
O2023_84_40_1_0125_00092551_1000_4000.tif,84-40,0,O2023_84_41_1_0124_00164918_8740_1000.tif,84-41,2,7252.0,72.52
O2023_84_40_1_0125_00092551_1000_4000.tif,84-40,0,O2023_84_41_1_0124_00164914_8740_4000.tif,84-41,2,5184.0,51.84
O2023_84_40_1_0125_00092551_1000_4000.tif,84-40,0,O2023_84_41_1_0124_00164914_8000_4000.tif,84-41,2,3888.0,38.88
O2023_84_40_1_0125_00092551_1000_4000.tif,84-40,0,O2023_84_41_1_0124_00164918_8000_0.tif,84-41,2,104.0,1.04
O2023_84_40_1_0125_00092551_1000_4000.tif,84-40,0,O2023_84_41_1_0124_00164918_9000_0.tif,84-41,2,148.0,1.48
O2023_84_40_1_0125_00092551_1000_5000.tif,84-40,0,O2023_84_41_1_0124_00164914_8000_6000.tif,84-41,2,1512.0,15.12
O2023_84_40_1_0125_00092551_1000_5000.tif,84-40,0,O2023_84_41_1_0124_00164918_8000_2000.tif,84-41,2,5096.0,50.96
O2023_84_40_1_0125_00092551_1000_5000.tif,84-40,0,O2023_84_41_1_0124_00164914_8740_6000.tif,84-41,2,2016.0,20.16
O2023_84_40_1_0125_00092551_1000_5000.tif,84-40,0,O2023_84_41_1_0124_00164918_8740_2000.tif,84-41,2,7252.0,72.52
O2023_84_40_1_0125_00092551_1000_5000.tif,84-40,0,O2023_84_41_1_0124_00164914_8000_5000.tif,84-41,2,3888.0,38.88
O2023_84_40_1_0125_00092551_1000_5000.tif,84-40,0,O2023_84_41_1_0124_00164918_8000_1000.tif,84-41,2,104.0,1.04
O2023_84_40_1_0125_00092551_1000_5000.tif,84-40,0,O2023_84_41_1_0124_00164914_8740_5000.tif,84-41,2,5184.0,51.84
O2023_84_40_1_0125_00092551_1000_5000.tif,84-40,0,O2023_84_41_1_0124_00164918_8740_1000.tif,84-41,2,148.0,1.48
O2023_84_40_1_0125_00092551_2000_0.tif,84-40,0,O2023_84_41_1_0124_00164914_8740_1000.tif,84-41,2,784.0,7.84
O2023_84_40_1_0125_00092551_2000_0.tif,84-40,0,O2023_84_41_1_0124_00164911_8740_4000.tif,84-41,2,1624.0,16.24
O2023_84_40_1_0125_00092551_2000_0.tif,84-40,0,O2023_84_41_1_0124_00164914_9000_0.tif,84-41,2,2016.0,20.16
O2023_84_40_1_0125_00092551_2000_0.tif,84-40,0,O2023_84_41_1_0124_00164911_8740_3000.tif,84-41,2,1276.0,12.76
O2023_84_40_1_0125_00092551_2000_0.tif,84-40,0,O2023_84_41_1_0124_00164907_8750_7000.tif,84-41,2,1140.0,11.4
O2023_84_40_1_0125_00092551_2000_0.tif,84-40,0,O2023_84_41_1_0124_00164907_8750_6000.tif,84-41,2,420.0,4.2
O2023_84_40_1_0125_00092551_2000_1000.tif,84-40,0,O2023_84_41_1_0124_00164914_8740_2000.tif,84-41,2,784.0,7.84
O2023_84_40_1_0125_00092551_2000_1000.tif,84-40,0,O2023_84_41_1_0124_00164911_8740_5000.tif,84-41,2,1624.0,16.24
O2023_84_40_1_0125_00092551_2000_1000.tif,84-40,0,O2023_84_41_1_0124_00164914_8740_1000.tif,84-41,2,2016.0,20.16
O2023_84_40_1_0125_00092551_2000_1000.tif,84-40,0,O2023_84_41_1_0124_00164911_8740_4000.tif,84-41,2,1276.0,12.76
O2023_84_40_1_0125_00092551_2000_2000.tif,84-40,0,O2023_84_41_1_0124_00164914_8740_3000.tif,84-41,2,784.0,7.84
O2023_84_40_1_0125_00092551_2000_2000.tif,84-40,0,O2023_84_41_1_0124_00164911_8740_7000.tif,84-41,2,928.0,9.28
O2023_84_40_1_0125_00092551_2000_2000.tif,84-40,0,O2023_84_41_1_0124_00164911_8740_6000.tif,84-41,2,1624.0,16.24
O2023_84_40_1_0125_00092551_2000_2000.tif,84-40,0,O2023_84_41_1_0124_00164914_8740_2000.tif,84-41,2,2016.0,20.16
O2023_84_40_1_0125_00092551_2000_2000.tif,84-40,0,O2023_84_41_1_0124_00164911_8740_5000.tif,84-41,2,1276.0,12.76
O2023_84_40_1_0125_00092551_2000_3000.tif,84-40,0,O2023_84_41_1_0124_00164914_8740_4000.tif,84-41,2,784.0,7.84
O2023_84_40_1_0125_00092551_2000_3000.tif,84-40,0,O2023_84_41_1_0124_00164918_9000_0.tif,84-41,2,2548.0,25.48
O2023_84_40_1_0125_00092551_2000_3000.tif,84-40,0,O2023_84_41_1_0124_00164914_8740_3000.tif,84-41,2,2016.0,20.16
O2023_84_40_1_0125_00092551_2000_3000.tif,84-40,0,O2023_84_41_1_0124_00164911_8740_7000.tif,84-41,2,1972.0,19.72
O2023_84_40_1_0125_00092551_2000_3000.tif,84-40,0,O2023_84_41_1_0124_00164911_8740_6000.tif,84-41,2,1276.0,12.76
O2023_84_40_1_0125_00092551_2000_4000.tif,84-40,0,O2023_84_41_1_0124_00164914_8740_5000.tif,84-41,2,784.0,7.84
O2023_84_40_1_0125_00092551_2000_4000.tif,84-40,0,O2023_84_41_1_0124_00164918_8740_1000.tif,84-41,2,2548.0,25.48
O2023_84_40_1_0125_00092551_2000_4000.tif,84-40,0,O2023_84_41_1_0124_00164914_8740_4000.tif,84-41,2,2016.0,20.16
O2023_84_40_1_0125_00092551_2000_4000.tif,84-40,0,O2023_84_41_1_0124_00164918_9000_0.tif,84-41,2,52.0,0.52
O2023_84_40_1_0125_00092551_2000_5000.tif,84-40,0,O2023_84_41_1_0124_00164914_8740_6000.tif,84-41,2,784.0,7.84
O2023_84_40_1_0125_00092551_2000_5000.tif,84-40,0,O2023_84_41_1_0124_00164918_8740_2000.tif,84-41,2,2548.0,25.48
O2023_84_40_1_0125_00092551_2000_5000.tif,84-40,0,O2023_84_41_1_0124_00164914_8740_5000.tif,84-41,2,2016.0,20.16
O2023_84_40_1_0125_00092551_2000_5000.tif,84-40,0,O2023_84_41_1_0124_00164918_8740_1000.tif,84-41,2,52.0,0.52
O2023_84_40_1_0125_00092554_0_0.tif,84-40,0,O2023_84_41_1_0124_00164918_8000_1000.tif,84-41,2,1125.0,11.25
O2023_84_40_1_0125_00092554_0_0.tif,84-40,0,O2023_84_41_1_0124_00164918_7000_1000.tif,84-41,2,1375.0,13.75
O2023_84_40_1_0125_00092554_0_0.tif,84-40,0,O2023_84_41_1_0124_00164914_8000_4000.tif,84-41,2,2365.0,23.65
O2023_84_40_1_0125_00092554_0_0.tif,84-40,0,O2023_84_41_1_0124_00164914_7000_4000.tif,84-41,2,3135.0,31.35
O2023_84_40_1_0125_00092554_0_0.tif,84-40,0,O2023_84_41_1_0124_00164918_7000_0.tif,84-41,2,4125.0,41.25
O2023_84_40_1_0125_00092554_0_0.tif,84-40,0,O2023_84_41_1_0124_00164918_8000_0.tif,84-41,2,3375.0,33.75
O2023_84_40_1_0125_00092554_0_0.tif,84-40,0,O2023_84_41_1_0124_00164914_8000_3000.tif,84-41,2,1935.0,19.35
O2023_84_40_1_0125_00092554_0_0.tif,84-40,0,O2023_84_41_1_0124_00164914_7000_3000.tif,84-41,2,2565.0,25.65
O2023_84_40_1_0125_00092554_0_0.tif,84-40,0,O2023_84_41_1_0124_00164911_8000_7000.tif,84-41,2,1722.0,17.22
O2023_84_40_1_0125_00092554_0_0.tif,84-40,0,O2023_84_41_1_0124_00164911_7000_7000.tif,84-41,2,2378.0,23.78
O2023_84_40_1_0125_00092554_0_0.tif,84-40,0,O2023_84_41_1_0124_00164911_8000_6000.tif,84-41,2,714.0,7.14
O2023_84_40_1_0125_00092554_0_0.tif,84-40,0,O2023_84_41_1_0124_00164911_7000_6000.tif,84-41,2,986.0,9.86
O2023_84_40_1_0125_00092554_0_1000.tif,84-40,0,O2023_84_41_1_0124_00164918_8000_2000.tif,84-41,2,1125.0,11.25
O2023_84_40_1_0125_00092554_0_1000.tif,84-40,0,O2023_84_41_1_0124_00164914_8000_5000.tif,84-41,2,2365.0,23.65
O2023_84_40_1_0125_00092554_0_1000.tif,84-40,0,O2023_84_41_1_0124_00164914_7000_5000.tif,84-41,2,3135.0,31.35
O2023_84_40_1_0125_00092554_0_1000.tif,84-40,0,O2023_84_41_1_0124_00164918_8000_1000.tif,84-41,2,3375.0,33.75
O2023_84_40_1_0125_00092554_0_1000.tif,84-40,0,O2023_84_41_1_0124_00164918_7000_1000.tif,84-41,2,4125.0,41.25
O2023_84_40_1_0125_00092554_0_1000.tif,84-40,0,O2023_84_41_1_0124_00164914_8000_4000.tif,84-41,2,1935.0,19.35
O2023_84_40_1_0125_00092554_0_1000.tif,84-40,0,O2023_84_41_1_0124_00164914_7000_4000.tif,84-41,2,2565.0,25.65
O2023_84_40_1_0125_00092554_0_2000.tif,84-40,0,O2023_84_41_1_0124_00164914_8000_6000.tif,84-41,2,2365.0,23.65
O2023_84_40_1_0125_00092554_0_2000.tif,84-40,0,O2023_84_41_1_0124_00164918_8000_2000.tif,84-41,2,3375.0,33.75
O2023_84_40_1_0125_00092554_0_2000.tif,84-40,0,O2023_84_41_1_0124_00164914_8000_5000.tif,84-41,2,1935.0,19.35
O2023_84_40_1_0125_00092554_0_2000.tif,84-40,0,O2023_84_41_1_0124_00164914_7000_5000.tif,84-41,2,2565.0,25.65
O2023_84_40_1_0125_00092554_1000_0.tif,84-40,0,O2023_84_41_1_0124_00164918_8000_1000.tif,84-41,2,1375.0,13.75
O2023_84_40_1_0125_00092554_1000_0.tif,84-40,0,O2023_84_41_1_0124_00164918_8740_1000.tif,84-41,2,1775.0,17.75
O2023_84_40_1_0125_00092554_1000_0.tif,84-40,0,O2023_84_41_1_0124_00164914_8740_4000.tif,84-41,2,3795.0,37.95
O2023_84_40_1_0125_00092554_1000_0.tif,84-40,0,O2023_84_41_1_0124_00164914_8000_4000.tif,84-41,2,3135.0,31.35
O2023_84_40_1_0125_00092554_1000_0.tif,84-40,0,O2023_84_41_1_0124_00164918_8000_0.tif,84-41,2,4125.0,41.25
O2023_84_40_1_0125_00092554_1000_0.tif,84-40,0,O2023_84_41_1_0124_00164918_9000_0.tif,84-41,2,5325.0,53.25
O2023_84_40_1_0125_00092554_1000_0.tif,84-40,0,O2023_84_41_1_0124_00164914_8000_3000.tif,84-41,2,2565.0,25.65
O2023_84_40_1_0125_00092554_1000_0.tif,84-40,0,O2023_84_41_1_0124_00164911_8000_7000.tif,84-41,2,2378.0,23.78
O2023_84_40_1_0125_00092554_1000_0.tif,84-40,0,O2023_84_41_1_0124_00164914_8740_3000.tif,84-41,2,3105.0,31.05
O2023_84_40_1_0125_00092554_1000_0.tif,84-40,0,O2023_84_41_1_0124_00164911_8740_7000.tif,84-41,2,2788.0,27.88
O2023_84_40_1_0125_00092554_1000_0.tif,84-40,0,O2023_84_41_1_0124_00164911_8740_6000.tif,84-41,2,1156.0,11.56
O2023_84_40_1_0125_00092554_1000_0.tif,84-40,0,O2023_84_41_1_0124_00164911_8000_6000.tif,84-41,2,986.0,9.86
O2023_84_40_1_0125_00092554_1000_1000.tif,84-40,0,O2023_84_41_1_0124_00164918_8000_2000.tif,84-41,2,1375.0,13.75
O2023_84_40_1_0125_00092554_1000_1000.tif,84-40,0,O2023_84_41_1_0124_00164918_8740_2000.tif,84-41,2,1775.0,17.75
O2023_84_40_1_0125_00092554_1000_1000.tif,84-40,0,O2023_84_41_1_0124_00164914_8000_5000.tif,84-41,2,3135.0,31.35
O2023_84_40_1_0125_00092554_1000_1000.tif,84-40,0,O2023_84_41_1_0124_00164918_8000_1000.tif,84-41,2,4125.0,41.25
O2023_84_40_1_0125_00092554_1000_1000.tif,84-40,0,O2023_84_41_1_0124_00164914_8740_5000.tif,84-41,2,3795.0,37.95
O2023_84_40_1_0125_00092554_1000_1000.tif,84-40,0,O2023_84_41_1_0124_00164918_8740_1000.tif,84-41,2,5325.0,53.25
O2023_84_40_1_0125_00092554_1000_1000.tif,84-40,0,O2023_84_41_1_0124_00164914_8740_4000.tif,84-41,2,3105.0,31.05
O2023_84_40_1_0125_00092554_1000_1000.tif,84-40,0,O2023_84_41_1_0124_00164914_8000_4000.tif,84-41,2,2565.0,25.65
O2023_84_40_1_0125_00092554_1000_2000.tif,84-40,0,O2023_84_41_1_0124_00164914_8000_6000.tif,84-41,2,3135.0,31.35
O2023_84_40_1_0125_00092554_1000_2000.tif,84-40,0,O2023_84_41_1_0124_00164918_8000_2000.tif,84-41,2,4125.0,41.25
O2023_84_40_1_0125_00092554_1000_2000.tif,84-40,0,O2023_84_41_1_0124_00164914_8740_6000.tif,84-41,2,3795.0,37.95
O2023_84_40_1_0125_00092554_1000_2000.tif,84-40,0,O2023_84_41_1_0124_00164918_8740_2000.tif,84-41,2,5325.0,53.25
O2023_84_40_1_0125_00092554_1000_2000.tif,84-40,0,O2023_84_41_1_0124_00164914_8000_5000.tif,84-41,2,2565.0,25.65
O2023_84_40_1_0125_00092554_1000_2000.tif,84-40,0,O2023_84_41_1_0124_00164914_8740_5000.tif,84-41,2,3105.0,31.05
O2023_84_40_1_0125_00092554_2000_0.tif,84-40,0,O2023_84_41_1_0124_00164918_8740_1000.tif,84-41,2,725.0,7.25
O2023_84_40_1_0125_00092554_2000_0.tif,84-40,0,O2023_84_41_1_0124_00164914_8740_4000.tif,84-41,2,1705.0,17.05
O2023_84_40_1_0125_00092554_2000_0.tif,84-40,0,O2023_84_41_1_0124_00164918_9000_0.tif,84-41,2,2175.0,21.75
O2023_84_40_1_0125_00092554_2000_0.tif,84-40,0,O2023_84_41_1_0124_00164914_8740_3000.tif,84-41,2,1395.0,13.95
O2023_84_40_1_0125_00092554_2000_0.tif,84-40,0,O2023_84_41_1_0124_00164911_8740_7000.tif,84-41,2,1312.0,13.12
O2023_84_40_1_0125_00092554_2000_0.tif,84-40,0,O2023_84_41_1_0124_00164911_8740_6000.tif,84-41,2,544.0,5.44
O2023_84_40_1_0125_00092554_2000_1000.tif,84-40,0,O2023_84_41_1_0124_00164918_8740_2000.tif,84-41,2,725.0,7.25
O2023_84_40_1_0125_00092554_2000_1000.tif,84-40,0,O2023_84_41_1_0124_00164914_8740_5000.tif,84-41,2,1705.0,17.05
O2023_84_40_1_0125_00092554_2000_1000.tif,84-40,0,O2023_84_41_1_0124_00164918_8740_1000.tif,84-41,2,2175.0,21.75
O2023_84_40_1_0125_00092554_2000_1000.tif,84-40,0,O2023_84_41_1_0124_00164914_8740_4000.tif,84-41,2,1395.0,13.95
O2023_84_40_1_0125_00092554_2000_2000.tif,84-40,0,O2023_84_41_1_0124_00164914_8740_6000.tif,84-41,2,1705.0,17.05
O2023_84_40_1_0125_00092554_2000_2000.tif,84-40,0,O2023_84_41_1_0124_00164918_8740_2000.tif,84-41,2,2175.0,21.75
O2023_84_40_1_0125_00092554_2000_2000.tif,84-40,0,O2023_84_41_1_0124_00164914_8740_5000.tif,84-41,2,1395.0,13.95
O2023_85_45_1_0024_00001566_7000_7000.tif,85-45,2,O2023_85_48_1_0052_00000183_4000_2000.tif,85-48,0,12.0,0.12
O2023_85_45_1_0024_00001566_7000_7000.tif,85-45,2,O2023_85_48_1_0052_00000183_5000_2000.tif,85-48,0,188.0,1.88
O2023_85_45_1_0024_00001566_7000_7000.tif,85-45,2,O2023_85_48_1_0052_00000185_4000_5000.tif,85-48,0,156.0,1.56
O2023_85_45_1_0024_00001566_7000_7000.tif,85-45,2,O2023_85_48_1_0052_00000185_5000_5000.tif,85-48,0,1144.0,11.44
O2023_85_45_1_0024_00001566_7000_7000.tif,85-45,2,O2023_85_48_1_0052_00000186_4000_7000.tif,85-48,0,364.0,3.64
O2023_85_45_1_0024_00001566_7000_7000.tif,85-45,2,O2023_85_48_1_0052_00000186_5000_7000.tif,85-48,0,2436.0,24.36
O2023_85_45_1_0024_00001566_7000_7000.tif,85-45,2,O2023_85_48_1_0052_00000182_4000_0.tif,85-48,0,45.0,0.45
O2023_85_45_1_0024_00001566_7000_7000.tif,85-45,2,O2023_85_48_1_0052_00000182_5000_0.tif,85-48,0,4455.0,44.55
O2023_85_45_1_0024_00001566_7000_7000.tif,85-45,2,O2023_85_48_1_0052_00000184_4000_3000.tif,85-48,0,440.0,4.4
O2023_85_45_1_0024_00001566_7000_7000.tif,85-45,2,O2023_85_48_1_0052_00000184_5000_3000.tif,85-48,0,5060.0,50.6
O2023_85_45_1_0024_00001566_7000_7000.tif,85-45,2,O2023_85_48_1_0052_00000186_4000_6000.tif,85-48,0,884.0,8.84
O2023_85_45_1_0024_00001566_7000_7000.tif,85-45,2,O2023_85_48_1_0052_00000186_5000_6000.tif,85-48,0,5916.0,59.16
O2023_85_45_1_0024_00001566_7000_7000.tif,85-45,2,O2023_85_48_1_0052_00000183_5000_1000.tif,85-48,0,9212.0,92.12
O2023_85_45_1_0024_00001566_7000_7000.tif,85-45,2,O2023_85_48_1_0052_00000185_5000_4000.tif,85-48,0,7656.0,76.56
O2023_85_45_1_0024_00001566_8000_6000.tif,85-45,2,O2023_85_48_1_0052_00000186_6000_7000.tif,85-48,0,87.0,0.87
O2023_85_45_1_0024_00001566_8000_6000.tif,85-45,2,O2023_85_48_1_0052_00000186_5000_7000.tif,85-48,0,13.0,0.13
O2023_85_45_1_0024_00001566_8000_6000.tif,85-45,2,O2023_85_48_1_0053_00000197_0_6000.tif,85-48,0,890.0,8.9
O2023_85_45_1_0024_00001566_8000_6000.tif,85-45,2,O2023_85_48_1_0052_00000182_5000_0.tif,85-48,0,18.0,0.18
O2023_85_45_1_0024_00001566_8000_6000.tif,85-45,2,O2023_85_48_1_0052_00000182_6000_0.tif,85-48,0,1782.0,17.82
O2023_85_45_1_0024_00001566_8000_6000.tif,85-45,2,O2023_85_48_1_0052_00000184_5000_3000.tif,85-48,0,224.0,2.24
O2023_85_45_1_0024_00001566_8000_6000.tif,85-45,2,O2023_85_48_1_0052_00000184_6000_3000.tif,85-48,0,2576.0,25.76
O2023_85_45_1_0024_00001566_8000_6000.tif,85-45,2,O2023_85_48_1_0053_00000200_0_1000.tif,85-48,0,2975.0,29.75
O2023_85_45_1_0024_00001566_8000_6000.tif,85-45,2,O2023_85_48_1_0052_00000186_5000_6000.tif,85-48,0,533.0,5.33
O2023_85_45_1_0024_00001566_8000_6000.tif,85-45,2,O2023_85_48_1_0052_00000186_6000_6000.tif,85-48,0,3567.0,35.67
O2023_85_45_1_0024_00001566_8000_6000.tif,85-45,2,O2023_85_48_1_0053_00000198_0_4000.tif,85-48,0,4590.0,45.9
O2023_85_45_1_0024_00001566_8000_6000.tif,85-45,2,O2023_85_48_1_0052_00000183_5000_1000.tif,85-48,0,450.0,4.5
O2023_85_45_1_0024_00001566_8000_6000.tif,85-45,2,O2023_85_48_1_0052_00000183_6000_1000.tif,85-48,0,7050.0,70.5
O2023_85_45_1_0024_00001566_8000_6000.tif,85-45,2,O2023_85_48_1_0052_00000185_5000_4000.tif,85-48,0,1032.0,10.32
O2023_85_45_1_0024_00001566_8000_6000.tif,85-45,2,O2023_85_48_1_0052_00000185_6000_4000.tif,85-48,0,7568.0,75.68
O2023_85_45_1_0024_00001566_8000_6000.tif,85-45,2,O2023_85_48_1_0053_00000199_0_2000.tif,85-48,0,7980.0,79.8
O2023_85_45_1_0024_00001566_8000_7000.tif,85-45,2,O2023_85_48_1_0052_00000183_6000_2000.tif,85-48,0,188.0,1.88
O2023_85_45_1_0024_00001566_8000_7000.tif,85-45,2,O2023_85_48_1_0052_00000183_5000_2000.tif,85-48,0,12.0,0.12
O2023_85_45_1_0024_00001566_8000_7000.tif,85-45,2,O2023_85_48_1_0053_00000201_0_0.tif,85-48,0,425.0,4.25
O2023_85_45_1_0024_00001566_8000_7000.tif,85-45,2,O2023_85_48_1_0052_00000185_6000_5000.tif,85-48,0,1144.0,11.44
O2023_85_45_1_0024_00001566_8000_7000.tif,85-45,2,O2023_85_48_1_0052_00000185_5000_5000.tif,85-48,0,156.0,1.56
O2023_85_45_1_0024_00001566_8000_7000.tif,85-45,2,O2023_85_48_1_0053_00000199_0_3000.tif,85-48,0,1848.0,18.48
O2023_85_45_1_0024_00001566_8000_7000.tif,85-45,2,O2023_85_48_1_0052_00000186_6000_7000.tif,85-48,0,2436.0,24.36
O2023_85_45_1_0024_00001566_8000_7000.tif,85-45,2,O2023_85_48_1_0052_00000186_5000_7000.tif,85-48,0,364.0,3.64
O2023_85_45_1_0024_00001566_8000_7000.tif,85-45,2,O2023_85_48_1_0053_00000197_0_6000.tif,85-48,0,3293.0,32.93
O2023_85_45_1_0024_00001566_8000_7000.tif,85-45,2,O2023_85_48_1_0052_00000182_5000_0.tif,85-48,0,45.0,0.45
O2023_85_45_1_0024_00001566_8000_7000.tif,85-45,2,O2023_85_48_1_0052_00000182_6000_0.tif,85-48,0,4455.0,44.55
O2023_85_45_1_0024_00001566_8000_7000.tif,85-45,2,O2023_85_48_1_0052_00000184_5000_3000.tif,85-48,0,440.0,4.4
O2023_85_45_1_0024_00001566_8000_7000.tif,85-45,2,O2023_85_48_1_0052_00000184_6000_3000.tif,85-48,0,5060.0,50.6
O2023_85_45_1_0024_00001566_8000_7000.tif,85-45,2,O2023_85_48_1_0053_00000200_0_1000.tif,85-48,0,5270.0,52.7
O2023_85_45_1_0024_00001566_8000_7000.tif,85-45,2,O2023_85_48_1_0052_00000186_5000_6000.tif,85-48,0,884.0,8.84
O2023_85_45_1_0024_00001566_8000_7000.tif,85-45,2,O2023_85_48_1_0052_00000186_6000_6000.tif,85-48,0,5916.0,59.16
O2023_85_45_1_0024_00001566_8000_7000.tif,85-45,2,O2023_85_48_1_0053_00000198_0_4000.tif,85-48,0,6885.0,68.85
O2023_85_45_1_0024_00001566_8000_7000.tif,85-45,2,O2023_85_48_1_0052_00000183_5000_1000.tif,85-48,0,588.0,5.88
O2023_85_45_1_0024_00001566_8000_7000.tif,85-45,2,O2023_85_48_1_0052_00000183_6000_1000.tif,85-48,0,9212.0,92.12
O2023_85_45_1_0024_00001566_8000_7000.tif,85-45,2,O2023_85_48_1_0052_00000185_5000_4000.tif,85-48,0,1044.0,10.44
O2023_85_45_1_0024_00001566_8000_7000.tif,85-45,2,O2023_85_48_1_0052_00000185_6000_4000.tif,85-48,0,7656.0,76.56
O2023_85_45_1_0024_00001566_8000_7000.tif,85-45,2,O2023_85_48_1_0053_00000199_0_2000.tif,85-48,0,6552.0,65.52
O2023_85_45_1_0024_00001567_6000_5000.tif,85-45,2,O2023_85_48_1_0052_00000183_3000_2000.tif,85-48,0,760.0,7.6
O2023_85_45_1_0024_00001567_6000_5000.tif,85-45,2,O2023_85_48_1_0052_00000185_3000_5000.tif,85-48,0,1275.0,12.75
O2023_85_45_1_0024_00001567_6000_5000.tif,85-45,2,O2023_85_48_1_0052_00000183_4000_2000.tif,85-48,0,3240.0,32.4
O2023_85_45_1_0024_00001567_6000_5000.tif,85-45,2,O2023_85_48_1_0052_00000185_4000_5000.tif,85-48,0,3825.0,38.25
O2023_85_45_1_0024_00001567_6000_5000.tif,85-45,2,O2023_85_48_1_0052_00000186_4000_7000.tif,85-48,0,4884.0,48.84
O2023_85_45_1_0024_00001567_6000_5000.tif,85-45,2,O2023_85_48_1_0052_00000182_4000_0.tif,85-48,0,7138.0,71.38
O2023_85_45_1_0024_00001567_6000_5000.tif,85-45,2,O2023_85_48_1_0052_00000184_4000_3000.tif,85-48,0,7347.0,73.47
O2023_85_45_1_0024_00001567_6000_5000.tif,85-45,2,O2023_85_48_1_0052_00000186_4000_6000.tif,85-48,0,6956.0,69.56
O2023_85_45_1_0024_00001567_6000_5000.tif,85-45,2,O2023_85_48_1_0052_00000186_3000_7000.tif,85-48,0,1716.0,17.16
O2023_85_45_1_0024_00001567_6000_5000.tif,85-45,2,O2023_85_48_1_0052_00000182_3000_0.tif,85-48,0,1162.0,11.62
O2023_85_45_1_0024_00001567_6000_5000.tif,85-45,2,O2023_85_48_1_0052_00000184_3000_3000.tif,85-48,0,1953.0,19.53
O2023_85_45_1_0024_00001567_6000_5000.tif,85-45,2,O2023_85_48_1_0052_00000186_3000_6000.tif,85-48,0,2444.0,24.44
O2023_85_45_1_0024_00001567_6000_6000.tif,85-45,2,O2023_85_48_1_0052_00000182_4000_1000.tif,85-48,0,7138.0,71.38
O2023_85_45_1_0024_00001567_6000_6000.tif,85-45,2,O2023_85_48_1_0052_00000184_4000_4000.tif,85-48,0,7347.0,73.47
O2023_85_45_1_0024_00001567_6000_6000.tif,85-45,2,O2023_85_48_1_0052_00000183_3000_2000.tif,85-48,0,1140.0,11.4
O2023_85_45_1_0024_00001567_6000_6000.tif,85-45,2,O2023_85_48_1_0052_00000185_3000_5000.tif,85-48,0,1225.0,12.25
O2023_85_45_1_0024_00001567_6000_6000.tif,85-45,2,O2023_85_48_1_0052_00000183_4000_2000.tif,85-48,0,4860.0,48.6
O2023_85_45_1_0024_00001567_6000_6000.tif,85-45,2,O2023_85_48_1_0052_00000185_4000_5000.tif,85-48,0,3675.0,36.75
O2023_85_45_1_0024_00001567_6000_6000.tif,85-45,2,O2023_85_48_1_0052_00000186_4000_7000.tif,85-48,0,2516.0,25.16
O2023_85_45_1_0024_00001567_6000_6000.tif,85-45,2,O2023_85_48_1_0052_00000182_4000_0.tif,85-48,0,1462.0,14.62
O2023_85_45_1_0024_00001567_6000_6000.tif,85-45,2,O2023_85_48_1_0052_00000184_4000_3000.tif,85-48,0,553.0,5.53
O2023_85_45_1_0024_00001567_6000_6000.tif,85-45,2,O2023_85_48_1_0052_00000186_3000_7000.tif,85-48,0,884.0,8.84
O2023_85_45_1_0024_00001567_6000_6000.tif,85-45,2,O2023_85_48_1_0052_00000182_3000_0.tif,85-48,0,238.0,2.38
O2023_85_45_1_0024_00001567_6000_6000.tif,85-45,2,O2023_85_48_1_0052_00000184_3000_3000.tif,85-48,0,147.0,1.47
O2023_85_45_1_0024_00001567_6000_7000.tif,85-45,2,O2023_85_48_1_0052_00000182_4000_1000.tif,85-48,0,7482.0,74.82
O2023_85_45_1_0024_00001567_6000_7000.tif,85-45,2,O2023_85_48_1_0052_00000184_4000_4000.tif,85-48,0,6083.0,60.83
O2023_85_45_1_0024_00001567_6000_7000.tif,85-45,2,O2023_85_48_1_0052_00000183_3000_2000.tif,85-48,0,570.0,5.7
O2023_85_45_1_0024_00001567_6000_7000.tif,85-45,2,O2023_85_48_1_0052_00000185_3000_5000.tif,85-48,0,475.0,4.75
O2023_85_45_1_0024_00001567_6000_7000.tif,85-45,2,O2023_85_48_1_0052_00000183_4000_2000.tif,85-48,0,2430.0,24.3
O2023_85_45_1_0024_00001567_6000_7000.tif,85-45,2,O2023_85_48_1_0052_00000185_4000_5000.tif,85-48,0,1425.0,14.25
O2023_85_45_1_0024_00001567_6000_7000.tif,85-45,2,O2023_85_48_1_0052_00000186_4000_7000.tif,85-48,0,296.0,2.96
O2023_85_45_1_0024_00001567_6000_7000.tif,85-45,2,O2023_85_48_1_0052_00000186_3000_7000.tif,85-48,0,104.0,1.04
O2023_85_45_1_0024_00001567_7000_5000.tif,85-45,2,O2023_85_48_1_0052_00000183_4000_2000.tif,85-48,0,760.0,7.6
O2023_85_45_1_0024_00001567_7000_5000.tif,85-45,2,O2023_85_48_1_0052_00000183_5000_2000.tif,85-48,0,3240.0,32.4
O2023_85_45_1_0024_00001567_7000_5000.tif,85-45,2,O2023_85_48_1_0052_00000185_4000_5000.tif,85-48,0,1275.0,12.75
O2023_85_45_1_0024_00001567_7000_5000.tif,85-45,2,O2023_85_48_1_0052_00000185_5000_5000.tif,85-48,0,3825.0,38.25
O2023_85_45_1_0024_00001567_7000_5000.tif,85-45,2,O2023_85_48_1_0052_00000186_4000_7000.tif,85-48,0,1716.0,17.16
O2023_85_45_1_0024_00001567_7000_5000.tif,85-45,2,O2023_85_48_1_0052_00000186_5000_7000.tif,85-48,0,4884.0,48.84
O2023_85_45_1_0024_00001567_7000_5000.tif,85-45,2,O2023_85_48_1_0052_00000182_4000_0.tif,85-48,0,1162.0,11.62
O2023_85_45_1_0024_00001567_7000_5000.tif,85-45,2,O2023_85_48_1_0052_00000182_5000_0.tif,85-48,0,7138.0,71.38
O2023_85_45_1_0024_00001567_7000_5000.tif,85-45,2,O2023_85_48_1_0052_00000184_4000_3000.tif,85-48,0,1953.0,19.53
O2023_85_45_1_0024_00001567_7000_5000.tif,85-45,2,O2023_85_48_1_0052_00000184_5000_3000.tif,85-48,0,7347.0,73.47
O2023_85_45_1_0024_00001567_7000_5000.tif,85-45,2,O2023_85_48_1_0052_00000186_4000_6000.tif,85-48,0,2444.0,24.44
O2023_85_45_1_0024_00001567_7000_5000.tif,85-45,2,O2023_85_48_1_0052_00000186_5000_6000.tif,85-48,0,6956.0,69.56
O2023_85_45_1_0024_00001567_7000_5000.tif,85-45,2,O2023_85_48_1_0052_00000183_5000_1000.tif,85-48,0,4860.0,48.6
O2023_85_45_1_0024_00001567_7000_5000.tif,85-45,2,O2023_85_48_1_0052_00000185_5000_4000.tif,85-48,0,3675.0,36.75
O2023_85_45_1_0024_00001567_7000_6000.tif,85-45,2,O2023_85_48_1_0052_00000185_5000_6000.tif,85-48,0,3825.0,38.25
O2023_85_45_1_0024_00001567_7000_6000.tif,85-45,2,O2023_85_48_1_0052_00000182_4000_1000.tif,85-48,0,1162.0,11.62
O2023_85_45_1_0024_00001567_7000_6000.tif,85-45,2,O2023_85_48_1_0052_00000182_5000_1000.tif,85-48,0,7138.0,71.38
O2023_85_45_1_0024_00001567_7000_6000.tif,85-45,2,O2023_85_48_1_0052_00000184_4000_4000.tif,85-48,0,1953.0,19.53
O2023_85_45_1_0024_00001567_7000_6000.tif,85-45,2,O2023_85_48_1_0052_00000184_5000_4000.tif,85-48,0,7347.0,73.47
O2023_85_45_1_0024_00001567_7000_6000.tif,85-45,2,O2023_85_48_1_0052_00000183_4000_2000.tif,85-48,0,1140.0,11.4
O2023_85_45_1_0024_00001567_7000_6000.tif,85-45,2,O2023_85_48_1_0052_00000183_5000_2000.tif,85-48,0,4860.0,48.6
O2023_85_45_1_0024_00001567_7000_6000.tif,85-45,2,O2023_85_48_1_0052_00000185_4000_5000.tif,85-48,0,1225.0,12.25
O2023_85_45_1_0024_00001567_7000_6000.tif,85-45,2,O2023_85_48_1_0052_00000185_5000_5000.tif,85-48,0,3675.0,36.75
O2023_85_45_1_0024_00001567_7000_6000.tif,85-45,2,O2023_85_48_1_0052_00000186_4000_7000.tif,85-48,0,884.0,8.84
O2023_85_45_1_0024_00001567_7000_6000.tif,85-45,2,O2023_85_48_1_0052_00000186_5000_7000.tif,85-48,0,2516.0,25.16
O2023_85_45_1_0024_00001567_7000_6000.tif,85-45,2,O2023_85_48_1_0052_00000182_4000_0.tif,85-48,0,238.0,2.38
O2023_85_45_1_0024_00001567_7000_6000.tif,85-45,2,O2023_85_48_1_0052_00000182_5000_0.tif,85-48,0,1462.0,14.62
O2023_85_45_1_0024_00001567_7000_6000.tif,85-45,2,O2023_85_48_1_0052_00000184_4000_3000.tif,85-48,0,147.0,1.47
O2023_85_45_1_0024_00001567_7000_6000.tif,85-45,2,O2023_85_48_1_0052_00000184_5000_3000.tif,85-48,0,553.0,5.53
O2023_85_45_1_0024_00001567_7000_7000.tif,85-45,2,O2023_85_48_1_0052_00000185_5000_6000.tif,85-48,0,6075.0,60.75
O2023_85_45_1_0024_00001567_7000_7000.tif,85-45,2,O2023_85_48_1_0052_00000182_4000_1000.tif,85-48,0,1218.0,12.18
O2023_85_45_1_0024_00001567_7000_7000.tif,85-45,2,O2023_85_48_1_0052_00000182_5000_1000.tif,85-48,0,7482.0,74.82
O2023_85_45_1_0024_00001567_7000_7000.tif,85-45,2,O2023_85_48_1_0052_00000184_4000_4000.tif,85-48,0,1617.0,16.17
O2023_85_45_1_0024_00001567_7000_7000.tif,85-45,2,O2023_85_48_1_0052_00000184_5000_4000.tif,85-48,0,6083.0,60.83
O2023_85_45_1_0024_00001567_7000_7000.tif,85-45,2,O2023_85_48_1_0052_00000183_4000_2000.tif,85-48,0,570.0,5.7
O2023_85_45_1_0024_00001567_7000_7000.tif,85-45,2,O2023_85_48_1_0052_00000183_5000_2000.tif,85-48,0,2430.0,24.3
O2023_85_45_1_0024_00001567_7000_7000.tif,85-45,2,O2023_85_48_1_0052_00000185_4000_5000.tif,85-48,0,475.0,4.75
O2023_85_45_1_0024_00001567_7000_7000.tif,85-45,2,O2023_85_48_1_0052_00000185_5000_5000.tif,85-48,0,1425.0,14.25
O2023_85_45_1_0024_00001567_7000_7000.tif,85-45,2,O2023_85_48_1_0052_00000186_4000_7000.tif,85-48,0,104.0,1.04
O2023_85_45_1_0024_00001567_7000_7000.tif,85-45,2,O2023_85_48_1_0052_00000186_5000_7000.tif,85-48,0,296.0,2.96
O2023_85_45_1_0024_00001567_8000_5000.tif,85-45,2,O2023_85_48_1_0053_00000198_0_5000.tif,85-48,0,1368.0,13.68
O2023_85_45_1_0024_00001567_8000_5000.tif,85-45,2,O2023_85_48_1_0053_00000197_0_7000.tif,85-48,0,2356.0,23.56
O2023_85_45_1_0024_00001567_8000_5000.tif,85-45,2,O2023_85_48_1_0052_00000183_6000_2000.tif,85-48,0,3240.0,32.4
O2023_85_45_1_0024_00001567_8000_5000.tif,85-45,2,O2023_85_48_1_0052_00000183_5000_2000.tif,85-48,0,760.0,7.6
O2023_85_45_1_0024_00001567_8000_5000.tif,85-45,2,O2023_85_48_1_0053_00000201_0_0.tif,85-48,0,3096.0,30.96
O2023_85_45_1_0024_00001567_8000_5000.tif,85-45,2,O2023_85_48_1_0052_00000185_6000_5000.tif,85-48,0,3825.0,38.25
O2023_85_45_1_0024_00001567_8000_5000.tif,85-45,2,O2023_85_48_1_0052_00000185_5000_5000.tif,85-48,0,1275.0,12.75
O2023_85_45_1_0024_00001567_8000_5000.tif,85-45,2,O2023_85_48_1_0053_00000199_0_3000.tif,85-48,0,4260.0,42.6
O2023_85_45_1_0024_00001567_8000_5000.tif,85-45,2,O2023_85_48_1_0052_00000186_6000_7000.tif,85-48,0,4884.0,48.84
O2023_85_45_1_0024_00001567_8000_5000.tif,85-45,2,O2023_85_48_1_0052_00000186_5000_7000.tif,85-48,0,1716.0,17.16
O2023_85_45_1_0024_00001567_8000_5000.tif,85-45,2,O2023_85_48_1_0053_00000197_0_6000.tif,85-48,0,5700.0,57.0
O2023_85_45_1_0024_00001567_8000_5000.tif,85-45,2,O2023_85_48_1_0052_00000182_5000_0.tif,85-48,0,1162.0,11.62
O2023_85_45_1_0024_00001567_8000_5000.tif,85-45,2,O2023_85_48_1_0052_00000182_6000_0.tif,85-48,0,7138.0,71.38
O2023_85_45_1_0024_00001567_8000_5000.tif,85-45,2,O2023_85_48_1_0052_00000184_5000_3000.tif,85-48,0,1953.0,19.53
O2023_85_45_1_0024_00001567_8000_5000.tif,85-45,2,O2023_85_48_1_0052_00000184_6000_3000.tif,85-48,0,7347.0,73.47
O2023_85_45_1_0024_00001567_8000_5000.tif,85-45,2,O2023_85_48_1_0053_00000200_0_1000.tif,85-48,0,7200.0,72.0
O2023_85_45_1_0024_00001567_8000_5000.tif,85-45,2,O2023_85_48_1_0052_00000186_5000_6000.tif,85-48,0,2444.0,24.44
O2023_85_45_1_0024_00001567_8000_5000.tif,85-45,2,O2023_85_48_1_0052_00000186_6000_6000.tif,85-48,0,6956.0,69.56
O2023_85_45_1_0024_00001567_8000_5000.tif,85-45,2,O2023_85_48_1_0053_00000198_0_4000.tif,85-48,0,5832.0,58.32
O2023_85_45_1_0024_00001567_8000_5000.tif,85-45,2,O2023_85_48_1_0052_00000183_5000_1000.tif,85-48,0,1140.0,11.4
O2023_85_45_1_0024_00001567_8000_5000.tif,85-45,2,O2023_85_48_1_0052_00000183_6000_1000.tif,85-48,0,4860.0,48.6
O2023_85_45_1_0024_00001567_8000_5000.tif,85-45,2,O2023_85_48_1_0052_00000185_5000_4000.tif,85-48,0,1225.0,12.25
O2023_85_45_1_0024_00001567_8000_5000.tif,85-45,2,O2023_85_48_1_0052_00000185_6000_4000.tif,85-48,0,3675.0,36.75
O2023_85_45_1_0024_00001567_8000_5000.tif,85-45,2,O2023_85_48_1_0053_00000199_0_2000.tif,85-48,0,2840.0,28.4
O2023_85_45_1_0024_00001567_8000_6000.tif,85-45,2,O2023_85_48_1_0052_00000185_5000_6000.tif,85-48,0,1275.0,12.75
O2023_85_45_1_0024_00001567_8000_6000.tif,85-45,2,O2023_85_48_1_0052_00000185_6000_6000.tif,85-48,0,3825.0,38.25
O2023_85_45_1_0024_00001567_8000_6000.tif,85-45,2,O2023_85_48_1_0053_00000199_0_4000.tif,85-48,0,4260.0,42.6
O2023_85_45_1_0024_00001567_8000_6000.tif,85-45,2,O2023_85_48_1_0052_00000182_5000_1000.tif,85-48,0,1162.0,11.62
O2023_85_45_1_0024_00001567_8000_6000.tif,85-45,2,O2023_85_48_1_0052_00000182_6000_1000.tif,85-48,0,7138.0,71.38
O2023_85_45_1_0024_00001567_8000_6000.tif,85-45,2,O2023_85_48_1_0052_00000184_5000_4000.tif,85-48,0,1953.0,19.53
O2023_85_45_1_0024_00001567_8000_6000.tif,85-45,2,O2023_85_48_1_0052_00000184_6000_4000.tif,85-48,0,7347.0,73.47
O2023_85_45_1_0024_00001567_8000_6000.tif,85-45,2,O2023_85_48_1_0053_00000200_0_2000.tif,85-48,0,7200.0,72.0
O2023_85_45_1_0024_00001567_8000_6000.tif,85-45,2,O2023_85_48_1_0053_00000198_0_5000.tif,85-48,0,5832.0,58.32
O2023_85_45_1_0024_00001567_8000_6000.tif,85-45,2,O2023_85_48_1_0053_00000197_0_7000.tif,85-48,0,5244.0,52.44
O2023_85_45_1_0024_00001567_8000_6000.tif,85-45,2,O2023_85_48_1_0052_00000183_6000_2000.tif,85-48,0,4860.0,48.6
O2023_85_45_1_0024_00001567_8000_6000.tif,85-45,2,O2023_85_48_1_0052_00000183_5000_2000.tif,85-48,0,1140.0,11.4
O2023_85_45_1_0024_00001567_8000_6000.tif,85-45,2,O2023_85_48_1_0053_00000201_0_0.tif,85-48,0,4104.0,41.04
O2023_85_45_1_0024_00001567_8000_6000.tif,85-45,2,O2023_85_48_1_0052_00000185_6000_5000.tif,85-48,0,3675.0,36.75
O2023_85_45_1_0024_00001567_8000_6000.tif,85-45,2,O2023_85_48_1_0052_00000185_5000_5000.tif,85-48,0,1225.0,12.25
O2023_85_45_1_0024_00001567_8000_6000.tif,85-45,2,O2023_85_48_1_0053_00000199_0_3000.tif,85-48,0,2840.0,28.4
O2023_85_45_1_0024_00001567_8000_6000.tif,85-45,2,O2023_85_48_1_0052_00000186_6000_7000.tif,85-48,0,2516.0,25.16
O2023_85_45_1_0024_00001567_8000_6000.tif,85-45,2,O2023_85_48_1_0052_00000186_5000_7000.tif,85-48,0,884.0,8.84
O2023_85_45_1_0024_00001567_8000_6000.tif,85-45,2,O2023_85_48_1_0053_00000197_0_6000.tif,85-48,0,1900.0,19.0
O2023_85_45_1_0024_00001567_8000_6000.tif,85-45,2,O2023_85_48_1_0052_00000182_5000_0.tif,85-48,0,238.0,2.38
O2023_85_45_1_0024_00001567_8000_6000.tif,85-45,2,O2023_85_48_1_0052_00000182_6000_0.tif,85-48,0,1462.0,14.62
O2023_85_45_1_0024_00001567_8000_6000.tif,85-45,2,O2023_85_48_1_0052_00000184_5000_3000.tif,85-48,0,147.0,1.47
O2023_85_45_1_0024_00001567_8000_6000.tif,85-45,2,O2023_85_48_1_0052_00000184_6000_3000.tif,85-48,0,553.0,5.53
O2023_85_45_1_0024_00001567_8000_7000.tif,85-45,2,O2023_85_48_1_0052_00000185_5000_6000.tif,85-48,0,2025.0,20.25
O2023_85_45_1_0024_00001567_8000_7000.tif,85-45,2,O2023_85_48_1_0052_00000185_6000_6000.tif,85-48,0,6075.0,60.75
O2023_85_45_1_0024_00001567_8000_7000.tif,85-45,2,O2023_85_48_1_0053_00000199_0_4000.tif,85-48,0,6390.0,63.9
O2023_85_45_1_0024_00001567_8000_7000.tif,85-45,2,O2023_85_48_1_0052_00000182_5000_1000.tif,85-48,0,1218.0,12.18
O2023_85_45_1_0024_00001567_8000_7000.tif,85-45,2,O2023_85_48_1_0052_00000182_6000_1000.tif,85-48,0,7482.0,74.82
O2023_85_45_1_0024_00001567_8000_7000.tif,85-45,2,O2023_85_48_1_0052_00000184_5000_4000.tif,85-48,0,1617.0,16.17
O2023_85_45_1_0024_00001567_8000_7000.tif,85-45,2,O2023_85_48_1_0052_00000184_6000_4000.tif,85-48,0,6083.0,60.83
O2023_85_45_1_0024_00001567_8000_7000.tif,85-45,2,O2023_85_48_1_0053_00000200_0_2000.tif,85-48,0,5040.0,50.4
O2023_85_45_1_0024_00001567_8000_7000.tif,85-45,2,O2023_85_48_1_0053_00000198_0_5000.tif,85-48,0,3672.0,36.72
O2023_85_45_1_0024_00001567_8000_7000.tif,85-45,2,O2023_85_48_1_0053_00000197_0_7000.tif,85-48,0,2964.0,29.64
O2023_85_45_1_0024_00001567_8000_7000.tif,85-45,2,O2023_85_48_1_0052_00000183_6000_2000.tif,85-48,0,2430.0,24.3
O2023_85_45_1_0024_00001567_8000_7000.tif,85-45,2,O2023_85_48_1_0052_00000183_5000_2000.tif,85-48,0,570.0,5.7
O2023_85_45_1_0024_00001567_8000_7000.tif,85-45,2,O2023_85_48_1_0053_00000201_0_0.tif,85-48,0,1944.0,19.44
O2023_85_45_1_0024_00001567_8000_7000.tif,85-45,2,O2023_85_48_1_0052_00000185_6000_5000.tif,85-48,0,1425.0,14.25
O2023_85_45_1_0024_00001567_8000_7000.tif,85-45,2,O2023_85_48_1_0052_00000185_5000_5000.tif,85-48,0,475.0,4.75
O2023_85_45_1_0024_00001567_8000_7000.tif,85-45,2,O2023_85_48_1_0053_00000199_0_3000.tif,85-48,0,710.0,7.1
O2023_85_45_1_0024_00001567_8000_7000.tif,85-45,2,O2023_85_48_1_0052_00000186_6000_7000.tif,85-48,0,296.0,2.96
O2023_85_45_1_0024_00001567_8000_7000.tif,85-45,2,O2023_85_48_1_0052_00000186_5000_7000.tif,85-48,0,104.0,1.04
O2023_85_45_1_0024_00001567_8720_5000.tif,85-45,2,O2023_85_48_1_0053_00000198_0_5000.tif,85-48,0,1064.0,10.64
O2023_85_45_1_0024_00001567_8720_5000.tif,85-45,2,O2023_85_48_1_0053_00000197_0_7000.tif,85-48,0,1612.0,16.12
O2023_85_45_1_0024_00001567_8720_5000.tif,85-45,2,O2023_85_48_1_0052_00000183_6000_2000.tif,85-48,0,1880.0,18.8
O2023_85_45_1_0024_00001567_8720_5000.tif,85-45,2,O2023_85_48_1_0053_00000201_0_0.tif,85-48,0,2408.0,24.08
O2023_85_45_1_0024_00001567_8720_5000.tif,85-45,2,O2023_85_48_1_0052_00000185_6000_5000.tif,85-48,0,2703.0,27.03
O2023_85_45_1_0024_00001567_8720_5000.tif,85-45,2,O2023_85_48_1_0053_00000199_0_3000.tif,85-48,0,3420.0,34.2
O2023_85_45_1_0024_00001567_8720_5000.tif,85-45,2,O2023_85_48_1_0052_00000186_6000_7000.tif,85-48,0,3564.0,35.64
O2023_85_45_1_0024_00001567_8720_5000.tif,85-45,2,O2023_85_48_1_0053_00000197_0_6000.tif,85-48,0,3900.0,39.0
O2023_85_45_1_0024_00001567_8720_5000.tif,85-45,2,O2023_85_48_1_0052_00000182_6000_0.tif,85-48,0,3486.0,34.86
O2023_85_45_1_0024_00001567_8720_5000.tif,85-45,2,O2023_85_48_1_0052_00000184_6000_3000.tif,85-48,0,4557.0,45.57
O2023_85_45_1_0024_00001567_8720_5000.tif,85-45,2,O2023_85_48_1_0053_00000200_0_1000.tif,85-48,0,5600.0,56.0
O2023_85_45_1_0024_00001567_8720_5000.tif,85-45,2,O2023_85_48_1_0052_00000186_6000_6000.tif,85-48,0,5076.0,50.76
O2023_85_45_1_0024_00001567_8720_5000.tif,85-45,2,O2023_85_48_1_0053_00000198_0_4000.tif,85-48,0,4536.0,45.36
O2023_85_45_1_0024_00001567_8720_5000.tif,85-45,2,O2023_85_48_1_0052_00000183_6000_1000.tif,85-48,0,2820.0,28.2
O2023_85_45_1_0024_00001567_8720_5000.tif,85-45,2,O2023_85_48_1_0052_00000185_6000_4000.tif,85-48,0,2597.0,25.97
O2023_85_45_1_0024_00001567_8720_5000.tif,85-45,2,O2023_85_48_1_0053_00000199_0_2000.tif,85-48,0,2280.0,22.8
O2023_85_45_1_0024_00001567_8720_6000.tif,85-45,2,O2023_85_48_1_0052_00000185_6000_6000.tif,85-48,0,2703.0,27.03
O2023_85_45_1_0024_00001567_8720_6000.tif,85-45,2,O2023_85_48_1_0053_00000199_0_4000.tif,85-48,0,3420.0,34.2
O2023_85_45_1_0024_00001567_8720_6000.tif,85-45,2,O2023_85_48_1_0052_00000182_6000_1000.tif,85-48,0,3486.0,34.86
O2023_85_45_1_0024_00001567_8720_6000.tif,85-45,2,O2023_85_48_1_0052_00000184_6000_4000.tif,85-48,0,4557.0,45.57
O2023_85_45_1_0024_00001567_8720_6000.tif,85-45,2,O2023_85_48_1_0053_00000200_0_2000.tif,85-48,0,5600.0,56.0
O2023_85_45_1_0024_00001567_8720_6000.tif,85-45,2,O2023_85_48_1_0053_00000198_0_5000.tif,85-48,0,4536.0,45.36
O2023_85_45_1_0024_00001567_8720_6000.tif,85-45,2,O2023_85_48_1_0053_00000197_0_7000.tif,85-48,0,3588.0,35.88
O2023_85_45_1_0024_00001567_8720_6000.tif,85-45,2,O2023_85_48_1_0052_00000183_6000_2000.tif,85-48,0,2820.0,28.2
O2023_85_45_1_0024_00001567_8720_6000.tif,85-45,2,O2023_85_48_1_0053_00000201_0_0.tif,85-48,0,3192.0,31.92
O2023_85_45_1_0024_00001567_8720_6000.tif,85-45,2,O2023_85_48_1_0052_00000185_6000_5000.tif,85-48,0,2597.0,25.97
O2023_85_45_1_0024_00001567_8720_6000.tif,85-45,2,O2023_85_48_1_0053_00000199_0_3000.tif,85-48,0,2280.0,22.8
O2023_85_45_1_0024_00001567_8720_6000.tif,85-45,2,O2023_85_48_1_0052_00000186_6000_7000.tif,85-48,0,1836.0,18.36
O2023_85_45_1_0024_00001567_8720_6000.tif,85-45,2,O2023_85_48_1_0053_00000197_0_6000.tif,85-48,0,1300.0,13.0
O2023_85_45_1_0024_00001567_8720_6000.tif,85-45,2,O2023_85_48_1_0052_00000182_6000_0.tif,85-48,0,714.0,7.14
O2023_85_45_1_0024_00001567_8720_6000.tif,85-45,2,O2023_85_48_1_0052_00000184_6000_3000.tif,85-48,0,343.0,3.43
O2023_85_45_1_0024_00001567_8720_7000.tif,85-45,2,O2023_85_48_1_0052_00000185_6000_6000.tif,85-48,0,4293.0,42.93
O2023_85_45_1_0024_00001567_8720_7000.tif,85-45,2,O2023_85_48_1_0053_00000199_0_4000.tif,85-48,0,5130.0,51.3
O2023_85_45_1_0024_00001567_8720_7000.tif,85-45,2,O2023_85_48_1_0052_00000182_6000_1000.tif,85-48,0,3654.0,36.54
O2023_85_45_1_0024_00001567_8720_7000.tif,85-45,2,O2023_85_48_1_0052_00000184_6000_4000.tif,85-48,0,3773.0,37.73
O2023_85_45_1_0024_00001567_8720_7000.tif,85-45,2,O2023_85_48_1_0053_00000200_0_2000.tif,85-48,0,3920.0,39.2
O2023_85_45_1_0024_00001567_8720_7000.tif,85-45,2,O2023_85_48_1_0053_00000198_0_5000.tif,85-48,0,2856.0,28.56
O2023_85_45_1_0024_00001567_8720_7000.tif,85-45,2,O2023_85_48_1_0053_00000197_0_7000.tif,85-48,0,2028.0,20.28
O2023_85_45_1_0024_00001567_8720_7000.tif,85-45,2,O2023_85_48_1_0052_00000183_6000_2000.tif,85-48,0,1410.0,14.1
O2023_85_45_1_0024_00001567_8720_7000.tif,85-45,2,O2023_85_48_1_0053_00000201_0_0.tif,85-48,0,1512.0,15.12
O2023_85_45_1_0024_00001567_8720_7000.tif,85-45,2,O2023_85_48_1_0052_00000185_6000_5000.tif,85-48,0,1007.0,10.07
O2023_85_45_1_0024_00001567_8720_7000.tif,85-45,2,O2023_85_48_1_0053_00000199_0_3000.tif,85-48,0,570.0,5.7
O2023_85_45_1_0024_00001567_8720_7000.tif,85-45,2,O2023_85_48_1_0052_00000186_6000_7000.tif,85-48,0,216.0,2.16
O2023_85_45_1_0024_00001568_6000_4000.tif,85-45,2,O2023_85_48_1_0052_00000182_4000_1000.tif,85-48,0,3354.0,33.54
O2023_85_45_1_0024_00001568_6000_4000.tif,85-45,2,O2023_85_48_1_0052_00000184_4000_4000.tif,85-48,0,3763.0,37.63
O2023_85_45_1_0024_00001568_6000_4000.tif,85-45,2,O2023_85_48_1_0052_00000183_3000_2000.tif,85-48,0,2700.0,27.0
O2023_85_45_1_0024_00001568_6000_4000.tif,85-45,2,O2023_85_48_1_0052_00000185_3000_5000.tif,85-48,0,2937.0,29.37
O2023_85_45_1_0024_00001568_6000_4000.tif,85-45,2,O2023_85_48_1_0052_00000183_4000_2000.tif,85-48,0,7300.0,73.0
O2023_85_45_1_0024_00001568_6000_4000.tif,85-45,2,O2023_85_48_1_0052_00000185_4000_5000.tif,85-48,0,5963.0,59.63
O2023_85_45_1_0024_00001568_6000_4000.tif,85-45,2,O2023_85_48_1_0052_00000186_4000_7000.tif,85-48,0,4884.0,48.84
O2023_85_45_1_0024_00001568_6000_4000.tif,85-45,2,O2023_85_48_1_0052_00000182_4000_0.tif,85-48,0,4446.0,44.46
O2023_85_45_1_0024_00001568_6000_4000.tif,85-45,2,O2023_85_48_1_0052_00000184_4000_3000.tif,85-48,0,3337.0,33.37
O2023_85_45_1_0024_00001568_6000_4000.tif,85-45,2,O2023_85_48_1_0052_00000186_4000_6000.tif,85-48,0,2244.0,22.44
O2023_85_45_1_0024_00001568_6000_4000.tif,85-45,2,O2023_85_48_1_0052_00000186_3000_7000.tif,85-48,0,2516.0,25.16
O2023_85_45_1_0024_00001568_6000_4000.tif,85-45,2,O2023_85_48_1_0052_00000182_3000_0.tif,85-48,0,1254.0,12.54
O2023_85_45_1_0024_00001568_6000_4000.tif,85-45,2,O2023_85_48_1_0052_00000184_3000_3000.tif,85-48,0,1363.0,13.63
O2023_85_45_1_0024_00001568_6000_4000.tif,85-45,2,O2023_85_48_1_0052_00000186_3000_6000.tif,85-48,0,1156.0,11.56
O2023_85_45_1_0024_00001568_7000_3000.tif,85-45,2,O2023_85_48_1_0052_00000185_4000_5000.tif,85-48,0,363.0,3.63
O2023_85_45_1_0024_00001568_7000_3000.tif,85-45,2,O2023_85_48_1_0052_00000185_5000_5000.tif,85-48,0,737.0,7.37
O2023_85_45_1_0024_00001568_7000_3000.tif,85-45,2,O2023_85_48_1_0052_00000186_4000_7000.tif,85-48,0,884.0,8.84
O2023_85_45_1_0024_00001568_7000_3000.tif,85-45,2,O2023_85_48_1_0052_00000186_5000_7000.tif,85-48,0,1716.0,17.16
O2023_85_45_1_0024_00001568_7000_3000.tif,85-45,2,O2023_85_48_1_0052_00000182_4000_0.tif,85-48,0,946.0,9.46
O2023_85_45_1_0024_00001568_7000_3000.tif,85-45,2,O2023_85_48_1_0052_00000182_5000_0.tif,85-48,0,3354.0,33.54
O2023_85_45_1_0024_00001568_7000_3000.tif,85-45,2,O2023_85_48_1_0052_00000184_4000_3000.tif,85-48,0,1537.0,15.37
O2023_85_45_1_0024_00001568_7000_3000.tif,85-45,2,O2023_85_48_1_0052_00000184_5000_3000.tif,85-48,0,3763.0,37.63
O2023_85_45_1_0024_00001568_7000_3000.tif,85-45,2,O2023_85_48_1_0052_00000186_4000_6000.tif,85-48,0,2244.0,22.44
O2023_85_45_1_0024_00001568_7000_3000.tif,85-45,2,O2023_85_48_1_0052_00000186_5000_6000.tif,85-48,0,4356.0,43.56
O2023_85_45_1_0024_00001568_7000_3000.tif,85-45,2,O2023_85_48_1_0052_00000183_5000_1000.tif,85-48,0,7300.0,73.0
O2023_85_45_1_0024_00001568_7000_3000.tif,85-45,2,O2023_85_48_1_0052_00000185_5000_4000.tif,85-48,0,5963.0,59.63
O2023_85_45_1_0024_00001568_7000_4000.tif,85-45,2,O2023_85_48_1_0052_00000185_5000_6000.tif,85-48,0,737.0,7.37
O2023_85_45_1_0024_00001568_7000_4000.tif,85-45,2,O2023_85_48_1_0052_00000182_4000_1000.tif,85-48,0,946.0,9.46
O2023_85_45_1_0024_00001568_7000_4000.tif,85-45,2,O2023_85_48_1_0052_00000182_5000_1000.tif,85-48,0,3354.0,33.54
O2023_85_45_1_0024_00001568_7000_4000.tif,85-45,2,O2023_85_48_1_0052_00000184_4000_4000.tif,85-48,0,1537.0,15.37
O2023_85_45_1_0024_00001568_7000_4000.tif,85-45,2,O2023_85_48_1_0052_00000184_5000_4000.tif,85-48,0,3763.0,37.63
O2023_85_45_1_0024_00001568_7000_4000.tif,85-45,2,O2023_85_48_1_0052_00000183_4000_2000.tif,85-48,0,2700.0,27.0
O2023_85_45_1_0024_00001568_7000_4000.tif,85-45,2,O2023_85_48_1_0052_00000183_5000_2000.tif,85-48,0,7300.0,73.0
O2023_85_45_1_0024_00001568_7000_4000.tif,85-45,2,O2023_85_48_1_0052_00000185_4000_5000.tif,85-48,0,2937.0,29.37
O2023_85_45_1_0024_00001568_7000_4000.tif,85-45,2,O2023_85_48_1_0052_00000185_5000_5000.tif,85-48,0,5963.0,59.63
O2023_85_45_1_0024_00001568_7000_4000.tif,85-45,2,O2023_85_48_1_0052_00000186_4000_7000.tif,85-48,0,2516.0,25.16
O2023_85_45_1_0024_00001568_7000_4000.tif,85-45,2,O2023_85_48_1_0052_00000186_5000_7000.tif,85-48,0,4884.0,48.84
O2023_85_45_1_0024_00001568_7000_4000.tif,85-45,2,O2023_85_48_1_0052_00000182_4000_0.tif,85-48,0,1254.0,12.54
O2023_85_45_1_0024_00001568_7000_4000.tif,85-45,2,O2023_85_48_1_0052_00000182_5000_0.tif,85-48,0,4446.0,44.46
O2023_85_45_1_0024_00001568_7000_4000.tif,85-45,2,O2023_85_48_1_0052_00000184_4000_3000.tif,85-48,0,1363.0,13.63
O2023_85_45_1_0024_00001568_7000_4000.tif,85-45,2,O2023_85_48_1_0052_00000184_5000_3000.tif,85-48,0,3337.0,33.37
O2023_85_45_1_0024_00001568_7000_4000.tif,85-45,2,O2023_85_48_1_0052_00000186_4000_6000.tif,85-48,0,1156.0,11.56
O2023_85_45_1_0024_00001568_7000_4000.tif,85-45,2,O2023_85_48_1_0052_00000186_5000_6000.tif,85-48,0,2244.0,22.44
O2023_85_45_1_0024_00001568_8000_3000.tif,85-45,2,O2023_85_48_1_0053_00000201_0_0.tif,85-48,0,192.0,1.92
O2023_85_45_1_0024_00001568_8000_3000.tif,85-45,2,O2023_85_48_1_0052_00000185_6000_5000.tif,85-48,0,737.0,7.37
O2023_85_45_1_0024_00001568_8000_3000.tif,85-45,2,O2023_85_48_1_0052_00000185_5000_5000.tif,85-48,0,363.0,3.63
O2023_85_45_1_0024_00001568_8000_3000.tif,85-45,2,O2023_85_48_1_0053_00000199_0_3000.tif,85-48,0,1260.0,12.6
O2023_85_45_1_0024_00001568_8000_3000.tif,85-45,2,O2023_85_48_1_0052_00000186_6000_7000.tif,85-48,0,1716.0,17.16
O2023_85_45_1_0024_00001568_8000_3000.tif,85-45,2,O2023_85_48_1_0052_00000186_5000_7000.tif,85-48,0,884.0,8.84
O2023_85_45_1_0024_00001568_8000_3000.tif,85-45,2,O2023_85_48_1_0053_00000197_0_6000.tif,85-48,0,2380.0,23.8
O2023_85_45_1_0024_00001568_8000_3000.tif,85-45,2,O2023_85_48_1_0052_00000182_5000_0.tif,85-48,0,946.0,9.46
O2023_85_45_1_0024_00001568_8000_3000.tif,85-45,2,O2023_85_48_1_0052_00000182_6000_0.tif,85-48,0,3354.0,33.54
O2023_85_45_1_0024_00001568_8000_3000.tif,85-45,2,O2023_85_48_1_0052_00000184_5000_3000.tif,85-48,0,1537.0,15.37
O2023_85_45_1_0024_00001568_8000_3000.tif,85-45,2,O2023_85_48_1_0052_00000184_6000_3000.tif,85-48,0,3763.0,37.63
O2023_85_45_1_0024_00001568_8000_3000.tif,85-45,2,O2023_85_48_1_0053_00000200_0_1000.tif,85-48,0,3840.0,38.4
O2023_85_45_1_0024_00001568_8000_3000.tif,85-45,2,O2023_85_48_1_0052_00000186_5000_6000.tif,85-48,0,2244.0,22.44
O2023_85_45_1_0024_00001568_8000_3000.tif,85-45,2,O2023_85_48_1_0052_00000186_6000_6000.tif,85-48,0,4356.0,43.56
O2023_85_45_1_0024_00001568_8000_3000.tif,85-45,2,O2023_85_48_1_0053_00000198_0_4000.tif,85-48,0,5056.0,50.56
O2023_85_45_1_0024_00001568_8000_3000.tif,85-45,2,O2023_85_48_1_0052_00000183_5000_1000.tif,85-48,0,2700.0,27.0
O2023_85_45_1_0024_00001568_8000_3000.tif,85-45,2,O2023_85_48_1_0052_00000183_6000_1000.tif,85-48,0,7300.0,73.0
O2023_85_45_1_0024_00001568_8000_3000.tif,85-45,2,O2023_85_48_1_0052_00000185_5000_4000.tif,85-48,0,2937.0,29.37
O2023_85_45_1_0024_00001568_8000_3000.tif,85-45,2,O2023_85_48_1_0052_00000185_6000_4000.tif,85-48,0,5963.0,59.63
O2023_85_45_1_0024_00001568_8000_3000.tif,85-45,2,O2023_85_48_1_0053_00000199_0_2000.tif,85-48,0,5040.0,50.4
O2023_85_45_1_0024_00001568_8000_4000.tif,85-45,2,O2023_85_48_1_0052_00000185_5000_6000.tif,85-48,0,363.0,3.63
O2023_85_45_1_0024_00001568_8000_4000.tif,85-45,2,O2023_85_48_1_0052_00000185_6000_6000.tif,85-48,0,737.0,7.37
O2023_85_45_1_0024_00001568_8000_4000.tif,85-45,2,O2023_85_48_1_0053_00000199_0_4000.tif,85-48,0,1260.0,12.6
O2023_85_45_1_0024_00001568_8000_4000.tif,85-45,2,O2023_85_48_1_0052_00000182_5000_1000.tif,85-48,0,946.0,9.46
O2023_85_45_1_0024_00001568_8000_4000.tif,85-45,2,O2023_85_48_1_0052_00000182_6000_1000.tif,85-48,0,3354.0,33.54
O2023_85_45_1_0024_00001568_8000_4000.tif,85-45,2,O2023_85_48_1_0052_00000184_5000_4000.tif,85-48,0,1537.0,15.37
O2023_85_45_1_0024_00001568_8000_4000.tif,85-45,2,O2023_85_48_1_0052_00000184_6000_4000.tif,85-48,0,3763.0,37.63
O2023_85_45_1_0024_00001568_8000_4000.tif,85-45,2,O2023_85_48_1_0053_00000200_0_2000.tif,85-48,0,3840.0,38.4
O2023_85_45_1_0024_00001568_8000_4000.tif,85-45,2,O2023_85_48_1_0053_00000198_0_5000.tif,85-48,0,5056.0,50.56
O2023_85_45_1_0024_00001568_8000_4000.tif,85-45,2,O2023_85_48_1_0053_00000197_0_7000.tif,85-48,0,6188.0,61.88
O2023_85_45_1_0024_00001568_8000_4000.tif,85-45,2,O2023_85_48_1_0052_00000183_6000_2000.tif,85-48,0,7300.0,73.0
O2023_85_45_1_0024_00001568_8000_4000.tif,85-45,2,O2023_85_48_1_0052_00000183_5000_2000.tif,85-48,0,2700.0,27.0
O2023_85_45_1_0024_00001568_8000_4000.tif,85-45,2,O2023_85_48_1_0053_00000201_0_0.tif,85-48,0,6208.0,62.08
O2023_85_45_1_0024_00001568_8000_4000.tif,85-45,2,O2023_85_48_1_0052_00000185_6000_5000.tif,85-48,0,5963.0,59.63
O2023_85_45_1_0024_00001568_8000_4000.tif,85-45,2,O2023_85_48_1_0052_00000185_5000_5000.tif,85-48,0,2937.0,29.37
O2023_85_45_1_0024_00001568_8000_4000.tif,85-45,2,O2023_85_48_1_0053_00000199_0_3000.tif,85-48,0,5040.0,50.4
O2023_85_45_1_0024_00001568_8000_4000.tif,85-45,2,O2023_85_48_1_0052_00000186_6000_7000.tif,85-48,0,4884.0,48.84
O2023_85_45_1_0024_00001568_8000_4000.tif,85-45,2,O2023_85_48_1_0052_00000186_5000_7000.tif,85-48,0,2516.0,25.16
O2023_85_45_1_0024_00001568_8000_4000.tif,85-45,2,O2023_85_48_1_0053_00000197_0_6000.tif,85-48,0,4420.0,44.2
O2023_85_45_1_0024_00001568_8000_4000.tif,85-45,2,O2023_85_48_1_0052_00000182_5000_0.tif,85-48,0,1254.0,12.54
O2023_85_45_1_0024_00001568_8000_4000.tif,85-45,2,O2023_85_48_1_0052_00000182_6000_0.tif,85-48,0,4446.0,44.46
O2023_85_45_1_0024_00001568_8000_4000.tif,85-45,2,O2023_85_48_1_0052_00000184_5000_3000.tif,85-48,0,1363.0,13.63
O2023_85_45_1_0024_00001568_8000_4000.tif,85-45,2,O2023_85_48_1_0052_00000184_6000_3000.tif,85-48,0,3337.0,33.37
O2023_85_45_1_0024_00001568_8000_4000.tif,85-45,2,O2023_85_48_1_0053_00000200_0_1000.tif,85-48,0,2560.0,25.6
O2023_85_45_1_0024_00001568_8000_4000.tif,85-45,2,O2023_85_48_1_0052_00000186_5000_6000.tif,85-48,0,1156.0,11.56
O2023_85_45_1_0024_00001568_8000_4000.tif,85-45,2,O2023_85_48_1_0052_00000186_6000_6000.tif,85-48,0,2244.0,22.44
O2023_85_45_1_0024_00001568_8000_4000.tif,85-45,2,O2023_85_48_1_0053_00000198_0_4000.tif,85-48,0,1344.0,13.44
O2023_85_45_1_0024_00001568_8760_3000.tif,85-45,2,O2023_85_48_1_0053_00000201_0_0.tif,85-48,0,180.0,1.8
O2023_85_45_1_0024_00001568_8760_3000.tif,85-45,2,O2023_85_48_1_0052_00000185_6000_5000.tif,85-48,0,627.0,6.27
O2023_85_45_1_0024_00001568_8760_3000.tif,85-45,2,O2023_85_48_1_0053_00000199_0_3000.tif,85-48,0,1220.0,12.2
O2023_85_45_1_0024_00001568_8760_3000.tif,85-45,2,O2023_85_48_1_0052_00000186_6000_7000.tif,85-48,0,1508.0,15.08
O2023_85_45_1_0024_00001568_8760_3000.tif,85-45,2,O2023_85_48_1_0053_00000197_0_6000.tif,85-48,0,1960.0,19.6
O2023_85_45_1_0024_00001568_8760_3000.tif,85-45,2,O2023_85_48_1_0052_00000182_6000_0.tif,85-48,0,1978.0,19.78
O2023_85_45_1_0024_00001568_8760_3000.tif,85-45,2,O2023_85_48_1_0052_00000184_6000_3000.tif,85-48,0,2809.0,28.09
O2023_85_45_1_0024_00001568_8760_3000.tif,85-45,2,O2023_85_48_1_0053_00000200_0_1000.tif,85-48,0,3600.0,36.0
O2023_85_45_1_0024_00001568_8760_3000.tif,85-45,2,O2023_85_48_1_0052_00000186_6000_6000.tif,85-48,0,3828.0,38.28
O2023_85_45_1_0024_00001568_8760_3000.tif,85-45,2,O2023_85_48_1_0053_00000198_0_4000.tif,85-48,0,4740.0,47.4
O2023_85_45_1_0024_00001568_8760_3000.tif,85-45,2,O2023_85_48_1_0052_00000183_6000_1000.tif,85-48,0,5100.0,51.0
O2023_85_45_1_0024_00001568_8760_3000.tif,85-45,2,O2023_85_48_1_0052_00000185_6000_4000.tif,85-48,0,5073.0,50.73
O2023_85_45_1_0024_00001568_8760_3000.tif,85-45,2,O2023_85_48_1_0053_00000199_0_2000.tif,85-48,0,4880.0,48.8
O2023_85_45_1_0024_00001568_8760_4000.tif,85-45,2,O2023_85_48_1_0052_00000185_6000_6000.tif,85-48,0,627.0,6.27
O2023_85_45_1_0024_00001568_8760_4000.tif,85-45,2,O2023_85_48_1_0053_00000199_0_4000.tif,85-48,0,1220.0,12.2
O2023_85_45_1_0024_00001568_8760_4000.tif,85-45,2,O2023_85_48_1_0052_00000182_6000_1000.tif,85-48,0,1978.0,19.78
O2023_85_45_1_0024_00001568_8760_4000.tif,85-45,2,O2023_85_48_1_0052_00000184_6000_4000.tif,85-48,0,2809.0,28.09
O2023_85_45_1_0024_00001568_8760_4000.tif,85-45,2,O2023_85_48_1_0053_00000200_0_2000.tif,85-48,0,3600.0,36.0
O2023_85_45_1_0024_00001568_8760_4000.tif,85-45,2,O2023_85_48_1_0053_00000198_0_5000.tif,85-48,0,4740.0,47.4
O2023_85_45_1_0024_00001568_8760_4000.tif,85-45,2,O2023_85_48_1_0053_00000197_0_7000.tif,85-48,0,5096.0,50.96
O2023_85_45_1_0024_00001568_8760_4000.tif,85-45,2,O2023_85_48_1_0052_00000183_6000_2000.tif,85-48,0,5100.0,51.0
O2023_85_45_1_0024_00001568_8760_4000.tif,85-45,2,O2023_85_48_1_0053_00000201_0_0.tif,85-48,0,5820.0,58.2
O2023_85_45_1_0024_00001568_8760_4000.tif,85-45,2,O2023_85_48_1_0052_00000185_6000_5000.tif,85-48,0,5073.0,50.73
O2023_85_45_1_0024_00001568_8760_4000.tif,85-45,2,O2023_85_48_1_0053_00000199_0_3000.tif,85-48,0,4880.0,48.8
O2023_85_45_1_0024_00001568_8760_4000.tif,85-45,2,O2023_85_48_1_0052_00000186_6000_7000.tif,85-48,0,4292.0,42.92
O2023_85_45_1_0024_00001568_8760_4000.tif,85-45,2,O2023_85_48_1_0053_00000197_0_6000.tif,85-48,0,3640.0,36.4
O2023_85_45_1_0024_00001568_8760_4000.tif,85-45,2,O2023_85_48_1_0052_00000182_6000_0.tif,85-48,0,2622.0,26.22
O2023_85_45_1_0024_00001568_8760_4000.tif,85-45,2,O2023_85_48_1_0052_00000184_6000_3000.tif,85-48,0,2491.0,24.91
O2023_85_45_1_0024_00001568_8760_4000.tif,85-45,2,O2023_85_48_1_0053_00000200_0_1000.tif,85-48,0,2400.0,24.0
O2023_85_45_1_0024_00001568_8760_4000.tif,85-45,2,O2023_85_48_1_0052_00000186_6000_6000.tif,85-48,0,1972.0,19.72
O2023_85_45_1_0024_00001568_8760_4000.tif,85-45,2,O2023_85_48_1_0053_00000198_0_4000.tif,85-48,0,1260.0,12.6
O2023_85_45_1_0024_00001569_6000_2000.tif,85-45,2,O2023_85_48_1_0052_00000184_4000_4000.tif,85-48,0,610.0,6.1
O2023_85_45_1_0024_00001569_6000_2000.tif,85-45,2,O2023_85_48_1_0052_00000183_3000_2000.tif,85-48,0,2109.0,21.09
O2023_85_45_1_0024_00001569_6000_2000.tif,85-45,2,O2023_85_48_1_0052_00000185_3000_5000.tif,85-48,0,2924.0,29.24
O2023_85_45_1_0024_00001569_6000_2000.tif,85-45,2,O2023_85_48_1_0052_00000183_4000_2000.tif,85-48,0,3591.0,35.91
O2023_85_45_1_0024_00001569_6000_2000.tif,85-45,2,O2023_85_48_1_0052_00000185_4000_5000.tif,85-48,0,3876.0,38.76
O2023_85_45_1_0024_00001569_6000_2000.tif,85-45,2,O2023_85_48_1_0052_00000186_4000_7000.tif,85-48,0,4648.0,46.48
O2023_85_45_1_0024_00001569_6000_2000.tif,85-45,2,O2023_85_48_1_0052_00000182_4000_0.tif,85-48,0,6800.0,68.0
O2023_85_45_1_0024_00001569_6000_2000.tif,85-45,2,O2023_85_48_1_0052_00000184_4000_3000.tif,85-48,0,5490.0,54.9
O2023_85_45_1_0024_00001569_6000_2000.tif,85-45,2,O2023_85_48_1_0052_00000186_4000_6000.tif,85-48,0,4312.0,43.12
O2023_85_45_1_0024_00001569_6000_2000.tif,85-45,2,O2023_85_48_1_0052_00000186_3000_7000.tif,85-48,0,3652.0,36.52
O2023_85_45_1_0024_00001569_6000_2000.tif,85-45,2,O2023_85_48_1_0052_00000182_3000_0.tif,85-48,0,3200.0,32.0
O2023_85_45_1_0024_00001569_6000_2000.tif,85-45,2,O2023_85_48_1_0052_00000184_3000_3000.tif,85-48,0,3510.0,35.1
O2023_85_45_1_0024_00001569_6000_2000.tif,85-45,2,O2023_85_48_1_0052_00000186_3000_6000.tif,85-48,0,3388.0,33.88
O2023_85_45_1_0024_00001569_6000_3000.tif,85-45,2,O2023_85_48_1_0052_00000182_4000_1000.tif,85-48,0,6800.0,68.0
O2023_85_45_1_0024_00001569_6000_3000.tif,85-45,2,O2023_85_48_1_0052_00000184_4000_4000.tif,85-48,0,5490.0,54.9
O2023_85_45_1_0024_00001569_6000_3000.tif,85-45,2,O2023_85_48_1_0052_00000183_3000_2000.tif,85-48,0,1591.0,15.91
O2023_85_45_1_0024_00001569_6000_3000.tif,85-45,2,O2023_85_48_1_0052_00000185_3000_5000.tif,85-48,0,1376.0,13.76
O2023_85_45_1_0024_00001569_6000_3000.tif,85-45,2,O2023_85_48_1_0052_00000183_4000_2000.tif,85-48,0,2709.0,27.09
O2023_85_45_1_0024_00001569_6000_3000.tif,85-45,2,O2023_85_48_1_0052_00000185_4000_5000.tif,85-48,0,1824.0,18.24
O2023_85_45_1_0024_00001569_6000_3000.tif,85-45,2,O2023_85_48_1_0052_00000186_4000_7000.tif,85-48,0,952.0,9.52
O2023_85_45_1_0024_00001569_6000_3000.tif,85-45,2,O2023_85_48_1_0052_00000186_3000_7000.tif,85-48,0,748.0,7.48
O2023_85_45_1_0024_00001569_7000_2000.tif,85-45,2,O2023_85_48_1_0052_00000184_4000_4000.tif,85-48,0,390.0,3.9
O2023_85_45_1_0024_00001569_7000_2000.tif,85-45,2,O2023_85_48_1_0052_00000184_5000_4000.tif,85-48,0,610.0,6.1
O2023_85_45_1_0024_00001569_7000_2000.tif,85-45,2,O2023_85_48_1_0052_00000183_4000_2000.tif,85-48,0,2109.0,21.09
O2023_85_45_1_0024_00001569_7000_2000.tif,85-45,2,O2023_85_48_1_0052_00000183_5000_2000.tif,85-48,0,3591.0,35.91
O2023_85_45_1_0024_00001569_7000_2000.tif,85-45,2,O2023_85_48_1_0052_00000185_4000_5000.tif,85-48,0,2924.0,29.24
O2023_85_45_1_0024_00001569_7000_2000.tif,85-45,2,O2023_85_48_1_0052_00000185_5000_5000.tif,85-48,0,3876.0,38.76
O2023_85_45_1_0024_00001569_7000_2000.tif,85-45,2,O2023_85_48_1_0052_00000186_4000_7000.tif,85-48,0,3652.0,36.52
O2023_85_45_1_0024_00001569_7000_2000.tif,85-45,2,O2023_85_48_1_0052_00000186_5000_7000.tif,85-48,0,4648.0,46.48
O2023_85_45_1_0024_00001569_7000_2000.tif,85-45,2,O2023_85_48_1_0052_00000182_4000_0.tif,85-48,0,3200.0,32.0
O2023_85_45_1_0024_00001569_7000_2000.tif,85-45,2,O2023_85_48_1_0052_00000182_5000_0.tif,85-48,0,6800.0,68.0
O2023_85_45_1_0024_00001569_7000_2000.tif,85-45,2,O2023_85_48_1_0052_00000184_4000_3000.tif,85-48,0,3510.0,35.1
O2023_85_45_1_0024_00001569_7000_2000.tif,85-45,2,O2023_85_48_1_0052_00000184_5000_3000.tif,85-48,0,5490.0,54.9
O2023_85_45_1_0024_00001569_7000_2000.tif,85-45,2,O2023_85_48_1_0052_00000186_4000_6000.tif,85-48,0,3388.0,33.88
O2023_85_45_1_0024_00001569_7000_2000.tif,85-45,2,O2023_85_48_1_0052_00000186_5000_6000.tif,85-48,0,4312.0,43.12
O2023_85_45_1_0024_00001569_7000_2000.tif,85-45,2,O2023_85_48_1_0052_00000183_5000_1000.tif,85-48,0,2709.0,27.09
O2023_85_45_1_0024_00001569_7000_2000.tif,85-45,2,O2023_85_48_1_0052_00000185_5000_4000.tif,85-48,0,1824.0,18.24
O2023_85_45_1_0024_00001569_7000_3000.tif,85-45,2,O2023_85_48_1_0052_00000185_5000_6000.tif,85-48,0,3876.0,38.76
O2023_85_45_1_0024_00001569_7000_3000.tif,85-45,2,O2023_85_48_1_0052_00000182_4000_1000.tif,85-48,0,3200.0,32.0
O2023_85_45_1_0024_00001569_7000_3000.tif,85-45,2,O2023_85_48_1_0052_00000182_5000_1000.tif,85-48,0,6800.0,68.0
O2023_85_45_1_0024_00001569_7000_3000.tif,85-45,2,O2023_85_48_1_0052_00000184_4000_4000.tif,85-48,0,3510.0,35.1
O2023_85_45_1_0024_00001569_7000_3000.tif,85-45,2,O2023_85_48_1_0052_00000184_5000_4000.tif,85-48,0,5490.0,54.9
O2023_85_45_1_0024_00001569_7000_3000.tif,85-45,2,O2023_85_48_1_0052_00000183_4000_2000.tif,85-48,0,1591.0,15.91
O2023_85_45_1_0024_00001569_7000_3000.tif,85-45,2,O2023_85_48_1_0052_00000183_5000_2000.tif,85-48,0,2709.0,27.09
O2023_85_45_1_0024_00001569_7000_3000.tif,85-45,2,O2023_85_48_1_0052_00000185_4000_5000.tif,85-48,0,1376.0,13.76
O2023_85_45_1_0024_00001569_7000_3000.tif,85-45,2,O2023_85_48_1_0052_00000185_5000_5000.tif,85-48,0,1824.0,18.24
O2023_85_45_1_0024_00001569_7000_3000.tif,85-45,2,O2023_85_48_1_0052_00000186_4000_7000.tif,85-48,0,748.0,7.48
O2023_85_45_1_0024_00001569_7000_3000.tif,85-45,2,O2023_85_48_1_0052_00000186_5000_7000.tif,85-48,0,952.0,9.52
O2023_85_45_1_0024_00001569_8000_2000.tif,85-45,2,O2023_85_48_1_0052_00000184_5000_4000.tif,85-48,0,390.0,3.9
O2023_85_45_1_0024_00001569_8000_2000.tif,85-45,2,O2023_85_48_1_0052_00000184_6000_4000.tif,85-48,0,610.0,6.1
O2023_85_45_1_0024_00001569_8000_2000.tif,85-45,2,O2023_85_48_1_0053_00000200_0_2000.tif,85-48,0,918.0,9.18
O2023_85_45_1_0024_00001569_8000_2000.tif,85-45,2,O2023_85_48_1_0053_00000198_0_5000.tif,85-48,0,1944.0,19.44
O2023_85_45_1_0024_00001569_8000_2000.tif,85-45,2,O2023_85_48_1_0053_00000197_0_7000.tif,85-48,0,2784.0,27.84
O2023_85_45_1_0024_00001569_8000_2000.tif,85-45,2,O2023_85_48_1_0052_00000183_6000_2000.tif,85-48,0,3591.0,35.91
O2023_85_45_1_0024_00001569_8000_2000.tif,85-45,2,O2023_85_48_1_0052_00000183_5000_2000.tif,85-48,0,2109.0,21.09
O2023_85_45_1_0024_00001569_8000_2000.tif,85-45,2,O2023_85_48_1_0053_00000201_0_0.tif,85-48,0,3240.0,32.4
O2023_85_45_1_0024_00001569_8000_2000.tif,85-45,2,O2023_85_48_1_0052_00000185_6000_5000.tif,85-48,0,3876.0,38.76
O2023_85_45_1_0024_00001569_8000_2000.tif,85-45,2,O2023_85_48_1_0052_00000185_5000_5000.tif,85-48,0,2924.0,29.24
O2023_85_45_1_0024_00001569_8000_2000.tif,85-45,2,O2023_85_48_1_0053_00000199_0_3000.tif,85-48,0,4081.0,40.81
O2023_85_45_1_0024_00001569_8000_2000.tif,85-45,2,O2023_85_48_1_0052_00000186_6000_7000.tif,85-48,0,4648.0,46.48
O2023_85_45_1_0024_00001569_8000_2000.tif,85-45,2,O2023_85_48_1_0052_00000186_5000_7000.tif,85-48,0,3652.0,36.52
O2023_85_45_1_0024_00001569_8000_2000.tif,85-45,2,O2023_85_48_1_0053_00000197_0_6000.tif,85-48,0,5336.0,53.36
O2023_85_45_1_0024_00001569_8000_2000.tif,85-45,2,O2023_85_48_1_0052_00000182_5000_0.tif,85-48,0,3200.0,32.0
O2023_85_45_1_0024_00001569_8000_2000.tif,85-45,2,O2023_85_48_1_0052_00000182_6000_0.tif,85-48,0,6800.0,68.0
O2023_85_45_1_0024_00001569_8000_2000.tif,85-45,2,O2023_85_48_1_0052_00000184_5000_3000.tif,85-48,0,3510.0,35.1
O2023_85_45_1_0024_00001569_8000_2000.tif,85-45,2,O2023_85_48_1_0052_00000184_6000_3000.tif,85-48,0,5490.0,54.9
O2023_85_45_1_0024_00001569_8000_2000.tif,85-45,2,O2023_85_48_1_0053_00000200_0_1000.tif,85-48,0,4482.0,44.82
O2023_85_45_1_0024_00001569_8000_2000.tif,85-45,2,O2023_85_48_1_0052_00000186_5000_6000.tif,85-48,0,3388.0,33.88
O2023_85_45_1_0024_00001569_8000_2000.tif,85-45,2,O2023_85_48_1_0052_00000186_6000_6000.tif,85-48,0,4312.0,43.12
O2023_85_45_1_0024_00001569_8000_2000.tif,85-45,2,O2023_85_48_1_0053_00000198_0_4000.tif,85-48,0,3456.0,34.56
O2023_85_45_1_0024_00001569_8000_2000.tif,85-45,2,O2023_85_48_1_0052_00000183_5000_1000.tif,85-48,0,1591.0,15.91
O2023_85_45_1_0024_00001569_8000_2000.tif,85-45,2,O2023_85_48_1_0052_00000183_6000_1000.tif,85-48,0,2709.0,27.09
O2023_85_45_1_0024_00001569_8000_2000.tif,85-45,2,O2023_85_48_1_0052_00000185_5000_4000.tif,85-48,0,1376.0,13.76
O2023_85_45_1_0024_00001569_8000_2000.tif,85-45,2,O2023_85_48_1_0052_00000185_6000_4000.tif,85-48,0,1824.0,18.24
O2023_85_45_1_0024_00001569_8000_2000.tif,85-45,2,O2023_85_48_1_0053_00000199_0_2000.tif,85-48,0,1219.0,12.19
O2023_85_45_1_0024_00001569_8000_3000.tif,85-45,2,O2023_85_48_1_0052_00000185_5000_6000.tif,85-48,0,2924.0,29.24
O2023_85_45_1_0024_00001569_8000_3000.tif,85-45,2,O2023_85_48_1_0052_00000185_6000_6000.tif,85-48,0,3876.0,38.76
O2023_85_45_1_0024_00001569_8000_3000.tif,85-45,2,O2023_85_48_1_0053_00000199_0_4000.tif,85-48,0,4081.0,40.81
O2023_85_45_1_0024_00001569_8000_3000.tif,85-45,2,O2023_85_48_1_0052_00000182_5000_1000.tif,85-48,0,3200.0,32.0
O2023_85_45_1_0024_00001569_8000_3000.tif,85-45,2,O2023_85_48_1_0052_00000182_6000_1000.tif,85-48,0,6800.0,68.0
O2023_85_45_1_0024_00001569_8000_3000.tif,85-45,2,O2023_85_48_1_0052_00000184_5000_4000.tif,85-48,0,3510.0,35.1
O2023_85_45_1_0024_00001569_8000_3000.tif,85-45,2,O2023_85_48_1_0052_00000184_6000_4000.tif,85-48,0,5490.0,54.9
O2023_85_45_1_0024_00001569_8000_3000.tif,85-45,2,O2023_85_48_1_0053_00000200_0_2000.tif,85-48,0,4482.0,44.82
O2023_85_45_1_0024_00001569_8000_3000.tif,85-45,2,O2023_85_48_1_0053_00000198_0_5000.tif,85-48,0,3456.0,34.56
O2023_85_45_1_0024_00001569_8000_3000.tif,85-45,2,O2023_85_48_1_0053_00000197_0_7000.tif,85-48,0,3016.0,30.16
O2023_85_45_1_0024_00001569_8000_3000.tif,85-45,2,O2023_85_48_1_0052_00000183_6000_2000.tif,85-48,0,2709.0,27.09
O2023_85_45_1_0024_00001569_8000_3000.tif,85-45,2,O2023_85_48_1_0052_00000183_5000_2000.tif,85-48,0,1591.0,15.91
O2023_85_45_1_0024_00001569_8000_3000.tif,85-45,2,O2023_85_48_1_0053_00000201_0_0.tif,85-48,0,2160.0,21.6
O2023_85_45_1_0024_00001569_8000_3000.tif,85-45,2,O2023_85_48_1_0052_00000185_6000_5000.tif,85-48,0,1824.0,18.24
O2023_85_45_1_0024_00001569_8000_3000.tif,85-45,2,O2023_85_48_1_0052_00000185_5000_5000.tif,85-48,0,1376.0,13.76
O2023_85_45_1_0024_00001569_8000_3000.tif,85-45,2,O2023_85_48_1_0053_00000199_0_3000.tif,85-48,0,1219.0,12.19
O2023_85_45_1_0024_00001569_8000_3000.tif,85-45,2,O2023_85_48_1_0052_00000186_6000_7000.tif,85-48,0,952.0,9.52
O2023_85_45_1_0024_00001569_8000_3000.tif,85-45,2,O2023_85_48_1_0052_00000186_5000_7000.tif,85-48,0,748.0,7.48
O2023_85_45_1_0024_00001569_8000_3000.tif,85-45,2,O2023_85_48_1_0053_00000197_0_6000.tif,85-48,0,464.0,4.64
O2023_85_45_1_0024_00001569_8760_2000.tif,85-45,2,O2023_85_48_1_0052_00000184_6000_4000.tif,85-48,0,630.0,6.3
O2023_85_45_1_0024_00001569_8760_2000.tif,85-45,2,O2023_85_48_1_0053_00000200_0_2000.tif,85-48,0,1190.0,11.9
O2023_85_45_1_0024_00001569_8760_2000.tif,85-45,2,O2023_85_48_1_0053_00000198_0_5000.tif,85-48,0,2520.0,25.2
O2023_85_45_1_0024_00001569_8760_2000.tif,85-45,2,O2023_85_48_1_0053_00000197_0_7000.tif,85-48,0,3168.0,31.68
O2023_85_45_1_0024_00001569_8760_2000.tif,85-45,2,O2023_85_48_1_0052_00000183_6000_2000.tif,85-48,0,3477.0,34.77
O2023_85_45_1_0024_00001569_8760_2000.tif,85-45,2,O2023_85_48_1_0053_00000201_0_0.tif,85-48,0,4200.0,42.0
O2023_85_45_1_0024_00001569_8760_2000.tif,85-45,2,O2023_85_48_1_0052_00000185_6000_5000.tif,85-48,0,4556.0,45.56
O2023_85_45_1_0024_00001569_8760_2000.tif,85-45,2,O2023_85_48_1_0053_00000199_0_3000.tif,85-48,0,5467.0,54.67
O2023_85_45_1_0024_00001569_8760_2000.tif,85-45,2,O2023_85_48_1_0052_00000186_6000_7000.tif,85-48,0,5644.0,56.44
O2023_85_45_1_0024_00001569_8760_2000.tif,85-45,2,O2023_85_48_1_0053_00000197_0_6000.tif,85-48,0,6072.0,60.72
O2023_85_45_1_0024_00001569_8760_2000.tif,85-45,2,O2023_85_48_1_0052_00000182_6000_0.tif,85-48,0,5600.0,56.0
O2023_85_45_1_0024_00001569_8760_2000.tif,85-45,2,O2023_85_48_1_0052_00000184_6000_3000.tif,85-48,0,5670.0,56.7
O2023_85_45_1_0024_00001569_8760_2000.tif,85-45,2,O2023_85_48_1_0053_00000200_0_1000.tif,85-48,0,5810.0,58.1
O2023_85_45_1_0024_00001569_8760_2000.tif,85-45,2,O2023_85_48_1_0052_00000186_6000_6000.tif,85-48,0,5236.0,52.36
O2023_85_45_1_0024_00001569_8760_2000.tif,85-45,2,O2023_85_48_1_0053_00000198_0_4000.tif,85-48,0,4480.0,44.8
O2023_85_45_1_0024_00001569_8760_2000.tif,85-45,2,O2023_85_48_1_0052_00000183_6000_1000.tif,85-48,0,2623.0,26.23
O2023_85_45_1_0024_00001569_8760_2000.tif,85-45,2,O2023_85_48_1_0052_00000185_6000_4000.tif,85-48,0,2144.0,21.44
O2023_85_45_1_0024_00001569_8760_2000.tif,85-45,2,O2023_85_48_1_0053_00000199_0_2000.tif,85-48,0,1633.0,16.33
O2023_85_45_1_0024_00001569_8760_3000.tif,85-45,2,O2023_85_48_1_0052_00000185_6000_6000.tif,85-48,0,4556.0,45.56
O2023_85_45_1_0024_00001569_8760_3000.tif,85-45,2,O2023_85_48_1_0053_00000199_0_4000.tif,85-48,0,5467.0,54.67
O2023_85_45_1_0024_00001569_8760_3000.tif,85-45,2,O2023_85_48_1_0052_00000182_6000_1000.tif,85-48,0,5600.0,56.0
O2023_85_45_1_0024_00001569_8760_3000.tif,85-45,2,O2023_85_48_1_0052_00000184_6000_4000.tif,85-48,0,5670.0,56.7
O2023_85_45_1_0024_00001569_8760_3000.tif,85-45,2,O2023_85_48_1_0053_00000200_0_2000.tif,85-48,0,5810.0,58.1
O2023_85_45_1_0024_00001569_8760_3000.tif,85-45,2,O2023_85_48_1_0053_00000198_0_5000.tif,85-48,0,4480.0,44.8
O2023_85_45_1_0024_00001569_8760_3000.tif,85-45,2,O2023_85_48_1_0053_00000197_0_7000.tif,85-48,0,3432.0,34.32
O2023_85_45_1_0024_00001569_8760_3000.tif,85-45,2,O2023_85_48_1_0052_00000183_6000_2000.tif,85-48,0,2623.0,26.23
O2023_85_45_1_0024_00001569_8760_3000.tif,85-45,2,O2023_85_48_1_0053_00000201_0_0.tif,85-48,0,2800.0,28.0
O2023_85_45_1_0024_00001569_8760_3000.tif,85-45,2,O2023_85_48_1_0052_00000185_6000_5000.tif,85-48,0,2144.0,21.44
O2023_85_45_1_0024_00001569_8760_3000.tif,85-45,2,O2023_85_48_1_0053_00000199_0_3000.tif,85-48,0,1633.0,16.33
O2023_85_45_1_0024_00001569_8760_3000.tif,85-45,2,O2023_85_48_1_0052_00000186_6000_7000.tif,85-48,0,1156.0,11.56
O2023_85_45_1_0024_00001569_8760_3000.tif,85-45,2,O2023_85_48_1_0053_00000197_0_6000.tif,85-48,0,528.0,5.28
O2023_85_45_1_0024_00001570_6000_1000.tif,85-45,2,O2023_85_48_1_0052_00000182_4000_1000.tif,85-48,0,3782.0,37.82
O2023_85_45_1_0024_00001570_6000_1000.tif,85-45,2,O2023_85_48_1_0052_00000184_4000_4000.tif,85-48,0,3888.0,38.88
O2023_85_45_1_0024_00001570_6000_1000.tif,85-45,2,O2023_85_48_1_0052_00000183_3000_2000.tif,85-48,0,3564.0,35.64
O2023_85_45_1_0024_00001570_6000_1000.tif,85-45,2,O2023_85_48_1_0052_00000185_3000_5000.tif,85-48,0,3500.0,35.0
O2023_85_45_1_0024_00001570_6000_1000.tif,85-45,2,O2023_85_48_1_0052_00000183_4000_2000.tif,85-48,0,4536.0,45.36
O2023_85_45_1_0024_00001570_6000_1000.tif,85-45,2,O2023_85_48_1_0052_00000185_4000_5000.tif,85-48,0,3500.0,35.0
O2023_85_45_1_0024_00001570_6000_1000.tif,85-45,2,O2023_85_48_1_0052_00000186_4000_7000.tif,85-48,0,2695.0,26.95
O2023_85_45_1_0024_00001570_6000_1000.tif,85-45,2,O2023_85_48_1_0052_00000182_4000_0.tif,85-48,0,2318.0,23.18
O2023_85_45_1_0024_00001570_6000_1000.tif,85-45,2,O2023_85_48_1_0052_00000184_4000_3000.tif,85-48,0,1512.0,15.12
O2023_85_45_1_0024_00001570_6000_1000.tif,85-45,2,O2023_85_48_1_0052_00000186_4000_6000.tif,85-48,0,735.0,7.35
O2023_85_45_1_0024_00001570_6000_1000.tif,85-45,2,O2023_85_48_1_0052_00000186_3000_7000.tif,85-48,0,2805.0,28.05
O2023_85_45_1_0024_00001570_6000_1000.tif,85-45,2,O2023_85_48_1_0052_00000182_3000_0.tif,85-48,0,1482.0,14.82
O2023_85_45_1_0024_00001570_6000_1000.tif,85-45,2,O2023_85_48_1_0052_00000184_3000_3000.tif,85-48,0,1288.0,12.88
O2023_85_45_1_0024_00001570_6000_1000.tif,85-45,2,O2023_85_48_1_0052_00000186_3000_6000.tif,85-48,0,765.0,7.65
O2023_85_45_1_0024_00001570_7000_0.tif,85-45,2,O2023_85_48_1_0052_00000183_4000_2000.tif,85-48,0,836.0,8.36
O2023_85_45_1_0024_00001570_7000_0.tif,85-45,2,O2023_85_48_1_0052_00000183_5000_2000.tif,85-48,0,1064.0,10.64
O2023_85_45_1_0024_00001570_7000_0.tif,85-45,2,O2023_85_48_1_0052_00000185_4000_5000.tif,85-48,0,1500.0,15.0
O2023_85_45_1_0024_00001570_7000_0.tif,85-45,2,O2023_85_48_1_0052_00000185_5000_5000.tif,85-48,0,1500.0,15.0
O2023_85_45_1_0024_00001570_7000_0.tif,85-45,2,O2023_85_48_1_0052_00000186_4000_7000.tif,85-48,0,2295.0,22.95
O2023_85_45_1_0024_00001570_7000_0.tif,85-45,2,O2023_85_48_1_0052_00000186_5000_7000.tif,85-48,0,2205.0,22.05
O2023_85_45_1_0024_00001570_7000_0.tif,85-45,2,O2023_85_48_1_0052_00000182_4000_0.tif,85-48,0,2418.0,24.18
O2023_85_45_1_0024_00001570_7000_0.tif,85-45,2,O2023_85_48_1_0052_00000182_5000_0.tif,85-48,0,3782.0,37.82
O2023_85_45_1_0024_00001570_7000_0.tif,85-45,2,O2023_85_48_1_0052_00000184_4000_3000.tif,85-48,0,3312.0,33.12
O2023_85_45_1_0024_00001570_7000_0.tif,85-45,2,O2023_85_48_1_0052_00000184_5000_3000.tif,85-48,0,3888.0,38.88
O2023_85_45_1_0024_00001570_7000_0.tif,85-45,2,O2023_85_48_1_0052_00000186_4000_6000.tif,85-48,0,4335.0,43.35
O2023_85_45_1_0024_00001570_7000_0.tif,85-45,2,O2023_85_48_1_0052_00000186_5000_6000.tif,85-48,0,4165.0,41.65
O2023_85_45_1_0024_00001570_7000_0.tif,85-45,2,O2023_85_48_1_0052_00000183_5000_1000.tif,85-48,0,4536.0,45.36
O2023_85_45_1_0024_00001570_7000_0.tif,85-45,2,O2023_85_48_1_0052_00000185_5000_4000.tif,85-48,0,3500.0,35.0
O2023_85_45_1_0024_00001570_7000_1000.tif,85-45,2,O2023_85_48_1_0052_00000185_5000_6000.tif,85-48,0,1500.0,15.0
O2023_85_45_1_0024_00001570_7000_1000.tif,85-45,2,O2023_85_48_1_0052_00000182_4000_1000.tif,85-48,0,2418.0,24.18
O2023_85_45_1_0024_00001570_7000_1000.tif,85-45,2,O2023_85_48_1_0052_00000182_5000_1000.tif,85-48,0,3782.0,37.82
O2023_85_45_1_0024_00001570_7000_1000.tif,85-45,2,O2023_85_48_1_0052_00000184_4000_4000.tif,85-48,0,3312.0,33.12
O2023_85_45_1_0024_00001570_7000_1000.tif,85-45,2,O2023_85_48_1_0052_00000184_5000_4000.tif,85-48,0,3888.0,38.88
O2023_85_45_1_0024_00001570_7000_1000.tif,85-45,2,O2023_85_48_1_0052_00000183_4000_2000.tif,85-48,0,3564.0,35.64
O2023_85_45_1_0024_00001570_7000_1000.tif,85-45,2,O2023_85_48_1_0052_00000183_5000_2000.tif,85-48,0,4536.0,45.36
O2023_85_45_1_0024_00001570_7000_1000.tif,85-45,2,O2023_85_48_1_0052_00000185_4000_5000.tif,85-48,0,3500.0,35.0
O2023_85_45_1_0024_00001570_7000_1000.tif,85-45,2,O2023_85_48_1_0052_00000185_5000_5000.tif,85-48,0,3500.0,35.0
O2023_85_45_1_0024_00001570_7000_1000.tif,85-45,2,O2023_85_48_1_0052_00000186_4000_7000.tif,85-48,0,2805.0,28.05
O2023_85_45_1_0024_00001570_7000_1000.tif,85-45,2,O2023_85_48_1_0052_00000186_5000_7000.tif,85-48,0,2695.0,26.95
O2023_85_45_1_0024_00001570_7000_1000.tif,85-45,2,O2023_85_48_1_0052_00000182_4000_0.tif,85-48,0,1482.0,14.82
O2023_85_45_1_0024_00001570_7000_1000.tif,85-45,2,O2023_85_48_1_0052_00000182_5000_0.tif,85-48,0,2318.0,23.18
O2023_85_45_1_0024_00001570_7000_1000.tif,85-45,2,O2023_85_48_1_0052_00000184_4000_3000.tif,85-48,0,1288.0,12.88
O2023_85_45_1_0024_00001570_7000_1000.tif,85-45,2,O2023_85_48_1_0052_00000184_5000_3000.tif,85-48,0,1512.0,15.12
O2023_85_45_1_0024_00001570_7000_1000.tif,85-45,2,O2023_85_48_1_0052_00000186_4000_6000.tif,85-48,0,765.0,7.65
O2023_85_45_1_0024_00001570_7000_1000.tif,85-45,2,O2023_85_48_1_0052_00000186_5000_6000.tif,85-48,0,735.0,7.35
O2023_85_45_1_0024_00001570_8000_0.tif,85-45,2,O2023_85_48_1_0053_00000197_0_7000.tif,85-48,0,510.0,5.1
O2023_85_45_1_0024_00001570_8000_0.tif,85-45,2,O2023_85_48_1_0052_00000183_6000_2000.tif,85-48,0,1064.0,10.64
O2023_85_45_1_0024_00001570_8000_0.tif,85-45,2,O2023_85_48_1_0052_00000183_5000_2000.tif,85-48,0,836.0,8.36
O2023_85_45_1_0024_00001570_8000_0.tif,85-45,2,O2023_85_48_1_0053_00000201_0_0.tif,85-48,0,1034.0,10.34
O2023_85_45_1_0024_00001570_8000_0.tif,85-45,2,O2023_85_48_1_0052_00000185_6000_5000.tif,85-48,0,1500.0,15.0
O2023_85_45_1_0024_00001570_8000_0.tif,85-45,2,O2023_85_48_1_0052_00000185_5000_5000.tif,85-48,0,1500.0,15.0
O2023_85_45_1_0024_00001570_8000_0.tif,85-45,2,O2023_85_48_1_0053_00000199_0_3000.tif,85-48,0,1794.0,17.94
O2023_85_45_1_0024_00001570_8000_0.tif,85-45,2,O2023_85_48_1_0052_00000186_6000_7000.tif,85-48,0,2205.0,22.05
O2023_85_45_1_0024_00001570_8000_0.tif,85-45,2,O2023_85_48_1_0052_00000186_5000_7000.tif,85-48,0,2295.0,22.95
O2023_85_45_1_0024_00001570_8000_0.tif,85-45,2,O2023_85_48_1_0053_00000197_0_6000.tif,85-48,0,2754.0,27.54
O2023_85_45_1_0024_00001570_8000_0.tif,85-45,2,O2023_85_48_1_0052_00000182_5000_0.tif,85-48,0,2418.0,24.18
O2023_85_45_1_0024_00001570_8000_0.tif,85-45,2,O2023_85_48_1_0052_00000182_6000_0.tif,85-48,0,3782.0,37.82
O2023_85_45_1_0024_00001570_8000_0.tif,85-45,2,O2023_85_48_1_0052_00000184_5000_3000.tif,85-48,0,3312.0,33.12
O2023_85_45_1_0024_00001570_8000_0.tif,85-45,2,O2023_85_48_1_0052_00000184_6000_3000.tif,85-48,0,3888.0,38.88
O2023_85_45_1_0024_00001570_8000_0.tif,85-45,2,O2023_85_48_1_0053_00000200_0_1000.tif,85-48,0,3713.0,37.13
O2023_85_45_1_0024_00001570_8000_0.tif,85-45,2,O2023_85_48_1_0052_00000186_5000_6000.tif,85-48,0,4335.0,43.35
O2023_85_45_1_0024_00001570_8000_0.tif,85-45,2,O2023_85_48_1_0052_00000186_6000_6000.tif,85-48,0,4165.0,41.65
O2023_85_45_1_0024_00001570_8000_0.tif,85-45,2,O2023_85_48_1_0053_00000198_0_4000.tif,85-48,0,4606.0,46.06
O2023_85_45_1_0024_00001570_8000_0.tif,85-45,2,O2023_85_48_1_0052_00000183_5000_1000.tif,85-48,0,3564.0,35.64
O2023_85_45_1_0024_00001570_8000_0.tif,85-45,2,O2023_85_48_1_0052_00000183_6000_1000.tif,85-48,0,4536.0,45.36
O2023_85_45_1_0024_00001570_8000_0.tif,85-45,2,O2023_85_48_1_0052_00000185_5000_4000.tif,85-48,0,3500.0,35.0
O2023_85_45_1_0024_00001570_8000_0.tif,85-45,2,O2023_85_48_1_0052_00000185_6000_4000.tif,85-48,0,3500.0,35.0
O2023_85_45_1_0024_00001570_8000_0.tif,85-45,2,O2023_85_48_1_0053_00000199_0_2000.tif,85-48,0,2806.0,28.06
O2023_85_45_1_0024_00001570_8000_1000.tif,85-45,2,O2023_85_48_1_0052_00000185_5000_6000.tif,85-48,0,1500.0,15.0
O2023_85_45_1_0024_00001570_8000_1000.tif,85-45,2,O2023_85_48_1_0052_00000185_6000_6000.tif,85-48,0,1500.0,15.0
O2023_85_45_1_0024_00001570_8000_1000.tif,85-45,2,O2023_85_48_1_0053_00000199_0_4000.tif,85-48,0,1794.0,17.94
O2023_85_45_1_0024_00001570_8000_1000.tif,85-45,2,O2023_85_48_1_0052_00000182_5000_1000.tif,85-48,0,2418.0,24.18
O2023_85_45_1_0024_00001570_8000_1000.tif,85-45,2,O2023_85_48_1_0052_00000182_6000_1000.tif,85-48,0,3782.0,37.82
O2023_85_45_1_0024_00001570_8000_1000.tif,85-45,2,O2023_85_48_1_0052_00000184_5000_4000.tif,85-48,0,3312.0,33.12
O2023_85_45_1_0024_00001570_8000_1000.tif,85-45,2,O2023_85_48_1_0052_00000184_6000_4000.tif,85-48,0,3888.0,38.88
O2023_85_45_1_0024_00001570_8000_1000.tif,85-45,2,O2023_85_48_1_0053_00000200_0_2000.tif,85-48,0,3713.0,37.13
O2023_85_45_1_0024_00001570_8000_1000.tif,85-45,2,O2023_85_48_1_0053_00000198_0_5000.tif,85-48,0,4606.0,46.06
O2023_85_45_1_0024_00001570_8000_1000.tif,85-45,2,O2023_85_48_1_0053_00000197_0_7000.tif,85-48,0,4590.0,45.9
O2023_85_45_1_0024_00001570_8000_1000.tif,85-45,2,O2023_85_48_1_0052_00000183_6000_2000.tif,85-48,0,4536.0,45.36
O2023_85_45_1_0024_00001570_8000_1000.tif,85-45,2,O2023_85_48_1_0052_00000183_5000_2000.tif,85-48,0,3564.0,35.64
O2023_85_45_1_0024_00001570_8000_1000.tif,85-45,2,O2023_85_48_1_0053_00000201_0_0.tif,85-48,0,3666.0,36.66
O2023_85_45_1_0024_00001570_8000_1000.tif,85-45,2,O2023_85_48_1_0052_00000185_6000_5000.tif,85-48,0,3500.0,35.0
O2023_85_45_1_0024_00001570_8000_1000.tif,85-45,2,O2023_85_48_1_0052_00000185_5000_5000.tif,85-48,0,3500.0,35.0
O2023_85_45_1_0024_00001570_8000_1000.tif,85-45,2,O2023_85_48_1_0053_00000199_0_3000.tif,85-48,0,2806.0,28.06
O2023_85_45_1_0024_00001570_8000_1000.tif,85-45,2,O2023_85_48_1_0052_00000186_6000_7000.tif,85-48,0,2695.0,26.95
O2023_85_45_1_0024_00001570_8000_1000.tif,85-45,2,O2023_85_48_1_0052_00000186_5000_7000.tif,85-48,0,2805.0,28.05
O2023_85_45_1_0024_00001570_8000_1000.tif,85-45,2,O2023_85_48_1_0053_00000197_0_6000.tif,85-48,0,2346.0,23.46
O2023_85_45_1_0024_00001570_8000_1000.tif,85-45,2,O2023_85_48_1_0052_00000182_5000_0.tif,85-48,0,1482.0,14.82
O2023_85_45_1_0024_00001570_8000_1000.tif,85-45,2,O2023_85_48_1_0052_00000182_6000_0.tif,85-48,0,2318.0,23.18
O2023_85_45_1_0024_00001570_8000_1000.tif,85-45,2,O2023_85_48_1_0052_00000184_5000_3000.tif,85-48,0,1288.0,12.88
O2023_85_45_1_0024_00001570_8000_1000.tif,85-45,2,O2023_85_48_1_0052_00000184_6000_3000.tif,85-48,0,1512.0,15.12
O2023_85_45_1_0024_00001570_8000_1000.tif,85-45,2,O2023_85_48_1_0053_00000200_0_1000.tif,85-48,0,987.0,9.87
O2023_85_45_1_0024_00001570_8000_1000.tif,85-45,2,O2023_85_48_1_0052_00000186_5000_6000.tif,85-48,0,765.0,7.65
O2023_85_45_1_0024_00001570_8000_1000.tif,85-45,2,O2023_85_48_1_0052_00000186_6000_6000.tif,85-48,0,735.0,7.35
O2023_85_45_1_0024_00001570_8000_1000.tif,85-45,2,O2023_85_48_1_0053_00000198_0_4000.tif,85-48,0,94.0,0.94
O2023_85_45_1_0024_00001570_8770_1000.tif,85-45,2,O2023_85_48_1_0052_00000185_6000_6000.tif,85-48,0,2190.0,21.9
O2023_85_45_1_0024_00001570_8770_1000.tif,85-45,2,O2023_85_48_1_0053_00000199_0_4000.tif,85-48,0,3003.0,30.03
O2023_85_45_1_0024_00001570_8770_1000.tif,85-45,2,O2023_85_48_1_0052_00000182_6000_1000.tif,85-48,0,3844.0,38.44
O2023_85_45_1_0024_00001570_8770_1000.tif,85-45,2,O2023_85_48_1_0052_00000184_6000_4000.tif,85-48,0,4968.0,49.68
O2023_85_45_1_0024_00001570_8770_1000.tif,85-45,2,O2023_85_48_1_0053_00000200_0_2000.tif,85-48,0,6004.0,60.04
O2023_85_45_1_0024_00001570_8770_1000.tif,85-45,2,O2023_85_48_1_0053_00000198_0_5000.tif,85-48,0,7448.0,74.48
O2023_85_45_1_0024_00001570_8770_1000.tif,85-45,2,O2023_85_48_1_0053_00000197_0_7000.tif,85-48,0,6480.0,64.8
O2023_85_45_1_0024_00001570_8770_1000.tif,85-45,2,O2023_85_48_1_0052_00000183_6000_2000.tif,85-48,0,5427.0,54.27
O2023_85_45_1_0024_00001570_8770_1000.tif,85-45,2,O2023_85_48_1_0053_00000201_0_0.tif,85-48,0,5928.0,59.28
O2023_85_45_1_0024_00001570_8770_1000.tif,85-45,2,O2023_85_48_1_0052_00000185_6000_5000.tif,85-48,0,5110.0,51.1
O2023_85_45_1_0024_00001570_8770_1000.tif,85-45,2,O2023_85_48_1_0053_00000199_0_3000.tif,85-48,0,4697.0,46.97
O2023_85_45_1_0024_00001570_8770_1000.tif,85-45,2,O2023_85_48_1_0052_00000186_6000_7000.tif,85-48,0,4070.0,40.7
O2023_85_45_1_0024_00001570_8770_1000.tif,85-45,2,O2023_85_48_1_0053_00000197_0_6000.tif,85-48,0,3312.0,33.12
O2023_85_45_1_0024_00001570_8770_1000.tif,85-45,2,O2023_85_48_1_0052_00000182_6000_0.tif,85-48,0,2356.0,23.56
O2023_85_45_1_0024_00001570_8770_1000.tif,85-45,2,O2023_85_48_1_0052_00000184_6000_3000.tif,85-48,0,1932.0,19.32
O2023_85_45_1_0024_00001570_8770_1000.tif,85-45,2,O2023_85_48_1_0053_00000200_0_1000.tif,85-48,0,1596.0,15.96
O2023_85_45_1_0024_00001570_8770_1000.tif,85-45,2,O2023_85_48_1_0052_00000186_6000_6000.tif,85-48,0,1110.0,11.1
O2023_85_45_1_0024_00001570_8770_1000.tif,85-45,2,O2023_85_48_1_0053_00000198_0_4000.tif,85-48,0,152.0,1.52
O2023_85_45_1_0024_00001570_9000_0.tif,85-45,2,O2023_85_48_1_0053_00000197_0_7000.tif,85-48,0,720.0,7.2
O2023_85_45_1_0024_00001570_9000_0.tif,85-45,2,O2023_85_48_1_0052_00000183_6000_2000.tif,85-48,0,1273.0,12.73
O2023_85_45_1_0024_00001570_9000_0.tif,85-45,2,O2023_85_48_1_0053_00000201_0_0.tif,85-48,0,1672.0,16.72
O2023_85_45_1_0024_00001570_9000_0.tif,85-45,2,O2023_85_48_1_0052_00000185_6000_5000.tif,85-48,0,2190.0,21.9
O2023_85_45_1_0024_00001570_9000_0.tif,85-45,2,O2023_85_48_1_0053_00000199_0_3000.tif,85-48,0,3003.0,30.03
O2023_85_45_1_0024_00001570_9000_0.tif,85-45,2,O2023_85_48_1_0052_00000186_6000_7000.tif,85-48,0,3330.0,33.3
O2023_85_45_1_0024_00001570_9000_0.tif,85-45,2,O2023_85_48_1_0053_00000197_0_6000.tif,85-48,0,3888.0,38.88
O2023_85_45_1_0024_00001570_9000_0.tif,85-45,2,O2023_85_48_1_0052_00000182_6000_0.tif,85-48,0,3844.0,38.44
O2023_85_45_1_0024_00001570_9000_0.tif,85-45,2,O2023_85_48_1_0052_00000184_6000_3000.tif,85-48,0,4968.0,49.68
O2023_85_45_1_0024_00001570_9000_0.tif,85-45,2,O2023_85_48_1_0053_00000200_0_1000.tif,85-48,0,6004.0,60.04
O2023_85_45_1_0024_00001570_9000_0.tif,85-45,2,O2023_85_48_1_0052_00000186_6000_6000.tif,85-48,0,6290.0,62.9
O2023_85_45_1_0024_00001570_9000_0.tif,85-45,2,O2023_85_48_1_0053_00000198_0_4000.tif,85-48,0,7448.0,74.48
O2023_85_45_1_0024_00001570_9000_0.tif,85-45,2,O2023_85_48_1_0052_00000183_6000_1000.tif,85-48,0,5427.0,54.27
O2023_85_45_1_0024_00001570_9000_0.tif,85-45,2,O2023_85_48_1_0052_00000185_6000_4000.tif,85-48,0,5110.0,51.1
O2023_85_45_1_0024_00001570_9000_0.tif,85-45,2,O2023_85_48_1_0053_00000199_0_2000.tif,85-48,0,4697.0,46.97
O2023_85_45_1_0024_00001571_7000_0.tif,85-45,2,O2023_85_48_1_0052_00000185_5000_6000.tif,85-48,0,4002.0,40.02
O2023_85_45_1_0024_00001571_7000_0.tif,85-45,2,O2023_85_48_1_0052_00000182_4000_1000.tif,85-48,0,3483.0,34.83
O2023_85_45_1_0024_00001571_7000_0.tif,85-45,2,O2023_85_48_1_0052_00000182_5000_1000.tif,85-48,0,4617.0,46.17
O2023_85_45_1_0024_00001571_7000_0.tif,85-45,2,O2023_85_48_1_0052_00000184_4000_4000.tif,85-48,0,3550.0,35.5
O2023_85_45_1_0024_00001571_7000_0.tif,85-45,2,O2023_85_48_1_0052_00000184_5000_4000.tif,85-48,0,3550.0,35.5
O2023_85_45_1_0024_00001571_7000_0.tif,85-45,2,O2023_85_48_1_0052_00000183_4000_2000.tif,85-48,0,1152.0,11.52
O2023_85_45_1_0024_00001571_7000_0.tif,85-45,2,O2023_85_48_1_0052_00000183_5000_2000.tif,85-48,0,1248.0,12.48
O2023_85_45_1_0024_00001571_7000_0.tif,85-45,2,O2023_85_48_1_0052_00000185_4000_5000.tif,85-48,0,702.0,7.02
O2023_85_45_1_0024_00001571_7000_0.tif,85-45,2,O2023_85_48_1_0052_00000185_5000_5000.tif,85-48,0,598.0,5.98
O2023_85_45_1_0024_00001571_8000_0.tif,85-45,2,O2023_85_48_1_0052_00000185_5000_6000.tif,85-48,0,4698.0,46.98
O2023_85_45_1_0024_00001571_8000_0.tif,85-45,2,O2023_85_48_1_0052_00000185_6000_6000.tif,85-48,0,4002.0,40.02
O2023_85_45_1_0024_00001571_8000_0.tif,85-45,2,O2023_85_48_1_0053_00000199_0_4000.tif,85-48,0,4032.0,40.32
O2023_85_45_1_0024_00001571_8000_0.tif,85-45,2,O2023_85_48_1_0052_00000182_5000_1000.tif,85-48,0,3483.0,34.83
O2023_85_45_1_0024_00001571_8000_0.tif,85-45,2,O2023_85_48_1_0052_00000182_6000_1000.tif,85-48,0,4617.0,46.17
O2023_85_45_1_0024_00001571_8000_0.tif,85-45,2,O2023_85_48_1_0052_00000184_5000_4000.tif,85-48,0,3550.0,35.5
O2023_85_45_1_0024_00001571_8000_0.tif,85-45,2,O2023_85_48_1_0052_00000184_6000_4000.tif,85-48,0,3550.0,35.5
O2023_85_45_1_0024_00001571_8000_0.tif,85-45,2,O2023_85_48_1_0053_00000200_0_2000.tif,85-48,0,2752.0,27.52
O2023_85_45_1_0024_00001571_8000_0.tif,85-45,2,O2023_85_48_1_0053_00000198_0_5000.tif,85-48,0,1935.0,19.35
O2023_85_45_1_0024_00001571_8000_0.tif,85-45,2,O2023_85_48_1_0053_00000197_0_7000.tif,85-48,0,1551.0,15.51
O2023_85_45_1_0024_00001571_8000_0.tif,85-45,2,O2023_85_48_1_0052_00000183_6000_2000.tif,85-48,0,1248.0,12.48
O2023_85_45_1_0024_00001571_8000_0.tif,85-45,2,O2023_85_48_1_0052_00000183_5000_2000.tif,85-48,0,1152.0,11.52
O2023_85_45_1_0024_00001571_8000_0.tif,85-45,2,O2023_85_48_1_0053_00000201_0_0.tif,85-48,0,903.0,9.03
O2023_85_45_1_0024_00001571_8000_0.tif,85-45,2,O2023_85_48_1_0052_00000185_6000_5000.tif,85-48,0,598.0,5.98
O2023_85_45_1_0024_00001571_8000_0.tif,85-45,2,O2023_85_48_1_0052_00000185_5000_5000.tif,85-48,0,702.0,7.02
O2023_85_45_1_0024_00001571_8000_0.tif,85-45,2,O2023_85_48_1_0053_00000199_0_3000.tif,85-48,0,168.0,1.68
O2023_85_45_1_0024_00001571_9000_0.tif,85-45,2,O2023_85_48_1_0052_00000185_6000_6000.tif,85-48,0,6873.0,68.73
O2023_85_45_1_0024_00001571_9000_0.tif,85-45,2,O2023_85_48_1_0053_00000199_0_4000.tif,85-48,0,7968.0,79.68
O2023_85_45_1_0024_00001571_9000_0.tif,85-45,2,O2023_85_48_1_0052_00000182_6000_1000.tif,85-48,0,5508.0,55.08
O2023_85_45_1_0024_00001571_9000_0.tif,85-45,2,O2023_85_48_1_0052_00000184_6000_4000.tif,85-48,0,5325.0,53.25
O2023_85_45_1_0024_00001571_9000_0.tif,85-45,2,O2023_85_48_1_0053_00000200_0_2000.tif,85-48,0,5248.0,52.48
O2023_85_45_1_0024_00001571_9000_0.tif,85-45,2,O2023_85_48_1_0053_00000198_0_5000.tif,85-48,0,3690.0,36.9
O2023_85_45_1_0024_00001571_9000_0.tif,85-45,2,O2023_85_48_1_0053_00000197_0_7000.tif,85-48,0,2574.0,25.74
O2023_85_45_1_0024_00001571_9000_0.tif,85-45,2,O2023_85_48_1_0052_00000183_6000_2000.tif,85-48,0,1752.0,17.52
O2023_85_45_1_0024_00001571_9000_0.tif,85-45,2,O2023_85_48_1_0053_00000201_0_0.tif,85-48,0,1722.0,17.22
O2023_85_45_1_0024_00001571_9000_0.tif,85-45,2,O2023_85_48_1_0052_00000185_6000_5000.tif,85-48,0,1027.0,10.27
O2023_85_45_1_0024_00001571_9000_0.tif,85-45,2,O2023_85_48_1_0053_00000199_0_3000.tif,85-48,0,332.0,3.32
O2023_85_45_1_0025_00001585_5000_0.tif,85-45,2,O2023_85_48_1_0053_00000201_4000_2000.tif,85-48,0,5700.0,57.0
O2023_85_45_1_0025_00001585_5000_0.tif,85-45,2,O2023_85_48_1_0053_00000199_4000_5000.tif,85-48,0,6882.0,68.82
O2023_85_45_1_0025_00001585_5000_0.tif,85-45,2,O2023_85_48_1_0053_00000198_3000_7000.tif,85-48,0,2275.0,22.75
O2023_85_45_1_0025_00001585_5000_0.tif,85-45,2,O2023_85_48_1_0053_00000198_4000_7000.tif,85-48,0,6825.0,68.25
O2023_85_45_1_0025_00001585_5000_0.tif,85-45,2,O2023_85_48_1_0053_00000202_3000_0.tif,85-48,0,1701.0,17.01
O2023_85_45_1_0025_00001585_5000_0.tif,85-45,2,O2023_85_48_1_0053_00000202_4000_0.tif,85-48,0,6399.0,63.99
O2023_85_45_1_0025_00001585_5000_0.tif,85-45,2,O2023_85_48_1_0053_00000200_4000_3000.tif,85-48,0,5025.0,50.25
O2023_85_45_1_0025_00001585_5000_0.tif,85-45,2,O2023_85_48_1_0053_00000200_3000_3000.tif,85-48,0,1675.0,16.75
O2023_85_45_1_0025_00001585_5000_0.tif,85-45,2,O2023_85_48_1_0053_00000198_4000_6000.tif,85-48,0,3600.0,36.0
O2023_85_45_1_0025_00001585_5000_0.tif,85-45,2,O2023_85_48_1_0053_00000198_3000_6000.tif,85-48,0,1200.0,12.0
O2023_85_45_1_0025_00001585_5000_0.tif,85-45,2,O2023_85_48_1_0053_00000201_4000_1000.tif,85-48,0,1800.0,18.0
O2023_85_45_1_0025_00001585_5000_0.tif,85-45,2,O2023_85_48_1_0053_00000201_3000_1000.tif,85-48,0,600.0,6.0
O2023_85_45_1_0025_00001585_5000_0.tif,85-45,2,O2023_85_48_1_0053_00000199_4000_4000.tif,85-48,0,518.0,5.18
O2023_85_45_1_0025_00001585_5000_0.tif,85-45,2,O2023_85_48_1_0053_00000199_3000_4000.tif,85-48,0,182.0,1.82
O2023_85_45_1_0025_00001585_6000_0.tif,85-45,2,O2023_85_48_1_0053_00000202_5000_1000.tif,85-48,0,1501.0,15.01
O2023_85_45_1_0025_00001585_6000_0.tif,85-45,2,O2023_85_48_1_0053_00000200_5000_4000.tif,85-48,0,2475.0,24.75
O2023_85_45_1_0025_00001585_6000_0.tif,85-45,2,O2023_85_48_1_0053_00000201_4000_2000.tif,85-48,0,1900.0,19.0
O2023_85_45_1_0025_00001585_6000_0.tif,85-45,2,O2023_85_48_1_0053_00000201_5000_2000.tif,85-48,0,5700.0,57.0
O2023_85_45_1_0025_00001585_6000_0.tif,85-45,2,O2023_85_48_1_0053_00000199_5000_5000.tif,85-48,0,6882.0,68.82
O2023_85_45_1_0025_00001585_6000_0.tif,85-45,2,O2023_85_48_1_0053_00000199_4000_5000.tif,85-48,0,2418.0,24.18
O2023_85_45_1_0025_00001585_6000_0.tif,85-45,2,O2023_85_48_1_0053_00000198_4000_7000.tif,85-48,0,2275.0,22.75
O2023_85_45_1_0025_00001585_6000_0.tif,85-45,2,O2023_85_48_1_0053_00000198_5000_7000.tif,85-48,0,6825.0,68.25
O2023_85_45_1_0025_00001585_6000_0.tif,85-45,2,O2023_85_48_1_0053_00000202_5000_0.tif,85-48,0,6399.0,63.99
O2023_85_45_1_0025_00001585_6000_0.tif,85-45,2,O2023_85_48_1_0053_00000202_4000_0.tif,85-48,0,1701.0,17.01
O2023_85_45_1_0025_00001585_6000_0.tif,85-45,2,O2023_85_48_1_0053_00000200_5000_3000.tif,85-48,0,5025.0,50.25
O2023_85_45_1_0025_00001585_6000_0.tif,85-45,2,O2023_85_48_1_0053_00000200_4000_3000.tif,85-48,0,1675.0,16.75
O2023_85_45_1_0025_00001585_6000_0.tif,85-45,2,O2023_85_48_1_0053_00000198_4000_6000.tif,85-48,0,1200.0,12.0
O2023_85_45_1_0025_00001585_6000_0.tif,85-45,2,O2023_85_48_1_0053_00000198_5000_6000.tif,85-48,0,3600.0,36.0
O2023_85_45_1_0025_00001585_6000_0.tif,85-45,2,O2023_85_48_1_0053_00000201_5000_1000.tif,85-48,0,1800.0,18.0
O2023_85_45_1_0025_00001585_6000_0.tif,85-45,2,O2023_85_48_1_0053_00000201_4000_1000.tif,85-48,0,600.0,6.0
O2023_85_45_1_0025_00001585_6000_0.tif,85-45,2,O2023_85_48_1_0053_00000199_5000_4000.tif,85-48,0,518.0,5.18
O2023_85_45_1_0025_00001585_6000_0.tif,85-45,2,O2023_85_48_1_0053_00000199_4000_4000.tif,85-48,0,182.0,1.82
O2023_85_45_1_0025_00001586_2000_0.tif,85-45,2,O2023_85_48_1_0052_00000185_5000_6000.tif,85-48,0,8463.0,84.63
O2023_85_45_1_0025_00001586_2000_0.tif,85-45,2,O2023_85_48_1_0052_00000185_6000_6000.tif,85-48,0,837.0,8.37
O2023_85_45_1_0025_00001586_2000_0.tif,85-45,2,O2023_85_48_1_0053_00000199_0_4000.tif,85-48,0,490.0,4.9
O2023_85_45_1_0025_00001586_2000_0.tif,85-45,2,O2023_85_48_1_0052_00000182_5000_1000.tif,85-48,0,6000.0,60.0
O2023_85_45_1_0025_00001586_2000_0.tif,85-45,2,O2023_85_48_1_0052_00000182_6000_1000.tif,85-48,0,1500.0,15.0
O2023_85_45_1_0025_00001586_2000_0.tif,85-45,2,O2023_85_48_1_0052_00000184_5000_4000.tif,85-48,0,5655.0,56.55
O2023_85_45_1_0025_00001586_2000_0.tif,85-45,2,O2023_85_48_1_0052_00000184_6000_4000.tif,85-48,0,845.0,8.45
O2023_85_45_1_0025_00001586_2000_0.tif,85-45,2,O2023_85_48_1_0053_00000200_0_2000.tif,85-48,0,348.0,3.48
O2023_85_45_1_0025_00001586_2000_0.tif,85-45,2,O2023_85_48_1_0053_00000198_0_5000.tif,85-48,0,234.0,2.34
O2023_85_45_1_0025_00001586_2000_0.tif,85-45,2,O2023_85_48_1_0053_00000197_0_7000.tif,85-48,0,270.0,2.7
O2023_85_45_1_0025_00001586_2000_0.tif,85-45,2,O2023_85_48_1_0052_00000183_6000_2000.tif,85-48,0,270.0,2.7
O2023_85_45_1_0025_00001586_2000_0.tif,85-45,2,O2023_85_48_1_0052_00000183_5000_2000.tif,85-48,0,1530.0,15.3
O2023_85_45_1_0025_00001586_2000_0.tif,85-45,2,O2023_85_48_1_0053_00000201_0_0.tif,85-48,0,90.0,0.9
O2023_85_45_1_0025_00001586_2000_0.tif,85-45,2,O2023_85_48_1_0052_00000185_6000_5000.tif,85-48,0,63.0,0.63
O2023_85_45_1_0025_00001586_2000_0.tif,85-45,2,O2023_85_48_1_0052_00000185_5000_5000.tif,85-48,0,637.0,6.37
O2023_85_45_1_0025_00001586_3000_0.tif,85-45,2,O2023_85_48_1_0052_00000185_6000_6000.tif,85-48,0,8463.0,84.63
O2023_85_45_1_0025_00001586_3000_0.tif,85-45,2,O2023_85_48_1_0053_00000199_0_4000.tif,85-48,0,9310.0,93.1
O2023_85_45_1_0025_00001586_3000_0.tif,85-45,2,O2023_85_48_1_0052_00000182_6000_1000.tif,85-48,0,6000.0,60.0
O2023_85_45_1_0025_00001586_3000_0.tif,85-45,2,O2023_85_48_1_0052_00000184_6000_4000.tif,85-48,0,5655.0,56.55
O2023_85_45_1_0025_00001586_3000_0.tif,85-45,2,O2023_85_48_1_0053_00000200_0_2000.tif,85-48,0,5452.0,54.52
O2023_85_45_1_0025_00001586_3000_0.tif,85-45,2,O2023_85_48_1_0053_00000198_0_5000.tif,85-48,0,3666.0,36.66
O2023_85_45_1_0025_00001586_3000_0.tif,85-45,2,O2023_85_48_1_0053_00000197_0_7000.tif,85-48,0,2430.0,24.3
O2023_85_45_1_0025_00001586_3000_0.tif,85-45,2,O2023_85_48_1_0052_00000183_6000_2000.tif,85-48,0,1530.0,15.3
O2023_85_45_1_0025_00001586_3000_0.tif,85-45,2,O2023_85_48_1_0053_00000201_0_0.tif,85-48,0,1410.0,14.1
O2023_85_45_1_0025_00001586_3000_0.tif,85-45,2,O2023_85_48_1_0052_00000185_6000_5000.tif,85-48,0,637.0,6.37
O2023_85_45_1_0025_00001586_5000_0.tif,85-45,2,O2023_85_48_1_0053_00000198_3000_7000.tif,85-48,0,108.0,1.08
O2023_85_45_1_0025_00001586_5000_0.tif,85-45,2,O2023_85_48_1_0052_00000182_8790_2000.tif,85-48,0,1025.0,10.25
O2023_85_45_1_0025_00001586_5000_0.tif,85-45,2,O2023_85_48_1_0053_00000202_3000_0.tif,85-48,0,280.0,2.8
O2023_85_45_1_0025_00001586_5000_0.tif,85-45,2,O2023_85_48_1_0052_00000184_8770_5000.tif,85-48,0,1260.0,12.6
O2023_85_45_1_0025_00001586_5000_0.tif,85-45,2,O2023_85_48_1_0053_00000200_3000_3000.tif,85-48,0,252.0,2.52
O2023_85_45_1_0025_00001586_5000_0.tif,85-45,2,O2023_85_48_1_0052_00000185_8750_7000.tif,85-48,0,1734.0,17.34
O2023_85_45_1_0025_00001586_5000_0.tif,85-45,2,O2023_85_48_1_0053_00000198_3000_6000.tif,85-48,0,366.0,3.66
O2023_85_45_1_0025_00001586_5000_0.tif,85-45,2,O2023_85_48_1_0052_00000181_9000_0.tif,85-48,0,3096.0,30.96
O2023_85_45_1_0025_00001586_5000_0.tif,85-45,2,O2023_85_48_1_0052_00000183_8770_3000.tif,85-48,0,3116.0,31.16
O2023_85_45_1_0025_00001586_5000_0.tif,85-45,2,O2023_85_48_1_0053_00000201_3000_1000.tif,85-48,0,510.0,5.1
O2023_85_45_1_0025_00001586_5000_0.tif,85-45,2,O2023_85_48_1_0052_00000185_8750_6000.tif,85-48,0,3162.0,31.62
O2023_85_45_1_0025_00001586_5000_0.tif,85-45,2,O2023_85_48_1_0053_00000199_2000_4000.tif,85-48,0,9310.0,93.1
O2023_85_45_1_0025_00001586_5000_0.tif,85-45,2,O2023_85_48_1_0053_00000199_3000_4000.tif,85-48,0,490.0,4.9
O2023_85_45_1_0025_00001586_5000_0.tif,85-45,2,O2023_85_48_1_0052_00000182_8790_1000.tif,85-48,0,3075.0,30.75
O2023_85_45_1_0025_00001586_5000_0.tif,85-45,2,O2023_85_48_1_0052_00000184_8770_4000.tif,85-48,0,2340.0,23.4
O2023_85_45_1_0025_00001586_6000_0.tif,85-45,2,O2023_85_48_1_0053_00000199_4000_5000.tif,85-48,0,10.0,0.1
O2023_85_45_1_0025_00001586_6000_0.tif,85-45,2,O2023_85_48_1_0053_00000198_3000_7000.tif,85-48,0,1692.0,16.92
O2023_85_45_1_0025_00001586_6000_0.tif,85-45,2,O2023_85_48_1_0053_00000198_4000_7000.tif,85-48,0,108.0,1.08
O2023_85_45_1_0025_00001586_6000_0.tif,85-45,2,O2023_85_48_1_0052_00000182_8790_2000.tif,85-48,0,1475.0,14.75
O2023_85_45_1_0025_00001586_6000_0.tif,85-45,2,O2023_85_48_1_0053_00000202_3000_0.tif,85-48,0,2520.0,25.2
O2023_85_45_1_0025_00001586_6000_0.tif,85-45,2,O2023_85_48_1_0053_00000202_4000_0.tif,85-48,0,280.0,2.8
O2023_85_45_1_0025_00001586_6000_0.tif,85-45,2,O2023_85_48_1_0052_00000184_8770_5000.tif,85-48,0,2240.0,22.4
O2023_85_45_1_0025_00001586_6000_0.tif,85-45,2,O2023_85_48_1_0053_00000200_4000_3000.tif,85-48,0,252.0,2.52
O2023_85_45_1_0025_00001586_6000_0.tif,85-45,2,O2023_85_48_1_0053_00000200_3000_3000.tif,85-48,0,3948.0,39.48
O2023_85_45_1_0025_00001586_6000_0.tif,85-45,2,O2023_85_48_1_0052_00000185_8750_7000.tif,85-48,0,3366.0,33.66
O2023_85_45_1_0025_00001586_6000_0.tif,85-45,2,O2023_85_48_1_0053_00000198_4000_6000.tif,85-48,0,366.0,3.66
O2023_85_45_1_0025_00001586_6000_0.tif,85-45,2,O2023_85_48_1_0053_00000198_3000_6000.tif,85-48,0,5734.0,57.34
O2023_85_45_1_0025_00001586_6000_0.tif,85-45,2,O2023_85_48_1_0052_00000181_9000_0.tif,85-48,0,4104.0,41.04
O2023_85_45_1_0025_00001586_6000_0.tif,85-45,2,O2023_85_48_1_0052_00000183_8770_3000.tif,85-48,0,5084.0,50.84
O2023_85_45_1_0025_00001586_6000_0.tif,85-45,2,O2023_85_48_1_0053_00000201_4000_1000.tif,85-48,0,510.0,5.1
O2023_85_45_1_0025_00001586_6000_0.tif,85-45,2,O2023_85_48_1_0053_00000201_3000_1000.tif,85-48,0,7990.0,79.9
O2023_85_45_1_0025_00001586_6000_0.tif,85-45,2,O2023_85_48_1_0052_00000185_8750_6000.tif,85-48,0,6138.0,61.38
O2023_85_45_1_0025_00001586_6000_0.tif,85-45,2,O2023_85_48_1_0053_00000199_4000_4000.tif,85-48,0,490.0,4.9
O2023_85_45_1_0025_00001586_6000_0.tif,85-45,2,O2023_85_48_1_0053_00000199_3000_4000.tif,85-48,0,9310.0,93.1
O2023_85_45_1_0025_00001586_6000_0.tif,85-45,2,O2023_85_48_1_0052_00000182_8790_1000.tif,85-48,0,4425.0,44.25
O2023_85_45_1_0025_00001586_6000_0.tif,85-45,2,O2023_85_48_1_0052_00000184_8770_4000.tif,85-48,0,4160.0,41.6
O2023_85_45_1_0025_00001586_7000_0.tif,85-45,2,O2023_85_48_1_0053_00000199_5000_5000.tif,85-48,0,10.0,0.1
O2023_85_45_1_0025_00001586_7000_0.tif,85-45,2,O2023_85_48_1_0053_00000199_4000_5000.tif,85-48,0,190.0,1.9
O2023_85_45_1_0025_00001586_7000_0.tif,85-45,2,O2023_85_48_1_0053_00000198_4000_7000.tif,85-48,0,1692.0,16.92
O2023_85_45_1_0025_00001586_7000_0.tif,85-45,2,O2023_85_48_1_0053_00000198_5000_7000.tif,85-48,0,108.0,1.08
O2023_85_45_1_0025_00001586_7000_0.tif,85-45,2,O2023_85_48_1_0053_00000202_5000_0.tif,85-48,0,280.0,2.8
O2023_85_45_1_0025_00001586_7000_0.tif,85-45,2,O2023_85_48_1_0053_00000202_4000_0.tif,85-48,0,2520.0,25.2
O2023_85_45_1_0025_00001586_7000_0.tif,85-45,2,O2023_85_48_1_0053_00000200_5000_3000.tif,85-48,0,252.0,2.52
O2023_85_45_1_0025_00001586_7000_0.tif,85-45,2,O2023_85_48_1_0053_00000200_4000_3000.tif,85-48,0,3948.0,39.48
O2023_85_45_1_0025_00001586_7000_0.tif,85-45,2,O2023_85_48_1_0053_00000198_4000_6000.tif,85-48,0,5734.0,57.34
O2023_85_45_1_0025_00001586_7000_0.tif,85-45,2,O2023_85_48_1_0053_00000198_5000_6000.tif,85-48,0,366.0,3.66
O2023_85_45_1_0025_00001586_7000_0.tif,85-45,2,O2023_85_48_1_0053_00000201_5000_1000.tif,85-48,0,510.0,5.1
O2023_85_45_1_0025_00001586_7000_0.tif,85-45,2,O2023_85_48_1_0053_00000201_4000_1000.tif,85-48,0,7990.0,79.9
O2023_85_45_1_0025_00001586_7000_0.tif,85-45,2,O2023_85_48_1_0053_00000199_5000_4000.tif,85-48,0,490.0,4.9
O2023_85_45_1_0025_00001586_7000_0.tif,85-45,2,O2023_85_48_1_0053_00000199_4000_4000.tif,85-48,0,9310.0,93.1
O2023_85_45_1_0025_00001586_7000_0.tif,85-45,2,O2023_85_48_1_0053_00000200_5000_2000.tif,85-48,0,348.0,3.48
O2023_85_45_1_0025_00001586_7000_0.tif,85-45,2,O2023_85_48_1_0053_00000198_5000_5000.tif,85-48,0,234.0,2.34
O2023_85_45_1_0025_00001586_7000_0.tif,85-45,2,O2023_85_48_1_0053_00000197_5000_7000.tif,85-48,0,270.0,2.7
O2023_85_45_1_0025_00001586_7000_1000.tif,85-45,2,O2023_85_48_1_0053_00000202_5000_1000.tif,85-48,0,280.0,2.8
O2023_85_45_1_0025_00001586_7000_1000.tif,85-45,2,O2023_85_48_1_0053_00000200_5000_4000.tif,85-48,0,252.0,2.52
O2023_85_45_1_0025_00001586_7000_1000.tif,85-45,2,O2023_85_48_1_0053_00000201_4000_2000.tif,85-48,0,7990.0,79.9
O2023_85_45_1_0025_00001586_7000_1000.tif,85-45,2,O2023_85_48_1_0053_00000201_5000_2000.tif,85-48,0,510.0,5.1
O2023_85_45_1_0025_00001586_7000_1000.tif,85-45,2,O2023_85_48_1_0053_00000199_5000_5000.tif,85-48,0,490.0,4.9
O2023_85_45_1_0025_00001586_7000_1000.tif,85-45,2,O2023_85_48_1_0053_00000199_4000_5000.tif,85-48,0,9310.0,93.1
O2023_85_45_1_0025_00001586_7000_1000.tif,85-45,2,O2023_85_48_1_0053_00000198_4000_7000.tif,85-48,0,7708.0,77.08
O2023_85_45_1_0025_00001586_7000_1000.tif,85-45,2,O2023_85_48_1_0053_00000198_5000_7000.tif,85-48,0,492.0,4.92
O2023_85_45_1_0025_00001586_7000_1000.tif,85-45,2,O2023_85_48_1_0053_00000202_5000_0.tif,85-48,0,720.0,7.2
O2023_85_45_1_0025_00001586_7000_1000.tif,85-45,2,O2023_85_48_1_0053_00000202_4000_0.tif,85-48,0,6480.0,64.8
O2023_85_45_1_0025_00001586_7000_1000.tif,85-45,2,O2023_85_48_1_0053_00000200_5000_3000.tif,85-48,0,348.0,3.48
O2023_85_45_1_0025_00001586_7000_1000.tif,85-45,2,O2023_85_48_1_0053_00000200_4000_3000.tif,85-48,0,5452.0,54.52
O2023_85_45_1_0025_00001586_7000_1000.tif,85-45,2,O2023_85_48_1_0053_00000198_4000_6000.tif,85-48,0,3666.0,36.66
O2023_85_45_1_0025_00001586_7000_1000.tif,85-45,2,O2023_85_48_1_0053_00000198_5000_6000.tif,85-48,0,234.0,2.34
O2023_85_45_1_0025_00001586_7000_1000.tif,85-45,2,O2023_85_48_1_0053_00000201_5000_1000.tif,85-48,0,90.0,0.9
O2023_85_45_1_0025_00001586_7000_1000.tif,85-45,2,O2023_85_48_1_0053_00000201_4000_1000.tif,85-48,0,1410.0,14.1
O2023_85_45_1_0025_00001586_8000_0.tif,85-45,2,O2023_85_48_1_0053_00000199_5000_5000.tif,85-48,0,190.0,1.9
O2023_85_45_1_0025_00001586_8000_0.tif,85-45,2,O2023_85_48_1_0053_00000198_5000_7000.tif,85-48,0,1692.0,16.92
O2023_85_45_1_0025_00001586_8000_0.tif,85-45,2,O2023_85_48_1_0053_00000202_5000_0.tif,85-48,0,2520.0,25.2
O2023_85_45_1_0025_00001586_8000_0.tif,85-45,2,O2023_85_48_1_0053_00000200_5000_3000.tif,85-48,0,3948.0,39.48
O2023_85_45_1_0025_00001586_8000_0.tif,85-45,2,O2023_85_48_1_0053_00000198_5000_6000.tif,85-48,0,5734.0,57.34
O2023_85_45_1_0025_00001586_8000_0.tif,85-45,2,O2023_85_48_1_0053_00000201_5000_1000.tif,85-48,0,7990.0,79.9
O2023_85_45_1_0025_00001586_8000_0.tif,85-45,2,O2023_85_48_1_0053_00000199_5000_4000.tif,85-48,0,9310.0,93.1
O2023_85_45_1_0025_00001586_8000_0.tif,85-45,2,O2023_85_48_1_0053_00000200_5000_2000.tif,85-48,0,5452.0,54.52
O2023_85_45_1_0025_00001586_8000_0.tif,85-45,2,O2023_85_48_1_0053_00000198_5000_5000.tif,85-48,0,3666.0,36.66
O2023_85_45_1_0025_00001586_8000_0.tif,85-45,2,O2023_85_48_1_0053_00000197_5000_7000.tif,85-48,0,2430.0,24.3
O2023_85_45_1_0025_00001586_8000_1000.tif,85-45,2,O2023_85_48_1_0053_00000202_5000_1000.tif,85-48,0,2520.0,25.2
O2023_85_45_1_0025_00001586_8000_1000.tif,85-45,2,O2023_85_48_1_0053_00000200_5000_4000.tif,85-48,0,3948.0,39.48
O2023_85_45_1_0025_00001586_8000_1000.tif,85-45,2,O2023_85_48_1_0053_00000201_5000_2000.tif,85-48,0,7990.0,79.9
O2023_85_45_1_0025_00001586_8000_1000.tif,85-45,2,O2023_85_48_1_0053_00000199_5000_5000.tif,85-48,0,9310.0,93.1
O2023_85_45_1_0025_00001586_8000_1000.tif,85-45,2,O2023_85_48_1_0053_00000198_5000_7000.tif,85-48,0,7708.0,77.08
O2023_85_45_1_0025_00001586_8000_1000.tif,85-45,2,O2023_85_48_1_0053_00000202_5000_0.tif,85-48,0,6480.0,64.8
O2023_85_45_1_0025_00001586_8000_1000.tif,85-45,2,O2023_85_48_1_0053_00000200_5000_3000.tif,85-48,0,5452.0,54.52
O2023_85_45_1_0025_00001586_8000_1000.tif,85-45,2,O2023_85_48_1_0053_00000198_5000_6000.tif,85-48,0,3666.0,36.66
O2023_85_45_1_0025_00001586_8000_1000.tif,85-45,2,O2023_85_48_1_0053_00000201_5000_1000.tif,85-48,0,1410.0,14.1
O2023_85_45_1_0025_00001587_1000_1000.tif,85-45,2,O2023_85_48_1_0052_00000182_4000_1000.tif,85-48,0,2800.0,28.0
O2023_85_45_1_0025_00001587_1000_1000.tif,85-45,2,O2023_85_48_1_0052_00000184_4000_4000.tif,85-48,0,3150.0,31.5
O2023_85_45_1_0025_00001587_1000_1000.tif,85-45,2,O2023_85_48_1_0052_00000183_3000_2000.tif,85-48,0,3395.0,33.95
O2023_85_45_1_0025_00001587_1000_1000.tif,85-45,2,O2023_85_48_1_0052_00000185_3000_5000.tif,85-48,0,3772.0,37.72
O2023_85_45_1_0025_00001587_1000_1000.tif,85-45,2,O2023_85_48_1_0052_00000183_4000_2000.tif,85-48,0,6305.0,63.05
O2023_85_45_1_0025_00001587_1000_1000.tif,85-45,2,O2023_85_48_1_0052_00000185_4000_5000.tif,85-48,0,5428.0,54.28
O2023_85_45_1_0025_00001587_1000_1000.tif,85-45,2,O2023_85_48_1_0052_00000186_4000_7000.tif,85-48,0,4466.0,44.66
O2023_85_45_1_0025_00001587_1000_1000.tif,85-45,2,O2023_85_48_1_0052_00000182_4000_0.tif,85-48,0,4200.0,42.0
O2023_85_45_1_0025_00001587_1000_1000.tif,85-45,2,O2023_85_48_1_0052_00000184_4000_3000.tif,85-48,0,3150.0,31.5
O2023_85_45_1_0025_00001587_1000_1000.tif,85-45,2,O2023_85_48_1_0052_00000186_4000_6000.tif,85-48,0,2146.0,21.46
O2023_85_45_1_0025_00001587_1000_1000.tif,85-45,2,O2023_85_48_1_0052_00000186_3000_7000.tif,85-48,0,3234.0,32.34
O2023_85_45_1_0025_00001587_1000_1000.tif,85-45,2,O2023_85_48_1_0052_00000182_3000_0.tif,85-48,0,1800.0,18.0
O2023_85_45_1_0025_00001587_1000_1000.tif,85-45,2,O2023_85_48_1_0052_00000184_3000_3000.tif,85-48,0,1850.0,18.5
O2023_85_45_1_0025_00001587_1000_1000.tif,85-45,2,O2023_85_48_1_0052_00000186_3000_6000.tif,85-48,0,1554.0,15.54
O2023_85_45_1_0025_00001587_2000_0.tif,85-45,2,O2023_85_48_1_0052_00000185_4000_5000.tif,85-48,0,328.0,3.28
O2023_85_45_1_0025_00001587_2000_0.tif,85-45,2,O2023_85_48_1_0052_00000185_5000_5000.tif,85-48,0,472.0,4.72
O2023_85_45_1_0025_00001587_2000_0.tif,85-45,2,O2023_85_48_1_0052_00000186_4000_7000.tif,85-48,0,966.0,9.66
O2023_85_45_1_0025_00001587_2000_0.tif,85-45,2,O2023_85_48_1_0052_00000186_5000_7000.tif,85-48,0,1334.0,13.34
O2023_85_45_1_0025_00001587_2000_0.tif,85-45,2,O2023_85_48_1_0052_00000182_4000_0.tif,85-48,0,1200.0,12.0
O2023_85_45_1_0025_00001587_2000_0.tif,85-45,2,O2023_85_48_1_0052_00000182_5000_0.tif,85-48,0,2800.0,28.0
O2023_85_45_1_0025_00001587_2000_0.tif,85-45,2,O2023_85_48_1_0052_00000184_4000_3000.tif,85-48,0,1850.0,18.5
O2023_85_45_1_0025_00001587_2000_0.tif,85-45,2,O2023_85_48_1_0052_00000184_5000_3000.tif,85-48,0,3150.0,31.5
O2023_85_45_1_0025_00001587_2000_0.tif,85-45,2,O2023_85_48_1_0052_00000186_4000_6000.tif,85-48,0,2646.0,26.46
O2023_85_45_1_0025_00001587_2000_0.tif,85-45,2,O2023_85_48_1_0052_00000186_5000_6000.tif,85-48,0,3654.0,36.54
O2023_85_45_1_0025_00001587_2000_0.tif,85-45,2,O2023_85_48_1_0052_00000183_5000_1000.tif,85-48,0,6305.0,63.05
O2023_85_45_1_0025_00001587_2000_0.tif,85-45,2,O2023_85_48_1_0052_00000185_5000_4000.tif,85-48,0,5428.0,54.28
O2023_85_45_1_0025_00001587_2000_1000.tif,85-45,2,O2023_85_48_1_0052_00000185_5000_6000.tif,85-48,0,472.0,4.72
O2023_85_45_1_0025_00001587_2000_1000.tif,85-45,2,O2023_85_48_1_0052_00000182_4000_1000.tif,85-48,0,1200.0,12.0
O2023_85_45_1_0025_00001587_2000_1000.tif,85-45,2,O2023_85_48_1_0052_00000182_5000_1000.tif,85-48,0,2800.0,28.0
O2023_85_45_1_0025_00001587_2000_1000.tif,85-45,2,O2023_85_48_1_0052_00000184_4000_4000.tif,85-48,0,1850.0,18.5
O2023_85_45_1_0025_00001587_2000_1000.tif,85-45,2,O2023_85_48_1_0052_00000184_5000_4000.tif,85-48,0,3150.0,31.5
O2023_85_45_1_0025_00001587_2000_1000.tif,85-45,2,O2023_85_48_1_0052_00000183_4000_2000.tif,85-48,0,3395.0,33.95
O2023_85_45_1_0025_00001587_2000_1000.tif,85-45,2,O2023_85_48_1_0052_00000183_5000_2000.tif,85-48,0,6305.0,63.05
O2023_85_45_1_0025_00001587_2000_1000.tif,85-45,2,O2023_85_48_1_0052_00000185_4000_5000.tif,85-48,0,3772.0,37.72
O2023_85_45_1_0025_00001587_2000_1000.tif,85-45,2,O2023_85_48_1_0052_00000185_5000_5000.tif,85-48,0,5428.0,54.28
O2023_85_45_1_0025_00001587_2000_1000.tif,85-45,2,O2023_85_48_1_0052_00000186_4000_7000.tif,85-48,0,3234.0,32.34
O2023_85_45_1_0025_00001587_2000_1000.tif,85-45,2,O2023_85_48_1_0052_00000186_5000_7000.tif,85-48,0,4466.0,44.66
O2023_85_45_1_0025_00001587_2000_1000.tif,85-45,2,O2023_85_48_1_0052_00000182_4000_0.tif,85-48,0,1800.0,18.0
O2023_85_45_1_0025_00001587_2000_1000.tif,85-45,2,O2023_85_48_1_0052_00000182_5000_0.tif,85-48,0,4200.0,42.0
O2023_85_45_1_0025_00001587_2000_1000.tif,85-45,2,O2023_85_48_1_0052_00000184_4000_3000.tif,85-48,0,1850.0,18.5
O2023_85_45_1_0025_00001587_2000_1000.tif,85-45,2,O2023_85_48_1_0052_00000184_5000_3000.tif,85-48,0,3150.0,31.5
O2023_85_45_1_0025_00001587_2000_1000.tif,85-45,2,O2023_85_48_1_0052_00000186_4000_6000.tif,85-48,0,1554.0,15.54
O2023_85_45_1_0025_00001587_2000_1000.tif,85-45,2,O2023_85_48_1_0052_00000186_5000_6000.tif,85-48,0,2146.0,21.46
O2023_85_45_1_0025_00001587_2000_1000.tif,85-45,2,O2023_85_48_1_0052_00000183_5000_1000.tif,85-48,0,195.0,1.95
O2023_85_45_1_0025_00001587_3000_0.tif,85-45,2,O2023_85_48_1_0052_00000185_6000_5000.tif,85-48,0,472.0,4.72
O2023_85_45_1_0025_00001587_3000_0.tif,85-45,2,O2023_85_48_1_0052_00000185_5000_5000.tif,85-48,0,328.0,3.28
O2023_85_45_1_0025_00001587_3000_0.tif,85-45,2,O2023_85_48_1_0053_00000199_0_3000.tif,85-48,0,935.0,9.35
O2023_85_45_1_0025_00001587_3000_0.tif,85-45,2,O2023_85_48_1_0052_00000186_6000_7000.tif,85-48,0,1334.0,13.34
O2023_85_45_1_0025_00001587_3000_0.tif,85-45,2,O2023_85_48_1_0052_00000186_5000_7000.tif,85-48,0,966.0,9.66
O2023_85_45_1_0025_00001587_3000_0.tif,85-45,2,O2023_85_48_1_0053_00000197_0_6000.tif,85-48,0,1920.0,19.2
O2023_85_45_1_0025_00001587_3000_0.tif,85-45,2,O2023_85_48_1_0052_00000182_5000_0.tif,85-48,0,1200.0,12.0
O2023_85_45_1_0025_00001587_3000_0.tif,85-45,2,O2023_85_48_1_0052_00000182_6000_0.tif,85-48,0,2800.0,28.0
O2023_85_45_1_0025_00001587_3000_0.tif,85-45,2,O2023_85_48_1_0052_00000184_5000_3000.tif,85-48,0,1850.0,18.5
O2023_85_45_1_0025_00001587_3000_0.tif,85-45,2,O2023_85_48_1_0052_00000184_6000_3000.tif,85-48,0,3150.0,31.5
O2023_85_45_1_0025_00001587_3000_0.tif,85-45,2,O2023_85_48_1_0053_00000200_0_1000.tif,85-48,0,3192.0,31.92
O2023_85_45_1_0025_00001587_3000_0.tif,85-45,2,O2023_85_48_1_0052_00000186_5000_6000.tif,85-48,0,2646.0,26.46
O2023_85_45_1_0025_00001587_3000_0.tif,85-45,2,O2023_85_48_1_0052_00000186_6000_6000.tif,85-48,0,3654.0,36.54
O2023_85_45_1_0025_00001587_3000_0.tif,85-45,2,O2023_85_48_1_0053_00000198_0_4000.tif,85-48,0,4256.0,42.56
O2023_85_45_1_0025_00001587_3000_0.tif,85-45,2,O2023_85_48_1_0052_00000183_5000_1000.tif,85-48,0,3395.0,33.95
O2023_85_45_1_0025_00001587_3000_0.tif,85-45,2,O2023_85_48_1_0052_00000183_6000_1000.tif,85-48,0,6305.0,63.05
O2023_85_45_1_0025_00001587_3000_0.tif,85-45,2,O2023_85_48_1_0052_00000185_5000_4000.tif,85-48,0,3772.0,37.72
O2023_85_45_1_0025_00001587_3000_0.tif,85-45,2,O2023_85_48_1_0052_00000185_6000_4000.tif,85-48,0,5428.0,54.28
O2023_85_45_1_0025_00001587_3000_0.tif,85-45,2,O2023_85_48_1_0053_00000199_0_2000.tif,85-48,0,4565.0,45.65
O2023_85_45_1_0025_00001587_3000_1000.tif,85-45,2,O2023_85_48_1_0052_00000185_5000_6000.tif,85-48,0,328.0,3.28
O2023_85_45_1_0025_00001587_3000_1000.tif,85-45,2,O2023_85_48_1_0052_00000185_6000_6000.tif,85-48,0,472.0,4.72
O2023_85_45_1_0025_00001587_3000_1000.tif,85-45,2,O2023_85_48_1_0053_00000199_0_4000.tif,85-48,0,935.0,9.35
O2023_85_45_1_0025_00001587_3000_1000.tif,85-45,2,O2023_85_48_1_0052_00000182_5000_1000.tif,85-48,0,1200.0,12.0
O2023_85_45_1_0025_00001587_3000_1000.tif,85-45,2,O2023_85_48_1_0052_00000182_6000_1000.tif,85-48,0,2800.0,28.0
O2023_85_45_1_0025_00001587_3000_1000.tif,85-45,2,O2023_85_48_1_0052_00000184_5000_4000.tif,85-48,0,1850.0,18.5
O2023_85_45_1_0025_00001587_3000_1000.tif,85-45,2,O2023_85_48_1_0052_00000184_6000_4000.tif,85-48,0,3150.0,31.5
O2023_85_45_1_0025_00001587_3000_1000.tif,85-45,2,O2023_85_48_1_0053_00000200_0_2000.tif,85-48,0,3192.0,31.92
O2023_85_45_1_0025_00001587_3000_1000.tif,85-45,2,O2023_85_48_1_0053_00000198_0_5000.tif,85-48,0,4256.0,42.56
O2023_85_45_1_0025_00001587_3000_1000.tif,85-45,2,O2023_85_48_1_0053_00000197_0_7000.tif,85-48,0,5280.0,52.8
O2023_85_45_1_0025_00001587_3000_1000.tif,85-45,2,O2023_85_48_1_0052_00000183_6000_2000.tif,85-48,0,6305.0,63.05
O2023_85_45_1_0025_00001587_3000_1000.tif,85-45,2,O2023_85_48_1_0052_00000183_5000_2000.tif,85-48,0,3395.0,33.95
O2023_85_45_1_0025_00001587_3000_1000.tif,85-45,2,O2023_85_48_1_0053_00000201_0_0.tif,85-48,0,5600.0,56.0
O2023_85_45_1_0025_00001587_3000_1000.tif,85-45,2,O2023_85_48_1_0052_00000185_6000_5000.tif,85-48,0,5428.0,54.28
O2023_85_45_1_0025_00001587_3000_1000.tif,85-45,2,O2023_85_48_1_0052_00000185_5000_5000.tif,85-48,0,3772.0,37.72
O2023_85_45_1_0025_00001587_3000_1000.tif,85-45,2,O2023_85_48_1_0053_00000199_0_3000.tif,85-48,0,4565.0,45.65
O2023_85_45_1_0025_00001587_3000_1000.tif,85-45,2,O2023_85_48_1_0052_00000186_6000_7000.tif,85-48,0,4466.0,44.66
O2023_85_45_1_0025_00001587_3000_1000.tif,85-45,2,O2023_85_48_1_0052_00000186_5000_7000.tif,85-48,0,3234.0,32.34
O2023_85_45_1_0025_00001587_3000_1000.tif,85-45,2,O2023_85_48_1_0053_00000197_0_6000.tif,85-48,0,4080.0,40.8
O2023_85_45_1_0025_00001587_3000_1000.tif,85-45,2,O2023_85_48_1_0052_00000182_5000_0.tif,85-48,0,1800.0,18.0
O2023_85_45_1_0025_00001587_3000_1000.tif,85-45,2,O2023_85_48_1_0052_00000182_6000_0.tif,85-48,0,4200.0,42.0
O2023_85_45_1_0025_00001587_3000_1000.tif,85-45,2,O2023_85_48_1_0052_00000184_5000_3000.tif,85-48,0,1850.0,18.5
O2023_85_45_1_0025_00001587_3000_1000.tif,85-45,2,O2023_85_48_1_0052_00000184_6000_3000.tif,85-48,0,3150.0,31.5
O2023_85_45_1_0025_00001587_3000_1000.tif,85-45,2,O2023_85_48_1_0053_00000200_0_1000.tif,85-48,0,2408.0,24.08
O2023_85_45_1_0025_00001587_3000_1000.tif,85-45,2,O2023_85_48_1_0052_00000186_5000_6000.tif,85-48,0,1554.0,15.54
O2023_85_45_1_0025_00001587_3000_1000.tif,85-45,2,O2023_85_48_1_0052_00000186_6000_6000.tif,85-48,0,2146.0,21.46
O2023_85_45_1_0025_00001587_3000_1000.tif,85-45,2,O2023_85_48_1_0053_00000198_0_4000.tif,85-48,0,1344.0,13.44
O2023_85_45_1_0025_00001587_3000_1000.tif,85-45,2,O2023_85_48_1_0052_00000183_5000_1000.tif,85-48,0,105.0,1.05
O2023_85_45_1_0025_00001587_3000_1000.tif,85-45,2,O2023_85_48_1_0052_00000183_6000_1000.tif,85-48,0,195.0,1.95
O2023_85_45_1_0025_00001587_4000_1000.tif,85-45,2,O2023_85_48_1_0052_00000185_6000_6000.tif,85-48,0,328.0,3.28
O2023_85_45_1_0025_00001587_4000_1000.tif,85-45,2,O2023_85_48_1_0053_00000199_0_4000.tif,85-48,0,765.0,7.65
O2023_85_45_1_0025_00001587_4000_1000.tif,85-45,2,O2023_85_48_1_0052_00000182_6000_1000.tif,85-48,0,1200.0,12.0
O2023_85_45_1_0025_00001587_4000_1000.tif,85-45,2,O2023_85_48_1_0052_00000184_6000_4000.tif,85-48,0,1850.0,18.5
O2023_85_45_1_0025_00001587_4000_1000.tif,85-45,2,O2023_85_48_1_0053_00000200_0_2000.tif,85-48,0,2508.0,25.08
O2023_85_45_1_0025_00001587_4000_1000.tif,85-45,2,O2023_85_48_1_0053_00000198_0_5000.tif,85-48,0,3344.0,33.44
O2023_85_45_1_0025_00001587_4000_1000.tif,85-45,2,O2023_85_48_1_0053_00000197_0_7000.tif,85-48,0,3520.0,35.2
O2023_85_45_1_0025_00001587_4000_1000.tif,85-45,2,O2023_85_48_1_0052_00000183_6000_2000.tif,85-48,0,3395.0,33.95
O2023_85_45_1_0025_00001587_4000_1000.tif,85-45,2,O2023_85_48_1_0053_00000201_0_0.tif,85-48,0,4400.0,44.0
O2023_85_45_1_0025_00001587_4000_1000.tif,85-45,2,O2023_85_48_1_0052_00000185_6000_5000.tif,85-48,0,3772.0,37.72
O2023_85_45_1_0025_00001587_4000_1000.tif,85-45,2,O2023_85_48_1_0053_00000199_0_3000.tif,85-48,0,3735.0,37.35
O2023_85_45_1_0025_00001587_4000_1000.tif,85-45,2,O2023_85_48_1_0052_00000186_6000_7000.tif,85-48,0,3234.0,32.34
O2023_85_45_1_0025_00001587_4000_1000.tif,85-45,2,O2023_85_48_1_0053_00000197_0_6000.tif,85-48,0,2720.0,27.2
O2023_85_45_1_0025_00001587_4000_1000.tif,85-45,2,O2023_85_48_1_0052_00000182_6000_0.tif,85-48,0,1800.0,18.0
O2023_85_45_1_0025_00001587_4000_1000.tif,85-45,2,O2023_85_48_1_0052_00000184_6000_3000.tif,85-48,0,1850.0,18.5
O2023_85_45_1_0025_00001587_4000_1000.tif,85-45,2,O2023_85_48_1_0053_00000200_0_1000.tif,85-48,0,1892.0,18.92
O2023_85_45_1_0025_00001587_4000_1000.tif,85-45,2,O2023_85_48_1_0052_00000186_6000_6000.tif,85-48,0,1554.0,15.54
O2023_85_45_1_0025_00001587_4000_1000.tif,85-45,2,O2023_85_48_1_0053_00000198_0_4000.tif,85-48,0,1056.0,10.56
O2023_85_45_1_0025_00001587_4000_1000.tif,85-45,2,O2023_85_48_1_0052_00000183_6000_1000.tif,85-48,0,105.0,1.05
O2023_85_45_1_0025_00001587_6000_2000.tif,85-45,2,O2023_85_48_1_0053_00000198_3000_7000.tif,85-48,0,1848.0,18.48
O2023_85_45_1_0025_00001587_6000_2000.tif,85-45,2,O2023_85_48_1_0052_00000182_8790_2000.tif,85-48,0,3640.0,36.4
O2023_85_45_1_0025_00001587_6000_2000.tif,85-45,2,O2023_85_48_1_0053_00000202_3000_0.tif,85-48,0,2580.0,25.8
O2023_85_45_1_0025_00001587_6000_2000.tif,85-45,2,O2023_85_48_1_0052_00000184_8770_5000.tif,85-48,0,4300.0,43.0
O2023_85_45_1_0025_00001587_6000_2000.tif,85-45,2,O2023_85_48_1_0053_00000200_3000_3000.tif,85-48,0,3192.0,31.92
O2023_85_45_1_0025_00001587_6000_2000.tif,85-45,2,O2023_85_48_1_0052_00000185_8750_7000.tif,85-48,0,5544.0,55.44
O2023_85_45_1_0025_00001587_6000_2000.tif,85-45,2,O2023_85_48_1_0053_00000198_3000_6000.tif,85-48,0,4256.0,42.56
O2023_85_45_1_0025_00001587_6000_2000.tif,85-45,2,O2023_85_48_1_0052_00000181_9000_0.tif,85-48,0,8091.0,80.91
O2023_85_45_1_0025_00001587_6000_2000.tif,85-45,2,O2023_85_48_1_0052_00000183_8770_3000.tif,85-48,0,8536.0,85.36
O2023_85_45_1_0025_00001587_6000_2000.tif,85-45,2,O2023_85_48_1_0053_00000201_3000_1000.tif,85-48,0,5600.0,56.0
O2023_85_45_1_0025_00001587_6000_2000.tif,85-45,2,O2023_85_48_1_0052_00000185_8750_6000.tif,85-48,0,7728.0,77.28
O2023_85_45_1_0025_00001587_6000_2000.tif,85-45,2,O2023_85_48_1_0053_00000199_2000_4000.tif,85-48,0,3735.0,37.35
O2023_85_45_1_0025_00001587_6000_2000.tif,85-45,2,O2023_85_48_1_0053_00000199_3000_4000.tif,85-48,0,4565.0,45.65
O2023_85_45_1_0025_00001587_6000_2000.tif,85-45,2,O2023_85_48_1_0052_00000182_8790_1000.tif,85-48,0,5460.0,54.6
O2023_85_45_1_0025_00001587_6000_2000.tif,85-45,2,O2023_85_48_1_0052_00000184_8770_4000.tif,85-48,0,4300.0,43.0
O2023_85_45_1_0025_00001587_7000_2000.tif,85-45,2,O2023_85_48_1_0053_00000199_4000_5000.tif,85-48,0,935.0,9.35
O2023_85_45_1_0025_00001587_7000_2000.tif,85-45,2,O2023_85_48_1_0053_00000198_3000_7000.tif,85-48,0,1452.0,14.52
O2023_85_45_1_0025_00001587_7000_2000.tif,85-45,2,O2023_85_48_1_0053_00000198_4000_7000.tif,85-48,0,1848.0,18.48
O2023_85_45_1_0025_00001587_7000_2000.tif,85-45,2,O2023_85_48_1_0052_00000182_8790_2000.tif,85-48,0,360.0,3.6
O2023_85_45_1_0025_00001587_7000_2000.tif,85-45,2,O2023_85_48_1_0053_00000202_3000_0.tif,85-48,0,1720.0,17.2
O2023_85_45_1_0025_00001587_7000_2000.tif,85-45,2,O2023_85_48_1_0053_00000202_4000_0.tif,85-48,0,2580.0,25.8
O2023_85_45_1_0025_00001587_7000_2000.tif,85-45,2,O2023_85_48_1_0052_00000184_8770_5000.tif,85-48,0,700.0,7.0
O2023_85_45_1_0025_00001587_7000_2000.tif,85-45,2,O2023_85_48_1_0053_00000200_4000_3000.tif,85-48,0,3192.0,31.92
O2023_85_45_1_0025_00001587_7000_2000.tif,85-45,2,O2023_85_48_1_0053_00000200_3000_3000.tif,85-48,0,2508.0,25.08
O2023_85_45_1_0025_00001587_7000_2000.tif,85-45,2,O2023_85_48_1_0052_00000185_8750_7000.tif,85-48,0,1056.0,10.56
O2023_85_45_1_0025_00001587_7000_2000.tif,85-45,2,O2023_85_48_1_0053_00000198_4000_6000.tif,85-48,0,4256.0,42.56
O2023_85_45_1_0025_00001587_7000_2000.tif,85-45,2,O2023_85_48_1_0053_00000198_3000_6000.tif,85-48,0,3344.0,33.44
O2023_85_45_1_0025_00001587_7000_2000.tif,85-45,2,O2023_85_48_1_0052_00000181_9000_0.tif,85-48,0,609.0,6.09
O2023_85_45_1_0025_00001587_7000_2000.tif,85-45,2,O2023_85_48_1_0052_00000183_8770_3000.tif,85-48,0,1164.0,11.64
O2023_85_45_1_0025_00001587_7000_2000.tif,85-45,2,O2023_85_48_1_0053_00000201_4000_1000.tif,85-48,0,5600.0,56.0
O2023_85_45_1_0025_00001587_7000_2000.tif,85-45,2,O2023_85_48_1_0053_00000201_3000_1000.tif,85-48,0,4400.0,44.0
O2023_85_45_1_0025_00001587_7000_2000.tif,85-45,2,O2023_85_48_1_0052_00000185_8750_6000.tif,85-48,0,1472.0,14.72
O2023_85_45_1_0025_00001587_7000_2000.tif,85-45,2,O2023_85_48_1_0053_00000199_4000_4000.tif,85-48,0,4565.0,45.65
O2023_85_45_1_0025_00001587_7000_2000.tif,85-45,2,O2023_85_48_1_0053_00000199_3000_4000.tif,85-48,0,3735.0,37.35
O2023_85_45_1_0025_00001587_7000_2000.tif,85-45,2,O2023_85_48_1_0052_00000182_8790_1000.tif,85-48,0,540.0,5.4
O2023_85_45_1_0025_00001587_7000_2000.tif,85-45,2,O2023_85_48_1_0052_00000184_8770_4000.tif,85-48,0,700.0,7.0
O2023_85_45_1_0025_00001587_8000_2000.tif,85-45,2,O2023_85_48_1_0053_00000199_5000_5000.tif,85-48,0,935.0,9.35
O2023_85_45_1_0025_00001587_8000_2000.tif,85-45,2,O2023_85_48_1_0053_00000199_4000_5000.tif,85-48,0,765.0,7.65
O2023_85_45_1_0025_00001587_8000_2000.tif,85-45,2,O2023_85_48_1_0053_00000198_4000_7000.tif,85-48,0,1452.0,14.52
O2023_85_45_1_0025_00001587_8000_2000.tif,85-45,2,O2023_85_48_1_0053_00000198_5000_7000.tif,85-48,0,1848.0,18.48
O2023_85_45_1_0025_00001587_8000_2000.tif,85-45,2,O2023_85_48_1_0053_00000202_5000_0.tif,85-48,0,2580.0,25.8
O2023_85_45_1_0025_00001587_8000_2000.tif,85-45,2,O2023_85_48_1_0053_00000202_4000_0.tif,85-48,0,1720.0,17.2
O2023_85_45_1_0025_00001587_8000_2000.tif,85-45,2,O2023_85_48_1_0053_00000200_5000_3000.tif,85-48,0,3192.0,31.92
O2023_85_45_1_0025_00001587_8000_2000.tif,85-45,2,O2023_85_48_1_0053_00000200_4000_3000.tif,85-48,0,2508.0,25.08
O2023_85_45_1_0025_00001587_8000_2000.tif,85-45,2,O2023_85_48_1_0053_00000198_4000_6000.tif,85-48,0,3344.0,33.44
O2023_85_45_1_0025_00001587_8000_2000.tif,85-45,2,O2023_85_48_1_0053_00000198_5000_6000.tif,85-48,0,4256.0,42.56
O2023_85_45_1_0025_00001587_8000_2000.tif,85-45,2,O2023_85_48_1_0053_00000201_5000_1000.tif,85-48,0,5600.0,56.0
O2023_85_45_1_0025_00001587_8000_2000.tif,85-45,2,O2023_85_48_1_0053_00000201_4000_1000.tif,85-48,0,4400.0,44.0
O2023_85_45_1_0025_00001587_8000_2000.tif,85-45,2,O2023_85_48_1_0053_00000199_5000_4000.tif,85-48,0,4565.0,45.65
O2023_85_45_1_0025_00001587_8000_2000.tif,85-45,2,O2023_85_48_1_0053_00000199_4000_4000.tif,85-48,0,3735.0,37.35
O2023_85_45_1_0025_00001587_8000_2000.tif,85-45,2,O2023_85_48_1_0053_00000200_5000_2000.tif,85-48,0,2408.0,24.08
O2023_85_45_1_0025_00001587_8000_2000.tif,85-45,2,O2023_85_48_1_0053_00000198_5000_5000.tif,85-48,0,1344.0,13.44
O2023_85_45_1_0025_00001587_8000_2000.tif,85-45,2,O2023_85_48_1_0053_00000197_5000_7000.tif,85-48,0,720.0,7.2
O2023_85_45_1_0025_00001587_8000_3000.tif,85-45,2,O2023_85_48_1_0053_00000202_5000_1000.tif,85-48,0,2580.0,25.8
O2023_85_45_1_0025_00001587_8000_3000.tif,85-45,2,O2023_85_48_1_0053_00000200_5000_4000.tif,85-48,0,3192.0,31.92
O2023_85_45_1_0025_00001587_8000_3000.tif,85-45,2,O2023_85_48_1_0053_00000201_4000_2000.tif,85-48,0,4400.0,44.0
O2023_85_45_1_0025_00001587_8000_3000.tif,85-45,2,O2023_85_48_1_0053_00000201_5000_2000.tif,85-48,0,5600.0,56.0
O2023_85_45_1_0025_00001587_8000_3000.tif,85-45,2,O2023_85_48_1_0053_00000199_5000_5000.tif,85-48,0,4565.0,45.65
O2023_85_45_1_0025_00001587_8000_3000.tif,85-45,2,O2023_85_48_1_0053_00000199_4000_5000.tif,85-48,0,3735.0,37.35
O2023_85_45_1_0025_00001587_8000_3000.tif,85-45,2,O2023_85_48_1_0053_00000198_4000_7000.tif,85-48,0,2948.0,29.48
O2023_85_45_1_0025_00001587_8000_3000.tif,85-45,2,O2023_85_48_1_0053_00000198_5000_7000.tif,85-48,0,3752.0,37.52
O2023_85_45_1_0025_00001587_8000_3000.tif,85-45,2,O2023_85_48_1_0053_00000202_5000_0.tif,85-48,0,3420.0,34.2
O2023_85_45_1_0025_00001587_8000_3000.tif,85-45,2,O2023_85_48_1_0053_00000202_4000_0.tif,85-48,0,2280.0,22.8
O2023_85_45_1_0025_00001587_8000_3000.tif,85-45,2,O2023_85_48_1_0053_00000200_5000_3000.tif,85-48,0,2408.0,24.08
O2023_85_45_1_0025_00001587_8000_3000.tif,85-45,2,O2023_85_48_1_0053_00000200_4000_3000.tif,85-48,0,1892.0,18.92
O2023_85_45_1_0025_00001587_8000_3000.tif,85-45,2,O2023_85_48_1_0053_00000198_4000_6000.tif,85-48,0,1056.0,10.56
O2023_85_45_1_0025_00001587_8000_3000.tif,85-45,2,O2023_85_48_1_0053_00000198_5000_6000.tif,85-48,0,1344.0,13.44
O2023_85_45_1_0025_00001588_1000_2000.tif,85-45,2,O2023_85_48_1_0052_00000183_3000_2000.tif,85-48,0,880.0,8.8
O2023_85_45_1_0025_00001588_1000_2000.tif,85-45,2,O2023_85_48_1_0052_00000185_3000_5000.tif,85-48,0,1430.0,14.3
O2023_85_45_1_0025_00001588_1000_2000.tif,85-45,2,O2023_85_48_1_0052_00000183_4000_2000.tif,85-48,0,3520.0,35.2
O2023_85_45_1_0025_00001588_1000_2000.tif,85-45,2,O2023_85_48_1_0052_00000185_4000_5000.tif,85-48,0,4070.0,40.7
O2023_85_45_1_0025_00001588_1000_2000.tif,85-45,2,O2023_85_48_1_0052_00000186_4000_7000.tif,85-48,0,5110.0,51.1
O2023_85_45_1_0025_00001588_1000_2000.tif,85-45,2,O2023_85_48_1_0052_00000182_4000_0.tif,85-48,0,7395.0,73.95
O2023_85_45_1_0025_00001588_1000_2000.tif,85-45,2,O2023_85_48_1_0052_00000184_4000_3000.tif,85-48,0,7566.0,75.66
O2023_85_45_1_0025_00001588_1000_2000.tif,85-45,2,O2023_85_48_1_0052_00000186_4000_6000.tif,85-48,0,6570.0,65.7
O2023_85_45_1_0025_00001588_1000_2000.tif,85-45,2,O2023_85_48_1_0052_00000186_3000_7000.tif,85-48,0,1890.0,18.9
O2023_85_45_1_0025_00001588_1000_2000.tif,85-45,2,O2023_85_48_1_0052_00000182_3000_0.tif,85-48,0,1305.0,13.05
O2023_85_45_1_0025_00001588_1000_2000.tif,85-45,2,O2023_85_48_1_0052_00000184_3000_3000.tif,85-48,0,2134.0,21.34
O2023_85_45_1_0025_00001588_1000_2000.tif,85-45,2,O2023_85_48_1_0052_00000186_3000_6000.tif,85-48,0,2430.0,24.3
O2023_85_45_1_0025_00001588_1000_3000.tif,85-45,2,O2023_85_48_1_0052_00000182_4000_1000.tif,85-48,0,7395.0,73.95
O2023_85_45_1_0025_00001588_1000_3000.tif,85-45,2,O2023_85_48_1_0052_00000184_4000_4000.tif,85-48,0,7566.0,75.66
O2023_85_45_1_0025_00001588_1000_3000.tif,85-45,2,O2023_85_48_1_0052_00000183_3000_2000.tif,85-48,0,1120.0,11.2
O2023_85_45_1_0025_00001588_1000_3000.tif,85-45,2,O2023_85_48_1_0052_00000185_3000_5000.tif,85-48,0,1170.0,11.7
O2023_85_45_1_0025_00001588_1000_3000.tif,85-45,2,O2023_85_48_1_0052_00000183_4000_2000.tif,85-48,0,4480.0,44.8
O2023_85_45_1_0025_00001588_1000_3000.tif,85-45,2,O2023_85_48_1_0052_00000185_4000_5000.tif,85-48,0,3330.0,33.3
O2023_85_45_1_0025_00001588_1000_3000.tif,85-45,2,O2023_85_48_1_0052_00000186_4000_7000.tif,85-48,0,2190.0,21.9
O2023_85_45_1_0025_00001588_1000_3000.tif,85-45,2,O2023_85_48_1_0052_00000182_4000_0.tif,85-48,0,1105.0,11.05
O2023_85_45_1_0025_00001588_1000_3000.tif,85-45,2,O2023_85_48_1_0052_00000184_4000_3000.tif,85-48,0,234.0,2.34
O2023_85_45_1_0025_00001588_1000_3000.tif,85-45,2,O2023_85_48_1_0052_00000186_3000_7000.tif,85-48,0,810.0,8.1
O2023_85_45_1_0025_00001588_1000_3000.tif,85-45,2,O2023_85_48_1_0052_00000182_3000_0.tif,85-48,0,195.0,1.95
O2023_85_45_1_0025_00001588_1000_3000.tif,85-45,2,O2023_85_48_1_0052_00000184_3000_3000.tif,85-48,0,66.0,0.66
O2023_85_45_1_0025_00001588_2000_2000.tif,85-45,2,O2023_85_48_1_0052_00000183_4000_2000.tif,85-48,0,880.0,8.8
O2023_85_45_1_0025_00001588_2000_2000.tif,85-45,2,O2023_85_48_1_0052_00000183_5000_2000.tif,85-48,0,3520.0,35.2
O2023_85_45_1_0025_00001588_2000_2000.tif,85-45,2,O2023_85_48_1_0052_00000185_4000_5000.tif,85-48,0,1430.0,14.3
O2023_85_45_1_0025_00001588_2000_2000.tif,85-45,2,O2023_85_48_1_0052_00000185_5000_5000.tif,85-48,0,4070.0,40.7
O2023_85_45_1_0025_00001588_2000_2000.tif,85-45,2,O2023_85_48_1_0052_00000186_4000_7000.tif,85-48,0,1890.0,18.9
O2023_85_45_1_0025_00001588_2000_2000.tif,85-45,2,O2023_85_48_1_0052_00000186_5000_7000.tif,85-48,0,5110.0,51.1
O2023_85_45_1_0025_00001588_2000_2000.tif,85-45,2,O2023_85_48_1_0052_00000182_4000_0.tif,85-48,0,1305.0,13.05
O2023_85_45_1_0025_00001588_2000_2000.tif,85-45,2,O2023_85_48_1_0052_00000182_5000_0.tif,85-48,0,7395.0,73.95
O2023_85_45_1_0025_00001588_2000_2000.tif,85-45,2,O2023_85_48_1_0052_00000184_4000_3000.tif,85-48,0,2134.0,21.34
O2023_85_45_1_0025_00001588_2000_2000.tif,85-45,2,O2023_85_48_1_0052_00000184_5000_3000.tif,85-48,0,7566.0,75.66
O2023_85_45_1_0025_00001588_2000_2000.tif,85-45,2,O2023_85_48_1_0052_00000186_4000_6000.tif,85-48,0,2430.0,24.3
O2023_85_45_1_0025_00001588_2000_2000.tif,85-45,2,O2023_85_48_1_0052_00000186_5000_6000.tif,85-48,0,6570.0,65.7
O2023_85_45_1_0025_00001588_2000_2000.tif,85-45,2,O2023_85_48_1_0052_00000183_5000_1000.tif,85-48,0,4480.0,44.8
O2023_85_45_1_0025_00001588_2000_2000.tif,85-45,2,O2023_85_48_1_0052_00000185_5000_4000.tif,85-48,0,3330.0,33.3
O2023_85_45_1_0025_00001588_2000_3000.tif,85-45,2,O2023_85_48_1_0052_00000185_5000_6000.tif,85-48,0,4070.0,40.7
O2023_85_45_1_0025_00001588_2000_3000.tif,85-45,2,O2023_85_48_1_0052_00000182_4000_1000.tif,85-48,0,1305.0,13.05
O2023_85_45_1_0025_00001588_2000_3000.tif,85-45,2,O2023_85_48_1_0052_00000182_5000_1000.tif,85-48,0,7395.0,73.95
O2023_85_45_1_0025_00001588_2000_3000.tif,85-45,2,O2023_85_48_1_0052_00000184_4000_4000.tif,85-48,0,2134.0,21.34
O2023_85_45_1_0025_00001588_2000_3000.tif,85-45,2,O2023_85_48_1_0052_00000184_5000_4000.tif,85-48,0,7566.0,75.66
O2023_85_45_1_0025_00001588_2000_3000.tif,85-45,2,O2023_85_48_1_0052_00000183_4000_2000.tif,85-48,0,1120.0,11.2
O2023_85_45_1_0025_00001588_2000_3000.tif,85-45,2,O2023_85_48_1_0052_00000183_5000_2000.tif,85-48,0,4480.0,44.8
O2023_85_45_1_0025_00001588_2000_3000.tif,85-45,2,O2023_85_48_1_0052_00000185_4000_5000.tif,85-48,0,1170.0,11.7
O2023_85_45_1_0025_00001588_2000_3000.tif,85-45,2,O2023_85_48_1_0052_00000185_5000_5000.tif,85-48,0,3330.0,33.3
O2023_85_45_1_0025_00001588_2000_3000.tif,85-45,2,O2023_85_48_1_0052_00000186_4000_7000.tif,85-48,0,810.0,8.1
O2023_85_45_1_0025_00001588_2000_3000.tif,85-45,2,O2023_85_48_1_0052_00000186_5000_7000.tif,85-48,0,2190.0,21.9
O2023_85_45_1_0025_00001588_2000_3000.tif,85-45,2,O2023_85_48_1_0052_00000182_4000_0.tif,85-48,0,195.0,1.95
O2023_85_45_1_0025_00001588_2000_3000.tif,85-45,2,O2023_85_48_1_0052_00000182_5000_0.tif,85-48,0,1105.0,11.05
O2023_85_45_1_0025_00001588_2000_3000.tif,85-45,2,O2023_85_48_1_0052_00000184_4000_3000.tif,85-48,0,66.0,0.66
O2023_85_45_1_0025_00001588_2000_3000.tif,85-45,2,O2023_85_48_1_0052_00000184_5000_3000.tif,85-48,0,234.0,2.34
O2023_85_45_1_0025_00001588_3000_2000.tif,85-45,2,O2023_85_48_1_0053_00000200_0_2000.tif,85-48,0,284.0,2.84
O2023_85_45_1_0025_00001588_3000_2000.tif,85-45,2,O2023_85_48_1_0053_00000198_0_5000.tif,85-48,0,1633.0,16.33
O2023_85_45_1_0025_00001588_3000_2000.tif,85-45,2,O2023_85_48_1_0053_00000197_0_7000.tif,85-48,0,2625.0,26.25
O2023_85_45_1_0025_00001588_3000_2000.tif,85-45,2,O2023_85_48_1_0052_00000183_6000_2000.tif,85-48,0,3520.0,35.2
O2023_85_45_1_0025_00001588_3000_2000.tif,85-45,2,O2023_85_48_1_0052_00000183_5000_2000.tif,85-48,0,880.0,8.8
O2023_85_45_1_0025_00001588_3000_2000.tif,85-45,2,O2023_85_48_1_0053_00000201_0_0.tif,85-48,0,3337.0,33.37
O2023_85_45_1_0025_00001588_3000_2000.tif,85-45,2,O2023_85_48_1_0052_00000185_6000_5000.tif,85-48,0,4070.0,40.7
O2023_85_45_1_0025_00001588_3000_2000.tif,85-45,2,O2023_85_48_1_0052_00000185_5000_5000.tif,85-48,0,1430.0,14.3
O2023_85_45_1_0025_00001588_3000_2000.tif,85-45,2,O2023_85_48_1_0053_00000199_0_3000.tif,85-48,0,4480.0,44.8
O2023_85_45_1_0025_00001588_3000_2000.tif,85-45,2,O2023_85_48_1_0052_00000186_6000_7000.tif,85-48,0,5110.0,51.1
O2023_85_45_1_0025_00001588_3000_2000.tif,85-45,2,O2023_85_48_1_0052_00000186_5000_7000.tif,85-48,0,1890.0,18.9
O2023_85_45_1_0025_00001588_3000_2000.tif,85-45,2,O2023_85_48_1_0053_00000197_0_6000.tif,85-48,0,5925.0,59.25
O2023_85_45_1_0025_00001588_3000_2000.tif,85-45,2,O2023_85_48_1_0052_00000182_5000_0.tif,85-48,0,1305.0,13.05
O2023_85_45_1_0025_00001588_3000_2000.tif,85-45,2,O2023_85_48_1_0052_00000182_6000_0.tif,85-48,0,7395.0,73.95
O2023_85_45_1_0025_00001588_3000_2000.tif,85-45,2,O2023_85_48_1_0052_00000184_5000_3000.tif,85-48,0,2134.0,21.34
O2023_85_45_1_0025_00001588_3000_2000.tif,85-45,2,O2023_85_48_1_0052_00000184_6000_3000.tif,85-48,0,7566.0,75.66
O2023_85_45_1_0025_00001588_3000_2000.tif,85-45,2,O2023_85_48_1_0053_00000200_0_1000.tif,85-48,0,6816.0,68.16
O2023_85_45_1_0025_00001588_3000_2000.tif,85-45,2,O2023_85_48_1_0052_00000186_5000_6000.tif,85-48,0,2430.0,24.3
O2023_85_45_1_0025_00001588_3000_2000.tif,85-45,2,O2023_85_48_1_0052_00000186_6000_6000.tif,85-48,0,6570.0,65.7
O2023_85_45_1_0025_00001588_3000_2000.tif,85-45,2,O2023_85_48_1_0053_00000198_0_4000.tif,85-48,0,5467.0,54.67
O2023_85_45_1_0025_00001588_3000_2000.tif,85-45,2,O2023_85_48_1_0052_00000183_5000_1000.tif,85-48,0,1120.0,11.2
O2023_85_45_1_0025_00001588_3000_2000.tif,85-45,2,O2023_85_48_1_0052_00000183_6000_1000.tif,85-48,0,4480.0,44.8
O2023_85_45_1_0025_00001588_3000_2000.tif,85-45,2,O2023_85_48_1_0052_00000185_5000_4000.tif,85-48,0,1170.0,11.7
O2023_85_45_1_0025_00001588_3000_2000.tif,85-45,2,O2023_85_48_1_0052_00000185_6000_4000.tif,85-48,0,3330.0,33.3
O2023_85_45_1_0025_00001588_3000_2000.tif,85-45,2,O2023_85_48_1_0053_00000199_0_2000.tif,85-48,0,2520.0,25.2
O2023_85_45_1_0025_00001588_3000_3000.tif,85-45,2,O2023_85_48_1_0052_00000185_5000_6000.tif,85-48,0,1430.0,14.3
O2023_85_45_1_0025_00001588_3000_3000.tif,85-45,2,O2023_85_48_1_0052_00000185_6000_6000.tif,85-48,0,4070.0,40.7
O2023_85_45_1_0025_00001588_3000_3000.tif,85-45,2,O2023_85_48_1_0053_00000199_0_4000.tif,85-48,0,4480.0,44.8
O2023_85_45_1_0025_00001588_3000_3000.tif,85-45,2,O2023_85_48_1_0052_00000182_5000_1000.tif,85-48,0,1305.0,13.05
O2023_85_45_1_0025_00001588_3000_3000.tif,85-45,2,O2023_85_48_1_0052_00000182_6000_1000.tif,85-48,0,7395.0,73.95
O2023_85_45_1_0025_00001588_3000_3000.tif,85-45,2,O2023_85_48_1_0052_00000184_5000_4000.tif,85-48,0,2134.0,21.34
O2023_85_45_1_0025_00001588_3000_3000.tif,85-45,2,O2023_85_48_1_0052_00000184_6000_4000.tif,85-48,0,7566.0,75.66
O2023_85_45_1_0025_00001588_3000_3000.tif,85-45,2,O2023_85_48_1_0053_00000200_0_2000.tif,85-48,0,6816.0,68.16
O2023_85_45_1_0025_00001588_3000_3000.tif,85-45,2,O2023_85_48_1_0053_00000198_0_5000.tif,85-48,0,5467.0,54.67
O2023_85_45_1_0025_00001588_3000_3000.tif,85-45,2,O2023_85_48_1_0053_00000197_0_7000.tif,85-48,0,4875.0,48.75
O2023_85_45_1_0025_00001588_3000_3000.tif,85-45,2,O2023_85_48_1_0052_00000183_6000_2000.tif,85-48,0,4480.0,44.8
O2023_85_45_1_0025_00001588_3000_3000.tif,85-45,2,O2023_85_48_1_0052_00000183_5000_2000.tif,85-48,0,1120.0,11.2
O2023_85_45_1_0025_00001588_3000_3000.tif,85-45,2,O2023_85_48_1_0053_00000201_0_0.tif,85-48,0,3763.0,37.63
O2023_85_45_1_0025_00001588_3000_3000.tif,85-45,2,O2023_85_48_1_0052_00000185_6000_5000.tif,85-48,0,3330.0,33.3
O2023_85_45_1_0025_00001588_3000_3000.tif,85-45,2,O2023_85_48_1_0052_00000185_5000_5000.tif,85-48,0,1170.0,11.7
O2023_85_45_1_0025_00001588_3000_3000.tif,85-45,2,O2023_85_48_1_0053_00000199_0_3000.tif,85-48,0,2520.0,25.2
O2023_85_45_1_0025_00001588_3000_3000.tif,85-45,2,O2023_85_48_1_0052_00000186_6000_7000.tif,85-48,0,2190.0,21.9
O2023_85_45_1_0025_00001588_3000_3000.tif,85-45,2,O2023_85_48_1_0052_00000186_5000_7000.tif,85-48,0,810.0,8.1
O2023_85_45_1_0025_00001588_3000_3000.tif,85-45,2,O2023_85_48_1_0053_00000197_0_6000.tif,85-48,0,1575.0,15.75
O2023_85_45_1_0025_00001588_3000_3000.tif,85-45,2,O2023_85_48_1_0052_00000182_5000_0.tif,85-48,0,195.0,1.95
O2023_85_45_1_0025_00001588_3000_3000.tif,85-45,2,O2023_85_48_1_0052_00000182_6000_0.tif,85-48,0,1105.0,11.05
O2023_85_45_1_0025_00001588_3000_3000.tif,85-45,2,O2023_85_48_1_0052_00000184_5000_3000.tif,85-48,0,66.0,0.66
O2023_85_45_1_0025_00001588_3000_3000.tif,85-45,2,O2023_85_48_1_0052_00000184_6000_3000.tif,85-48,0,234.0,2.34
O2023_85_45_1_0025_00001588_6000_4000.tif,85-45,2,O2023_85_48_1_0053_00000198_3000_7000.tif,85-48,0,5680.0,56.8
O2023_85_45_1_0025_00001588_6000_4000.tif,85-45,2,O2023_85_48_1_0052_00000182_8790_2000.tif,85-48,0,8178.0,81.78
O2023_85_45_1_0025_00001588_6000_4000.tif,85-45,2,O2023_85_48_1_0053_00000202_3000_0.tif,85-48,0,6750.0,67.5
O2023_85_45_1_0025_00001588_6000_4000.tif,85-45,2,O2023_85_48_1_0052_00000184_8770_5000.tif,85-48,0,9603.0,96.03
O2023_85_45_1_0025_00001588_6000_4000.tif,85-45,2,O2023_85_48_1_0053_00000200_3000_3000.tif,85-48,0,6816.0,68.16
O2023_85_45_1_0025_00001588_6000_4000.tif,85-45,2,O2023_85_48_1_0052_00000185_8750_7000.tif,85-48,0,8613.0,86.13
O2023_85_45_1_0025_00001588_6000_4000.tif,85-45,2,O2023_85_48_1_0053_00000198_3000_6000.tif,85-48,0,5467.0,54.67
O2023_85_45_1_0025_00001588_6000_4000.tif,85-45,2,O2023_85_48_1_0052_00000181_9000_0.tif,85-48,0,6072.0,60.72
O2023_85_45_1_0025_00001588_6000_4000.tif,85-45,2,O2023_85_48_1_0052_00000183_8770_3000.tif,85-48,0,5432.0,54.32
O2023_85_45_1_0025_00001588_6000_4000.tif,85-45,2,O2023_85_48_1_0053_00000201_3000_1000.tif,85-48,0,3763.0,37.63
O2023_85_45_1_0025_00001588_6000_4000.tif,85-45,2,O2023_85_48_1_0052_00000185_8750_6000.tif,85-48,0,4455.0,44.55
O2023_85_45_1_0025_00001588_6000_4000.tif,85-45,2,O2023_85_48_1_0053_00000199_2000_4000.tif,85-48,0,1080.0,10.8
O2023_85_45_1_0025_00001588_6000_4000.tif,85-45,2,O2023_85_48_1_0053_00000199_3000_4000.tif,85-48,0,2520.0,25.2
O2023_85_45_1_0025_00001588_6000_4000.tif,85-45,2,O2023_85_48_1_0052_00000182_8790_1000.tif,85-48,0,1222.0,12.22
O2023_85_45_1_0025_00001588_6000_4000.tif,85-45,2,O2023_85_48_1_0052_00000184_8770_4000.tif,85-48,0,297.0,2.97
O2023_85_45_1_0025_00001588_7000_4000.tif,85-45,2,O2023_85_48_1_0053_00000201_4000_2000.tif,85-48,0,3337.0,33.37
O2023_85_45_1_0025_00001588_7000_4000.tif,85-45,2,O2023_85_48_1_0053_00000199_4000_5000.tif,85-48,0,4480.0,44.8
O2023_85_45_1_0025_00001588_7000_4000.tif,85-45,2,O2023_85_48_1_0053_00000198_3000_7000.tif,85-48,0,2320.0,23.2
O2023_85_45_1_0025_00001588_7000_4000.tif,85-45,2,O2023_85_48_1_0053_00000198_4000_7000.tif,85-48,0,5680.0,56.8
O2023_85_45_1_0025_00001588_7000_4000.tif,85-45,2,O2023_85_48_1_0053_00000202_3000_0.tif,85-48,0,2250.0,22.5
O2023_85_45_1_0025_00001588_7000_4000.tif,85-45,2,O2023_85_48_1_0053_00000202_4000_0.tif,85-48,0,6750.0,67.5
O2023_85_45_1_0025_00001588_7000_4000.tif,85-45,2,O2023_85_48_1_0053_00000200_4000_3000.tif,85-48,0,6816.0,68.16
O2023_85_45_1_0025_00001588_7000_4000.tif,85-45,2,O2023_85_48_1_0053_00000200_3000_3000.tif,85-48,0,2784.0,27.84
O2023_85_45_1_0025_00001588_7000_4000.tif,85-45,2,O2023_85_48_1_0052_00000185_8750_7000.tif,85-48,0,87.0,0.87
O2023_85_45_1_0025_00001588_7000_4000.tif,85-45,2,O2023_85_48_1_0053_00000198_4000_6000.tif,85-48,0,5467.0,54.67
O2023_85_45_1_0025_00001588_7000_4000.tif,85-45,2,O2023_85_48_1_0053_00000198_3000_6000.tif,85-48,0,2233.0,22.33
O2023_85_45_1_0025_00001588_7000_4000.tif,85-45,2,O2023_85_48_1_0053_00000201_4000_1000.tif,85-48,0,3763.0,37.63
O2023_85_45_1_0025_00001588_7000_4000.tif,85-45,2,O2023_85_48_1_0053_00000201_3000_1000.tif,85-48,0,1537.0,15.37
O2023_85_45_1_0025_00001588_7000_4000.tif,85-45,2,O2023_85_48_1_0052_00000185_8750_6000.tif,85-48,0,45.0,0.45
O2023_85_45_1_0025_00001588_7000_4000.tif,85-45,2,O2023_85_48_1_0053_00000199_4000_4000.tif,85-48,0,2520.0,25.2
O2023_85_45_1_0025_00001588_7000_4000.tif,85-45,2,O2023_85_48_1_0053_00000199_3000_4000.tif,85-48,0,1080.0,10.8
O2023_85_45_1_0025_00001588_8000_3000.tif,85-45,2,O2023_85_48_1_0053_00000200_5000_3000.tif,85-48,0,284.0,2.84
O2023_85_45_1_0025_00001588_8000_3000.tif,85-45,2,O2023_85_48_1_0053_00000200_4000_3000.tif,85-48,0,116.0,1.16
O2023_85_45_1_0025_00001588_8000_3000.tif,85-45,2,O2023_85_48_1_0053_00000198_4000_6000.tif,85-48,0,667.0,6.67
O2023_85_45_1_0025_00001588_8000_3000.tif,85-45,2,O2023_85_48_1_0053_00000198_5000_6000.tif,85-48,0,1633.0,16.33
O2023_85_45_1_0025_00001588_8000_3000.tif,85-45,2,O2023_85_48_1_0053_00000201_5000_1000.tif,85-48,0,3337.0,33.37
O2023_85_45_1_0025_00001588_8000_3000.tif,85-45,2,O2023_85_48_1_0053_00000201_4000_1000.tif,85-48,0,1363.0,13.63
O2023_85_45_1_0025_00001588_8000_3000.tif,85-45,2,O2023_85_48_1_0053_00000199_5000_4000.tif,85-48,0,4480.0,44.8
O2023_85_45_1_0025_00001588_8000_3000.tif,85-45,2,O2023_85_48_1_0053_00000199_4000_4000.tif,85-48,0,1920.0,19.2
O2023_85_45_1_0025_00001588_8000_3000.tif,85-45,2,O2023_85_48_1_0053_00000200_5000_2000.tif,85-48,0,6816.0,68.16
O2023_85_45_1_0025_00001588_8000_3000.tif,85-45,2,O2023_85_48_1_0053_00000198_5000_5000.tif,85-48,0,5467.0,54.67
O2023_85_45_1_0025_00001588_8000_3000.tif,85-45,2,O2023_85_48_1_0053_00000197_5000_7000.tif,85-48,0,4875.0,48.75
O2023_85_45_1_0025_00001588_8000_4000.tif,85-45,2,O2023_85_48_1_0053_00000200_5000_4000.tif,85-48,0,284.0,2.84
O2023_85_45_1_0025_00001588_8000_4000.tif,85-45,2,O2023_85_48_1_0053_00000201_4000_2000.tif,85-48,0,1363.0,13.63
O2023_85_45_1_0025_00001588_8000_4000.tif,85-45,2,O2023_85_48_1_0053_00000201_5000_2000.tif,85-48,0,3337.0,33.37
O2023_85_45_1_0025_00001588_8000_4000.tif,85-45,2,O2023_85_48_1_0053_00000199_5000_5000.tif,85-48,0,4480.0,44.8
O2023_85_45_1_0025_00001588_8000_4000.tif,85-45,2,O2023_85_48_1_0053_00000199_4000_5000.tif,85-48,0,1920.0,19.2
O2023_85_45_1_0025_00001588_8000_4000.tif,85-45,2,O2023_85_48_1_0053_00000198_4000_7000.tif,85-48,0,2320.0,23.2
O2023_85_45_1_0025_00001588_8000_4000.tif,85-45,2,O2023_85_48_1_0053_00000198_5000_7000.tif,85-48,0,5680.0,56.8
O2023_85_45_1_0025_00001588_8000_4000.tif,85-45,2,O2023_85_48_1_0053_00000202_5000_0.tif,85-48,0,6750.0,67.5
O2023_85_45_1_0025_00001588_8000_4000.tif,85-45,2,O2023_85_48_1_0053_00000202_4000_0.tif,85-48,0,2250.0,22.5
O2023_85_45_1_0025_00001588_8000_4000.tif,85-45,2,O2023_85_48_1_0053_00000200_5000_3000.tif,85-48,0,6816.0,68.16
O2023_85_45_1_0025_00001588_8000_4000.tif,85-45,2,O2023_85_48_1_0053_00000200_4000_3000.tif,85-48,0,2784.0,27.84
O2023_85_45_1_0025_00001588_8000_4000.tif,85-45,2,O2023_85_48_1_0053_00000198_4000_6000.tif,85-48,0,2233.0,22.33
O2023_85_45_1_0025_00001588_8000_4000.tif,85-45,2,O2023_85_48_1_0053_00000198_5000_6000.tif,85-48,0,5467.0,54.67
O2023_85_45_1_0025_00001588_8000_4000.tif,85-45,2,O2023_85_48_1_0053_00000201_5000_1000.tif,85-48,0,3763.0,37.63
O2023_85_45_1_0025_00001588_8000_4000.tif,85-45,2,O2023_85_48_1_0053_00000201_4000_1000.tif,85-48,0,1537.0,15.37
O2023_85_45_1_0025_00001588_8000_4000.tif,85-45,2,O2023_85_48_1_0053_00000199_5000_4000.tif,85-48,0,2520.0,25.2
O2023_85_45_1_0025_00001588_8000_4000.tif,85-45,2,O2023_85_48_1_0053_00000199_4000_4000.tif,85-48,0,1080.0,10.8
O2023_85_45_1_0025_00001588_8000_5000.tif,85-45,2,O2023_85_48_1_0053_00000202_5000_1000.tif,85-48,0,6750.0,67.5
O2023_85_45_1_0025_00001588_8000_5000.tif,85-45,2,O2023_85_48_1_0053_00000200_5000_4000.tif,85-48,0,6816.0,68.16
O2023_85_45_1_0025_00001588_8000_5000.tif,85-45,2,O2023_85_48_1_0053_00000201_4000_2000.tif,85-48,0,1537.0,15.37
O2023_85_45_1_0025_00001588_8000_5000.tif,85-45,2,O2023_85_48_1_0053_00000201_5000_2000.tif,85-48,0,3763.0,37.63
O2023_85_45_1_0025_00001588_8000_5000.tif,85-45,2,O2023_85_48_1_0053_00000199_5000_5000.tif,85-48,0,2520.0,25.2
O2023_85_45_1_0025_00001588_8000_5000.tif,85-45,2,O2023_85_48_1_0053_00000199_4000_5000.tif,85-48,0,1080.0,10.8
O2023_85_45_1_0025_00001588_8000_5000.tif,85-45,2,O2023_85_48_1_0053_00000198_4000_7000.tif,85-48,0,580.0,5.8
O2023_85_45_1_0025_00001588_8000_5000.tif,85-45,2,O2023_85_48_1_0053_00000198_5000_7000.tif,85-48,0,1420.0,14.2
O2023_85_45_1_0025_00001588_8000_5000.tif,85-45,2,O2023_85_48_1_0053_00000202_5000_0.tif,85-48,0,750.0,7.5
O2023_85_45_1_0025_00001588_8000_5000.tif,85-45,2,O2023_85_48_1_0053_00000202_4000_0.tif,85-48,0,250.0,2.5
O2023_85_45_1_0025_00001588_8880_1000.tif,85-45,2,O2023_85_48_1_0053_00000196_6000_7000.tif,85-48,0,5700.0,57.0
O2023_85_45_1_0025_00001588_8880_1000.tif,85-45,2,O2023_85_48_1_0053_00000200_6000_0.tif,85-48,0,5664.0,56.64
O2023_85_45_1_0025_00001588_8880_1000.tif,85-45,2,O2023_85_48_1_0054_00000560_0_2000.tif,85-48,0,4914.0,49.14
O2023_85_45_1_0025_00001588_8880_1000.tif,85-45,2,O2023_85_48_1_0053_00000198_6000_3000.tif,85-48,0,4543.0,45.43
O2023_85_45_1_0025_00001588_8880_1000.tif,85-45,2,O2023_85_48_1_0054_00000562_0_5000.tif,85-48,0,3577.0,35.77
O2023_85_45_1_0025_00001588_8880_1000.tif,85-45,2,O2023_85_48_1_0054_00000563_0_7000.tif,85-48,0,2760.0,27.6
O2023_85_45_1_0025_00001588_8880_1000.tif,85-45,2,O2023_85_48_1_0053_00000196_6000_6000.tif,85-48,0,3600.0,36.0
O2023_85_45_1_0025_00001588_8880_1000.tif,85-45,2,O2023_85_48_1_0054_00000559_0_0.tif,85-48,0,2856.0,28.56
O2023_85_45_1_0025_00001588_8880_1000.tif,85-45,2,O2023_85_48_1_0053_00000199_6000_1000.tif,85-48,0,2088.0,20.88
O2023_85_45_1_0025_00001588_8880_1000.tif,85-45,2,O2023_85_48_1_0054_00000561_0_3000.tif,85-48,0,1530.0,15.3
O2023_85_45_1_0025_00001588_8880_1000.tif,85-45,2,O2023_85_48_1_0053_00000197_6000_4000.tif,85-48,0,1323.0,13.23
O2023_85_45_1_0025_00001588_8880_1000.tif,85-45,2,O2023_85_48_1_0054_00000563_0_6000.tif,85-48,0,690.0,6.9
O2023_85_45_1_0025_00001588_9000_0.tif,85-45,2,O2023_85_48_1_0053_00000200_6000_0.tif,85-48,0,236.0,2.36
O2023_85_45_1_0025_00001588_9000_0.tif,85-45,2,O2023_85_48_1_0054_00000560_0_2000.tif,85-48,0,486.0,4.86
O2023_85_45_1_0025_00001588_9000_0.tif,85-45,2,O2023_85_48_1_0053_00000198_6000_3000.tif,85-48,0,1357.0,13.57
O2023_85_45_1_0025_00001588_9000_0.tif,85-45,2,O2023_85_48_1_0054_00000562_0_5000.tif,85-48,0,1323.0,13.23
O2023_85_45_1_0025_00001588_9000_0.tif,85-45,2,O2023_85_48_1_0054_00000563_0_7000.tif,85-48,0,1840.0,18.4
O2023_85_45_1_0025_00001588_9000_0.tif,85-45,2,O2023_85_48_1_0053_00000196_6000_6000.tif,85-48,0,2400.0,24.0
O2023_85_45_1_0025_00001588_9000_0.tif,85-45,2,O2023_85_48_1_0054_00000559_0_0.tif,85-48,0,2744.0,27.44
O2023_85_45_1_0025_00001588_9000_0.tif,85-45,2,O2023_85_48_1_0053_00000199_6000_1000.tif,85-48,0,3712.0,37.12
O2023_85_45_1_0025_00001588_9000_0.tif,85-45,2,O2023_85_48_1_0054_00000561_0_3000.tif,85-48,0,3570.0,35.7
O2023_85_45_1_0025_00001588_9000_0.tif,85-45,2,O2023_85_48_1_0053_00000197_6000_4000.tif,85-48,0,4977.0,49.77
O2023_85_45_1_0025_00001588_9000_0.tif,85-45,2,O2023_85_48_1_0054_00000563_0_6000.tif,85-48,0,3910.0,39.1
O2023_85_45_1_0025_00001588_9000_0.tif,85-45,2,O2023_85_48_1_0054_00000560_0_1000.tif,85-48,0,4914.0,49.14
O2023_85_45_1_0025_00001588_9000_0.tif,85-45,2,O2023_85_48_1_0053_00000198_6000_2000.tif,85-48,0,4543.0,45.43
O2023_85_45_1_0025_00001588_9000_0.tif,85-45,2,O2023_85_48_1_0054_00000562_0_4000.tif,85-48,0,3577.0,35.77
O2023_85_45_1_0025_00001588_9000_0.tif,85-45,2,O2023_85_48_1_0053_00000196_6000_5000.tif,85-48,0,3600.0,36.0
O2023_85_45_1_0025_00001589_0_4000.tif,85-45,2,O2023_85_48_1_0052_00000183_3000_2000.tif,85-48,0,8265.0,82.65
O2023_85_45_1_0025_00001589_0_4000.tif,85-45,2,O2023_85_48_1_0052_00000185_3000_5000.tif,85-48,0,8722.0,87.22
O2023_85_45_1_0025_00001589_0_4000.tif,85-45,2,O2023_85_48_1_0052_00000186_3000_7000.tif,85-48,0,7656.0,76.56
O2023_85_45_1_0025_00001589_0_4000.tif,85-45,2,O2023_85_48_1_0052_00000182_3000_0.tif,85-48,0,7000.0,70.0
O2023_85_45_1_0025_00001589_0_4000.tif,85-45,2,O2023_85_48_1_0052_00000184_3000_3000.tif,85-48,0,5580.0,55.8
O2023_85_45_1_0025_00001589_0_4000.tif,85-45,2,O2023_85_48_1_0052_00000186_3000_6000.tif,85-48,0,4136.0,41.36
O2023_85_45_1_0025_00001589_1000_4000.tif,85-45,2,O2023_85_48_1_0052_00000182_4000_1000.tif,85-48,0,3000.0,30.0
O2023_85_45_1_0025_00001589_1000_4000.tif,85-45,2,O2023_85_48_1_0052_00000184_4000_4000.tif,85-48,0,3720.0,37.2
O2023_85_45_1_0025_00001589_1000_4000.tif,85-45,2,O2023_85_48_1_0052_00000183_3000_2000.tif,85-48,0,435.0,4.35
O2023_85_45_1_0025_00001589_1000_4000.tif,85-45,2,O2023_85_48_1_0052_00000185_3000_5000.tif,85-48,0,1078.0,10.78
O2023_85_45_1_0025_00001589_1000_4000.tif,85-45,2,O2023_85_48_1_0052_00000183_4000_2000.tif,85-48,0,8265.0,82.65
O2023_85_45_1_0025_00001589_1000_4000.tif,85-45,2,O2023_85_48_1_0052_00000185_4000_5000.tif,85-48,0,8722.0,87.22
O2023_85_45_1_0025_00001589_1000_4000.tif,85-45,2,O2023_85_48_1_0052_00000186_4000_7000.tif,85-48,0,7656.0,76.56
O2023_85_45_1_0025_00001589_1000_4000.tif,85-45,2,O2023_85_48_1_0052_00000182_4000_0.tif,85-48,0,7000.0,70.0
O2023_85_45_1_0025_00001589_1000_4000.tif,85-45,2,O2023_85_48_1_0052_00000184_4000_3000.tif,85-48,0,5580.0,55.8
O2023_85_45_1_0025_00001589_1000_4000.tif,85-45,2,O2023_85_48_1_0052_00000186_4000_6000.tif,85-48,0,4136.0,41.36
O2023_85_45_1_0025_00001589_1000_4000.tif,85-45,2,O2023_85_48_1_0052_00000186_3000_7000.tif,85-48,0,1044.0,10.44
O2023_85_45_1_0025_00001589_1000_4000.tif,85-45,2,O2023_85_48_1_0052_00000184_3000_3000.tif,85-48,0,420.0,4.2
O2023_85_45_1_0025_00001589_1000_4000.tif,85-45,2,O2023_85_48_1_0052_00000186_3000_6000.tif,85-48,0,564.0,5.64
O2023_85_45_1_0025_00001589_2000_3000.tif,85-45,2,O2023_85_48_1_0052_00000186_4000_7000.tif,85-48,0,156.0,1.56
O2023_85_45_1_0025_00001589_2000_3000.tif,85-45,2,O2023_85_48_1_0052_00000186_5000_7000.tif,85-48,0,1144.0,11.44
O2023_85_45_1_0025_00001589_2000_3000.tif,85-45,2,O2023_85_48_1_0052_00000182_5000_0.tif,85-48,0,3000.0,30.0
O2023_85_45_1_0025_00001589_2000_3000.tif,85-45,2,O2023_85_48_1_0052_00000184_4000_3000.tif,85-48,0,280.0,2.8
O2023_85_45_1_0025_00001589_2000_3000.tif,85-45,2,O2023_85_48_1_0052_00000184_5000_3000.tif,85-48,0,3720.0,37.2
O2023_85_45_1_0025_00001589_2000_3000.tif,85-45,2,O2023_85_48_1_0052_00000186_4000_6000.tif,85-48,0,636.0,6.36
O2023_85_45_1_0025_00001589_2000_3000.tif,85-45,2,O2023_85_48_1_0052_00000186_5000_6000.tif,85-48,0,4664.0,46.64
O2023_85_45_1_0025_00001589_2000_3000.tif,85-45,2,O2023_85_48_1_0052_00000183_5000_1000.tif,85-48,0,8265.0,82.65
O2023_85_45_1_0025_00001589_2000_3000.tif,85-45,2,O2023_85_48_1_0052_00000185_5000_4000.tif,85-48,0,8722.0,87.22
O2023_85_45_1_0025_00001589_2000_4000.tif,85-45,2,O2023_85_48_1_0052_00000182_5000_1000.tif,85-48,0,3000.0,30.0
O2023_85_45_1_0025_00001589_2000_4000.tif,85-45,2,O2023_85_48_1_0052_00000184_4000_4000.tif,85-48,0,280.0,2.8
O2023_85_45_1_0025_00001589_2000_4000.tif,85-45,2,O2023_85_48_1_0052_00000184_5000_4000.tif,85-48,0,3720.0,37.2
O2023_85_45_1_0025_00001589_2000_4000.tif,85-45,2,O2023_85_48_1_0052_00000183_4000_2000.tif,85-48,0,435.0,4.35
O2023_85_45_1_0025_00001589_2000_4000.tif,85-45,2,O2023_85_48_1_0052_00000183_5000_2000.tif,85-48,0,8265.0,82.65
O2023_85_45_1_0025_00001589_2000_4000.tif,85-45,2,O2023_85_48_1_0052_00000185_4000_5000.tif,85-48,0,1078.0,10.78
O2023_85_45_1_0025_00001589_2000_4000.tif,85-45,2,O2023_85_48_1_0052_00000185_5000_5000.tif,85-48,0,8722.0,87.22
O2023_85_45_1_0025_00001589_2000_4000.tif,85-45,2,O2023_85_48_1_0052_00000186_4000_7000.tif,85-48,0,1044.0,10.44
O2023_85_45_1_0025_00001589_2000_4000.tif,85-45,2,O2023_85_48_1_0052_00000186_5000_7000.tif,85-48,0,7656.0,76.56
O2023_85_45_1_0025_00001589_2000_4000.tif,85-45,2,O2023_85_48_1_0052_00000182_5000_0.tif,85-48,0,7000.0,70.0
O2023_85_45_1_0025_00001589_2000_4000.tif,85-45,2,O2023_85_48_1_0052_00000184_4000_3000.tif,85-48,0,420.0,4.2
O2023_85_45_1_0025_00001589_2000_4000.tif,85-45,2,O2023_85_48_1_0052_00000184_5000_3000.tif,85-48,0,5580.0,55.8
O2023_85_45_1_0025_00001589_2000_4000.tif,85-45,2,O2023_85_48_1_0052_00000186_4000_6000.tif,85-48,0,564.0,5.64
O2023_85_45_1_0025_00001589_2000_4000.tif,85-45,2,O2023_85_48_1_0052_00000186_5000_6000.tif,85-48,0,4136.0,41.36
O2023_85_45_1_0025_00001589_2000_4000.tif,85-45,2,O2023_85_48_1_0052_00000183_5000_1000.tif,85-48,0,1235.0,12.35
O2023_85_45_1_0025_00001589_2000_4000.tif,85-45,2,O2023_85_48_1_0052_00000185_5000_4000.tif,85-48,0,178.0,1.78
O2023_85_45_1_0025_00001589_2000_5000.tif,85-45,2,O2023_85_48_1_0052_00000185_5000_6000.tif,85-48,0,8722.0,87.22
O2023_85_45_1_0025_00001589_2000_5000.tif,85-45,2,O2023_85_48_1_0052_00000182_5000_1000.tif,85-48,0,7000.0,70.0
O2023_85_45_1_0025_00001589_2000_5000.tif,85-45,2,O2023_85_48_1_0052_00000184_4000_4000.tif,85-48,0,420.0,4.2
O2023_85_45_1_0025_00001589_2000_5000.tif,85-45,2,O2023_85_48_1_0052_00000184_5000_4000.tif,85-48,0,5580.0,55.8
O2023_85_45_1_0025_00001589_2000_5000.tif,85-45,2,O2023_85_48_1_0052_00000183_4000_2000.tif,85-48,0,65.0,0.65
O2023_85_45_1_0025_00001589_2000_5000.tif,85-45,2,O2023_85_48_1_0052_00000183_5000_2000.tif,85-48,0,1235.0,12.35
O2023_85_45_1_0025_00001589_2000_5000.tif,85-45,2,O2023_85_48_1_0052_00000185_4000_5000.tif,85-48,0,22.0,0.22
O2023_85_45_1_0025_00001589_2000_5000.tif,85-45,2,O2023_85_48_1_0052_00000185_5000_5000.tif,85-48,0,178.0,1.78
O2023_85_45_1_0025_00001589_3000_3000.tif,85-45,2,O2023_85_48_1_0053_00000199_0_3000.tif,85-48,0,595.0,5.95
O2023_85_45_1_0025_00001589_3000_3000.tif,85-45,2,O2023_85_48_1_0052_00000186_6000_7000.tif,85-48,0,1144.0,11.44
O2023_85_45_1_0025_00001589_3000_3000.tif,85-45,2,O2023_85_48_1_0052_00000186_5000_7000.tif,85-48,0,156.0,1.56
O2023_85_45_1_0025_00001589_3000_3000.tif,85-45,2,O2023_85_48_1_0053_00000197_0_6000.tif,85-48,0,1980.0,19.8
O2023_85_45_1_0025_00001589_3000_3000.tif,85-45,2,O2023_85_48_1_0052_00000182_6000_0.tif,85-48,0,3000.0,30.0
O2023_85_45_1_0025_00001589_3000_3000.tif,85-45,2,O2023_85_48_1_0052_00000184_5000_3000.tif,85-48,0,280.0,2.8
O2023_85_45_1_0025_00001589_3000_3000.tif,85-45,2,O2023_85_48_1_0052_00000184_6000_3000.tif,85-48,0,3720.0,37.2
O2023_85_45_1_0025_00001589_3000_3000.tif,85-45,2,O2023_85_48_1_0053_00000200_0_1000.tif,85-48,0,4042.0,40.42
O2023_85_45_1_0025_00001589_3000_3000.tif,85-45,2,O2023_85_48_1_0052_00000186_5000_6000.tif,85-48,0,636.0,6.36
O2023_85_45_1_0025_00001589_3000_3000.tif,85-45,2,O2023_85_48_1_0052_00000186_6000_6000.tif,85-48,0,4664.0,46.64
O2023_85_45_1_0025_00001589_3000_3000.tif,85-45,2,O2023_85_48_1_0053_00000198_0_4000.tif,85-48,0,5676.0,56.76
O2023_85_45_1_0025_00001589_3000_3000.tif,85-45,2,O2023_85_48_1_0052_00000183_5000_1000.tif,85-48,0,435.0,4.35
O2023_85_45_1_0025_00001589_3000_3000.tif,85-45,2,O2023_85_48_1_0052_00000183_6000_1000.tif,85-48,0,8265.0,82.65
O2023_85_45_1_0025_00001589_3000_3000.tif,85-45,2,O2023_85_48_1_0052_00000185_5000_4000.tif,85-48,0,1078.0,10.78
O2023_85_45_1_0025_00001589_3000_3000.tif,85-45,2,O2023_85_48_1_0052_00000185_6000_4000.tif,85-48,0,8722.0,87.22
O2023_85_45_1_0025_00001589_3000_3000.tif,85-45,2,O2023_85_48_1_0053_00000199_0_2000.tif,85-48,0,7905.0,79.05
O2023_85_45_1_0025_00001589_3000_4000.tif,85-45,2,O2023_85_48_1_0053_00000199_0_4000.tif,85-48,0,595.0,5.95
O2023_85_45_1_0025_00001589_3000_4000.tif,85-45,2,O2023_85_48_1_0052_00000182_6000_1000.tif,85-48,0,3000.0,30.0
O2023_85_45_1_0025_00001589_3000_4000.tif,85-45,2,O2023_85_48_1_0052_00000184_5000_4000.tif,85-48,0,280.0,2.8
O2023_85_45_1_0025_00001589_3000_4000.tif,85-45,2,O2023_85_48_1_0052_00000184_6000_4000.tif,85-48,0,3720.0,37.2
O2023_85_45_1_0025_00001589_3000_4000.tif,85-45,2,O2023_85_48_1_0053_00000200_0_2000.tif,85-48,0,4042.0,40.42
O2023_85_45_1_0025_00001589_3000_4000.tif,85-45,2,O2023_85_48_1_0053_00000198_0_5000.tif,85-48,0,5676.0,56.76
O2023_85_45_1_0025_00001589_3000_4000.tif,85-45,2,O2023_85_48_1_0053_00000197_0_7000.tif,85-48,0,7020.0,70.2
O2023_85_45_1_0025_00001589_3000_4000.tif,85-45,2,O2023_85_48_1_0052_00000183_6000_2000.tif,85-48,0,8265.0,82.65
O2023_85_45_1_0025_00001589_3000_4000.tif,85-45,2,O2023_85_48_1_0052_00000183_5000_2000.tif,85-48,0,435.0,4.35
O2023_85_45_1_0025_00001589_3000_4000.tif,85-45,2,O2023_85_48_1_0053_00000201_0_0.tif,85-48,0,7740.0,77.4
O2023_85_45_1_0025_00001589_3000_4000.tif,85-45,2,O2023_85_48_1_0052_00000185_6000_5000.tif,85-48,0,8722.0,87.22
O2023_85_45_1_0025_00001589_3000_4000.tif,85-45,2,O2023_85_48_1_0052_00000185_5000_5000.tif,85-48,0,1078.0,10.78
O2023_85_45_1_0025_00001589_3000_4000.tif,85-45,2,O2023_85_48_1_0053_00000199_0_3000.tif,85-48,0,7905.0,79.05
O2023_85_45_1_0025_00001589_3000_4000.tif,85-45,2,O2023_85_48_1_0052_00000186_6000_7000.tif,85-48,0,7656.0,76.56
O2023_85_45_1_0025_00001589_3000_4000.tif,85-45,2,O2023_85_48_1_0052_00000186_5000_7000.tif,85-48,0,1044.0,10.44
O2023_85_45_1_0025_00001589_3000_4000.tif,85-45,2,O2023_85_48_1_0053_00000197_0_6000.tif,85-48,0,7020.0,70.2
O2023_85_45_1_0025_00001589_3000_4000.tif,85-45,2,O2023_85_48_1_0052_00000182_6000_0.tif,85-48,0,7000.0,70.0
O2023_85_45_1_0025_00001589_3000_4000.tif,85-45,2,O2023_85_48_1_0052_00000184_5000_3000.tif,85-48,0,420.0,4.2
O2023_85_45_1_0025_00001589_3000_4000.tif,85-45,2,O2023_85_48_1_0052_00000184_6000_3000.tif,85-48,0,5580.0,55.8
O2023_85_45_1_0025_00001589_3000_4000.tif,85-45,2,O2023_85_48_1_0053_00000200_0_1000.tif,85-48,0,4558.0,45.58
O2023_85_45_1_0025_00001589_3000_4000.tif,85-45,2,O2023_85_48_1_0052_00000186_5000_6000.tif,85-48,0,564.0,5.64
O2023_85_45_1_0025_00001589_3000_4000.tif,85-45,2,O2023_85_48_1_0052_00000186_6000_6000.tif,85-48,0,4136.0,41.36
O2023_85_45_1_0025_00001589_3000_4000.tif,85-45,2,O2023_85_48_1_0053_00000198_0_4000.tif,85-48,0,2924.0,29.24
O2023_85_45_1_0025_00001589_3000_4000.tif,85-45,2,O2023_85_48_1_0052_00000183_5000_1000.tif,85-48,0,65.0,0.65
O2023_85_45_1_0025_00001589_3000_4000.tif,85-45,2,O2023_85_48_1_0052_00000183_6000_1000.tif,85-48,0,1235.0,12.35
O2023_85_45_1_0025_00001589_3000_4000.tif,85-45,2,O2023_85_48_1_0052_00000185_5000_4000.tif,85-48,0,22.0,0.22
O2023_85_45_1_0025_00001589_3000_4000.tif,85-45,2,O2023_85_48_1_0052_00000185_6000_4000.tif,85-48,0,178.0,1.78
O2023_85_45_1_0025_00001589_3000_5000.tif,85-45,2,O2023_85_48_1_0052_00000185_5000_6000.tif,85-48,0,1078.0,10.78
O2023_85_45_1_0025_00001589_3000_5000.tif,85-45,2,O2023_85_48_1_0052_00000185_6000_6000.tif,85-48,0,8722.0,87.22
O2023_85_45_1_0025_00001589_3000_5000.tif,85-45,2,O2023_85_48_1_0053_00000199_0_4000.tif,85-48,0,7905.0,79.05
O2023_85_45_1_0025_00001589_3000_5000.tif,85-45,2,O2023_85_48_1_0052_00000182_6000_1000.tif,85-48,0,7000.0,70.0
O2023_85_45_1_0025_00001589_3000_5000.tif,85-45,2,O2023_85_48_1_0052_00000184_5000_4000.tif,85-48,0,420.0,4.2
O2023_85_45_1_0025_00001589_3000_5000.tif,85-45,2,O2023_85_48_1_0052_00000184_6000_4000.tif,85-48,0,5580.0,55.8
O2023_85_45_1_0025_00001589_3000_5000.tif,85-45,2,O2023_85_48_1_0053_00000200_0_2000.tif,85-48,0,4558.0,45.58
O2023_85_45_1_0025_00001589_3000_5000.tif,85-45,2,O2023_85_48_1_0053_00000198_0_5000.tif,85-48,0,2924.0,29.24
O2023_85_45_1_0025_00001589_3000_5000.tif,85-45,2,O2023_85_48_1_0053_00000197_0_7000.tif,85-48,0,1980.0,19.8
O2023_85_45_1_0025_00001589_3000_5000.tif,85-45,2,O2023_85_48_1_0052_00000183_6000_2000.tif,85-48,0,1235.0,12.35
O2023_85_45_1_0025_00001589_3000_5000.tif,85-45,2,O2023_85_48_1_0052_00000183_5000_2000.tif,85-48,0,65.0,0.65
O2023_85_45_1_0025_00001589_3000_5000.tif,85-45,2,O2023_85_48_1_0053_00000201_0_0.tif,85-48,0,860.0,8.6
O2023_85_45_1_0025_00001589_3000_5000.tif,85-45,2,O2023_85_48_1_0052_00000185_6000_5000.tif,85-48,0,178.0,1.78
O2023_85_45_1_0025_00001589_3000_5000.tif,85-45,2,O2023_85_48_1_0052_00000185_5000_5000.tif,85-48,0,22.0,0.22
O2023_85_45_1_0025_00001589_6000_5000.tif,85-45,2,O2023_85_48_1_0053_00000198_3000_7000.tif,85-48,0,1978.0,19.78
O2023_85_45_1_0025_00001589_6000_5000.tif,85-45,2,O2023_85_48_1_0052_00000182_8790_2000.tif,85-48,0,2370.0,23.7
O2023_85_45_1_0025_00001589_6000_5000.tif,85-45,2,O2023_85_48_1_0053_00000202_3000_0.tif,85-48,0,2970.0,29.7
O2023_85_45_1_0025_00001589_6000_5000.tif,85-45,2,O2023_85_48_1_0052_00000184_8770_5000.tif,85-48,0,3360.0,33.6
O2023_85_45_1_0025_00001589_6000_5000.tif,85-45,2,O2023_85_48_1_0053_00000200_3000_3000.tif,85-48,0,4042.0,40.42
O2023_85_45_1_0025_00001589_6000_5000.tif,85-45,2,O2023_85_48_1_0052_00000185_8750_7000.tif,85-48,0,4816.0,48.16
O2023_85_45_1_0025_00001589_6000_5000.tif,85-45,2,O2023_85_48_1_0053_00000198_3000_6000.tif,85-48,0,5676.0,56.76
O2023_85_45_1_0025_00001589_6000_5000.tif,85-45,2,O2023_85_48_1_0052_00000181_9000_0.tif,85-48,0,5929.0,59.29
O2023_85_45_1_0025_00001589_6000_5000.tif,85-45,2,O2023_85_48_1_0052_00000183_8770_3000.tif,85-48,0,7134.0,71.34
O2023_85_45_1_0025_00001589_6000_5000.tif,85-45,2,O2023_85_48_1_0053_00000201_3000_1000.tif,85-48,0,7740.0,77.4
O2023_85_45_1_0025_00001589_6000_5000.tif,85-45,2,O2023_85_48_1_0052_00000185_8750_6000.tif,85-48,0,8428.0,84.28
O2023_85_45_1_0025_00001589_6000_5000.tif,85-45,2,O2023_85_48_1_0053_00000199_2000_4000.tif,85-48,0,1395.0,13.95
O2023_85_45_1_0025_00001589_6000_5000.tif,85-45,2,O2023_85_48_1_0053_00000199_3000_4000.tif,85-48,0,7905.0,79.05
O2023_85_45_1_0025_00001589_6000_5000.tif,85-45,2,O2023_85_48_1_0052_00000182_8790_1000.tif,85-48,0,5530.0,55.3
O2023_85_45_1_0025_00001589_6000_5000.tif,85-45,2,O2023_85_48_1_0052_00000184_8770_4000.tif,85-48,0,5040.0,50.4
O2023_85_45_1_0025_00001589_7000_5000.tif,85-45,2,O2023_85_48_1_0053_00000199_4000_5000.tif,85-48,0,595.0,5.95
O2023_85_45_1_0025_00001589_7000_5000.tif,85-45,2,O2023_85_48_1_0053_00000198_3000_7000.tif,85-48,0,322.0,3.22
O2023_85_45_1_0025_00001589_7000_5000.tif,85-45,2,O2023_85_48_1_0053_00000198_4000_7000.tif,85-48,0,1978.0,19.78
O2023_85_45_1_0025_00001589_7000_5000.tif,85-45,2,O2023_85_48_1_0053_00000202_3000_0.tif,85-48,0,330.0,3.3
O2023_85_45_1_0025_00001589_7000_5000.tif,85-45,2,O2023_85_48_1_0053_00000202_4000_0.tif,85-48,0,2970.0,29.7
O2023_85_45_1_0025_00001589_7000_5000.tif,85-45,2,O2023_85_48_1_0053_00000200_4000_3000.tif,85-48,0,4042.0,40.42
O2023_85_45_1_0025_00001589_7000_5000.tif,85-45,2,O2023_85_48_1_0053_00000200_3000_3000.tif,85-48,0,658.0,6.58
O2023_85_45_1_0025_00001589_7000_5000.tif,85-45,2,O2023_85_48_1_0053_00000198_4000_6000.tif,85-48,0,5676.0,56.76
O2023_85_45_1_0025_00001589_7000_5000.tif,85-45,2,O2023_85_48_1_0053_00000198_3000_6000.tif,85-48,0,924.0,9.24
O2023_85_45_1_0025_00001589_7000_5000.tif,85-45,2,O2023_85_48_1_0053_00000201_4000_1000.tif,85-48,0,7740.0,77.4
O2023_85_45_1_0025_00001589_7000_5000.tif,85-45,2,O2023_85_48_1_0053_00000201_3000_1000.tif,85-48,0,1260.0,12.6
O2023_85_45_1_0025_00001589_7000_5000.tif,85-45,2,O2023_85_48_1_0053_00000199_4000_4000.tif,85-48,0,7905.0,79.05
O2023_85_45_1_0025_00001589_7000_5000.tif,85-45,2,O2023_85_48_1_0053_00000199_3000_4000.tif,85-48,0,1395.0,13.95
O2023_85_45_1_0025_00001589_7000_6000.tif,85-45,2,O2023_85_48_1_0053_00000201_4000_2000.tif,85-48,0,7740.0,77.4
O2023_85_45_1_0025_00001589_7000_6000.tif,85-45,2,O2023_85_48_1_0053_00000199_4000_5000.tif,85-48,0,7905.0,79.05
O2023_85_45_1_0025_00001589_7000_6000.tif,85-45,2,O2023_85_48_1_0053_00000198_3000_7000.tif,85-48,0,1078.0,10.78
O2023_85_45_1_0025_00001589_7000_6000.tif,85-45,2,O2023_85_48_1_0053_00000198_4000_7000.tif,85-48,0,6622.0,66.22
O2023_85_45_1_0025_00001589_7000_6000.tif,85-45,2,O2023_85_48_1_0053_00000202_3000_0.tif,85-48,0,670.0,6.7
O2023_85_45_1_0025_00001589_7000_6000.tif,85-45,2,O2023_85_48_1_0053_00000202_4000_0.tif,85-48,0,6030.0,60.3
O2023_85_45_1_0025_00001589_7000_6000.tif,85-45,2,O2023_85_48_1_0053_00000200_4000_3000.tif,85-48,0,4558.0,45.58
O2023_85_45_1_0025_00001589_7000_6000.tif,85-45,2,O2023_85_48_1_0053_00000200_3000_3000.tif,85-48,0,742.0,7.42
O2023_85_45_1_0025_00001589_7000_6000.tif,85-45,2,O2023_85_48_1_0053_00000198_4000_6000.tif,85-48,0,2924.0,29.24
O2023_85_45_1_0025_00001589_7000_6000.tif,85-45,2,O2023_85_48_1_0053_00000198_3000_6000.tif,85-48,0,476.0,4.76
O2023_85_45_1_0025_00001589_7000_6000.tif,85-45,2,O2023_85_48_1_0053_00000201_4000_1000.tif,85-48,0,860.0,8.6
O2023_85_45_1_0025_00001589_7000_6000.tif,85-45,2,O2023_85_48_1_0053_00000201_3000_1000.tif,85-48,0,140.0,1.4
O2023_85_45_1_0025_00001589_8000_5000.tif,85-45,2,O2023_85_48_1_0053_00000199_5000_5000.tif,85-48,0,595.0,5.95
O2023_85_45_1_0025_00001589_8000_5000.tif,85-45,2,O2023_85_48_1_0053_00000199_4000_5000.tif,85-48,0,105.0,1.05
O2023_85_45_1_0025_00001589_8000_5000.tif,85-45,2,O2023_85_48_1_0053_00000198_4000_7000.tif,85-48,0,322.0,3.22
O2023_85_45_1_0025_00001589_8000_5000.tif,85-45,2,O2023_85_48_1_0053_00000198_5000_7000.tif,85-48,0,1978.0,19.78
O2023_85_45_1_0025_00001589_8000_5000.tif,85-45,2,O2023_85_48_1_0053_00000202_5000_0.tif,85-48,0,2970.0,29.7
O2023_85_45_1_0025_00001589_8000_5000.tif,85-45,2,O2023_85_48_1_0053_00000202_4000_0.tif,85-48,0,330.0,3.3
O2023_85_45_1_0025_00001589_8000_5000.tif,85-45,2,O2023_85_48_1_0053_00000200_5000_3000.tif,85-48,0,4042.0,40.42
O2023_85_45_1_0025_00001589_8000_5000.tif,85-45,2,O2023_85_48_1_0053_00000200_4000_3000.tif,85-48,0,658.0,6.58
O2023_85_45_1_0025_00001589_8000_5000.tif,85-45,2,O2023_85_48_1_0053_00000198_4000_6000.tif,85-48,0,924.0,9.24
O2023_85_45_1_0025_00001589_8000_5000.tif,85-45,2,O2023_85_48_1_0053_00000198_5000_6000.tif,85-48,0,5676.0,56.76
O2023_85_45_1_0025_00001589_8000_5000.tif,85-45,2,O2023_85_48_1_0053_00000201_5000_1000.tif,85-48,0,7740.0,77.4
O2023_85_45_1_0025_00001589_8000_5000.tif,85-45,2,O2023_85_48_1_0053_00000201_4000_1000.tif,85-48,0,1260.0,12.6
O2023_85_45_1_0025_00001589_8000_5000.tif,85-45,2,O2023_85_48_1_0053_00000199_5000_4000.tif,85-48,0,7905.0,79.05
O2023_85_45_1_0025_00001589_8000_5000.tif,85-45,2,O2023_85_48_1_0053_00000199_4000_4000.tif,85-48,0,1395.0,13.95
O2023_85_45_1_0025_00001589_8000_5000.tif,85-45,2,O2023_85_48_1_0053_00000200_5000_2000.tif,85-48,0,4558.0,45.58
O2023_85_45_1_0025_00001589_8000_5000.tif,85-45,2,O2023_85_48_1_0053_00000198_5000_5000.tif,85-48,0,2924.0,29.24
O2023_85_45_1_0025_00001589_8000_5000.tif,85-45,2,O2023_85_48_1_0053_00000197_5000_7000.tif,85-48,0,1980.0,19.8
O2023_85_45_1_0025_00001589_8000_6000.tif,85-45,2,O2023_85_48_1_0053_00000202_5000_1000.tif,85-48,0,2970.0,29.7
O2023_85_45_1_0025_00001589_8000_6000.tif,85-45,2,O2023_85_48_1_0053_00000200_5000_4000.tif,85-48,0,4042.0,40.42
O2023_85_45_1_0025_00001589_8000_6000.tif,85-45,2,O2023_85_48_1_0053_00000201_4000_2000.tif,85-48,0,1260.0,12.6
O2023_85_45_1_0025_00001589_8000_6000.tif,85-45,2,O2023_85_48_1_0053_00000201_5000_2000.tif,85-48,0,7740.0,77.4
O2023_85_45_1_0025_00001589_8000_6000.tif,85-45,2,O2023_85_48_1_0053_00000199_5000_5000.tif,85-48,0,7905.0,79.05
O2023_85_45_1_0025_00001589_8000_6000.tif,85-45,2,O2023_85_48_1_0053_00000199_4000_5000.tif,85-48,0,1395.0,13.95
O2023_85_45_1_0025_00001589_8000_6000.tif,85-45,2,O2023_85_48_1_0053_00000198_4000_7000.tif,85-48,0,1078.0,10.78
O2023_85_45_1_0025_00001589_8000_6000.tif,85-45,2,O2023_85_48_1_0053_00000198_5000_7000.tif,85-48,0,6622.0,66.22
O2023_85_45_1_0025_00001589_8000_6000.tif,85-45,2,O2023_85_48_1_0053_00000202_5000_0.tif,85-48,0,6030.0,60.3
O2023_85_45_1_0025_00001589_8000_6000.tif,85-45,2,O2023_85_48_1_0053_00000202_4000_0.tif,85-48,0,670.0,6.7
O2023_85_45_1_0025_00001589_8000_6000.tif,85-45,2,O2023_85_48_1_0053_00000200_5000_3000.tif,85-48,0,4558.0,45.58
O2023_85_45_1_0025_00001589_8000_6000.tif,85-45,2,O2023_85_48_1_0053_00000200_4000_3000.tif,85-48,0,742.0,7.42
O2023_85_45_1_0025_00001589_8000_6000.tif,85-45,2,O2023_85_48_1_0053_00000198_4000_6000.tif,85-48,0,476.0,4.76
O2023_85_45_1_0025_00001589_8000_6000.tif,85-45,2,O2023_85_48_1_0053_00000198_5000_6000.tif,85-48,0,2924.0,29.24
O2023_85_45_1_0025_00001589_8000_6000.tif,85-45,2,O2023_85_48_1_0053_00000201_5000_1000.tif,85-48,0,860.0,8.6
O2023_85_45_1_0025_00001589_8000_6000.tif,85-45,2,O2023_85_48_1_0053_00000201_4000_1000.tif,85-48,0,140.0,1.4
O2023_85_45_1_0025_00001589_8000_7000.tif,85-45,2,O2023_85_48_1_0053_00000202_5000_1000.tif,85-48,0,6930.0,69.3
O2023_85_45_1_0025_00001589_8000_7000.tif,85-45,2,O2023_85_48_1_0053_00000200_5000_4000.tif,85-48,0,7826.0,78.26
O2023_85_45_1_0025_00001589_8000_7000.tif,85-45,2,O2023_85_48_1_0053_00000201_4000_2000.tif,85-48,0,924.0,9.24
O2023_85_45_1_0025_00001589_8000_7000.tif,85-45,2,O2023_85_48_1_0053_00000201_5000_2000.tif,85-48,0,5676.0,56.76
O2023_85_45_1_0025_00001589_8000_7000.tif,85-45,2,O2023_85_48_1_0053_00000199_5000_5000.tif,85-48,0,4165.0,41.65
O2023_85_45_1_0025_00001589_8000_7000.tif,85-45,2,O2023_85_48_1_0053_00000199_4000_5000.tif,85-48,0,735.0,7.35
O2023_85_45_1_0025_00001589_8000_7000.tif,85-45,2,O2023_85_48_1_0053_00000198_4000_7000.tif,85-48,0,462.0,4.62
O2023_85_45_1_0025_00001589_8000_7000.tif,85-45,2,O2023_85_48_1_0053_00000198_5000_7000.tif,85-48,0,2838.0,28.38
O2023_85_45_1_0025_00001589_8000_7000.tif,85-45,2,O2023_85_48_1_0053_00000202_5000_0.tif,85-48,0,2070.0,20.7
O2023_85_45_1_0025_00001589_8000_7000.tif,85-45,2,O2023_85_48_1_0053_00000202_4000_0.tif,85-48,0,230.0,2.3
O2023_85_45_1_0025_00001589_8000_7000.tif,85-45,2,O2023_85_48_1_0053_00000200_5000_3000.tif,85-48,0,774.0,7.74
O2023_85_45_1_0025_00001589_8000_7000.tif,85-45,2,O2023_85_48_1_0053_00000200_4000_3000.tif,85-48,0,126.0,1.26
O2023_85_45_1_0025_00001589_8870_1000.tif,85-45,2,O2023_85_48_1_0053_00000199_6000_1000.tif,85-48,0,504.0,5.04
O2023_85_45_1_0025_00001589_8870_1000.tif,85-45,2,O2023_85_48_1_0054_00000561_0_3000.tif,85-48,0,845.0,8.45
O2023_85_45_1_0025_00001589_8870_1000.tif,85-45,2,O2023_85_48_1_0053_00000197_6000_4000.tif,85-48,0,1694.0,16.94
O2023_85_45_1_0025_00001589_8870_1000.tif,85-45,2,O2023_85_48_1_0054_00000563_0_6000.tif,85-48,0,1680.0,16.8
O2023_85_45_1_0025_00001589_8870_1000.tif,85-45,2,O2023_85_48_1_0054_00000560_0_1000.tif,85-48,0,3536.0,35.36
O2023_85_45_1_0025_00001589_8870_1000.tif,85-45,2,O2023_85_48_1_0053_00000198_6000_2000.tif,85-48,0,4818.0,48.18
O2023_85_45_1_0025_00001589_8870_1000.tif,85-45,2,O2023_85_48_1_0054_00000562_0_4000.tif,85-48,0,4410.0,44.1
O2023_85_45_1_0025_00001589_8870_1000.tif,85-45,2,O2023_85_48_1_0053_00000196_6000_5000.tif,85-48,0,6142.0,61.42
O2023_85_45_1_0025_00001589_8870_2000.tif,85-45,2,O2023_85_48_1_0053_00000196_6000_7000.tif,85-48,0,2812.0,28.12
O2023_85_45_1_0025_00001589_8870_2000.tif,85-45,2,O2023_85_48_1_0053_00000200_6000_0.tif,85-48,0,3431.0,34.31
O2023_85_45_1_0025_00001589_8870_2000.tif,85-45,2,O2023_85_48_1_0054_00000560_0_2000.tif,85-48,0,3536.0,35.36
O2023_85_45_1_0025_00001589_8870_2000.tif,85-45,2,O2023_85_48_1_0053_00000198_6000_3000.tif,85-48,0,4818.0,48.18
O2023_85_45_1_0025_00001589_8870_2000.tif,85-45,2,O2023_85_48_1_0054_00000562_0_5000.tif,85-48,0,4410.0,44.1
O2023_85_45_1_0025_00001589_8870_2000.tif,85-45,2,O2023_85_48_1_0054_00000563_0_7000.tif,85-48,0,4980.0,49.8
O2023_85_45_1_0025_00001589_8870_2000.tif,85-45,2,O2023_85_48_1_0053_00000196_6000_6000.tif,85-48,0,6142.0,61.42
O2023_85_45_1_0025_00001589_8870_2000.tif,85-45,2,O2023_85_48_1_0054_00000559_0_0.tif,85-48,0,6440.0,64.4
O2023_85_45_1_0025_00001589_8870_2000.tif,85-45,2,O2023_85_48_1_0053_00000199_6000_1000.tif,85-48,0,6696.0,66.96
O2023_85_45_1_0025_00001589_8870_2000.tif,85-45,2,O2023_85_48_1_0054_00000561_0_3000.tif,85-48,0,5655.0,56.55
O2023_85_45_1_0025_00001589_8870_2000.tif,85-45,2,O2023_85_48_1_0053_00000197_6000_4000.tif,85-48,0,6006.0,60.06
O2023_85_45_1_0025_00001589_8870_2000.tif,85-45,2,O2023_85_48_1_0054_00000563_0_6000.tif,85-48,0,4320.0,43.2
O2023_85_45_1_0025_00001589_8870_2000.tif,85-45,2,O2023_85_48_1_0054_00000560_0_1000.tif,85-48,0,3264.0,32.64
O2023_85_45_1_0025_00001589_8870_2000.tif,85-45,2,O2023_85_48_1_0053_00000198_6000_2000.tif,85-48,0,2482.0,24.82
O2023_85_45_1_0025_00001589_8870_2000.tif,85-45,2,O2023_85_48_1_0054_00000562_0_4000.tif,85-48,0,1890.0,18.9
O2023_85_45_1_0025_00001589_8870_2000.tif,85-45,2,O2023_85_48_1_0053_00000196_6000_5000.tif,85-48,0,1258.0,12.58
O2023_85_45_1_0025_00001590_0_5000.tif,85-45,2,O2023_85_48_1_0052_00000183_3000_2000.tif,85-48,0,2581.0,25.81
O2023_85_45_1_0025_00001590_0_5000.tif,85-45,2,O2023_85_48_1_0052_00000185_3000_5000.tif,85-48,0,3800.0,38.0
O2023_85_45_1_0025_00001590_0_5000.tif,85-45,2,O2023_85_48_1_0052_00000183_4000_2000.tif,85-48,0,319.0,3.19
O2023_85_45_1_0025_00001590_0_5000.tif,85-45,2,O2023_85_48_1_0052_00000185_4000_5000.tif,85-48,0,200.0,2.0
O2023_85_45_1_0025_00001590_0_5000.tif,85-45,2,O2023_85_48_1_0052_00000186_4000_7000.tif,85-48,0,220.0,2.2
O2023_85_45_1_0025_00001590_0_5000.tif,85-45,2,O2023_85_48_1_0052_00000182_4000_0.tif,85-48,0,1152.0,11.52
O2023_85_45_1_0025_00001590_0_5000.tif,85-45,2,O2023_85_48_1_0052_00000184_4000_3000.tif,85-48,0,738.0,7.38
O2023_85_45_1_0025_00001590_0_5000.tif,85-45,2,O2023_85_48_1_0052_00000186_4000_6000.tif,85-48,0,380.0,3.8
O2023_85_45_1_0025_00001590_0_5000.tif,85-45,2,O2023_85_48_1_0052_00000186_3000_7000.tif,85-48,0,5280.0,52.8
O2023_85_45_1_0025_00001590_0_5000.tif,85-45,2,O2023_85_48_1_0052_00000182_3000_0.tif,85-48,0,6048.0,60.48
O2023_85_45_1_0025_00001590_0_5000.tif,85-45,2,O2023_85_48_1_0052_00000184_3000_3000.tif,85-48,0,7462.0,74.62
O2023_85_45_1_0025_00001590_0_5000.tif,85-45,2,O2023_85_48_1_0052_00000186_3000_6000.tif,85-48,0,9120.0,91.2
O2023_85_45_1_0025_00001590_0_6000.tif,85-45,2,O2023_85_48_1_0052_00000182_4000_1000.tif,85-48,0,1152.0,11.52
O2023_85_45_1_0025_00001590_0_6000.tif,85-45,2,O2023_85_48_1_0052_00000184_4000_4000.tif,85-48,0,738.0,7.38
O2023_85_45_1_0025_00001590_0_6000.tif,85-45,2,O2023_85_48_1_0052_00000183_3000_2000.tif,85-48,0,6319.0,63.19
O2023_85_45_1_0025_00001590_0_6000.tif,85-45,2,O2023_85_48_1_0052_00000185_3000_5000.tif,85-48,0,5700.0,57.0
O2023_85_45_1_0025_00001590_0_6000.tif,85-45,2,O2023_85_48_1_0052_00000183_4000_2000.tif,85-48,0,781.0,7.81
O2023_85_45_1_0025_00001590_0_6000.tif,85-45,2,O2023_85_48_1_0052_00000185_4000_5000.tif,85-48,0,300.0,3.0
O2023_85_45_1_0025_00001590_0_6000.tif,85-45,2,O2023_85_48_1_0052_00000186_4000_7000.tif,85-48,0,180.0,1.8
O2023_85_45_1_0025_00001590_0_6000.tif,85-45,2,O2023_85_48_1_0052_00000182_4000_0.tif,85-48,0,448.0,4.48
O2023_85_45_1_0025_00001590_0_6000.tif,85-45,2,O2023_85_48_1_0052_00000184_4000_3000.tif,85-48,0,162.0,1.62
O2023_85_45_1_0025_00001590_0_6000.tif,85-45,2,O2023_85_48_1_0052_00000186_4000_6000.tif,85-48,0,20.0,0.2
O2023_85_45_1_0025_00001590_0_6000.tif,85-45,2,O2023_85_48_1_0052_00000186_3000_7000.tif,85-48,0,4320.0,43.2
O2023_85_45_1_0025_00001590_0_6000.tif,85-45,2,O2023_85_48_1_0052_00000182_3000_0.tif,85-48,0,2352.0,23.52
O2023_85_45_1_0025_00001590_0_6000.tif,85-45,2,O2023_85_48_1_0052_00000184_3000_3000.tif,85-48,0,1638.0,16.38
O2023_85_45_1_0025_00001590_0_6000.tif,85-45,2,O2023_85_48_1_0052_00000186_3000_6000.tif,85-48,0,480.0,4.8
O2023_85_45_1_0025_00001590_1000_5000.tif,85-45,2,O2023_85_48_1_0052_00000183_4000_2000.tif,85-48,0,2581.0,25.81
O2023_85_45_1_0025_00001590_1000_5000.tif,85-45,2,O2023_85_48_1_0052_00000183_5000_2000.tif,85-48,0,319.0,3.19
O2023_85_45_1_0025_00001590_1000_5000.tif,85-45,2,O2023_85_48_1_0052_00000185_4000_5000.tif,85-48,0,3800.0,38.0
O2023_85_45_1_0025_00001590_1000_5000.tif,85-45,2,O2023_85_48_1_0052_00000185_5000_5000.tif,85-48,0,200.0,2.0
O2023_85_45_1_0025_00001590_1000_5000.tif,85-45,2,O2023_85_48_1_0052_00000186_4000_7000.tif,85-48,0,5280.0,52.8
O2023_85_45_1_0025_00001590_1000_5000.tif,85-45,2,O2023_85_48_1_0052_00000186_5000_7000.tif,85-48,0,220.0,2.2
O2023_85_45_1_0025_00001590_1000_5000.tif,85-45,2,O2023_85_48_1_0052_00000182_4000_0.tif,85-48,0,6048.0,60.48
O2023_85_45_1_0025_00001590_1000_5000.tif,85-45,2,O2023_85_48_1_0052_00000182_5000_0.tif,85-48,0,1152.0,11.52
O2023_85_45_1_0025_00001590_1000_5000.tif,85-45,2,O2023_85_48_1_0052_00000184_4000_3000.tif,85-48,0,7462.0,74.62
O2023_85_45_1_0025_00001590_1000_5000.tif,85-45,2,O2023_85_48_1_0052_00000184_5000_3000.tif,85-48,0,738.0,7.38
O2023_85_45_1_0025_00001590_1000_5000.tif,85-45,2,O2023_85_48_1_0052_00000186_4000_6000.tif,85-48,0,9120.0,91.2
O2023_85_45_1_0025_00001590_1000_5000.tif,85-45,2,O2023_85_48_1_0052_00000186_5000_6000.tif,85-48,0,380.0,3.8
O2023_85_45_1_0025_00001590_1000_5000.tif,85-45,2,O2023_85_48_1_0052_00000183_5000_1000.tif,85-48,0,781.0,7.81
O2023_85_45_1_0025_00001590_1000_5000.tif,85-45,2,O2023_85_48_1_0052_00000185_5000_4000.tif,85-48,0,300.0,3.0
O2023_85_45_1_0025_00001590_1000_6000.tif,85-45,2,O2023_85_48_1_0052_00000185_5000_6000.tif,85-48,0,200.0,2.0
O2023_85_45_1_0025_00001590_1000_6000.tif,85-45,2,O2023_85_48_1_0052_00000182_4000_1000.tif,85-48,0,6048.0,60.48
O2023_85_45_1_0025_00001590_1000_6000.tif,85-45,2,O2023_85_48_1_0052_00000182_5000_1000.tif,85-48,0,1152.0,11.52
O2023_85_45_1_0025_00001590_1000_6000.tif,85-45,2,O2023_85_48_1_0052_00000184_4000_4000.tif,85-48,0,7462.0,74.62
O2023_85_45_1_0025_00001590_1000_6000.tif,85-45,2,O2023_85_48_1_0052_00000184_5000_4000.tif,85-48,0,738.0,7.38
O2023_85_45_1_0025_00001590_1000_6000.tif,85-45,2,O2023_85_48_1_0052_00000183_4000_2000.tif,85-48,0,6319.0,63.19
O2023_85_45_1_0025_00001590_1000_6000.tif,85-45,2,O2023_85_48_1_0052_00000183_5000_2000.tif,85-48,0,781.0,7.81
O2023_85_45_1_0025_00001590_1000_6000.tif,85-45,2,O2023_85_48_1_0052_00000185_4000_5000.tif,85-48,0,5700.0,57.0
O2023_85_45_1_0025_00001590_1000_6000.tif,85-45,2,O2023_85_48_1_0052_00000185_5000_5000.tif,85-48,0,300.0,3.0
O2023_85_45_1_0025_00001590_1000_6000.tif,85-45,2,O2023_85_48_1_0052_00000186_4000_7000.tif,85-48,0,4320.0,43.2
O2023_85_45_1_0025_00001590_1000_6000.tif,85-45,2,O2023_85_48_1_0052_00000186_5000_7000.tif,85-48,0,180.0,1.8
O2023_85_45_1_0025_00001590_1000_6000.tif,85-45,2,O2023_85_48_1_0052_00000182_4000_0.tif,85-48,0,2352.0,23.52
O2023_85_45_1_0025_00001590_1000_6000.tif,85-45,2,O2023_85_48_1_0052_00000182_5000_0.tif,85-48,0,448.0,4.48
O2023_85_45_1_0025_00001590_1000_6000.tif,85-45,2,O2023_85_48_1_0052_00000184_4000_3000.tif,85-48,0,1638.0,16.38
O2023_85_45_1_0025_00001590_1000_6000.tif,85-45,2,O2023_85_48_1_0052_00000184_5000_3000.tif,85-48,0,162.0,1.62
O2023_85_45_1_0025_00001590_1000_6000.tif,85-45,2,O2023_85_48_1_0052_00000186_4000_6000.tif,85-48,0,480.0,4.8
O2023_85_45_1_0025_00001590_1000_6000.tif,85-45,2,O2023_85_48_1_0052_00000186_5000_6000.tif,85-48,0,20.0,0.2
O2023_85_45_1_0025_00001590_1000_7000.tif,85-45,2,O2023_85_48_1_0052_00000185_5000_6000.tif,85-48,0,410.0,4.1
O2023_85_45_1_0025_00001590_1000_7000.tif,85-45,2,O2023_85_48_1_0052_00000182_4000_1000.tif,85-48,0,7224.0,72.24
O2023_85_45_1_0025_00001590_1000_7000.tif,85-45,2,O2023_85_48_1_0052_00000182_5000_1000.tif,85-48,0,1376.0,13.76
O2023_85_45_1_0025_00001590_1000_7000.tif,85-45,2,O2023_85_48_1_0052_00000184_4000_4000.tif,85-48,0,6916.0,69.16
O2023_85_45_1_0025_00001590_1000_7000.tif,85-45,2,O2023_85_48_1_0052_00000184_5000_4000.tif,85-48,0,684.0,6.84
O2023_85_45_1_0025_00001590_1000_7000.tif,85-45,2,O2023_85_48_1_0052_00000183_4000_2000.tif,85-48,0,2581.0,25.81
O2023_85_45_1_0025_00001590_1000_7000.tif,85-45,2,O2023_85_48_1_0052_00000183_5000_2000.tif,85-48,0,319.0,3.19
O2023_85_45_1_0025_00001590_1000_7000.tif,85-45,2,O2023_85_48_1_0052_00000185_4000_5000.tif,85-48,0,1710.0,17.1
O2023_85_45_1_0025_00001590_1000_7000.tif,85-45,2,O2023_85_48_1_0052_00000185_5000_5000.tif,85-48,0,90.0,0.9
O2023_85_45_1_0025_00001590_1000_7000.tif,85-45,2,O2023_85_48_1_0052_00000186_4000_7000.tif,85-48,0,288.0,2.88
O2023_85_45_1_0025_00001590_1000_7000.tif,85-45,2,O2023_85_48_1_0052_00000186_5000_7000.tif,85-48,0,12.0,0.12
O2023_85_45_1_0025_00001590_2000_5000.tif,85-45,2,O2023_85_48_1_0053_00000198_0_5000.tif,85-48,0,16.0,0.16
O2023_85_45_1_0025_00001590_2000_5000.tif,85-45,2,O2023_85_48_1_0053_00000197_0_7000.tif,85-48,0,120.0,1.2
O2023_85_45_1_0025_00001590_2000_5000.tif,85-45,2,O2023_85_48_1_0052_00000183_6000_2000.tif,85-48,0,319.0,3.19
O2023_85_45_1_0025_00001590_2000_5000.tif,85-45,2,O2023_85_48_1_0052_00000183_5000_2000.tif,85-48,0,2581.0,25.81
O2023_85_45_1_0025_00001590_2000_5000.tif,85-45,2,O2023_85_48_1_0053_00000201_0_0.tif,85-48,0,64.0,0.64
O2023_85_45_1_0025_00001590_2000_5000.tif,85-45,2,O2023_85_48_1_0052_00000185_6000_5000.tif,85-48,0,200.0,2.0
O2023_85_45_1_0025_00001590_2000_5000.tif,85-45,2,O2023_85_48_1_0052_00000185_5000_5000.tif,85-48,0,3800.0,38.0
O2023_85_45_1_0025_00001590_2000_5000.tif,85-45,2,O2023_85_48_1_0053_00000199_0_3000.tif,85-48,0,49.0,0.49
O2023_85_45_1_0025_00001590_2000_5000.tif,85-45,2,O2023_85_48_1_0052_00000186_6000_7000.tif,85-48,0,220.0,2.2
O2023_85_45_1_0025_00001590_2000_5000.tif,85-45,2,O2023_85_48_1_0052_00000186_5000_7000.tif,85-48,0,5280.0,52.8
O2023_85_45_1_0025_00001590_2000_5000.tif,85-45,2,O2023_85_48_1_0053_00000197_0_6000.tif,85-48,0,384.0,3.84
O2023_85_45_1_0025_00001590_2000_5000.tif,85-45,2,O2023_85_48_1_0052_00000182_5000_0.tif,85-48,0,6048.0,60.48
O2023_85_45_1_0025_00001590_2000_5000.tif,85-45,2,O2023_85_48_1_0052_00000182_6000_0.tif,85-48,0,1152.0,11.52
O2023_85_45_1_0025_00001590_2000_5000.tif,85-45,2,O2023_85_48_1_0052_00000184_5000_3000.tif,85-48,0,7462.0,74.62
O2023_85_45_1_0025_00001590_2000_5000.tif,85-45,2,O2023_85_48_1_0052_00000184_6000_3000.tif,85-48,0,738.0,7.38
O2023_85_45_1_0025_00001590_2000_5000.tif,85-45,2,O2023_85_48_1_0053_00000200_0_1000.tif,85-48,0,178.0,1.78
O2023_85_45_1_0025_00001590_2000_5000.tif,85-45,2,O2023_85_48_1_0052_00000186_5000_6000.tif,85-48,0,9120.0,91.2
O2023_85_45_1_0025_00001590_2000_5000.tif,85-45,2,O2023_85_48_1_0052_00000186_6000_6000.tif,85-48,0,380.0,3.8
O2023_85_45_1_0025_00001590_2000_5000.tif,85-45,2,O2023_85_48_1_0053_00000198_0_4000.tif,85-48,0,184.0,1.84
O2023_85_45_1_0025_00001590_2000_5000.tif,85-45,2,O2023_85_48_1_0052_00000183_5000_1000.tif,85-48,0,6319.0,63.19
O2023_85_45_1_0025_00001590_2000_5000.tif,85-45,2,O2023_85_48_1_0052_00000183_6000_1000.tif,85-48,0,781.0,7.81
O2023_85_45_1_0025_00001590_2000_5000.tif,85-45,2,O2023_85_48_1_0052_00000185_5000_4000.tif,85-48,0,5700.0,57.0
O2023_85_45_1_0025_00001590_2000_5000.tif,85-45,2,O2023_85_48_1_0052_00000185_6000_4000.tif,85-48,0,300.0,3.0
O2023_85_45_1_0025_00001590_2000_5000.tif,85-45,2,O2023_85_48_1_0053_00000199_0_2000.tif,85-48,0,51.0,0.51
O2023_85_45_1_0025_00001590_2000_6000.tif,85-45,2,O2023_85_48_1_0052_00000185_5000_6000.tif,85-48,0,3800.0,38.0
O2023_85_45_1_0025_00001590_2000_6000.tif,85-45,2,O2023_85_48_1_0052_00000185_6000_6000.tif,85-48,0,200.0,2.0
O2023_85_45_1_0025_00001590_2000_6000.tif,85-45,2,O2023_85_48_1_0053_00000199_0_4000.tif,85-48,0,49.0,0.49
O2023_85_45_1_0025_00001590_2000_6000.tif,85-45,2,O2023_85_48_1_0052_00000182_5000_1000.tif,85-48,0,6048.0,60.48
O2023_85_45_1_0025_00001590_2000_6000.tif,85-45,2,O2023_85_48_1_0052_00000182_6000_1000.tif,85-48,0,1152.0,11.52
O2023_85_45_1_0025_00001590_2000_6000.tif,85-45,2,O2023_85_48_1_0052_00000184_5000_4000.tif,85-48,0,7462.0,74.62
O2023_85_45_1_0025_00001590_2000_6000.tif,85-45,2,O2023_85_48_1_0052_00000184_6000_4000.tif,85-48,0,738.0,7.38
O2023_85_45_1_0025_00001590_2000_6000.tif,85-45,2,O2023_85_48_1_0053_00000200_0_2000.tif,85-48,0,178.0,1.78
O2023_85_45_1_0025_00001590_2000_6000.tif,85-45,2,O2023_85_48_1_0053_00000198_0_5000.tif,85-48,0,184.0,1.84
O2023_85_45_1_0025_00001590_2000_6000.tif,85-45,2,O2023_85_48_1_0053_00000197_0_7000.tif,85-48,0,480.0,4.8
O2023_85_45_1_0025_00001590_2000_6000.tif,85-45,2,O2023_85_48_1_0052_00000183_6000_2000.tif,85-48,0,781.0,7.81
O2023_85_45_1_0025_00001590_2000_6000.tif,85-45,2,O2023_85_48_1_0052_00000183_5000_2000.tif,85-48,0,6319.0,63.19
O2023_85_45_1_0025_00001590_2000_6000.tif,85-45,2,O2023_85_48_1_0053_00000201_0_0.tif,85-48,0,136.0,1.36
O2023_85_45_1_0025_00001590_2000_6000.tif,85-45,2,O2023_85_48_1_0052_00000185_6000_5000.tif,85-48,0,300.0,3.0
O2023_85_45_1_0025_00001590_2000_6000.tif,85-45,2,O2023_85_48_1_0052_00000185_5000_5000.tif,85-48,0,5700.0,57.0
O2023_85_45_1_0025_00001590_2000_6000.tif,85-45,2,O2023_85_48_1_0053_00000199_0_3000.tif,85-48,0,51.0,0.51
O2023_85_45_1_0025_00001590_2000_6000.tif,85-45,2,O2023_85_48_1_0052_00000186_6000_7000.tif,85-48,0,180.0,1.8
O2023_85_45_1_0025_00001590_2000_6000.tif,85-45,2,O2023_85_48_1_0052_00000186_5000_7000.tif,85-48,0,4320.0,43.2
O2023_85_45_1_0025_00001590_2000_6000.tif,85-45,2,O2023_85_48_1_0053_00000197_0_6000.tif,85-48,0,216.0,2.16
O2023_85_45_1_0025_00001590_2000_6000.tif,85-45,2,O2023_85_48_1_0052_00000182_5000_0.tif,85-48,0,2352.0,23.52
O2023_85_45_1_0025_00001590_2000_6000.tif,85-45,2,O2023_85_48_1_0052_00000182_6000_0.tif,85-48,0,448.0,4.48
O2023_85_45_1_0025_00001590_2000_6000.tif,85-45,2,O2023_85_48_1_0052_00000184_5000_3000.tif,85-48,0,1638.0,16.38
O2023_85_45_1_0025_00001590_2000_6000.tif,85-45,2,O2023_85_48_1_0052_00000184_6000_3000.tif,85-48,0,162.0,1.62
O2023_85_45_1_0025_00001590_2000_6000.tif,85-45,2,O2023_85_48_1_0053_00000200_0_1000.tif,85-48,0,22.0,0.22
O2023_85_45_1_0025_00001590_2000_6000.tif,85-45,2,O2023_85_48_1_0052_00000186_5000_6000.tif,85-48,0,480.0,4.8
O2023_85_45_1_0025_00001590_2000_6000.tif,85-45,2,O2023_85_48_1_0052_00000186_6000_6000.tif,85-48,0,20.0,0.2
O2023_85_45_1_0025_00001590_2000_7000.tif,85-45,2,O2023_85_48_1_0052_00000185_5000_6000.tif,85-48,0,7790.0,77.9
O2023_85_45_1_0025_00001590_2000_7000.tif,85-45,2,O2023_85_48_1_0052_00000185_6000_6000.tif,85-48,0,410.0,4.1
O2023_85_45_1_0025_00001590_2000_7000.tif,85-45,2,O2023_85_48_1_0053_00000199_0_4000.tif,85-48,0,91.0,0.91
O2023_85_45_1_0025_00001590_2000_7000.tif,85-45,2,O2023_85_48_1_0052_00000182_5000_1000.tif,85-48,0,7224.0,72.24
O2023_85_45_1_0025_00001590_2000_7000.tif,85-45,2,O2023_85_48_1_0052_00000182_6000_1000.tif,85-48,0,1376.0,13.76
O2023_85_45_1_0025_00001590_2000_7000.tif,85-45,2,O2023_85_48_1_0052_00000184_5000_4000.tif,85-48,0,6916.0,69.16
O2023_85_45_1_0025_00001590_2000_7000.tif,85-45,2,O2023_85_48_1_0052_00000184_6000_4000.tif,85-48,0,684.0,6.84
O2023_85_45_1_0025_00001590_2000_7000.tif,85-45,2,O2023_85_48_1_0053_00000200_0_2000.tif,85-48,0,138.0,1.38
O2023_85_45_1_0025_00001590_2000_7000.tif,85-45,2,O2023_85_48_1_0053_00000198_0_5000.tif,85-48,0,100.0,1.0
O2023_85_45_1_0025_00001590_2000_7000.tif,85-45,2,O2023_85_48_1_0053_00000197_0_7000.tif,85-48,0,228.0,2.28
O2023_85_45_1_0025_00001590_2000_7000.tif,85-45,2,O2023_85_48_1_0052_00000183_6000_2000.tif,85-48,0,319.0,3.19
O2023_85_45_1_0025_00001590_2000_7000.tif,85-45,2,O2023_85_48_1_0052_00000183_5000_2000.tif,85-48,0,2581.0,25.81
O2023_85_45_1_0025_00001590_2000_7000.tif,85-45,2,O2023_85_48_1_0053_00000201_0_0.tif,85-48,0,52.0,0.52
O2023_85_45_1_0025_00001590_2000_7000.tif,85-45,2,O2023_85_48_1_0052_00000185_6000_5000.tif,85-48,0,90.0,0.9
O2023_85_45_1_0025_00001590_2000_7000.tif,85-45,2,O2023_85_48_1_0052_00000185_5000_5000.tif,85-48,0,1710.0,17.1
O2023_85_45_1_0025_00001590_2000_7000.tif,85-45,2,O2023_85_48_1_0053_00000199_0_3000.tif,85-48,0,9.0,0.09
O2023_85_45_1_0025_00001590_2000_7000.tif,85-45,2,O2023_85_48_1_0052_00000186_6000_7000.tif,85-48,0,12.0,0.12
O2023_85_45_1_0025_00001590_2000_7000.tif,85-45,2,O2023_85_48_1_0052_00000186_5000_7000.tif,85-48,0,288.0,2.88
O2023_85_45_1_0025_00001590_3000_5000.tif,85-45,2,O2023_85_48_1_0053_00000198_0_5000.tif,85-48,0,784.0,7.84
O2023_85_45_1_0025_00001590_3000_5000.tif,85-45,2,O2023_85_48_1_0053_00000197_0_7000.tif,85-48,0,1880.0,18.8
O2023_85_45_1_0025_00001590_3000_5000.tif,85-45,2,O2023_85_48_1_0052_00000183_6000_2000.tif,85-48,0,2581.0,25.81
O2023_85_45_1_0025_00001590_3000_5000.tif,85-45,2,O2023_85_48_1_0053_00000201_0_0.tif,85-48,0,3136.0,31.36
O2023_85_45_1_0025_00001590_3000_5000.tif,85-45,2,O2023_85_48_1_0052_00000185_6000_5000.tif,85-48,0,3800.0,38.0
O2023_85_45_1_0025_00001590_3000_5000.tif,85-45,2,O2023_85_48_1_0053_00000199_0_3000.tif,85-48,0,4851.0,48.51
O2023_85_45_1_0025_00001590_3000_5000.tif,85-45,2,O2023_85_48_1_0052_00000186_6000_7000.tif,85-48,0,5280.0,52.8
O2023_85_45_1_0025_00001590_3000_5000.tif,85-45,2,O2023_85_48_1_0053_00000197_0_6000.tif,85-48,0,6016.0,60.16
O2023_85_45_1_0025_00001590_3000_5000.tif,85-45,2,O2023_85_48_1_0052_00000182_6000_0.tif,85-48,0,6048.0,60.48
O2023_85_45_1_0025_00001590_3000_5000.tif,85-45,2,O2023_85_48_1_0052_00000184_6000_3000.tif,85-48,0,7462.0,74.62
O2023_85_45_1_0025_00001590_3000_5000.tif,85-45,2,O2023_85_48_1_0053_00000200_0_1000.tif,85-48,0,8722.0,87.22
O2023_85_45_1_0025_00001590_3000_5000.tif,85-45,2,O2023_85_48_1_0052_00000186_6000_6000.tif,85-48,0,9120.0,91.2
O2023_85_45_1_0025_00001590_3000_5000.tif,85-45,2,O2023_85_48_1_0053_00000198_0_4000.tif,85-48,0,9016.0,90.16
O2023_85_45_1_0025_00001590_3000_5000.tif,85-45,2,O2023_85_48_1_0052_00000183_6000_1000.tif,85-48,0,6319.0,63.19
O2023_85_45_1_0025_00001590_3000_5000.tif,85-45,2,O2023_85_48_1_0052_00000185_6000_4000.tif,85-48,0,5700.0,57.0
O2023_85_45_1_0025_00001590_3000_5000.tif,85-45,2,O2023_85_48_1_0053_00000199_0_2000.tif,85-48,0,5049.0,50.49
O2023_85_45_1_0025_00001590_3000_6000.tif,85-45,2,O2023_85_48_1_0052_00000185_6000_6000.tif,85-48,0,3800.0,38.0
O2023_85_45_1_0025_00001590_3000_6000.tif,85-45,2,O2023_85_48_1_0053_00000199_0_4000.tif,85-48,0,4851.0,48.51
O2023_85_45_1_0025_00001590_3000_6000.tif,85-45,2,O2023_85_48_1_0052_00000182_6000_1000.tif,85-48,0,6048.0,60.48
O2023_85_45_1_0025_00001590_3000_6000.tif,85-45,2,O2023_85_48_1_0052_00000184_6000_4000.tif,85-48,0,7462.0,74.62
O2023_85_45_1_0025_00001590_3000_6000.tif,85-45,2,O2023_85_48_1_0053_00000200_0_2000.tif,85-48,0,8722.0,87.22
O2023_85_45_1_0025_00001590_3000_6000.tif,85-45,2,O2023_85_48_1_0053_00000198_0_5000.tif,85-48,0,9016.0,90.16
O2023_85_45_1_0025_00001590_3000_6000.tif,85-45,2,O2023_85_48_1_0053_00000197_0_7000.tif,85-48,0,7520.0,75.2
O2023_85_45_1_0025_00001590_3000_6000.tif,85-45,2,O2023_85_48_1_0052_00000183_6000_2000.tif,85-48,0,6319.0,63.19
O2023_85_45_1_0025_00001590_3000_6000.tif,85-45,2,O2023_85_48_1_0053_00000201_0_0.tif,85-48,0,6664.0,66.64
O2023_85_45_1_0025_00001590_3000_6000.tif,85-45,2,O2023_85_48_1_0052_00000185_6000_5000.tif,85-48,0,5700.0,57.0
O2023_85_45_1_0025_00001590_3000_6000.tif,85-45,2,O2023_85_48_1_0053_00000199_0_3000.tif,85-48,0,5049.0,50.49
O2023_85_45_1_0025_00001590_3000_6000.tif,85-45,2,O2023_85_48_1_0052_00000186_6000_7000.tif,85-48,0,4320.0,43.2
O2023_85_45_1_0025_00001590_3000_6000.tif,85-45,2,O2023_85_48_1_0053_00000197_0_6000.tif,85-48,0,3384.0,33.84
O2023_85_45_1_0025_00001590_3000_6000.tif,85-45,2,O2023_85_48_1_0052_00000182_6000_0.tif,85-48,0,2352.0,23.52
O2023_85_45_1_0025_00001590_3000_6000.tif,85-45,2,O2023_85_48_1_0052_00000184_6000_3000.tif,85-48,0,1638.0,16.38
O2023_85_45_1_0025_00001590_3000_6000.tif,85-45,2,O2023_85_48_1_0053_00000200_0_1000.tif,85-48,0,1078.0,10.78
O2023_85_45_1_0025_00001590_3000_6000.tif,85-45,2,O2023_85_48_1_0052_00000186_6000_6000.tif,85-48,0,480.0,4.8
O2023_85_45_1_0025_00001590_3000_7000.tif,85-45,2,O2023_85_48_1_0052_00000185_6000_6000.tif,85-48,0,7790.0,77.9
O2023_85_45_1_0025_00001590_3000_7000.tif,85-45,2,O2023_85_48_1_0053_00000199_0_4000.tif,85-48,0,9009.0,90.09
O2023_85_45_1_0025_00001590_3000_7000.tif,85-45,2,O2023_85_48_1_0052_00000182_6000_1000.tif,85-48,0,7224.0,72.24
O2023_85_45_1_0025_00001590_3000_7000.tif,85-45,2,O2023_85_48_1_0052_00000184_6000_4000.tif,85-48,0,6916.0,69.16
O2023_85_45_1_0025_00001590_3000_7000.tif,85-45,2,O2023_85_48_1_0053_00000200_0_2000.tif,85-48,0,6762.0,67.62
O2023_85_45_1_0025_00001590_3000_7000.tif,85-45,2,O2023_85_48_1_0053_00000198_0_5000.tif,85-48,0,4900.0,49.0
O2023_85_45_1_0025_00001590_3000_7000.tif,85-45,2,O2023_85_48_1_0053_00000197_0_7000.tif,85-48,0,3572.0,35.72
O2023_85_45_1_0025_00001590_3000_7000.tif,85-45,2,O2023_85_48_1_0052_00000183_6000_2000.tif,85-48,0,2581.0,25.81
O2023_85_45_1_0025_00001590_3000_7000.tif,85-45,2,O2023_85_48_1_0053_00000201_0_0.tif,85-48,0,2548.0,25.48
O2023_85_45_1_0025_00001590_3000_7000.tif,85-45,2,O2023_85_48_1_0052_00000185_6000_5000.tif,85-48,0,1710.0,17.1
O2023_85_45_1_0025_00001590_3000_7000.tif,85-45,2,O2023_85_48_1_0053_00000199_0_3000.tif,85-48,0,891.0,8.91
O2023_85_45_1_0025_00001590_3000_7000.tif,85-45,2,O2023_85_48_1_0052_00000186_6000_7000.tif,85-48,0,288.0,2.88
O2023_85_45_1_0025_00001590_5000_7000.tif,85-45,2,O2023_85_48_1_0053_00000198_3000_7000.tif,85-48,0,14.0,0.14
O2023_85_45_1_0025_00001590_5000_7000.tif,85-45,2,O2023_85_48_1_0052_00000182_8790_2000.tif,85-48,0,518.0,5.18
O2023_85_45_1_0025_00001590_5000_7000.tif,85-45,2,O2023_85_48_1_0053_00000202_3000_0.tif,85-48,0,102.0,1.02
O2023_85_45_1_0025_00001590_5000_7000.tif,85-45,2,O2023_85_48_1_0052_00000184_8770_5000.tif,85-48,0,768.0,7.68
O2023_85_45_1_0025_00001590_5000_7000.tif,85-45,2,O2023_85_48_1_0053_00000200_3000_3000.tif,85-48,0,62.0,0.62
O2023_85_45_1_0025_00001590_5000_7000.tif,85-45,2,O2023_85_48_1_0052_00000185_8750_7000.tif,85-48,0,1200.0,12.0
O2023_85_45_1_0025_00001590_5000_7000.tif,85-45,2,O2023_85_48_1_0053_00000198_3000_6000.tif,85-48,0,100.0,1.0
O2023_85_45_1_0025_00001590_5000_7000.tif,85-45,2,O2023_85_48_1_0052_00000181_9000_0.tif,85-48,0,2379.0,23.79
O2023_85_45_1_0025_00001590_5000_7000.tif,85-45,2,O2023_85_48_1_0052_00000183_8770_3000.tif,85-48,0,2414.0,24.14
O2023_85_45_1_0025_00001590_5000_7000.tif,85-45,2,O2023_85_48_1_0053_00000201_3000_1000.tif,85-48,0,148.0,1.48
O2023_85_45_1_0025_00001590_5000_7000.tif,85-45,2,O2023_85_48_1_0052_00000185_8750_6000.tif,85-48,0,2460.0,24.6
O2023_85_45_1_0025_00001590_5000_7000.tif,85-45,2,O2023_85_48_1_0053_00000199_2000_4000.tif,85-48,0,9009.0,90.09
O2023_85_45_1_0025_00001590_5000_7000.tif,85-45,2,O2023_85_48_1_0053_00000199_3000_4000.tif,85-48,0,91.0,0.91
O2023_85_45_1_0025_00001590_5000_7000.tif,85-45,2,O2023_85_48_1_0052_00000182_8790_1000.tif,85-48,0,3182.0,31.82
O2023_85_45_1_0025_00001590_5000_7000.tif,85-45,2,O2023_85_48_1_0052_00000184_8770_4000.tif,85-48,0,2432.0,24.32
O2023_85_45_1_0025_00001590_6000_7000.tif,85-45,2,O2023_85_48_1_0053_00000198_3000_7000.tif,85-48,0,686.0,6.86
O2023_85_45_1_0025_00001590_6000_7000.tif,85-45,2,O2023_85_48_1_0053_00000198_4000_7000.tif,85-48,0,14.0,0.14
O2023_85_45_1_0025_00001590_6000_7000.tif,85-45,2,O2023_85_48_1_0052_00000182_8790_2000.tif,85-48,0,882.0,8.82
O2023_85_45_1_0025_00001590_6000_7000.tif,85-45,2,O2023_85_48_1_0053_00000202_3000_0.tif,85-48,0,1598.0,15.98
O2023_85_45_1_0025_00001590_6000_7000.tif,85-45,2,O2023_85_48_1_0053_00000202_4000_0.tif,85-48,0,102.0,1.02
O2023_85_45_1_0025_00001590_6000_7000.tif,85-45,2,O2023_85_48_1_0052_00000184_8770_5000.tif,85-48,0,1632.0,16.32
O2023_85_45_1_0025_00001590_6000_7000.tif,85-45,2,O2023_85_48_1_0053_00000200_4000_3000.tif,85-48,0,62.0,0.62
O2023_85_45_1_0025_00001590_6000_7000.tif,85-45,2,O2023_85_48_1_0053_00000200_3000_3000.tif,85-48,0,3038.0,30.38
O2023_85_45_1_0025_00001590_6000_7000.tif,85-45,2,O2023_85_48_1_0052_00000185_8750_7000.tif,85-48,0,2800.0,28.0
O2023_85_45_1_0025_00001590_6000_7000.tif,85-45,2,O2023_85_48_1_0053_00000198_4000_6000.tif,85-48,0,100.0,1.0
O2023_85_45_1_0025_00001590_6000_7000.tif,85-45,2,O2023_85_48_1_0053_00000198_3000_6000.tif,85-48,0,4900.0,49.0
O2023_85_45_1_0025_00001590_6000_7000.tif,85-45,2,O2023_85_48_1_0052_00000181_9000_0.tif,85-48,0,3721.0,37.21
O2023_85_45_1_0025_00001590_6000_7000.tif,85-45,2,O2023_85_48_1_0052_00000183_8770_3000.tif,85-48,0,4686.0,46.86
O2023_85_45_1_0025_00001590_6000_7000.tif,85-45,2,O2023_85_48_1_0053_00000201_4000_1000.tif,85-48,0,148.0,1.48
O2023_85_45_1_0025_00001590_6000_7000.tif,85-45,2,O2023_85_48_1_0053_00000201_3000_1000.tif,85-48,0,7252.0,72.52
O2023_85_45_1_0025_00001590_6000_7000.tif,85-45,2,O2023_85_48_1_0052_00000185_8750_6000.tif,85-48,0,5740.0,57.4
O2023_85_45_1_0025_00001590_6000_7000.tif,85-45,2,O2023_85_48_1_0053_00000199_4000_4000.tif,85-48,0,91.0,0.91
O2023_85_45_1_0025_00001590_6000_7000.tif,85-45,2,O2023_85_48_1_0053_00000199_3000_4000.tif,85-48,0,9009.0,90.09
O2023_85_45_1_0025_00001590_6000_7000.tif,85-45,2,O2023_85_48_1_0052_00000182_8790_1000.tif,85-48,0,5418.0,54.18
O2023_85_45_1_0025_00001590_6000_7000.tif,85-45,2,O2023_85_48_1_0052_00000184_8770_4000.tif,85-48,0,5168.0,51.68
O2023_85_45_1_0025_00001590_7000_7000.tif,85-45,2,O2023_85_48_1_0053_00000198_4000_7000.tif,85-48,0,686.0,6.86
O2023_85_45_1_0025_00001590_7000_7000.tif,85-45,2,O2023_85_48_1_0053_00000198_5000_7000.tif,85-48,0,14.0,0.14
O2023_85_45_1_0025_00001590_7000_7000.tif,85-45,2,O2023_85_48_1_0053_00000202_5000_0.tif,85-48,0,102.0,1.02
O2023_85_45_1_0025_00001590_7000_7000.tif,85-45,2,O2023_85_48_1_0053_00000202_4000_0.tif,85-48,0,1598.0,15.98
O2023_85_45_1_0025_00001590_7000_7000.tif,85-45,2,O2023_85_48_1_0053_00000200_5000_3000.tif,85-48,0,62.0,0.62
O2023_85_45_1_0025_00001590_7000_7000.tif,85-45,2,O2023_85_48_1_0053_00000200_4000_3000.tif,85-48,0,3038.0,30.38
O2023_85_45_1_0025_00001590_7000_7000.tif,85-45,2,O2023_85_48_1_0053_00000198_4000_6000.tif,85-48,0,4900.0,49.0
O2023_85_45_1_0025_00001590_7000_7000.tif,85-45,2,O2023_85_48_1_0053_00000198_5000_6000.tif,85-48,0,100.0,1.0
O2023_85_45_1_0025_00001590_7000_7000.tif,85-45,2,O2023_85_48_1_0053_00000201_5000_1000.tif,85-48,0,148.0,1.48
O2023_85_45_1_0025_00001590_7000_7000.tif,85-45,2,O2023_85_48_1_0053_00000201_4000_1000.tif,85-48,0,7252.0,72.52
O2023_85_45_1_0025_00001590_7000_7000.tif,85-45,2,O2023_85_48_1_0053_00000199_5000_4000.tif,85-48,0,91.0,0.91
O2023_85_45_1_0025_00001590_7000_7000.tif,85-45,2,O2023_85_48_1_0053_00000199_4000_4000.tif,85-48,0,9009.0,90.09
O2023_85_45_1_0025_00001590_7000_7000.tif,85-45,2,O2023_85_48_1_0053_00000200_5000_2000.tif,85-48,0,138.0,1.38
O2023_85_45_1_0025_00001590_7000_7000.tif,85-45,2,O2023_85_48_1_0053_00000198_5000_5000.tif,85-48,0,100.0,1.0
O2023_85_45_1_0025_00001590_7000_7000.tif,85-45,2,O2023_85_48_1_0053_00000197_5000_7000.tif,85-48,0,228.0,2.28
O2023_85_45_1_0025_00001590_8000_6000.tif,85-45,2,O2023_85_48_1_0053_00000198_5000_6000.tif,85-48,0,784.0,7.84
O2023_85_45_1_0025_00001590_8000_6000.tif,85-45,2,O2023_85_48_1_0053_00000201_5000_1000.tif,85-48,0,3136.0,31.36
O2023_85_45_1_0025_00001590_8000_6000.tif,85-45,2,O2023_85_48_1_0053_00000199_5000_4000.tif,85-48,0,4851.0,48.51
O2023_85_45_1_0025_00001590_8000_6000.tif,85-45,2,O2023_85_48_1_0053_00000200_5000_2000.tif,85-48,0,8722.0,87.22
O2023_85_45_1_0025_00001590_8000_6000.tif,85-45,2,O2023_85_48_1_0053_00000198_5000_5000.tif,85-48,0,9016.0,90.16
O2023_85_45_1_0025_00001590_8000_6000.tif,85-45,2,O2023_85_48_1_0053_00000197_5000_7000.tif,85-48,0,7520.0,75.2
O2023_85_45_1_0025_00001590_8000_7000.tif,85-45,2,O2023_85_48_1_0053_00000198_5000_7000.tif,85-48,0,686.0,6.86
O2023_85_45_1_0025_00001590_8000_7000.tif,85-45,2,O2023_85_48_1_0053_00000202_5000_0.tif,85-48,0,1598.0,15.98
O2023_85_45_1_0025_00001590_8000_7000.tif,85-45,2,O2023_85_48_1_0053_00000200_5000_3000.tif,85-48,0,3038.0,30.38
O2023_85_45_1_0025_00001590_8000_7000.tif,85-45,2,O2023_85_48_1_0053_00000198_5000_6000.tif,85-48,0,4900.0,49.0
O2023_85_45_1_0025_00001590_8000_7000.tif,85-45,2,O2023_85_48_1_0053_00000201_5000_1000.tif,85-48,0,7252.0,72.52
O2023_85_45_1_0025_00001590_8000_7000.tif,85-45,2,O2023_85_48_1_0053_00000199_5000_4000.tif,85-48,0,9009.0,90.09
O2023_85_45_1_0025_00001590_8000_7000.tif,85-45,2,O2023_85_48_1_0053_00000200_5000_2000.tif,85-48,0,6762.0,67.62
O2023_85_45_1_0025_00001590_8000_7000.tif,85-45,2,O2023_85_48_1_0053_00000198_5000_5000.tif,85-48,0,4900.0,49.0
O2023_85_45_1_0025_00001590_8000_7000.tif,85-45,2,O2023_85_48_1_0053_00000197_5000_7000.tif,85-48,0,3572.0,35.72
O2023_85_45_1_0025_00001590_8860_3000.tif,85-45,2,O2023_85_48_1_0053_00000198_6000_3000.tif,85-48,0,704.0,7.04
O2023_85_45_1_0025_00001590_8860_3000.tif,85-45,2,O2023_85_48_1_0054_00000562_0_5000.tif,85-48,0,936.0,9.36
O2023_85_45_1_0025_00001590_8860_3000.tif,85-45,2,O2023_85_48_1_0054_00000563_0_7000.tif,85-48,0,1875.0,18.75
O2023_85_45_1_0025_00001590_8860_3000.tif,85-45,2,O2023_85_48_1_0053_00000196_6000_6000.tif,85-48,0,2225.0,22.25
O2023_85_45_1_0025_00001590_8860_3000.tif,85-45,2,O2023_85_48_1_0054_00000559_0_0.tif,85-48,0,2890.0,28.9
O2023_85_45_1_0025_00001590_8860_3000.tif,85-45,2,O2023_85_48_1_0053_00000199_6000_1000.tif,85-48,0,4263.0,42.63
O2023_85_45_1_0025_00001590_8860_3000.tif,85-45,2,O2023_85_48_1_0054_00000561_0_3000.tif,85-48,0,4400.0,44.0
O2023_85_45_1_0025_00001590_8860_3000.tif,85-45,2,O2023_85_48_1_0053_00000197_6000_4000.tif,85-48,0,5888.0,58.88
O2023_85_45_1_0025_00001590_8860_3000.tif,85-45,2,O2023_85_48_1_0054_00000563_0_6000.tif,85-48,0,5250.0,52.5
O2023_85_45_1_0025_00001590_8860_3000.tif,85-45,2,O2023_85_48_1_0054_00000560_0_1000.tif,85-48,0,7802.0,78.02
O2023_85_45_1_0025_00001590_8860_3000.tif,85-45,2,O2023_85_48_1_0053_00000198_6000_2000.tif,85-48,0,8096.0,80.96
O2023_85_45_1_0025_00001590_8860_3000.tif,85-45,2,O2023_85_48_1_0054_00000562_0_4000.tif,85-48,0,6864.0,68.64
O2023_85_45_1_0025_00001590_8860_3000.tif,85-45,2,O2023_85_48_1_0053_00000196_6000_5000.tif,85-48,0,6675.0,66.75
O2023_85_45_1_0025_00001590_8860_4000.tif,85-45,2,O2023_85_48_1_0053_00000196_6000_7000.tif,85-48,0,7120.0,71.2
O2023_85_45_1_0025_00001590_8860_4000.tif,85-45,2,O2023_85_48_1_0053_00000200_6000_0.tif,85-48,0,7832.0,78.32
O2023_85_45_1_0025_00001590_8860_4000.tif,85-45,2,O2023_85_48_1_0054_00000560_0_2000.tif,85-48,0,7802.0,78.02
O2023_85_45_1_0025_00001590_8860_4000.tif,85-45,2,O2023_85_48_1_0053_00000198_6000_3000.tif,85-48,0,8096.0,80.96
O2023_85_45_1_0025_00001590_8860_4000.tif,85-45,2,O2023_85_48_1_0054_00000562_0_5000.tif,85-48,0,6864.0,68.64
O2023_85_45_1_0025_00001590_8860_4000.tif,85-45,2,O2023_85_48_1_0054_00000563_0_7000.tif,85-48,0,5625.0,56.25
O2023_85_45_1_0025_00001590_8860_4000.tif,85-45,2,O2023_85_48_1_0053_00000196_6000_6000.tif,85-48,0,6675.0,66.75
O2023_85_45_1_0025_00001590_8860_4000.tif,85-45,2,O2023_85_48_1_0054_00000559_0_0.tif,85-48,0,5610.0,56.1
O2023_85_45_1_0025_00001590_8860_4000.tif,85-45,2,O2023_85_48_1_0053_00000199_6000_1000.tif,85-48,0,4437.0,44.37
O2023_85_45_1_0025_00001590_8860_4000.tif,85-45,2,O2023_85_48_1_0054_00000561_0_3000.tif,85-48,0,3600.0,36.0
O2023_85_45_1_0025_00001590_8860_4000.tif,85-45,2,O2023_85_48_1_0053_00000197_6000_4000.tif,85-48,0,3312.0,33.12
O2023_85_45_1_0025_00001590_8860_4000.tif,85-45,2,O2023_85_48_1_0054_00000563_0_6000.tif,85-48,0,2250.0,22.5
O2023_85_45_1_0025_00001590_8860_4000.tif,85-45,2,O2023_85_48_1_0054_00000560_0_1000.tif,85-48,0,498.0,4.98
O2023_85_45_1_0025_00001591_1000_7000.tif,85-45,2,O2023_85_48_1_0052_00000183_4000_2000.tif,85-48,0,814.0,8.14
O2023_85_45_1_0025_00001591_1000_7000.tif,85-45,2,O2023_85_48_1_0052_00000183_5000_2000.tif,85-48,0,286.0,2.86
O2023_85_45_1_0025_00001591_1000_7000.tif,85-45,2,O2023_85_48_1_0052_00000185_4000_5000.tif,85-48,0,1760.0,17.6
O2023_85_45_1_0025_00001591_1000_7000.tif,85-45,2,O2023_85_48_1_0052_00000185_5000_5000.tif,85-48,0,440.0,4.4
O2023_85_45_1_0025_00001591_1000_7000.tif,85-45,2,O2023_85_48_1_0052_00000186_4000_7000.tif,85-48,0,2997.0,29.97
O2023_85_45_1_0025_00001591_1000_7000.tif,85-45,2,O2023_85_48_1_0052_00000186_5000_7000.tif,85-48,0,703.0,7.03
O2023_85_45_1_0025_00001591_1000_7000.tif,85-45,2,O2023_85_48_1_0052_00000182_4000_0.tif,85-48,0,3726.0,37.26
O2023_85_45_1_0025_00001591_1000_7000.tif,85-45,2,O2023_85_48_1_0052_00000182_5000_0.tif,85-48,0,1674.0,16.74
O2023_85_45_1_0025_00001591_1000_7000.tif,85-45,2,O2023_85_48_1_0052_00000184_4000_3000.tif,85-48,0,4864.0,48.64
O2023_85_45_1_0025_00001591_1000_7000.tif,85-45,2,O2023_85_48_1_0052_00000184_5000_3000.tif,85-48,0,1536.0,15.36
O2023_85_45_1_0025_00001591_1000_7000.tif,85-45,2,O2023_85_48_1_0052_00000186_4000_6000.tif,85-48,0,6237.0,62.37
O2023_85_45_1_0025_00001591_1000_7000.tif,85-45,2,O2023_85_48_1_0052_00000186_5000_6000.tif,85-48,0,1463.0,14.63
O2023_85_45_1_0025_00001591_1000_7000.tif,85-45,2,O2023_85_48_1_0052_00000183_5000_1000.tif,85-48,0,2314.0,23.14
O2023_85_45_1_0025_00001591_1000_7000.tif,85-45,2,O2023_85_48_1_0052_00000185_5000_4000.tif,85-48,0,1560.0,15.6
O2023_85_45_1_0025_00001591_2000_7000.tif,85-45,2,O2023_85_48_1_0053_00000197_0_7000.tif,85-48,0,42.0,0.42
O2023_85_45_1_0025_00001591_2000_7000.tif,85-45,2,O2023_85_48_1_0052_00000183_6000_2000.tif,85-48,0,286.0,2.86
O2023_85_45_1_0025_00001591_2000_7000.tif,85-45,2,O2023_85_48_1_0052_00000183_5000_2000.tif,85-48,0,814.0,8.14
O2023_85_45_1_0025_00001591_2000_7000.tif,85-45,2,O2023_85_48_1_0053_00000201_0_0.tif,85-48,0,238.0,2.38
O2023_85_45_1_0025_00001591_2000_7000.tif,85-45,2,O2023_85_48_1_0052_00000185_6000_5000.tif,85-48,0,440.0,4.4
O2023_85_45_1_0025_00001591_2000_7000.tif,85-45,2,O2023_85_48_1_0052_00000185_5000_5000.tif,85-48,0,1760.0,17.6
O2023_85_45_1_0025_00001591_2000_7000.tif,85-45,2,O2023_85_48_1_0053_00000199_0_3000.tif,85-48,0,496.0,4.96
O2023_85_45_1_0025_00001591_2000_7000.tif,85-45,2,O2023_85_48_1_0052_00000186_6000_7000.tif,85-48,0,703.0,7.03
O2023_85_45_1_0025_00001591_2000_7000.tif,85-45,2,O2023_85_48_1_0052_00000186_5000_7000.tif,85-48,0,2997.0,29.97
O2023_85_45_1_0025_00001591_2000_7000.tif,85-45,2,O2023_85_48_1_0053_00000197_0_6000.tif,85-48,0,966.0,9.66
O2023_85_45_1_0025_00001591_2000_7000.tif,85-45,2,O2023_85_48_1_0052_00000182_5000_0.tif,85-48,0,3726.0,37.26
O2023_85_45_1_0025_00001591_2000_7000.tif,85-45,2,O2023_85_48_1_0052_00000182_6000_0.tif,85-48,0,1674.0,16.74
O2023_85_45_1_0025_00001591_2000_7000.tif,85-45,2,O2023_85_48_1_0052_00000184_5000_3000.tif,85-48,0,4864.0,48.64
O2023_85_45_1_0025_00001591_2000_7000.tif,85-45,2,O2023_85_48_1_0052_00000184_6000_3000.tif,85-48,0,1536.0,15.36
O2023_85_45_1_0025_00001591_2000_7000.tif,85-45,2,O2023_85_48_1_0053_00000200_0_1000.tif,85-48,0,1207.0,12.07
O2023_85_45_1_0025_00001591_2000_7000.tif,85-45,2,O2023_85_48_1_0052_00000186_5000_6000.tif,85-48,0,6237.0,62.37
O2023_85_45_1_0025_00001591_2000_7000.tif,85-45,2,O2023_85_48_1_0052_00000186_6000_6000.tif,85-48,0,1463.0,14.63
O2023_85_45_1_0025_00001591_2000_7000.tif,85-45,2,O2023_85_48_1_0053_00000198_0_4000.tif,85-48,0,1530.0,15.3
O2023_85_45_1_0025_00001591_2000_7000.tif,85-45,2,O2023_85_48_1_0052_00000183_5000_1000.tif,85-48,0,6586.0,65.86
O2023_85_45_1_0025_00001591_2000_7000.tif,85-45,2,O2023_85_48_1_0052_00000183_6000_1000.tif,85-48,0,2314.0,23.14
O2023_85_45_1_0025_00001591_2000_7000.tif,85-45,2,O2023_85_48_1_0052_00000185_5000_4000.tif,85-48,0,6240.0,62.4
O2023_85_45_1_0025_00001591_2000_7000.tif,85-45,2,O2023_85_48_1_0052_00000185_6000_4000.tif,85-48,0,1560.0,15.6
O2023_85_45_1_0025_00001591_2000_7000.tif,85-45,2,O2023_85_48_1_0053_00000199_0_2000.tif,85-48,0,1104.0,11.04
O2023_85_45_1_0025_00001591_3000_7000.tif,85-45,2,O2023_85_48_1_0053_00000197_0_7000.tif,85-48,0,158.0,1.58
O2023_85_45_1_0025_00001591_3000_7000.tif,85-45,2,O2023_85_48_1_0052_00000183_6000_2000.tif,85-48,0,814.0,8.14
O2023_85_45_1_0025_00001591_3000_7000.tif,85-45,2,O2023_85_48_1_0053_00000201_0_0.tif,85-48,0,1162.0,11.62
O2023_85_45_1_0025_00001591_3000_7000.tif,85-45,2,O2023_85_48_1_0052_00000185_6000_5000.tif,85-48,0,1760.0,17.6
O2023_85_45_1_0025_00001591_3000_7000.tif,85-45,2,O2023_85_48_1_0053_00000199_0_3000.tif,85-48,0,2604.0,26.04
O2023_85_45_1_0025_00001591_3000_7000.tif,85-45,2,O2023_85_48_1_0052_00000186_6000_7000.tif,85-48,0,2997.0,29.97
O2023_85_45_1_0025_00001591_3000_7000.tif,85-45,2,O2023_85_48_1_0053_00000197_0_6000.tif,85-48,0,3634.0,36.34
O2023_85_45_1_0025_00001591_3000_7000.tif,85-45,2,O2023_85_48_1_0052_00000182_6000_0.tif,85-48,0,3726.0,37.26
O2023_85_45_1_0025_00001591_3000_7000.tif,85-45,2,O2023_85_48_1_0052_00000184_6000_3000.tif,85-48,0,4864.0,48.64
O2023_85_45_1_0025_00001591_3000_7000.tif,85-45,2,O2023_85_48_1_0053_00000200_0_1000.tif,85-48,0,5893.0,58.93
O2023_85_45_1_0025_00001591_3000_7000.tif,85-45,2,O2023_85_48_1_0052_00000186_6000_6000.tif,85-48,0,6237.0,62.37
O2023_85_45_1_0025_00001591_3000_7000.tif,85-45,2,O2023_85_48_1_0053_00000198_0_4000.tif,85-48,0,7470.0,74.7
O2023_85_45_1_0025_00001591_3000_7000.tif,85-45,2,O2023_85_48_1_0052_00000183_6000_1000.tif,85-48,0,6586.0,65.86
O2023_85_45_1_0025_00001591_3000_7000.tif,85-45,2,O2023_85_48_1_0052_00000185_6000_4000.tif,85-48,0,6240.0,62.4
O2023_85_45_1_0025_00001591_3000_7000.tif,85-45,2,O2023_85_48_1_0053_00000199_0_2000.tif,85-48,0,5796.0,57.96
O2023_85_45_1_0025_00001591_8840_5000.tif,85-45,2,O2023_85_48_1_0053_00000196_7000_7000.tif,85-48,0,40.0,0.4
O2023_85_45_1_0025_00001591_8840_5000.tif,85-45,2,O2023_85_48_1_0053_00000196_6000_7000.tif,85-48,0,1960.0,19.6
O2023_85_45_1_0025_00001591_8840_5000.tif,85-45,2,O2023_85_48_1_0053_00000200_6000_0.tif,85-48,0,2871.0,28.71
O2023_85_45_1_0025_00001591_8840_5000.tif,85-45,2,O2023_85_48_1_0053_00000200_7000_0.tif,85-48,0,29.0,0.29
O2023_85_45_1_0025_00001591_8840_5000.tif,85-45,2,O2023_85_48_1_0054_00000560_0_2000.tif,85-48,0,3264.0,32.64
O2023_85_45_1_0025_00001591_8840_5000.tif,85-45,2,O2023_85_48_1_0053_00000198_6000_3000.tif,85-48,0,4752.0,47.52
O2023_85_45_1_0025_00001591_8840_5000.tif,85-45,2,O2023_85_48_1_0053_00000198_7000_3000.tif,85-48,0,48.0,0.48
O2023_85_45_1_0025_00001591_8840_5000.tif,85-45,2,O2023_85_48_1_0054_00000562_0_5000.tif,85-48,0,4732.0,47.32
O2023_85_45_1_0025_00001591_8840_5000.tif,85-45,2,O2023_85_48_1_0054_00000563_0_7000.tif,85-48,0,5720.0,57.2
O2023_85_45_1_0025_00001591_8840_5000.tif,85-45,2,O2023_85_48_1_0053_00000196_7000_6000.tif,85-48,0,130.0,1.3
O2023_85_45_1_0025_00001591_8840_5000.tif,85-45,2,O2023_85_48_1_0053_00000196_6000_6000.tif,85-48,0,6370.0,63.7
O2023_85_45_1_0025_00001591_8840_5000.tif,85-45,2,O2023_85_48_1_0054_00000559_0_0.tif,85-48,0,7252.0,72.52
O2023_85_45_1_0025_00001591_8840_5000.tif,85-45,2,O2023_85_48_1_0053_00000199_6000_1000.tif,85-48,0,8900.0,89.0
O2023_85_45_1_0025_00001591_8840_5000.tif,85-45,2,O2023_85_48_1_0054_00000561_0_3000.tif,85-48,0,8835.0,88.35
O2023_85_45_1_0025_00001591_8840_5000.tif,85-45,2,O2023_85_48_1_0053_00000197_6000_4000.tif,85-48,0,9120.0,91.2
O2023_85_45_1_0025_00001591_8840_5000.tif,85-45,2,O2023_85_48_1_0053_00000197_7000_4000.tif,85-48,0,480.0,4.8
O2023_85_45_1_0025_00001591_8840_5000.tif,85-45,2,O2023_85_48_1_0054_00000563_0_6000.tif,85-48,0,7920.0,79.2
O2023_85_45_1_0025_00001591_8840_5000.tif,85-45,2,O2023_85_48_1_0054_00000560_0_1000.tif,85-48,0,6336.0,63.36
O2023_85_45_1_0025_00001591_8840_5000.tif,85-45,2,O2023_85_48_1_0053_00000198_7000_2000.tif,85-48,0,52.0,0.52
O2023_85_45_1_0025_00001591_8840_5000.tif,85-45,2,O2023_85_48_1_0053_00000198_6000_2000.tif,85-48,0,5148.0,51.48
O2023_85_45_1_0025_00001591_8840_5000.tif,85-45,2,O2023_85_48_1_0054_00000562_0_4000.tif,85-48,0,4368.0,43.68
O2023_85_45_1_0025_00001591_8840_5000.tif,85-45,2,O2023_85_48_1_0053_00000196_6000_5000.tif,85-48,0,3430.0,34.3
O2023_85_45_1_0025_00001591_8840_5000.tif,85-45,2,O2023_85_48_1_0053_00000196_7000_5000.tif,85-48,0,70.0,0.7
O2023_85_45_1_0025_00001591_8840_5000.tif,85-45,2,O2023_85_48_1_0053_00000195_7000_7000.tif,85-48,0,33.0,0.33
O2023_85_45_1_0025_00001592_8000_7000.tif,85-45,2,O2023_85_48_1_0053_00000196_6000_7000.tif,85-48,0,37.0,0.37
O2023_85_45_1_0025_00001592_8000_7000.tif,85-45,2,O2023_85_48_1_0053_00000200_6000_0.tif,85-48,0,360.0,3.6
O2023_85_45_1_0025_00001592_8000_7000.tif,85-45,2,O2023_85_48_1_0054_00000560_0_2000.tif,85-48,0,465.0,4.65
O2023_85_45_1_0025_00001592_8000_7000.tif,85-45,2,O2023_85_48_1_0053_00000198_6000_3000.tif,85-48,0,1044.0,10.44
O2023_85_45_1_0025_00001592_8000_7000.tif,85-45,2,O2023_85_48_1_0054_00000562_0_5000.tif,85-48,0,858.0,8.58
O2023_85_45_1_0025_00001592_8000_7000.tif,85-45,2,O2023_85_48_1_0054_00000563_0_7000.tif,85-48,0,1058.0,10.58
O2023_85_45_1_0025_00001592_8000_7000.tif,85-45,2,O2023_85_48_1_0053_00000196_6000_6000.tif,85-48,0,1702.0,17.02
O2023_85_45_1_0025_00001592_8000_7000.tif,85-45,2,O2023_85_48_1_0054_00000559_0_0.tif,85-48,0,1815.0,18.15
O2023_85_45_1_0025_00001592_8000_7000.tif,85-45,2,O2023_85_48_1_0053_00000199_6000_1000.tif,85-48,0,2450.0,24.5
O2023_85_45_1_0025_00001592_8000_7000.tif,85-45,2,O2023_85_48_1_0054_00000561_0_3000.tif,85-48,0,2128.0,21.28
O2023_85_45_1_0025_00001592_8000_7000.tif,85-45,2,O2023_85_48_1_0053_00000197_6000_4000.tif,85-48,0,3400.0,34.0
O2023_85_45_1_0025_00001592_8000_7000.tif,85-45,2,O2023_85_48_1_0054_00000563_0_6000.tif,85-48,0,2093.0,20.93
O2023_85_45_1_0025_00001592_8000_7000.tif,85-45,2,O2023_85_48_1_0054_00000560_0_1000.tif,85-48,0,2635.0,26.35
O2023_85_45_1_0025_00001592_8000_7000.tif,85-45,2,O2023_85_48_1_0053_00000198_6000_2000.tif,85-48,0,2556.0,25.56
O2023_85_45_1_0025_00001592_8000_7000.tif,85-45,2,O2023_85_48_1_0054_00000562_0_4000.tif,85-48,0,1742.0,17.42
O2023_85_45_1_0025_00001592_8000_7000.tif,85-45,2,O2023_85_48_1_0053_00000196_6000_5000.tif,85-48,0,1998.0,19.98
O2023_85_45_1_0025_00001592_8810_6000.tif,85-45,2,O2023_85_48_1_0054_00000563_0_7000.tif,85-48,0,288.0,2.88
O2023_85_45_1_0025_00001592_8810_6000.tif,85-45,2,O2023_85_48_1_0053_00000196_7000_6000.tif,85-48,0,54.0,0.54
O2023_85_45_1_0025_00001592_8810_6000.tif,85-45,2,O2023_85_48_1_0053_00000196_6000_6000.tif,85-48,0,246.0,2.46
O2023_85_45_1_0025_00001592_8810_6000.tif,85-45,2,O2023_85_48_1_0054_00000563_1000_7000.tif,85-48,0,12.0,0.12
O2023_85_45_1_0025_00001592_8810_6000.tif,85-45,2,O2023_85_48_1_0054_00000559_0_0.tif,85-48,0,1032.0,10.32
O2023_85_45_1_0025_00001592_8810_6000.tif,85-45,2,O2023_85_48_1_0054_00000559_1000_0.tif,85-48,0,168.0,1.68
O2023_85_45_1_0025_00001592_8810_6000.tif,85-45,2,O2023_85_48_1_0053_00000199_7000_1000.tif,85-48,0,432.0,4.32
O2023_85_45_1_0025_00001592_8810_6000.tif,85-45,2,O2023_85_48_1_0053_00000199_6000_1000.tif,85-48,0,2268.0,22.68
O2023_85_45_1_0025_00001592_8810_6000.tif,85-45,2,O2023_85_48_1_0054_00000561_1000_3000.tif,85-48,0,297.0,2.97
O2023_85_45_1_0025_00001592_8810_6000.tif,85-45,2,O2023_85_48_1_0054_00000561_0_3000.tif,85-48,0,3003.0,30.03
O2023_85_45_1_0025_00001592_8810_6000.tif,85-45,2,O2023_85_48_1_0053_00000197_6000_4000.tif,85-48,0,3318.0,33.18
O2023_85_45_1_0025_00001592_8810_6000.tif,85-45,2,O2023_85_48_1_0053_00000197_7000_4000.tif,85-48,0,882.0,8.82
O2023_85_45_1_0025_00001592_8810_6000.tif,85-45,2,O2023_85_48_1_0054_00000563_0_6000.tif,85-48,0,4608.0,46.08
O2023_85_45_1_0025_00001592_8810_6000.tif,85-45,2,O2023_85_48_1_0054_00000563_1000_6000.tif,85-48,0,192.0,1.92
O2023_85_45_1_0025_00001592_8810_6000.tif,85-45,2,O2023_85_48_1_0054_00000560_0_1000.tif,85-48,0,6336.0,63.36
O2023_85_45_1_0025_00001592_8810_6000.tif,85-45,2,O2023_85_48_1_0054_00000560_1000_1000.tif,85-48,0,864.0,8.64
O2023_85_45_1_0025_00001592_8810_6000.tif,85-45,2,O2023_85_48_1_0053_00000198_7000_2000.tif,85-48,0,1462.0,14.62
O2023_85_45_1_0025_00001592_8810_6000.tif,85-45,2,O2023_85_48_1_0053_00000198_6000_2000.tif,85-48,0,7138.0,71.38
O2023_85_45_1_0025_00001592_8810_6000.tif,85-45,2,O2023_85_48_1_0054_00000562_1000_4000.tif,85-48,0,630.0,6.3
O2023_85_45_1_0025_00001592_8810_6000.tif,85-45,2,O2023_85_48_1_0054_00000562_0_4000.tif,85-48,0,8370.0,83.7
O2023_85_45_1_0025_00001592_8810_6000.tif,85-45,2,O2023_85_48_1_0053_00000196_6000_5000.tif,85-48,0,7954.0,79.54
O2023_85_45_1_0025_00001592_8810_6000.tif,85-45,2,O2023_85_48_1_0053_00000196_7000_5000.tif,85-48,0,1746.0,17.46
O2023_85_45_1_0025_00001592_8810_6000.tif,85-45,2,O2023_85_48_1_0053_00000195_7000_7000.tif,85-48,0,1387.0,13.87
O2023_85_45_1_0025_00001592_8810_6000.tif,85-45,2,O2023_85_48_1_0053_00000199_7000_0.tif,85-48,0,1168.0,11.68
O2023_85_45_1_0025_00001592_8810_6000.tif,85-45,2,O2023_85_48_1_0054_00000561_1000_2000.tif,85-48,0,603.0,6.03
O2023_85_45_1_0025_00001592_8810_6000.tif,85-45,2,O2023_85_48_1_0053_00000197_7000_3000.tif,85-48,0,1218.0,12.18
O2023_85_45_1_0025_00001592_8810_6000.tif,85-45,2,O2023_85_48_1_0054_00000563_1000_5000.tif,85-48,0,208.0,2.08
O2023_85_45_1_0025_00001592_8810_6000.tif,85-45,2,O2023_85_48_1_0054_00000564_1000_7000.tif,85-48,0,40.0,0.4
O2023_85_45_1_0025_00001592_8810_6000.tif,85-45,2,O2023_85_48_1_0053_00000195_7000_6000.tif,85-48,0,570.0,5.7
O2023_85_45_1_0025_00001592_8810_6000.tif,85-45,2,O2023_85_48_1_0054_00000560_1000_0.tif,85-48,0,336.0,3.36
O2023_85_45_1_0025_00001592_8810_6000.tif,85-45,2,O2023_85_48_1_0053_00000198_7000_1000.tif,85-48,0,238.0,2.38
O2023_85_45_1_0025_00001592_8810_6000.tif,85-45,2,O2023_85_48_1_0054_00000562_1000_3000.tif,85-48,0,70.0,0.7
O2023_85_45_1_0025_00001592_8810_7000.tif,85-45,2,O2023_85_48_1_0053_00000196_7000_7000.tif,85-48,0,18.0,0.18
O2023_85_45_1_0025_00001592_8810_7000.tif,85-45,2,O2023_85_48_1_0053_00000196_6000_7000.tif,85-48,0,82.0,0.82
O2023_85_45_1_0025_00001592_8810_7000.tif,85-45,2,O2023_85_48_1_0053_00000200_6000_0.tif,85-48,0,830.0,8.3
O2023_85_45_1_0025_00001592_8810_7000.tif,85-45,2,O2023_85_48_1_0053_00000200_7000_0.tif,85-48,0,170.0,1.7
O2023_85_45_1_0025_00001592_8810_7000.tif,85-45,2,O2023_85_48_1_0054_00000560_1000_2000.tif,85-48,0,180.0,1.8
O2023_85_45_1_0025_00001592_8810_7000.tif,85-45,2,O2023_85_48_1_0054_00000560_0_2000.tif,85-48,0,1320.0,13.2
O2023_85_45_1_0025_00001592_8810_7000.tif,85-45,2,O2023_85_48_1_0053_00000198_6000_3000.tif,85-48,0,2407.0,24.07
O2023_85_45_1_0025_00001592_8810_7000.tif,85-45,2,O2023_85_48_1_0053_00000198_7000_3000.tif,85-48,0,493.0,4.93
O2023_85_45_1_0025_00001592_8810_7000.tif,85-45,2,O2023_85_48_1_0054_00000562_0_5000.tif,85-48,0,3069.0,30.69
O2023_85_45_1_0025_00001592_8810_7000.tif,85-45,2,O2023_85_48_1_0054_00000562_1000_5000.tif,85-48,0,231.0,2.31
O2023_85_45_1_0025_00001592_8810_7000.tif,85-45,2,O2023_85_48_1_0054_00000563_0_7000.tif,85-48,0,4416.0,44.16
O2023_85_45_1_0025_00001592_8810_7000.tif,85-45,2,O2023_85_48_1_0053_00000196_7000_6000.tif,85-48,0,828.0,8.28
O2023_85_45_1_0025_00001592_8810_7000.tif,85-45,2,O2023_85_48_1_0053_00000196_6000_6000.tif,85-48,0,3772.0,37.72
O2023_85_45_1_0025_00001592_8810_7000.tif,85-45,2,O2023_85_48_1_0054_00000563_1000_7000.tif,85-48,0,184.0,1.84
O2023_85_45_1_0025_00001592_8810_7000.tif,85-45,2,O2023_85_48_1_0054_00000559_0_0.tif,85-48,0,4730.0,47.3
O2023_85_45_1_0025_00001592_8810_7000.tif,85-45,2,O2023_85_48_1_0054_00000559_1000_0.tif,85-48,0,770.0,7.7
O2023_85_45_1_0025_00001592_8810_7000.tif,85-45,2,O2023_85_48_1_0053_00000199_7000_1000.tif,85-48,0,1120.0,11.2
O2023_85_45_1_0025_00001592_8810_7000.tif,85-45,2,O2023_85_48_1_0053_00000199_6000_1000.tif,85-48,0,5880.0,58.8
O2023_85_45_1_0025_00001592_8810_7000.tif,85-45,2,O2023_85_48_1_0054_00000561_1000_3000.tif,85-48,0,684.0,6.84
O2023_85_45_1_0025_00001592_8810_7000.tif,85-45,2,O2023_85_48_1_0054_00000561_0_3000.tif,85-48,0,6916.0,69.16
O2023_85_45_1_0025_00001592_8810_7000.tif,85-45,2,O2023_85_48_1_0053_00000197_6000_4000.tif,85-48,0,6715.0,67.15
O2023_85_45_1_0025_00001592_8810_7000.tif,85-45,2,O2023_85_48_1_0053_00000197_7000_4000.tif,85-48,0,1785.0,17.85
O2023_85_45_1_0025_00001592_8810_7000.tif,85-45,2,O2023_85_48_1_0054_00000563_0_6000.tif,85-48,0,8736.0,87.36
O2023_85_45_1_0025_00001592_8810_7000.tif,85-45,2,O2023_85_48_1_0054_00000563_1000_6000.tif,85-48,0,364.0,3.64
O2023_85_45_1_0025_00001592_8810_7000.tif,85-45,2,O2023_85_48_1_0054_00000560_0_1000.tif,85-48,0,7480.0,74.8
O2023_85_45_1_0025_00001592_8810_7000.tif,85-45,2,O2023_85_48_1_0054_00000560_1000_1000.tif,85-48,0,1020.0,10.2
O2023_85_45_1_0025_00001592_8810_7000.tif,85-45,2,O2023_85_48_1_0053_00000198_7000_2000.tif,85-48,0,1207.0,12.07
O2023_85_45_1_0025_00001592_8810_7000.tif,85-45,2,O2023_85_48_1_0053_00000198_6000_2000.tif,85-48,0,5893.0,58.93
O2023_85_45_1_0025_00001592_8810_7000.tif,85-45,2,O2023_85_48_1_0054_00000562_1000_4000.tif,85-48,0,469.0,4.69
O2023_85_45_1_0025_00001592_8810_7000.tif,85-45,2,O2023_85_48_1_0054_00000562_0_4000.tif,85-48,0,6231.0,62.31
O2023_85_45_1_0025_00001592_8810_7000.tif,85-45,2,O2023_85_48_1_0053_00000196_6000_5000.tif,85-48,0,4428.0,44.28
O2023_85_45_1_0025_00001592_8810_7000.tif,85-45,2,O2023_85_48_1_0053_00000196_7000_5000.tif,85-48,0,972.0,9.72
O2023_85_45_1_0025_00001592_8810_7000.tif,85-45,2,O2023_85_48_1_0053_00000195_7000_7000.tif,85-48,0,570.0,5.7
O2023_85_45_1_0025_00001592_8810_7000.tif,85-45,2,O2023_85_48_1_0053_00000199_7000_0.tif,85-48,0,480.0,4.8
O2023_85_45_1_0025_00001592_8810_7000.tif,85-45,2,O2023_85_48_1_0054_00000561_1000_2000.tif,85-48,0,216.0,2.16
O2023_85_45_1_0025_00001592_8810_7000.tif,85-45,2,O2023_85_48_1_0053_00000197_7000_3000.tif,85-48,0,315.0,3.15
O2023_85_45_1_0025_00001592_8810_7000.tif,85-45,2,O2023_85_48_1_0054_00000563_1000_5000.tif,85-48,0,36.0,0.36
O2023_85_45_1_0026_00002352_3000_7000.tif,85-45,2,O2023_85_48_1_0053_00000195_7000_7000.tif,85-48,0,1440.0,14.4
O2023_85_45_1_0026_00002352_3000_7000.tif,85-45,2,O2023_85_48_1_0053_00000199_7000_0.tif,85-48,0,1380.0,13.8
O2023_85_45_1_0026_00002352_3000_7000.tif,85-45,2,O2023_85_48_1_0054_00000561_1000_2000.tif,85-48,0,1612.0,16.12
O2023_85_45_1_0026_00002352_3000_7000.tif,85-45,2,O2023_85_48_1_0053_00000197_7000_3000.tif,85-48,0,2590.0,25.9
O2023_85_45_1_0026_00002352_3000_7000.tif,85-45,2,O2023_85_48_1_0054_00000563_1000_5000.tif,85-48,0,2337.0,23.37
O2023_85_45_1_0026_00002352_3000_7000.tif,85-45,2,O2023_85_48_1_0054_00000564_1000_7000.tif,85-48,0,2862.0,28.62
O2023_85_45_1_0026_00002352_3000_7000.tif,85-45,2,O2023_85_48_1_0053_00000195_7000_6000.tif,85-48,0,4536.0,45.36
O2023_85_45_1_0026_00002352_3000_7000.tif,85-45,2,O2023_85_48_1_0054_00000560_1000_0.tif,85-48,0,4225.0,42.25
O2023_85_45_1_0026_00002352_3000_7000.tif,85-45,2,O2023_85_48_1_0053_00000198_7000_1000.tif,85-48,0,5530.0,55.3
O2023_85_45_1_0026_00002352_3000_7000.tif,85-45,2,O2023_85_48_1_0054_00000562_1000_3000.tif,85-48,0,4980.0,49.8
O2023_85_45_1_0026_00002352_3000_7000.tif,85-45,2,O2023_85_48_1_0053_00000196_7000_4000.tif,85-48,0,6816.0,68.16
O2023_85_45_1_0026_00002352_3000_7000.tif,85-45,2,O2023_85_48_1_0054_00000564_1000_6000.tif,85-48,0,5238.0,52.38
O2023_85_45_1_0026_00002352_4000_7000.tif,85-45,2,O2023_85_48_1_0053_00000195_7000_7000.tif,85-48,0,560.0,5.6
O2023_85_45_1_0026_00002352_4000_7000.tif,85-45,2,O2023_85_48_1_0053_00000199_7000_0.tif,85-48,0,620.0,6.2
O2023_85_45_1_0026_00002352_4000_7000.tif,85-45,2,O2023_85_48_1_0053_00000195_8000_7000.tif,85-48,0,1440.0,14.4
O2023_85_45_1_0026_00002352_4000_7000.tif,85-45,2,O2023_85_48_1_0053_00000199_8000_0.tif,85-48,0,1380.0,13.8
O2023_85_45_1_0026_00002352_4000_7000.tif,85-45,2,O2023_85_48_1_0054_00000561_2000_2000.tif,85-48,0,1612.0,16.12
O2023_85_45_1_0026_00002352_4000_7000.tif,85-45,2,O2023_85_48_1_0054_00000561_1000_2000.tif,85-48,0,988.0,9.88
O2023_85_45_1_0026_00002352_4000_7000.tif,85-45,2,O2023_85_48_1_0053_00000197_8000_3000.tif,85-48,0,2590.0,25.9
O2023_85_45_1_0026_00002352_4000_7000.tif,85-45,2,O2023_85_48_1_0053_00000197_7000_3000.tif,85-48,0,910.0,9.1
O2023_85_45_1_0026_00002352_4000_7000.tif,85-45,2,O2023_85_48_1_0054_00000563_1000_5000.tif,85-48,0,1763.0,17.63
O2023_85_45_1_0026_00002352_4000_7000.tif,85-45,2,O2023_85_48_1_0054_00000563_2000_5000.tif,85-48,0,2337.0,23.37
O2023_85_45_1_0026_00002352_4000_7000.tif,85-45,2,O2023_85_48_1_0054_00000564_1000_7000.tif,85-48,0,2438.0,24.38
O2023_85_45_1_0026_00002352_4000_7000.tif,85-45,2,O2023_85_48_1_0054_00000564_2000_7000.tif,85-48,0,2862.0,28.62
O2023_85_45_1_0026_00002352_4000_7000.tif,85-45,2,O2023_85_48_1_0053_00000195_7000_6000.tif,85-48,0,1764.0,17.64
O2023_85_45_1_0026_00002352_4000_7000.tif,85-45,2,O2023_85_48_1_0053_00000195_8000_6000.tif,85-48,0,4536.0,45.36
O2023_85_45_1_0026_00002352_4000_7000.tif,85-45,2,O2023_85_48_1_0054_00000560_1000_0.tif,85-48,0,2275.0,22.75
O2023_85_45_1_0026_00002352_4000_7000.tif,85-45,2,O2023_85_48_1_0054_00000560_2000_0.tif,85-48,0,4225.0,42.25
O2023_85_45_1_0026_00002352_4000_7000.tif,85-45,2,O2023_85_48_1_0053_00000198_8000_1000.tif,85-48,0,5530.0,55.3
O2023_85_45_1_0026_00002352_4000_7000.tif,85-45,2,O2023_85_48_1_0053_00000198_7000_1000.tif,85-48,0,2370.0,23.7
O2023_85_45_1_0026_00002352_4000_7000.tif,85-45,2,O2023_85_48_1_0054_00000562_1000_3000.tif,85-48,0,3320.0,33.2
O2023_85_45_1_0026_00002352_4000_7000.tif,85-45,2,O2023_85_48_1_0054_00000562_2000_3000.tif,85-48,0,4980.0,49.8
O2023_85_45_1_0026_00002352_4000_7000.tif,85-45,2,O2023_85_48_1_0053_00000196_7000_4000.tif,85-48,0,2784.0,27.84
O2023_85_45_1_0026_00002352_4000_7000.tif,85-45,2,O2023_85_48_1_0053_00000196_8000_4000.tif,85-48,0,6816.0,68.16
O2023_85_45_1_0026_00002352_4000_7000.tif,85-45,2,O2023_85_48_1_0054_00000564_2000_6000.tif,85-48,0,5238.0,52.38
O2023_85_45_1_0026_00002352_4000_7000.tif,85-45,2,O2023_85_48_1_0054_00000564_1000_6000.tif,85-48,0,4462.0,44.62
O2023_85_45_1_0026_00002352_5000_7000.tif,85-45,2,O2023_85_48_1_0053_00000195_8000_7000.tif,85-48,0,560.0,5.6
O2023_85_45_1_0026_00002352_5000_7000.tif,85-45,2,O2023_85_48_1_0053_00000199_8000_0.tif,85-48,0,620.0,6.2
O2023_85_45_1_0026_00002352_5000_7000.tif,85-45,2,O2023_85_48_1_0053_00000195_8780_7000.tif,85-48,0,1880.0,18.8
O2023_85_45_1_0026_00002352_5000_7000.tif,85-45,2,O2023_85_48_1_0053_00000199_9000_0.tif,85-48,0,1840.0,18.4
O2023_85_45_1_0026_00002352_5000_7000.tif,85-45,2,O2023_85_48_1_0054_00000561_2000_2000.tif,85-48,0,988.0,9.88
O2023_85_45_1_0026_00002352_5000_7000.tif,85-45,2,O2023_85_48_1_0053_00000197_8000_3000.tif,85-48,0,910.0,9.1
O2023_85_45_1_0026_00002352_5000_7000.tif,85-45,2,O2023_85_48_1_0053_00000197_8790_3000.tif,85-48,0,3325.0,33.25
O2023_85_45_1_0026_00002352_5000_7000.tif,85-45,2,O2023_85_48_1_0054_00000563_2000_5000.tif,85-48,0,1763.0,17.63
O2023_85_45_1_0026_00002352_5000_7000.tif,85-45,2,O2023_85_48_1_0054_00000564_2000_7000.tif,85-48,0,2438.0,24.38
O2023_85_45_1_0026_00002352_5000_7000.tif,85-45,2,O2023_85_48_1_0053_00000195_8780_6000.tif,85-48,0,5922.0,59.22
O2023_85_45_1_0026_00002352_5000_7000.tif,85-45,2,O2023_85_48_1_0053_00000195_8000_6000.tif,85-48,0,1764.0,17.64
O2023_85_45_1_0026_00002352_5000_7000.tif,85-45,2,O2023_85_48_1_0054_00000560_2000_0.tif,85-48,0,2275.0,22.75
O2023_85_45_1_0026_00002352_5000_7000.tif,85-45,2,O2023_85_48_1_0053_00000198_8000_1000.tif,85-48,0,2370.0,23.7
O2023_85_45_1_0026_00002352_5000_7000.tif,85-45,2,O2023_85_48_1_0053_00000198_8780_1000.tif,85-48,0,7268.0,72.68
O2023_85_45_1_0026_00002352_5000_7000.tif,85-45,2,O2023_85_48_1_0054_00000562_2000_3000.tif,85-48,0,3320.0,33.2
O2023_85_45_1_0026_00002352_5000_7000.tif,85-45,2,O2023_85_48_1_0053_00000196_8000_4000.tif,85-48,0,2784.0,27.84
O2023_85_45_1_0026_00002352_5000_7000.tif,85-45,2,O2023_85_48_1_0053_00000196_8790_4000.tif,85-48,0,8832.0,88.32
O2023_85_45_1_0026_00002352_5000_7000.tif,85-45,2,O2023_85_48_1_0054_00000564_2000_6000.tif,85-48,0,4462.0,44.62
O2023_85_45_1_0026_00002353_2000_6000.tif,85-45,2,O2023_85_48_1_0053_00000198_6000_3000.tif,85-48,0,560.0,5.6
O2023_85_45_1_0026_00002353_2000_6000.tif,85-45,2,O2023_85_48_1_0054_00000562_0_5000.tif,85-48,0,720.0,7.2
O2023_85_45_1_0026_00002353_2000_6000.tif,85-45,2,O2023_85_48_1_0054_00000563_0_7000.tif,85-48,0,1425.0,14.25
O2023_85_45_1_0026_00002353_2000_6000.tif,85-45,2,O2023_85_48_1_0053_00000196_6000_6000.tif,85-48,0,1775.0,17.75
O2023_85_45_1_0026_00002353_2000_6000.tif,85-45,2,O2023_85_48_1_0054_00000559_0_0.tif,85-48,0,2278.0,22.78
O2023_85_45_1_0026_00002353_2000_6000.tif,85-45,2,O2023_85_48_1_0053_00000199_6000_1000.tif,85-48,0,3381.0,33.81
O2023_85_45_1_0026_00002353_2000_6000.tif,85-45,2,O2023_85_48_1_0054_00000561_0_3000.tif,85-48,0,3410.0,34.1
O2023_85_45_1_0026_00002353_2000_6000.tif,85-45,2,O2023_85_48_1_0053_00000197_6000_4000.tif,85-48,0,4736.0,47.36
O2023_85_45_1_0026_00002353_2000_6000.tif,85-45,2,O2023_85_48_1_0054_00000563_0_6000.tif,85-48,0,3990.0,39.9
O2023_85_45_1_0026_00002353_2000_6000.tif,85-45,2,O2023_85_48_1_0054_00000560_0_1000.tif,85-48,0,6110.0,61.1
O2023_85_45_1_0026_00002353_2000_6000.tif,85-45,2,O2023_85_48_1_0053_00000198_6000_2000.tif,85-48,0,6440.0,64.4
O2023_85_45_1_0026_00002353_2000_6000.tif,85-45,2,O2023_85_48_1_0054_00000562_0_4000.tif,85-48,0,5280.0,52.8
O2023_85_45_1_0026_00002353_2000_6000.tif,85-45,2,O2023_85_48_1_0053_00000196_6000_5000.tif,85-48,0,5325.0,53.25
O2023_85_45_1_0026_00002353_2000_7000.tif,85-45,2,O2023_85_48_1_0053_00000196_6000_7000.tif,85-48,0,710.0,7.1
O2023_85_45_1_0026_00002353_2000_7000.tif,85-45,2,O2023_85_48_1_0053_00000200_6000_0.tif,85-48,0,1330.0,13.3
O2023_85_45_1_0026_00002353_2000_7000.tif,85-45,2,O2023_85_48_1_0054_00000560_0_2000.tif,85-48,0,1560.0,15.6
O2023_85_45_1_0026_00002353_2000_7000.tif,85-45,2,O2023_85_48_1_0053_00000198_6000_3000.tif,85-48,0,2660.0,26.6
O2023_85_45_1_0026_00002353_2000_7000.tif,85-45,2,O2023_85_48_1_0054_00000562_0_5000.tif,85-48,0,2520.0,25.2
O2023_85_45_1_0026_00002353_2000_7000.tif,85-45,2,O2023_85_48_1_0054_00000563_0_7000.tif,85-48,0,3135.0,31.35
O2023_85_45_1_0026_00002353_2000_7000.tif,85-45,2,O2023_85_48_1_0053_00000196_6000_6000.tif,85-48,0,3905.0,39.05
O2023_85_45_1_0026_00002353_2000_7000.tif,85-45,2,O2023_85_48_1_0054_00000559_0_0.tif,85-48,0,4288.0,42.88
O2023_85_45_1_0026_00002353_2000_7000.tif,85-45,2,O2023_85_48_1_0053_00000199_6000_1000.tif,85-48,0,5451.0,54.51
O2023_85_45_1_0026_00002353_2000_7000.tif,85-45,2,O2023_85_48_1_0054_00000561_0_3000.tif,85-48,0,5270.0,52.7
O2023_85_45_1_0026_00002353_2000_7000.tif,85-45,2,O2023_85_48_1_0053_00000197_6000_4000.tif,85-48,0,6956.0,69.56
O2023_85_45_1_0026_00002353_2000_7000.tif,85-45,2,O2023_85_48_1_0054_00000563_0_6000.tif,85-48,0,5700.0,57.0
O2023_85_45_1_0026_00002353_2000_7000.tif,85-45,2,O2023_85_48_1_0054_00000560_0_1000.tif,85-48,0,4940.0,49.4
O2023_85_45_1_0026_00002353_2000_7000.tif,85-45,2,O2023_85_48_1_0053_00000198_6000_2000.tif,85-48,0,4340.0,43.4
O2023_85_45_1_0026_00002353_2000_7000.tif,85-45,2,O2023_85_48_1_0054_00000562_0_4000.tif,85-48,0,3480.0,34.8
O2023_85_45_1_0026_00002353_2000_7000.tif,85-45,2,O2023_85_48_1_0053_00000196_6000_5000.tif,85-48,0,3195.0,31.95
O2023_85_45_1_0026_00002353_3000_5000.tif,85-45,2,O2023_85_48_1_0053_00000198_7000_2000.tif,85-48,0,560.0,5.6
O2023_85_45_1_0026_00002353_3000_5000.tif,85-45,2,O2023_85_48_1_0053_00000198_6000_2000.tif,85-48,0,240.0,2.4
O2023_85_45_1_0026_00002353_3000_5000.tif,85-45,2,O2023_85_48_1_0054_00000562_1000_4000.tif,85-48,0,720.0,7.2
O2023_85_45_1_0026_00002353_3000_5000.tif,85-45,2,O2023_85_48_1_0054_00000562_0_4000.tif,85-48,0,480.0,4.8
O2023_85_45_1_0026_00002353_3000_5000.tif,85-45,2,O2023_85_48_1_0053_00000196_6000_5000.tif,85-48,0,725.0,7.25
O2023_85_45_1_0026_00002353_3000_5000.tif,85-45,2,O2023_85_48_1_0053_00000196_7000_5000.tif,85-48,0,1775.0,17.75
O2023_85_45_1_0026_00002353_3000_5000.tif,85-45,2,O2023_85_48_1_0053_00000195_7000_7000.tif,85-48,0,3528.0,35.28
O2023_85_45_1_0026_00002353_3000_5000.tif,85-45,2,O2023_85_48_1_0053_00000199_7000_0.tif,85-48,0,3381.0,33.81
O2023_85_45_1_0026_00002353_3000_5000.tif,85-45,2,O2023_85_48_1_0054_00000561_1000_2000.tif,85-48,0,3410.0,34.1
O2023_85_45_1_0026_00002353_3000_5000.tif,85-45,2,O2023_85_48_1_0053_00000197_7000_3000.tif,85-48,0,4736.0,47.36
O2023_85_45_1_0026_00002353_3000_5000.tif,85-45,2,O2023_85_48_1_0054_00000563_1000_5000.tif,85-48,0,3990.0,39.9
O2023_85_45_1_0026_00002353_3000_5000.tif,85-45,2,O2023_85_48_1_0054_00000564_1000_7000.tif,85-48,0,4428.0,44.28
O2023_85_45_1_0026_00002353_3000_5000.tif,85-45,2,O2023_85_48_1_0053_00000195_7000_6000.tif,85-48,0,6624.0,66.24
O2023_85_45_1_0026_00002353_3000_5000.tif,85-45,2,O2023_85_48_1_0054_00000560_1000_0.tif,85-48,0,6110.0,61.1
O2023_85_45_1_0026_00002353_3000_5000.tif,85-45,2,O2023_85_48_1_0053_00000198_7000_1000.tif,85-48,0,6440.0,64.4
O2023_85_45_1_0026_00002353_3000_5000.tif,85-45,2,O2023_85_48_1_0054_00000562_1000_3000.tif,85-48,0,5280.0,52.8
O2023_85_45_1_0026_00002353_3000_5000.tif,85-45,2,O2023_85_48_1_0053_00000196_7000_4000.tif,85-48,0,5325.0,53.25
O2023_85_45_1_0026_00002353_3000_5000.tif,85-45,2,O2023_85_48_1_0054_00000564_1000_6000.tif,85-48,0,3996.0,39.96
O2023_85_45_1_0026_00002353_3000_6000.tif,85-45,2,O2023_85_48_1_0053_00000198_6000_3000.tif,85-48,0,240.0,2.4
O2023_85_45_1_0026_00002353_3000_6000.tif,85-45,2,O2023_85_48_1_0053_00000198_7000_3000.tif,85-48,0,560.0,5.6
O2023_85_45_1_0026_00002353_3000_6000.tif,85-45,2,O2023_85_48_1_0054_00000562_0_5000.tif,85-48,0,480.0,4.8
O2023_85_45_1_0026_00002353_3000_6000.tif,85-45,2,O2023_85_48_1_0054_00000562_1000_5000.tif,85-48,0,720.0,7.2
O2023_85_45_1_0026_00002353_3000_6000.tif,85-45,2,O2023_85_48_1_0054_00000563_0_7000.tif,85-48,0,1075.0,10.75
O2023_85_45_1_0026_00002353_3000_6000.tif,85-45,2,O2023_85_48_1_0053_00000196_7000_6000.tif,85-48,0,1775.0,17.75
O2023_85_45_1_0026_00002353_3000_6000.tif,85-45,2,O2023_85_48_1_0053_00000196_6000_6000.tif,85-48,0,725.0,7.25
O2023_85_45_1_0026_00002353_3000_6000.tif,85-45,2,O2023_85_48_1_0054_00000563_1000_7000.tif,85-48,0,1425.0,14.25
O2023_85_45_1_0026_00002353_3000_6000.tif,85-45,2,O2023_85_48_1_0054_00000559_0_0.tif,85-48,0,1122.0,11.22
O2023_85_45_1_0026_00002353_3000_6000.tif,85-45,2,O2023_85_48_1_0054_00000559_1000_0.tif,85-48,0,2278.0,22.78
O2023_85_45_1_0026_00002353_3000_6000.tif,85-45,2,O2023_85_48_1_0053_00000199_7000_1000.tif,85-48,0,3381.0,33.81
O2023_85_45_1_0026_00002353_3000_6000.tif,85-45,2,O2023_85_48_1_0053_00000199_6000_1000.tif,85-48,0,1519.0,15.19
O2023_85_45_1_0026_00002353_3000_6000.tif,85-45,2,O2023_85_48_1_0054_00000561_1000_3000.tif,85-48,0,3410.0,34.1
O2023_85_45_1_0026_00002353_3000_6000.tif,85-45,2,O2023_85_48_1_0054_00000561_0_3000.tif,85-48,0,2090.0,20.9
O2023_85_45_1_0026_00002353_3000_6000.tif,85-45,2,O2023_85_48_1_0053_00000197_6000_4000.tif,85-48,0,1664.0,16.64
O2023_85_45_1_0026_00002353_3000_6000.tif,85-45,2,O2023_85_48_1_0053_00000197_7000_4000.tif,85-48,0,4736.0,47.36
O2023_85_45_1_0026_00002353_3000_6000.tif,85-45,2,O2023_85_48_1_0054_00000563_0_6000.tif,85-48,0,3010.0,30.1
O2023_85_45_1_0026_00002353_3000_6000.tif,85-45,2,O2023_85_48_1_0054_00000563_1000_6000.tif,85-48,0,3990.0,39.9
O2023_85_45_1_0026_00002353_3000_6000.tif,85-45,2,O2023_85_48_1_0054_00000560_0_1000.tif,85-48,0,3290.0,32.9
O2023_85_45_1_0026_00002353_3000_6000.tif,85-45,2,O2023_85_48_1_0054_00000560_1000_1000.tif,85-48,0,6110.0,61.1
O2023_85_45_1_0026_00002353_3000_6000.tif,85-45,2,O2023_85_48_1_0053_00000198_7000_2000.tif,85-48,0,6440.0,64.4
O2023_85_45_1_0026_00002353_3000_6000.tif,85-45,2,O2023_85_48_1_0053_00000198_6000_2000.tif,85-48,0,2760.0,27.6
O2023_85_45_1_0026_00002353_3000_6000.tif,85-45,2,O2023_85_48_1_0054_00000562_1000_4000.tif,85-48,0,5280.0,52.8
O2023_85_45_1_0026_00002353_3000_6000.tif,85-45,2,O2023_85_48_1_0054_00000562_0_4000.tif,85-48,0,3520.0,35.2
O2023_85_45_1_0026_00002353_3000_6000.tif,85-45,2,O2023_85_48_1_0053_00000196_6000_5000.tif,85-48,0,2175.0,21.75
O2023_85_45_1_0026_00002353_3000_6000.tif,85-45,2,O2023_85_48_1_0053_00000196_7000_5000.tif,85-48,0,5325.0,53.25
O2023_85_45_1_0026_00002353_3000_6000.tif,85-45,2,O2023_85_48_1_0053_00000195_7000_7000.tif,85-48,0,3672.0,36.72
O2023_85_45_1_0026_00002353_3000_6000.tif,85-45,2,O2023_85_48_1_0053_00000199_7000_0.tif,85-48,0,3519.0,35.19
O2023_85_45_1_0026_00002353_3000_6000.tif,85-45,2,O2023_85_48_1_0054_00000561_1000_2000.tif,85-48,0,2790.0,27.9
O2023_85_45_1_0026_00002353_3000_6000.tif,85-45,2,O2023_85_48_1_0053_00000197_7000_3000.tif,85-48,0,2664.0,26.64
O2023_85_45_1_0026_00002353_3000_6000.tif,85-45,2,O2023_85_48_1_0054_00000563_1000_5000.tif,85-48,0,1710.0,17.1
O2023_85_45_1_0026_00002353_3000_6000.tif,85-45,2,O2023_85_48_1_0054_00000564_1000_7000.tif,85-48,0,972.0,9.72
O2023_85_45_1_0026_00002353_3000_6000.tif,85-45,2,O2023_85_48_1_0053_00000195_7000_6000.tif,85-48,0,576.0,5.76
O2023_85_45_1_0026_00002353_3000_6000.tif,85-45,2,O2023_85_48_1_0054_00000560_1000_0.tif,85-48,0,390.0,3.9
O2023_85_45_1_0026_00002353_3000_7000.tif,85-45,2,O2023_85_48_1_0053_00000196_7000_7000.tif,85-48,0,710.0,7.1
O2023_85_45_1_0026_00002353_3000_7000.tif,85-45,2,O2023_85_48_1_0053_00000196_6000_7000.tif,85-48,0,290.0,2.9
O2023_85_45_1_0026_00002353_3000_7000.tif,85-45,2,O2023_85_48_1_0053_00000200_6000_0.tif,85-48,0,570.0,5.7
O2023_85_45_1_0026_00002353_3000_7000.tif,85-45,2,O2023_85_48_1_0053_00000200_7000_0.tif,85-48,0,1330.0,13.3
O2023_85_45_1_0026_00002353_3000_7000.tif,85-45,2,O2023_85_48_1_0054_00000560_1000_2000.tif,85-48,0,1560.0,15.6
O2023_85_45_1_0026_00002353_3000_7000.tif,85-45,2,O2023_85_48_1_0054_00000560_0_2000.tif,85-48,0,840.0,8.4
O2023_85_45_1_0026_00002353_3000_7000.tif,85-45,2,O2023_85_48_1_0053_00000198_6000_3000.tif,85-48,0,1140.0,11.4
O2023_85_45_1_0026_00002353_3000_7000.tif,85-45,2,O2023_85_48_1_0053_00000198_7000_3000.tif,85-48,0,2660.0,26.6
O2023_85_45_1_0026_00002353_3000_7000.tif,85-45,2,O2023_85_48_1_0054_00000562_0_5000.tif,85-48,0,1680.0,16.8
O2023_85_45_1_0026_00002353_3000_7000.tif,85-45,2,O2023_85_48_1_0054_00000562_1000_5000.tif,85-48,0,2520.0,25.2
O2023_85_45_1_0026_00002353_3000_7000.tif,85-45,2,O2023_85_48_1_0054_00000563_0_7000.tif,85-48,0,2365.0,23.65
O2023_85_45_1_0026_00002353_3000_7000.tif,85-45,2,O2023_85_48_1_0053_00000196_7000_6000.tif,85-48,0,3905.0,39.05
O2023_85_45_1_0026_00002353_3000_7000.tif,85-45,2,O2023_85_48_1_0053_00000196_6000_6000.tif,85-48,0,1595.0,15.95
O2023_85_45_1_0026_00002353_3000_7000.tif,85-45,2,O2023_85_48_1_0054_00000563_1000_7000.tif,85-48,0,3135.0,31.35
O2023_85_45_1_0026_00002353_3000_7000.tif,85-45,2,O2023_85_48_1_0054_00000559_0_0.tif,85-48,0,2112.0,21.12
O2023_85_45_1_0026_00002353_3000_7000.tif,85-45,2,O2023_85_48_1_0054_00000559_1000_0.tif,85-48,0,4288.0,42.88
O2023_85_45_1_0026_00002353_3000_7000.tif,85-45,2,O2023_85_48_1_0053_00000199_7000_1000.tif,85-48,0,5451.0,54.51
O2023_85_45_1_0026_00002353_3000_7000.tif,85-45,2,O2023_85_48_1_0053_00000199_6000_1000.tif,85-48,0,2449.0,24.49
O2023_85_45_1_0026_00002353_3000_7000.tif,85-45,2,O2023_85_48_1_0054_00000561_1000_3000.tif,85-48,0,5270.0,52.7
O2023_85_45_1_0026_00002353_3000_7000.tif,85-45,2,O2023_85_48_1_0054_00000561_0_3000.tif,85-48,0,3230.0,32.3
O2023_85_45_1_0026_00002353_3000_7000.tif,85-45,2,O2023_85_48_1_0053_00000197_6000_4000.tif,85-48,0,2444.0,24.44
O2023_85_45_1_0026_00002353_3000_7000.tif,85-45,2,O2023_85_48_1_0053_00000197_7000_4000.tif,85-48,0,6956.0,69.56
O2023_85_45_1_0026_00002353_3000_7000.tif,85-45,2,O2023_85_48_1_0054_00000563_0_6000.tif,85-48,0,4300.0,43.0
O2023_85_45_1_0026_00002353_3000_7000.tif,85-45,2,O2023_85_48_1_0054_00000563_1000_6000.tif,85-48,0,5700.0,57.0
O2023_85_45_1_0026_00002353_3000_7000.tif,85-45,2,O2023_85_48_1_0054_00000560_0_1000.tif,85-48,0,2660.0,26.6
O2023_85_45_1_0026_00002353_3000_7000.tif,85-45,2,O2023_85_48_1_0054_00000560_1000_1000.tif,85-48,0,4940.0,49.4
O2023_85_45_1_0026_00002353_3000_7000.tif,85-45,2,O2023_85_48_1_0053_00000198_7000_2000.tif,85-48,0,4340.0,43.4
O2023_85_45_1_0026_00002353_3000_7000.tif,85-45,2,O2023_85_48_1_0053_00000198_6000_2000.tif,85-48,0,1860.0,18.6
O2023_85_45_1_0026_00002353_3000_7000.tif,85-45,2,O2023_85_48_1_0054_00000562_1000_4000.tif,85-48,0,3480.0,34.8
O2023_85_45_1_0026_00002353_3000_7000.tif,85-45,2,O2023_85_48_1_0054_00000562_0_4000.tif,85-48,0,2320.0,23.2
O2023_85_45_1_0026_00002353_3000_7000.tif,85-45,2,O2023_85_48_1_0053_00000196_6000_5000.tif,85-48,0,1305.0,13.05
O2023_85_45_1_0026_00002353_3000_7000.tif,85-45,2,O2023_85_48_1_0053_00000196_7000_5000.tif,85-48,0,3195.0,31.95
O2023_85_45_1_0026_00002353_3000_7000.tif,85-45,2,O2023_85_48_1_0053_00000195_7000_7000.tif,85-48,0,1512.0,15.12
O2023_85_45_1_0026_00002353_3000_7000.tif,85-45,2,O2023_85_48_1_0053_00000199_7000_0.tif,85-48,0,1449.0,14.49
O2023_85_45_1_0026_00002353_3000_7000.tif,85-45,2,O2023_85_48_1_0054_00000561_1000_2000.tif,85-48,0,930.0,9.3
O2023_85_45_1_0026_00002353_3000_7000.tif,85-45,2,O2023_85_48_1_0053_00000197_7000_3000.tif,85-48,0,444.0,4.44
O2023_85_45_1_0026_00002353_4000_5000.tif,85-45,2,O2023_85_48_1_0053_00000198_7000_2000.tif,85-48,0,240.0,2.4
O2023_85_45_1_0026_00002353_4000_5000.tif,85-45,2,O2023_85_48_1_0053_00000198_8000_2000.tif,85-48,0,560.0,5.6
O2023_85_45_1_0026_00002353_4000_5000.tif,85-45,2,O2023_85_48_1_0054_00000562_1000_4000.tif,85-48,0,480.0,4.8
O2023_85_45_1_0026_00002353_4000_5000.tif,85-45,2,O2023_85_48_1_0054_00000562_2000_4000.tif,85-48,0,720.0,7.2
O2023_85_45_1_0026_00002353_4000_5000.tif,85-45,2,O2023_85_48_1_0053_00000196_8000_5000.tif,85-48,0,1775.0,17.75
O2023_85_45_1_0026_00002353_4000_5000.tif,85-45,2,O2023_85_48_1_0053_00000196_7000_5000.tif,85-48,0,725.0,7.25
O2023_85_45_1_0026_00002353_4000_5000.tif,85-45,2,O2023_85_48_1_0053_00000195_7000_7000.tif,85-48,0,1372.0,13.72
O2023_85_45_1_0026_00002353_4000_5000.tif,85-45,2,O2023_85_48_1_0053_00000199_7000_0.tif,85-48,0,1519.0,15.19
O2023_85_45_1_0026_00002353_4000_5000.tif,85-45,2,O2023_85_48_1_0053_00000195_8000_7000.tif,85-48,0,3528.0,35.28
O2023_85_45_1_0026_00002353_4000_5000.tif,85-45,2,O2023_85_48_1_0053_00000199_8000_0.tif,85-48,0,3381.0,33.81
O2023_85_45_1_0026_00002353_4000_5000.tif,85-45,2,O2023_85_48_1_0054_00000561_2000_2000.tif,85-48,0,3410.0,34.1
O2023_85_45_1_0026_00002353_4000_5000.tif,85-45,2,O2023_85_48_1_0054_00000561_1000_2000.tif,85-48,0,2090.0,20.9
O2023_85_45_1_0026_00002353_4000_5000.tif,85-45,2,O2023_85_48_1_0053_00000197_8000_3000.tif,85-48,0,4736.0,47.36
O2023_85_45_1_0026_00002353_4000_5000.tif,85-45,2,O2023_85_48_1_0053_00000197_7000_3000.tif,85-48,0,1664.0,16.64
O2023_85_45_1_0026_00002353_4000_5000.tif,85-45,2,O2023_85_48_1_0054_00000563_1000_5000.tif,85-48,0,3010.0,30.1
O2023_85_45_1_0026_00002353_4000_5000.tif,85-45,2,O2023_85_48_1_0054_00000563_2000_5000.tif,85-48,0,3990.0,39.9
O2023_85_45_1_0026_00002353_4000_5000.tif,85-45,2,O2023_85_48_1_0054_00000564_1000_7000.tif,85-48,0,3772.0,37.72
O2023_85_45_1_0026_00002353_4000_5000.tif,85-45,2,O2023_85_48_1_0054_00000564_2000_7000.tif,85-48,0,4428.0,44.28
O2023_85_45_1_0026_00002353_4000_5000.tif,85-45,2,O2023_85_48_1_0053_00000195_7000_6000.tif,85-48,0,2576.0,25.76
O2023_85_45_1_0026_00002353_4000_5000.tif,85-45,2,O2023_85_48_1_0053_00000195_8000_6000.tif,85-48,0,6624.0,66.24
O2023_85_45_1_0026_00002353_4000_5000.tif,85-45,2,O2023_85_48_1_0054_00000560_1000_0.tif,85-48,0,3290.0,32.9
O2023_85_45_1_0026_00002353_4000_5000.tif,85-45,2,O2023_85_48_1_0054_00000560_2000_0.tif,85-48,0,6110.0,61.1
O2023_85_45_1_0026_00002353_4000_5000.tif,85-45,2,O2023_85_48_1_0053_00000198_8000_1000.tif,85-48,0,6440.0,64.4
O2023_85_45_1_0026_00002353_4000_5000.tif,85-45,2,O2023_85_48_1_0053_00000198_7000_1000.tif,85-48,0,2760.0,27.6
O2023_85_45_1_0026_00002353_4000_5000.tif,85-45,2,O2023_85_48_1_0054_00000562_1000_3000.tif,85-48,0,3520.0,35.2
O2023_85_45_1_0026_00002353_4000_5000.tif,85-45,2,O2023_85_48_1_0054_00000562_2000_3000.tif,85-48,0,5280.0,52.8
O2023_85_45_1_0026_00002353_4000_5000.tif,85-45,2,O2023_85_48_1_0053_00000196_7000_4000.tif,85-48,0,2175.0,21.75
O2023_85_45_1_0026_00002353_4000_5000.tif,85-45,2,O2023_85_48_1_0053_00000196_8000_4000.tif,85-48,0,5325.0,53.25
O2023_85_45_1_0026_00002353_4000_5000.tif,85-45,2,O2023_85_48_1_0054_00000564_2000_6000.tif,85-48,0,3996.0,39.96
O2023_85_45_1_0026_00002353_4000_5000.tif,85-45,2,O2023_85_48_1_0054_00000564_1000_6000.tif,85-48,0,3404.0,34.04
O2023_85_45_1_0026_00002353_4000_6000.tif,85-45,2,O2023_85_48_1_0053_00000198_7000_3000.tif,85-48,0,240.0,2.4
O2023_85_45_1_0026_00002353_4000_6000.tif,85-45,2,O2023_85_48_1_0054_00000562_1000_5000.tif,85-48,0,480.0,4.8
O2023_85_45_1_0026_00002353_4000_6000.tif,85-45,2,O2023_85_48_1_0053_00000196_7000_6000.tif,85-48,0,725.0,7.25
O2023_85_45_1_0026_00002353_4000_6000.tif,85-45,2,O2023_85_48_1_0054_00000563_1000_7000.tif,85-48,0,1075.0,10.75
O2023_85_45_1_0026_00002353_4000_6000.tif,85-45,2,O2023_85_48_1_0054_00000559_1000_0.tif,85-48,0,1122.0,11.22
O2023_85_45_1_0026_00002353_4000_6000.tif,85-45,2,O2023_85_48_1_0053_00000199_7000_1000.tif,85-48,0,1519.0,15.19
O2023_85_45_1_0026_00002353_4000_6000.tif,85-45,2,O2023_85_48_1_0054_00000561_1000_3000.tif,85-48,0,2090.0,20.9
O2023_85_45_1_0026_00002353_4000_6000.tif,85-45,2,O2023_85_48_1_0053_00000197_7000_4000.tif,85-48,0,1664.0,16.64
O2023_85_45_1_0026_00002353_4000_6000.tif,85-45,2,O2023_85_48_1_0054_00000563_1000_6000.tif,85-48,0,3010.0,30.1
O2023_85_45_1_0026_00002353_4000_6000.tif,85-45,2,O2023_85_48_1_0054_00000560_2000_1000.tif,85-48,0,6110.0,61.1
O2023_85_45_1_0026_00002353_4000_6000.tif,85-45,2,O2023_85_48_1_0054_00000560_1000_1000.tif,85-48,0,3290.0,32.9
O2023_85_45_1_0026_00002353_4000_6000.tif,85-45,2,O2023_85_48_1_0053_00000198_7000_2000.tif,85-48,0,2760.0,27.6
O2023_85_45_1_0026_00002353_4000_6000.tif,85-45,2,O2023_85_48_1_0053_00000198_8000_2000.tif,85-48,0,6440.0,64.4
O2023_85_45_1_0026_00002353_4000_6000.tif,85-45,2,O2023_85_48_1_0054_00000562_1000_4000.tif,85-48,0,3520.0,35.2
O2023_85_45_1_0026_00002353_4000_6000.tif,85-45,2,O2023_85_48_1_0054_00000562_2000_4000.tif,85-48,0,5280.0,52.8
O2023_85_45_1_0026_00002353_4000_6000.tif,85-45,2,O2023_85_48_1_0053_00000196_8000_5000.tif,85-48,0,5325.0,53.25
O2023_85_45_1_0026_00002353_4000_6000.tif,85-45,2,O2023_85_48_1_0053_00000196_7000_5000.tif,85-48,0,2175.0,21.75
O2023_85_45_1_0026_00002353_4000_6000.tif,85-45,2,O2023_85_48_1_0053_00000195_7000_7000.tif,85-48,0,1428.0,14.28
O2023_85_45_1_0026_00002353_4000_6000.tif,85-45,2,O2023_85_48_1_0053_00000199_7000_0.tif,85-48,0,1581.0,15.81
O2023_85_45_1_0026_00002353_4000_6000.tif,85-45,2,O2023_85_48_1_0053_00000195_8000_7000.tif,85-48,0,3672.0,36.72
O2023_85_45_1_0026_00002353_4000_6000.tif,85-45,2,O2023_85_48_1_0053_00000199_8000_0.tif,85-48,0,3519.0,35.19
O2023_85_45_1_0026_00002353_4000_6000.tif,85-45,2,O2023_85_48_1_0054_00000561_2000_2000.tif,85-48,0,2790.0,27.9
O2023_85_45_1_0026_00002353_4000_6000.tif,85-45,2,O2023_85_48_1_0054_00000561_1000_2000.tif,85-48,0,1710.0,17.1
O2023_85_45_1_0026_00002353_4000_6000.tif,85-45,2,O2023_85_48_1_0053_00000197_8000_3000.tif,85-48,0,2664.0,26.64
O2023_85_45_1_0026_00002353_4000_6000.tif,85-45,2,O2023_85_48_1_0053_00000197_7000_3000.tif,85-48,0,936.0,9.36
O2023_85_45_1_0026_00002353_4000_6000.tif,85-45,2,O2023_85_48_1_0054_00000563_1000_5000.tif,85-48,0,1290.0,12.9
O2023_85_45_1_0026_00002353_4000_6000.tif,85-45,2,O2023_85_48_1_0054_00000563_2000_5000.tif,85-48,0,1710.0,17.1
O2023_85_45_1_0026_00002353_4000_6000.tif,85-45,2,O2023_85_48_1_0054_00000564_1000_7000.tif,85-48,0,828.0,8.28
O2023_85_45_1_0026_00002353_4000_6000.tif,85-45,2,O2023_85_48_1_0054_00000564_2000_7000.tif,85-48,0,972.0,9.72
O2023_85_45_1_0026_00002353_4000_6000.tif,85-45,2,O2023_85_48_1_0053_00000195_7000_6000.tif,85-48,0,224.0,2.24
O2023_85_45_1_0026_00002353_4000_6000.tif,85-45,2,O2023_85_48_1_0053_00000195_8000_6000.tif,85-48,0,576.0,5.76
O2023_85_45_1_0026_00002353_4000_6000.tif,85-45,2,O2023_85_48_1_0054_00000560_1000_0.tif,85-48,0,210.0,2.1
O2023_85_45_1_0026_00002353_4000_6000.tif,85-45,2,O2023_85_48_1_0054_00000560_2000_0.tif,85-48,0,390.0,3.9
O2023_85_45_1_0026_00002353_5000_5000.tif,85-45,2,O2023_85_48_1_0053_00000198_8780_2000.tif,85-48,0,736.0,7.36
O2023_85_45_1_0026_00002353_5000_5000.tif,85-45,2,O2023_85_48_1_0053_00000198_8000_2000.tif,85-48,0,240.0,2.4
O2023_85_45_1_0026_00002353_5000_5000.tif,85-45,2,O2023_85_48_1_0054_00000562_2000_4000.tif,85-48,0,480.0,4.8
O2023_85_45_1_0026_00002353_5000_5000.tif,85-45,2,O2023_85_48_1_0053_00000196_8000_5000.tif,85-48,0,725.0,7.25
O2023_85_45_1_0026_00002353_5000_5000.tif,85-45,2,O2023_85_48_1_0053_00000196_8790_5000.tif,85-48,0,2300.0,23.0
O2023_85_45_1_0026_00002353_5000_5000.tif,85-45,2,O2023_85_48_1_0053_00000195_8000_7000.tif,85-48,0,1372.0,13.72
O2023_85_45_1_0026_00002353_5000_5000.tif,85-45,2,O2023_85_48_1_0053_00000199_8000_0.tif,85-48,0,1519.0,15.19
O2023_85_45_1_0026_00002353_5000_5000.tif,85-45,2,O2023_85_48_1_0053_00000195_8780_7000.tif,85-48,0,4606.0,46.06
O2023_85_45_1_0026_00002353_5000_5000.tif,85-45,2,O2023_85_48_1_0053_00000199_9000_0.tif,85-48,0,4508.0,45.08
O2023_85_45_1_0026_00002353_5000_5000.tif,85-45,2,O2023_85_48_1_0054_00000561_2000_2000.tif,85-48,0,2090.0,20.9
O2023_85_45_1_0026_00002353_5000_5000.tif,85-45,2,O2023_85_48_1_0053_00000197_8000_3000.tif,85-48,0,1664.0,16.64
O2023_85_45_1_0026_00002353_5000_5000.tif,85-45,2,O2023_85_48_1_0053_00000197_8790_3000.tif,85-48,0,6080.0,60.8
O2023_85_45_1_0026_00002353_5000_5000.tif,85-45,2,O2023_85_48_1_0054_00000563_2000_5000.tif,85-48,0,3010.0,30.1
O2023_85_45_1_0026_00002353_5000_5000.tif,85-45,2,O2023_85_48_1_0054_00000564_2000_7000.tif,85-48,0,3772.0,37.72
O2023_85_45_1_0026_00002353_5000_5000.tif,85-45,2,O2023_85_48_1_0053_00000195_8780_6000.tif,85-48,0,8648.0,86.48
O2023_85_45_1_0026_00002353_5000_5000.tif,85-45,2,O2023_85_48_1_0053_00000195_8000_6000.tif,85-48,0,2576.0,25.76
O2023_85_45_1_0026_00002353_5000_5000.tif,85-45,2,O2023_85_48_1_0054_00000560_2000_0.tif,85-48,0,3290.0,32.9
O2023_85_45_1_0026_00002353_5000_5000.tif,85-45,2,O2023_85_48_1_0053_00000198_8000_1000.tif,85-48,0,2760.0,27.6
O2023_85_45_1_0026_00002353_5000_5000.tif,85-45,2,O2023_85_48_1_0053_00000198_8780_1000.tif,85-48,0,8464.0,84.64
O2023_85_45_1_0026_00002353_5000_5000.tif,85-45,2,O2023_85_48_1_0054_00000562_2000_3000.tif,85-48,0,3520.0,35.2
O2023_85_45_1_0026_00002353_5000_5000.tif,85-45,2,O2023_85_48_1_0053_00000196_8000_4000.tif,85-48,0,2175.0,21.75
O2023_85_45_1_0026_00002353_5000_5000.tif,85-45,2,O2023_85_48_1_0053_00000196_8790_4000.tif,85-48,0,6900.0,69.0
O2023_85_45_1_0026_00002353_5000_5000.tif,85-45,2,O2023_85_48_1_0054_00000564_2000_6000.tif,85-48,0,3404.0,34.04
O2023_85_45_1_0026_00002354_2000_4000.tif,85-45,2,O2023_85_48_1_0053_00000199_6000_1000.tif,85-48,0,770.0,7.7
O2023_85_45_1_0026_00002354_2000_4000.tif,85-45,2,O2023_85_48_1_0054_00000561_0_3000.tif,85-48,0,1071.0,10.71
O2023_85_45_1_0026_00002354_2000_4000.tif,85-45,2,O2023_85_48_1_0053_00000197_6000_4000.tif,85-48,0,1950.0,19.5
O2023_85_45_1_0026_00002354_2000_4000.tif,85-45,2,O2023_85_48_1_0054_00000563_0_6000.tif,85-48,0,1856.0,18.56
O2023_85_45_1_0026_00002354_2000_4000.tif,85-45,2,O2023_85_48_1_0054_00000560_0_1000.tif,85-48,0,3696.0,36.96
O2023_85_45_1_0026_00002354_2000_4000.tif,85-45,2,O2023_85_48_1_0053_00000198_6000_2000.tif,85-48,0,4970.0,49.7
O2023_85_45_1_0026_00002354_2000_4000.tif,85-45,2,O2023_85_48_1_0054_00000562_0_4000.tif,85-48,0,4514.0,45.14
O2023_85_45_1_0026_00002354_2000_4000.tif,85-45,2,O2023_85_48_1_0053_00000196_6000_5000.tif,85-48,0,6264.0,62.64
O2023_85_45_1_0026_00002354_2000_5000.tif,85-45,2,O2023_85_48_1_0053_00000196_6000_7000.tif,85-48,0,3024.0,30.24
O2023_85_45_1_0026_00002354_2000_5000.tif,85-45,2,O2023_85_48_1_0053_00000200_6000_0.tif,85-48,0,3621.0,36.21
O2023_85_45_1_0026_00002354_2000_5000.tif,85-45,2,O2023_85_48_1_0054_00000560_0_2000.tif,85-48,0,3696.0,36.96
O2023_85_45_1_0026_00002354_2000_5000.tif,85-45,2,O2023_85_48_1_0053_00000198_6000_3000.tif,85-48,0,4970.0,49.7
O2023_85_45_1_0026_00002354_2000_5000.tif,85-45,2,O2023_85_48_1_0054_00000562_0_5000.tif,85-48,0,4514.0,45.14
O2023_85_45_1_0026_00002354_2000_5000.tif,85-45,2,O2023_85_48_1_0054_00000563_0_7000.tif,85-48,0,5046.0,50.46
O2023_85_45_1_0026_00002354_2000_5000.tif,85-45,2,O2023_85_48_1_0053_00000196_6000_6000.tif,85-48,0,6264.0,62.64
O2023_85_45_1_0026_00002354_2000_5000.tif,85-45,2,O2023_85_48_1_0054_00000559_0_0.tif,85-48,0,6528.0,65.28
O2023_85_45_1_0026_00002354_2000_5000.tif,85-45,2,O2023_85_48_1_0053_00000199_6000_1000.tif,85-48,0,6230.0,62.3
O2023_85_45_1_0026_00002354_2000_5000.tif,85-45,2,O2023_85_48_1_0054_00000561_0_3000.tif,85-48,0,5229.0,52.29
O2023_85_45_1_0026_00002354_2000_5000.tif,85-45,2,O2023_85_48_1_0053_00000197_6000_4000.tif,85-48,0,5550.0,55.5
O2023_85_45_1_0026_00002354_2000_5000.tif,85-45,2,O2023_85_48_1_0054_00000563_0_6000.tif,85-48,0,3944.0,39.44
O2023_85_45_1_0026_00002354_2000_5000.tif,85-45,2,O2023_85_48_1_0054_00000560_0_1000.tif,85-48,0,2904.0,29.04
O2023_85_45_1_0026_00002354_2000_5000.tif,85-45,2,O2023_85_48_1_0053_00000198_6000_2000.tif,85-48,0,2130.0,21.3
O2023_85_45_1_0026_00002354_2000_5000.tif,85-45,2,O2023_85_48_1_0054_00000562_0_4000.tif,85-48,0,1586.0,15.86
O2023_85_45_1_0026_00002354_2000_5000.tif,85-45,2,O2023_85_48_1_0053_00000196_6000_5000.tif,85-48,0,936.0,9.36
O2023_85_45_1_0026_00002354_3000_3000.tif,85-45,2,O2023_85_48_1_0053_00000195_7000_7000.tif,85-48,0,803.0,8.03
O2023_85_45_1_0026_00002354_3000_3000.tif,85-45,2,O2023_85_48_1_0053_00000199_7000_0.tif,85-48,0,770.0,7.7
O2023_85_45_1_0026_00002354_3000_3000.tif,85-45,2,O2023_85_48_1_0054_00000561_1000_2000.tif,85-48,0,1071.0,10.71
O2023_85_45_1_0026_00002354_3000_3000.tif,85-45,2,O2023_85_48_1_0053_00000197_7000_3000.tif,85-48,0,1950.0,19.5
O2023_85_45_1_0026_00002354_3000_3000.tif,85-45,2,O2023_85_48_1_0054_00000563_1000_5000.tif,85-48,0,1856.0,18.56
O2023_85_45_1_0026_00002354_3000_3000.tif,85-45,2,O2023_85_48_1_0054_00000564_1000_7000.tif,85-48,0,2420.0,24.2
O2023_85_45_1_0026_00002354_3000_3000.tif,85-45,2,O2023_85_48_1_0053_00000195_7000_6000.tif,85-48,0,3942.0,39.42
O2023_85_45_1_0026_00002354_3000_3000.tif,85-45,2,O2023_85_48_1_0054_00000560_1000_0.tif,85-48,0,3696.0,36.96
O2023_85_45_1_0026_00002354_3000_3000.tif,85-45,2,O2023_85_48_1_0053_00000198_7000_1000.tif,85-48,0,4970.0,49.7
O2023_85_45_1_0026_00002354_3000_3000.tif,85-45,2,O2023_85_48_1_0054_00000562_1000_3000.tif,85-48,0,4514.0,45.14
O2023_85_45_1_0026_00002354_3000_3000.tif,85-45,2,O2023_85_48_1_0053_00000196_7000_4000.tif,85-48,0,6264.0,62.64
O2023_85_45_1_0026_00002354_3000_3000.tif,85-45,2,O2023_85_48_1_0054_00000564_1000_6000.tif,85-48,0,4840.0,48.4
O2023_85_45_1_0026_00002354_3000_4000.tif,85-45,2,O2023_85_48_1_0053_00000199_7000_1000.tif,85-48,0,770.0,7.7
O2023_85_45_1_0026_00002354_3000_4000.tif,85-45,2,O2023_85_48_1_0053_00000199_6000_1000.tif,85-48,0,330.0,3.3
O2023_85_45_1_0026_00002354_3000_4000.tif,85-45,2,O2023_85_48_1_0054_00000561_1000_3000.tif,85-48,0,1071.0,10.71
O2023_85_45_1_0026_00002354_3000_4000.tif,85-45,2,O2023_85_48_1_0054_00000561_0_3000.tif,85-48,0,629.0,6.29
O2023_85_45_1_0026_00002354_3000_4000.tif,85-45,2,O2023_85_48_1_0053_00000197_6000_4000.tif,85-48,0,650.0,6.5
O2023_85_45_1_0026_00002354_3000_4000.tif,85-45,2,O2023_85_48_1_0053_00000197_7000_4000.tif,85-48,0,1950.0,19.5
O2023_85_45_1_0026_00002354_3000_4000.tif,85-45,2,O2023_85_48_1_0054_00000563_0_6000.tif,85-48,0,1344.0,13.44
O2023_85_45_1_0026_00002354_3000_4000.tif,85-45,2,O2023_85_48_1_0054_00000563_1000_6000.tif,85-48,0,1856.0,18.56
O2023_85_45_1_0026_00002354_3000_4000.tif,85-45,2,O2023_85_48_1_0054_00000560_0_1000.tif,85-48,0,1904.0,19.04
O2023_85_45_1_0026_00002354_3000_4000.tif,85-45,2,O2023_85_48_1_0054_00000560_1000_1000.tif,85-48,0,3696.0,36.96
O2023_85_45_1_0026_00002354_3000_4000.tif,85-45,2,O2023_85_48_1_0053_00000198_7000_2000.tif,85-48,0,4970.0,49.7
O2023_85_45_1_0026_00002354_3000_4000.tif,85-45,2,O2023_85_48_1_0053_00000198_6000_2000.tif,85-48,0,2030.0,20.3
O2023_85_45_1_0026_00002354_3000_4000.tif,85-45,2,O2023_85_48_1_0054_00000562_1000_4000.tif,85-48,0,4514.0,45.14
O2023_85_45_1_0026_00002354_3000_4000.tif,85-45,2,O2023_85_48_1_0054_00000562_0_4000.tif,85-48,0,2886.0,28.86
O2023_85_45_1_0026_00002354_3000_4000.tif,85-45,2,O2023_85_48_1_0053_00000196_6000_5000.tif,85-48,0,2436.0,24.36
O2023_85_45_1_0026_00002354_3000_4000.tif,85-45,2,O2023_85_48_1_0053_00000196_7000_5000.tif,85-48,0,6264.0,62.64
O2023_85_45_1_0026_00002354_3000_4000.tif,85-45,2,O2023_85_48_1_0053_00000195_7000_7000.tif,85-48,0,6497.0,64.97
O2023_85_45_1_0026_00002354_3000_4000.tif,85-45,2,O2023_85_48_1_0053_00000199_7000_0.tif,85-48,0,6230.0,62.3
O2023_85_45_1_0026_00002354_3000_4000.tif,85-45,2,O2023_85_48_1_0054_00000561_1000_2000.tif,85-48,0,5229.0,52.29
O2023_85_45_1_0026_00002354_3000_4000.tif,85-45,2,O2023_85_48_1_0053_00000197_7000_3000.tif,85-48,0,5550.0,55.5
O2023_85_45_1_0026_00002354_3000_4000.tif,85-45,2,O2023_85_48_1_0054_00000563_1000_5000.tif,85-48,0,3944.0,39.44
O2023_85_45_1_0026_00002354_3000_4000.tif,85-45,2,O2023_85_48_1_0054_00000564_1000_7000.tif,85-48,0,3080.0,30.8
O2023_85_45_1_0026_00002354_3000_4000.tif,85-45,2,O2023_85_48_1_0053_00000195_7000_6000.tif,85-48,0,3358.0,33.58
O2023_85_45_1_0026_00002354_3000_4000.tif,85-45,2,O2023_85_48_1_0054_00000560_1000_0.tif,85-48,0,2904.0,29.04
O2023_85_45_1_0026_00002354_3000_4000.tif,85-45,2,O2023_85_48_1_0053_00000198_7000_1000.tif,85-48,0,2130.0,21.3
O2023_85_45_1_0026_00002354_3000_4000.tif,85-45,2,O2023_85_48_1_0054_00000562_1000_3000.tif,85-48,0,1586.0,15.86
O2023_85_45_1_0026_00002354_3000_4000.tif,85-45,2,O2023_85_48_1_0053_00000196_7000_4000.tif,85-48,0,936.0,9.36
O2023_85_45_1_0026_00002354_3000_4000.tif,85-45,2,O2023_85_48_1_0054_00000564_1000_6000.tif,85-48,0,660.0,6.6
O2023_85_45_1_0026_00002354_3000_5000.tif,85-45,2,O2023_85_48_1_0053_00000196_7000_7000.tif,85-48,0,3024.0,30.24
O2023_85_45_1_0026_00002354_3000_5000.tif,85-45,2,O2023_85_48_1_0053_00000196_6000_7000.tif,85-48,0,1176.0,11.76
O2023_85_45_1_0026_00002354_3000_5000.tif,85-45,2,O2023_85_48_1_0053_00000200_6000_0.tif,85-48,0,1479.0,14.79
O2023_85_45_1_0026_00002354_3000_5000.tif,85-45,2,O2023_85_48_1_0053_00000200_7000_0.tif,85-48,0,3621.0,36.21
O2023_85_45_1_0026_00002354_3000_5000.tif,85-45,2,O2023_85_48_1_0054_00000560_1000_2000.tif,85-48,0,3696.0,36.96
O2023_85_45_1_0026_00002354_3000_5000.tif,85-45,2,O2023_85_48_1_0054_00000560_0_2000.tif,85-48,0,1904.0,19.04
O2023_85_45_1_0026_00002354_3000_5000.tif,85-45,2,O2023_85_48_1_0053_00000198_6000_3000.tif,85-48,0,2030.0,20.3
O2023_85_45_1_0026_00002354_3000_5000.tif,85-45,2,O2023_85_48_1_0053_00000198_7000_3000.tif,85-48,0,4970.0,49.7
O2023_85_45_1_0026_00002354_3000_5000.tif,85-45,2,O2023_85_48_1_0054_00000562_0_5000.tif,85-48,0,2886.0,28.86
O2023_85_45_1_0026_00002354_3000_5000.tif,85-45,2,O2023_85_48_1_0054_00000562_1000_5000.tif,85-48,0,4514.0,45.14
O2023_85_45_1_0026_00002354_3000_5000.tif,85-45,2,O2023_85_48_1_0054_00000563_0_7000.tif,85-48,0,3654.0,36.54
O2023_85_45_1_0026_00002354_3000_5000.tif,85-45,2,O2023_85_48_1_0053_00000196_7000_6000.tif,85-48,0,6264.0,62.64
O2023_85_45_1_0026_00002354_3000_5000.tif,85-45,2,O2023_85_48_1_0053_00000196_6000_6000.tif,85-48,0,2436.0,24.36
O2023_85_45_1_0026_00002354_3000_5000.tif,85-45,2,O2023_85_48_1_0054_00000563_1000_7000.tif,85-48,0,5046.0,50.46
O2023_85_45_1_0026_00002354_3000_5000.tif,85-45,2,O2023_85_48_1_0054_00000559_0_0.tif,85-48,0,3072.0,30.72
O2023_85_45_1_0026_00002354_3000_5000.tif,85-45,2,O2023_85_48_1_0054_00000559_1000_0.tif,85-48,0,6528.0,65.28
O2023_85_45_1_0026_00002354_3000_5000.tif,85-45,2,O2023_85_48_1_0053_00000199_7000_1000.tif,85-48,0,6230.0,62.3
O2023_85_45_1_0026_00002354_3000_5000.tif,85-45,2,O2023_85_48_1_0053_00000199_6000_1000.tif,85-48,0,2670.0,26.7
O2023_85_45_1_0026_00002354_3000_5000.tif,85-45,2,O2023_85_48_1_0054_00000561_1000_3000.tif,85-48,0,5229.0,52.29
O2023_85_45_1_0026_00002354_3000_5000.tif,85-45,2,O2023_85_48_1_0054_00000561_0_3000.tif,85-48,0,3071.0,30.71
O2023_85_45_1_0026_00002354_3000_5000.tif,85-45,2,O2023_85_48_1_0053_00000197_6000_4000.tif,85-48,0,1850.0,18.5
O2023_85_45_1_0026_00002354_3000_5000.tif,85-45,2,O2023_85_48_1_0053_00000197_7000_4000.tif,85-48,0,5550.0,55.5
O2023_85_45_1_0026_00002354_3000_5000.tif,85-45,2,O2023_85_48_1_0054_00000563_0_6000.tif,85-48,0,2856.0,28.56
O2023_85_45_1_0026_00002354_3000_5000.tif,85-45,2,O2023_85_48_1_0054_00000563_1000_6000.tif,85-48,0,3944.0,39.44
O2023_85_45_1_0026_00002354_3000_5000.tif,85-45,2,O2023_85_48_1_0054_00000560_0_1000.tif,85-48,0,1496.0,14.96
O2023_85_45_1_0026_00002354_3000_5000.tif,85-45,2,O2023_85_48_1_0054_00000560_1000_1000.tif,85-48,0,2904.0,29.04
O2023_85_45_1_0026_00002354_3000_5000.tif,85-45,2,O2023_85_48_1_0053_00000198_7000_2000.tif,85-48,0,2130.0,21.3
O2023_85_45_1_0026_00002354_3000_5000.tif,85-45,2,O2023_85_48_1_0053_00000198_6000_2000.tif,85-48,0,870.0,8.7
O2023_85_45_1_0026_00002354_3000_5000.tif,85-45,2,O2023_85_48_1_0054_00000562_1000_4000.tif,85-48,0,1586.0,15.86
O2023_85_45_1_0026_00002354_3000_5000.tif,85-45,2,O2023_85_48_1_0054_00000562_0_4000.tif,85-48,0,1014.0,10.14
O2023_85_45_1_0026_00002354_3000_5000.tif,85-45,2,O2023_85_48_1_0053_00000196_6000_5000.tif,85-48,0,364.0,3.64
O2023_85_45_1_0026_00002354_3000_5000.tif,85-45,2,O2023_85_48_1_0053_00000196_7000_5000.tif,85-48,0,936.0,9.36
O2023_85_45_1_0026_00002354_4000_3000.tif,85-45,2,O2023_85_48_1_0053_00000195_7000_7000.tif,85-48,0,297.0,2.97
O2023_85_45_1_0026_00002354_4000_3000.tif,85-45,2,O2023_85_48_1_0053_00000199_7000_0.tif,85-48,0,330.0,3.3
O2023_85_45_1_0026_00002354_4000_3000.tif,85-45,2,O2023_85_48_1_0053_00000195_8000_7000.tif,85-48,0,803.0,8.03
O2023_85_45_1_0026_00002354_4000_3000.tif,85-45,2,O2023_85_48_1_0053_00000199_8000_0.tif,85-48,0,770.0,7.7
O2023_85_45_1_0026_00002354_4000_3000.tif,85-45,2,O2023_85_48_1_0054_00000561_2000_2000.tif,85-48,0,1071.0,10.71
O2023_85_45_1_0026_00002354_4000_3000.tif,85-45,2,O2023_85_48_1_0054_00000561_1000_2000.tif,85-48,0,629.0,6.29
O2023_85_45_1_0026_00002354_4000_3000.tif,85-45,2,O2023_85_48_1_0053_00000197_8000_3000.tif,85-48,0,1950.0,19.5
O2023_85_45_1_0026_00002354_4000_3000.tif,85-45,2,O2023_85_48_1_0053_00000197_7000_3000.tif,85-48,0,650.0,6.5
O2023_85_45_1_0026_00002354_4000_3000.tif,85-45,2,O2023_85_48_1_0054_00000563_1000_5000.tif,85-48,0,1344.0,13.44
O2023_85_45_1_0026_00002354_4000_3000.tif,85-45,2,O2023_85_48_1_0054_00000563_2000_5000.tif,85-48,0,1856.0,18.56
O2023_85_45_1_0026_00002354_4000_3000.tif,85-45,2,O2023_85_48_1_0054_00000564_1000_7000.tif,85-48,0,1980.0,19.8
O2023_85_45_1_0026_00002354_4000_3000.tif,85-45,2,O2023_85_48_1_0054_00000564_2000_7000.tif,85-48,0,2420.0,24.2
O2023_85_45_1_0026_00002354_4000_3000.tif,85-45,2,O2023_85_48_1_0053_00000195_7000_6000.tif,85-48,0,1458.0,14.58
O2023_85_45_1_0026_00002354_4000_3000.tif,85-45,2,O2023_85_48_1_0053_00000195_8000_6000.tif,85-48,0,3942.0,39.42
O2023_85_45_1_0026_00002354_4000_3000.tif,85-45,2,O2023_85_48_1_0054_00000560_1000_0.tif,85-48,0,1904.0,19.04
O2023_85_45_1_0026_00002354_4000_3000.tif,85-45,2,O2023_85_48_1_0054_00000560_2000_0.tif,85-48,0,3696.0,36.96
O2023_85_45_1_0026_00002354_4000_3000.tif,85-45,2,O2023_85_48_1_0053_00000198_8000_1000.tif,85-48,0,4970.0,49.7
O2023_85_45_1_0026_00002354_4000_3000.tif,85-45,2,O2023_85_48_1_0053_00000198_7000_1000.tif,85-48,0,2030.0,20.3
O2023_85_45_1_0026_00002354_4000_3000.tif,85-45,2,O2023_85_48_1_0054_00000562_1000_3000.tif,85-48,0,2886.0,28.86
O2023_85_45_1_0026_00002354_4000_3000.tif,85-45,2,O2023_85_48_1_0054_00000562_2000_3000.tif,85-48,0,4514.0,45.14
O2023_85_45_1_0026_00002354_4000_3000.tif,85-45,2,O2023_85_48_1_0053_00000196_7000_4000.tif,85-48,0,2436.0,24.36
O2023_85_45_1_0026_00002354_4000_3000.tif,85-45,2,O2023_85_48_1_0053_00000196_8000_4000.tif,85-48,0,6264.0,62.64
O2023_85_45_1_0026_00002354_4000_3000.tif,85-45,2,O2023_85_48_1_0054_00000564_2000_6000.tif,85-48,0,4840.0,48.4
O2023_85_45_1_0026_00002354_4000_3000.tif,85-45,2,O2023_85_48_1_0054_00000564_1000_6000.tif,85-48,0,3960.0,39.6
O2023_85_45_1_0026_00002354_4000_4000.tif,85-45,2,O2023_85_48_1_0053_00000199_7000_1000.tif,85-48,0,330.0,3.3
O2023_85_45_1_0026_00002354_4000_4000.tif,85-45,2,O2023_85_48_1_0054_00000561_1000_3000.tif,85-48,0,629.0,6.29
O2023_85_45_1_0026_00002354_4000_4000.tif,85-45,2,O2023_85_48_1_0053_00000197_7000_4000.tif,85-48,0,650.0,6.5
O2023_85_45_1_0026_00002354_4000_4000.tif,85-45,2,O2023_85_48_1_0054_00000563_1000_6000.tif,85-48,0,1344.0,13.44
O2023_85_45_1_0026_00002354_4000_4000.tif,85-45,2,O2023_85_48_1_0054_00000560_2000_1000.tif,85-48,0,3696.0,36.96
O2023_85_45_1_0026_00002354_4000_4000.tif,85-45,2,O2023_85_48_1_0054_00000560_1000_1000.tif,85-48,0,1904.0,19.04
O2023_85_45_1_0026_00002354_4000_4000.tif,85-45,2,O2023_85_48_1_0053_00000198_7000_2000.tif,85-48,0,2030.0,20.3
O2023_85_45_1_0026_00002354_4000_4000.tif,85-45,2,O2023_85_48_1_0053_00000198_8000_2000.tif,85-48,0,4970.0,49.7
O2023_85_45_1_0026_00002354_4000_4000.tif,85-45,2,O2023_85_48_1_0054_00000562_1000_4000.tif,85-48,0,2886.0,28.86
O2023_85_45_1_0026_00002354_4000_4000.tif,85-45,2,O2023_85_48_1_0054_00000562_2000_4000.tif,85-48,0,4514.0,45.14
O2023_85_45_1_0026_00002354_4000_4000.tif,85-45,2,O2023_85_48_1_0053_00000196_8000_5000.tif,85-48,0,6264.0,62.64
O2023_85_45_1_0026_00002354_4000_4000.tif,85-45,2,O2023_85_48_1_0053_00000196_7000_5000.tif,85-48,0,2436.0,24.36
O2023_85_45_1_0026_00002354_4000_4000.tif,85-45,2,O2023_85_48_1_0053_00000195_7000_7000.tif,85-48,0,2403.0,24.03
O2023_85_45_1_0026_00002354_4000_4000.tif,85-45,2,O2023_85_48_1_0053_00000199_7000_0.tif,85-48,0,2670.0,26.7
O2023_85_45_1_0026_00002354_4000_4000.tif,85-45,2,O2023_85_48_1_0053_00000195_8000_7000.tif,85-48,0,6497.0,64.97
O2023_85_45_1_0026_00002354_4000_4000.tif,85-45,2,O2023_85_48_1_0053_00000199_8000_0.tif,85-48,0,6230.0,62.3
O2023_85_45_1_0026_00002354_4000_4000.tif,85-45,2,O2023_85_48_1_0054_00000561_2000_2000.tif,85-48,0,5229.0,52.29
O2023_85_45_1_0026_00002354_4000_4000.tif,85-45,2,O2023_85_48_1_0054_00000561_1000_2000.tif,85-48,0,3071.0,30.71
O2023_85_45_1_0026_00002354_4000_4000.tif,85-45,2,O2023_85_48_1_0053_00000197_8000_3000.tif,85-48,0,5550.0,55.5
O2023_85_45_1_0026_00002354_4000_4000.tif,85-45,2,O2023_85_48_1_0053_00000197_7000_3000.tif,85-48,0,1850.0,18.5
O2023_85_45_1_0026_00002354_4000_4000.tif,85-45,2,O2023_85_48_1_0054_00000563_1000_5000.tif,85-48,0,2856.0,28.56
O2023_85_45_1_0026_00002354_4000_4000.tif,85-45,2,O2023_85_48_1_0054_00000563_2000_5000.tif,85-48,0,3944.0,39.44
O2023_85_45_1_0026_00002354_4000_4000.tif,85-45,2,O2023_85_48_1_0054_00000564_1000_7000.tif,85-48,0,2520.0,25.2
O2023_85_45_1_0026_00002354_4000_4000.tif,85-45,2,O2023_85_48_1_0054_00000564_2000_7000.tif,85-48,0,3080.0,30.8
O2023_85_45_1_0026_00002354_4000_4000.tif,85-45,2,O2023_85_48_1_0053_00000195_7000_6000.tif,85-48,0,1242.0,12.42
O2023_85_45_1_0026_00002354_4000_4000.tif,85-45,2,O2023_85_48_1_0053_00000195_8000_6000.tif,85-48,0,3358.0,33.58
O2023_85_45_1_0026_00002354_4000_4000.tif,85-45,2,O2023_85_48_1_0054_00000560_1000_0.tif,85-48,0,1496.0,14.96
O2023_85_45_1_0026_00002354_4000_4000.tif,85-45,2,O2023_85_48_1_0054_00000560_2000_0.tif,85-48,0,2904.0,29.04
O2023_85_45_1_0026_00002354_4000_4000.tif,85-45,2,O2023_85_48_1_0053_00000198_8000_1000.tif,85-48,0,2130.0,21.3
O2023_85_45_1_0026_00002354_4000_4000.tif,85-45,2,O2023_85_48_1_0053_00000198_7000_1000.tif,85-48,0,870.0,8.7
O2023_85_45_1_0026_00002354_4000_4000.tif,85-45,2,O2023_85_48_1_0054_00000562_1000_3000.tif,85-48,0,1014.0,10.14
O2023_85_45_1_0026_00002354_4000_4000.tif,85-45,2,O2023_85_48_1_0054_00000562_2000_3000.tif,85-48,0,1586.0,15.86
O2023_85_45_1_0026_00002354_4000_4000.tif,85-45,2,O2023_85_48_1_0053_00000196_7000_4000.tif,85-48,0,364.0,3.64
O2023_85_45_1_0026_00002354_4000_4000.tif,85-45,2,O2023_85_48_1_0053_00000196_8000_4000.tif,85-48,0,936.0,9.36
O2023_85_45_1_0026_00002354_4000_4000.tif,85-45,2,O2023_85_48_1_0054_00000564_2000_6000.tif,85-48,0,660.0,6.6
O2023_85_45_1_0026_00002354_4000_4000.tif,85-45,2,O2023_85_48_1_0054_00000564_1000_6000.tif,85-48,0,540.0,5.4
O2023_85_45_1_0026_00002354_5000_3000.tif,85-45,2,O2023_85_48_1_0053_00000195_8000_7000.tif,85-48,0,297.0,2.97
O2023_85_45_1_0026_00002354_5000_3000.tif,85-45,2,O2023_85_48_1_0053_00000199_8000_0.tif,85-48,0,330.0,3.3
O2023_85_45_1_0026_00002354_5000_3000.tif,85-45,2,O2023_85_48_1_0053_00000195_8780_7000.tif,85-48,0,1045.0,10.45
O2023_85_45_1_0026_00002354_5000_3000.tif,85-45,2,O2023_85_48_1_0053_00000199_9000_0.tif,85-48,0,1023.0,10.23
O2023_85_45_1_0026_00002354_5000_3000.tif,85-45,2,O2023_85_48_1_0054_00000561_2000_2000.tif,85-48,0,629.0,6.29
O2023_85_45_1_0026_00002354_5000_3000.tif,85-45,2,O2023_85_48_1_0053_00000197_8000_3000.tif,85-48,0,650.0,6.5
O2023_85_45_1_0026_00002354_5000_3000.tif,85-45,2,O2023_85_48_1_0053_00000197_8790_3000.tif,85-48,0,2496.0,24.96
O2023_85_45_1_0026_00002354_5000_3000.tif,85-45,2,O2023_85_48_1_0054_00000563_2000_5000.tif,85-48,0,1344.0,13.44
O2023_85_45_1_0026_00002354_5000_3000.tif,85-45,2,O2023_85_48_1_0054_00000564_2000_7000.tif,85-48,0,1980.0,19.8
O2023_85_45_1_0026_00002354_5000_3000.tif,85-45,2,O2023_85_48_1_0053_00000195_8780_6000.tif,85-48,0,5130.0,51.3
O2023_85_45_1_0026_00002354_5000_3000.tif,85-45,2,O2023_85_48_1_0053_00000195_8000_6000.tif,85-48,0,1458.0,14.58
O2023_85_45_1_0026_00002354_5000_3000.tif,85-45,2,O2023_85_48_1_0054_00000560_2000_0.tif,85-48,0,1904.0,19.04
O2023_85_45_1_0026_00002354_5000_3000.tif,85-45,2,O2023_85_48_1_0053_00000198_8000_1000.tif,85-48,0,2030.0,20.3
O2023_85_45_1_0026_00002354_5000_3000.tif,85-45,2,O2023_85_48_1_0053_00000198_8780_1000.tif,85-48,0,6510.0,65.1
O2023_85_45_1_0026_00002354_5000_3000.tif,85-45,2,O2023_85_48_1_0054_00000562_2000_3000.tif,85-48,0,2886.0,28.86
O2023_85_45_1_0026_00002354_5000_3000.tif,85-45,2,O2023_85_48_1_0053_00000196_8000_4000.tif,85-48,0,2436.0,24.36
O2023_85_45_1_0026_00002354_5000_3000.tif,85-45,2,O2023_85_48_1_0053_00000196_8790_4000.tif,85-48,0,8091.0,80.91
O2023_85_45_1_0026_00002354_5000_3000.tif,85-45,2,O2023_85_48_1_0054_00000564_2000_6000.tif,85-48,0,3960.0,39.6
O2023_85_45_1_0026_00002354_5000_4000.tif,85-45,2,O2023_85_48_1_0054_00000560_2000_1000.tif,85-48,0,1904.0,19.04
O2023_85_45_1_0026_00002354_5000_4000.tif,85-45,2,O2023_85_48_1_0053_00000198_8780_2000.tif,85-48,0,6510.0,65.1
O2023_85_45_1_0026_00002354_5000_4000.tif,85-45,2,O2023_85_48_1_0053_00000198_8000_2000.tif,85-48,0,2030.0,20.3
O2023_85_45_1_0026_00002354_5000_4000.tif,85-45,2,O2023_85_48_1_0054_00000562_2000_4000.tif,85-48,0,2886.0,28.86
O2023_85_45_1_0026_00002354_5000_4000.tif,85-45,2,O2023_85_48_1_0053_00000196_8000_5000.tif,85-48,0,2436.0,24.36
O2023_85_45_1_0026_00002354_5000_4000.tif,85-45,2,O2023_85_48_1_0053_00000196_8790_5000.tif,85-48,0,8091.0,80.91
O2023_85_45_1_0026_00002354_5000_4000.tif,85-45,2,O2023_85_48_1_0053_00000195_8000_7000.tif,85-48,0,2403.0,24.03
O2023_85_45_1_0026_00002354_5000_4000.tif,85-45,2,O2023_85_48_1_0053_00000199_8000_0.tif,85-48,0,2670.0,26.7
O2023_85_45_1_0026_00002354_5000_4000.tif,85-45,2,O2023_85_48_1_0053_00000195_8780_7000.tif,85-48,0,8455.0,84.55
O2023_85_45_1_0026_00002354_5000_4000.tif,85-45,2,O2023_85_48_1_0053_00000199_9000_0.tif,85-48,0,8277.0,82.77
O2023_85_45_1_0026_00002354_5000_4000.tif,85-45,2,O2023_85_48_1_0054_00000561_2000_2000.tif,85-48,0,3071.0,30.71
O2023_85_45_1_0026_00002354_5000_4000.tif,85-45,2,O2023_85_48_1_0053_00000197_8000_3000.tif,85-48,0,1850.0,18.5
O2023_85_45_1_0026_00002354_5000_4000.tif,85-45,2,O2023_85_48_1_0053_00000197_8790_3000.tif,85-48,0,7104.0,71.04
O2023_85_45_1_0026_00002354_5000_4000.tif,85-45,2,O2023_85_48_1_0054_00000563_2000_5000.tif,85-48,0,2856.0,28.56
O2023_85_45_1_0026_00002354_5000_4000.tif,85-45,2,O2023_85_48_1_0054_00000564_2000_7000.tif,85-48,0,2520.0,25.2
O2023_85_45_1_0026_00002354_5000_4000.tif,85-45,2,O2023_85_48_1_0053_00000195_8780_6000.tif,85-48,0,4370.0,43.7
O2023_85_45_1_0026_00002354_5000_4000.tif,85-45,2,O2023_85_48_1_0053_00000195_8000_6000.tif,85-48,0,1242.0,12.42
O2023_85_45_1_0026_00002354_5000_4000.tif,85-45,2,O2023_85_48_1_0054_00000560_2000_0.tif,85-48,0,1496.0,14.96
O2023_85_45_1_0026_00002354_5000_4000.tif,85-45,2,O2023_85_48_1_0053_00000198_8000_1000.tif,85-48,0,870.0,8.7
O2023_85_45_1_0026_00002354_5000_4000.tif,85-45,2,O2023_85_48_1_0053_00000198_8780_1000.tif,85-48,0,2790.0,27.9
O2023_85_45_1_0026_00002354_5000_4000.tif,85-45,2,O2023_85_48_1_0054_00000562_2000_3000.tif,85-48,0,1014.0,10.14
O2023_85_45_1_0026_00002354_5000_4000.tif,85-45,2,O2023_85_48_1_0053_00000196_8000_4000.tif,85-48,0,364.0,3.64
O2023_85_45_1_0026_00002354_5000_4000.tif,85-45,2,O2023_85_48_1_0053_00000196_8790_4000.tif,85-48,0,1209.0,12.09
O2023_85_45_1_0026_00002354_5000_4000.tif,85-45,2,O2023_85_48_1_0054_00000564_2000_6000.tif,85-48,0,540.0,5.4
O2023_85_45_1_0026_00002355_0_7000.tif,85-45,2,O2023_85_48_1_0053_00000199_4000_5000.tif,85-48,0,252.0,2.52
O2023_85_45_1_0026_00002355_0_7000.tif,85-45,2,O2023_85_48_1_0053_00000198_3000_7000.tif,85-48,0,720.0,7.2
O2023_85_45_1_0026_00002355_0_7000.tif,85-45,2,O2023_85_48_1_0053_00000198_4000_7000.tif,85-48,0,1280.0,12.8
O2023_85_45_1_0026_00002355_0_7000.tif,85-45,2,O2023_85_48_1_0052_00000182_8790_2000.tif,85-48,0,27.0,0.27
O2023_85_45_1_0026_00002355_0_7000.tif,85-45,2,O2023_85_48_1_0053_00000202_3000_0.tif,85-48,0,960.0,9.6
O2023_85_45_1_0026_00002355_0_7000.tif,85-45,2,O2023_85_48_1_0053_00000202_4000_0.tif,85-48,0,2040.0,20.4
O2023_85_45_1_0026_00002355_0_7000.tif,85-45,2,O2023_85_48_1_0052_00000184_8770_5000.tif,85-48,0,222.0,2.22
O2023_85_45_1_0026_00002355_0_7000.tif,85-45,2,O2023_85_48_1_0053_00000200_4000_3000.tif,85-48,0,2816.0,28.16
O2023_85_45_1_0026_00002355_0_7000.tif,85-45,2,O2023_85_48_1_0053_00000200_3000_3000.tif,85-48,0,1584.0,15.84
O2023_85_45_1_0026_00002355_0_7000.tif,85-45,2,O2023_85_48_1_0052_00000185_8750_7000.tif,85-48,0,424.0,4.24
O2023_85_45_1_0026_00002355_0_7000.tif,85-45,2,O2023_85_48_1_0053_00000198_4000_6000.tif,85-48,0,4032.0,40.32
O2023_85_45_1_0026_00002355_0_7000.tif,85-45,2,O2023_85_48_1_0053_00000198_3000_6000.tif,85-48,0,2268.0,22.68
O2023_85_45_1_0026_00002355_0_7000.tif,85-45,2,O2023_85_48_1_0052_00000183_8770_3000.tif,85-48,0,336.0,3.36
O2023_85_45_1_0026_00002355_0_7000.tif,85-45,2,O2023_85_48_1_0053_00000201_4000_1000.tif,85-48,0,5568.0,55.68
O2023_85_45_1_0026_00002355_0_7000.tif,85-45,2,O2023_85_48_1_0053_00000201_3000_1000.tif,85-48,0,3132.0,31.32
O2023_85_45_1_0026_00002355_0_7000.tif,85-45,2,O2023_85_48_1_0052_00000185_8750_6000.tif,85-48,0,760.0,7.6
O2023_85_45_1_0026_00002355_0_7000.tif,85-45,2,O2023_85_48_1_0053_00000199_4000_4000.tif,85-48,0,6048.0,60.48
O2023_85_45_1_0026_00002355_0_7000.tif,85-45,2,O2023_85_48_1_0053_00000199_3000_4000.tif,85-48,0,3552.0,35.52
O2023_85_45_1_0026_00002355_0_7000.tif,85-45,2,O2023_85_48_1_0052_00000182_8790_1000.tif,85-48,0,73.0,0.73
O2023_85_45_1_0026_00002355_0_7000.tif,85-45,2,O2023_85_48_1_0052_00000184_8770_4000.tif,85-48,0,378.0,3.78
O2023_85_45_1_0026_00002355_1000_6000.tif,85-45,2,O2023_85_48_1_0053_00000200_5000_3000.tif,85-48,0,704.0,7.04
O2023_85_45_1_0026_00002355_1000_6000.tif,85-45,2,O2023_85_48_1_0053_00000200_4000_3000.tif,85-48,0,396.0,3.96
O2023_85_45_1_0026_00002355_1000_6000.tif,85-45,2,O2023_85_48_1_0053_00000198_4000_6000.tif,85-48,0,1080.0,10.8
O2023_85_45_1_0026_00002355_1000_6000.tif,85-45,2,O2023_85_48_1_0053_00000198_5000_6000.tif,85-48,0,1920.0,19.2
O2023_85_45_1_0026_00002355_1000_6000.tif,85-45,2,O2023_85_48_1_0053_00000201_5000_1000.tif,85-48,0,3456.0,34.56
O2023_85_45_1_0026_00002355_1000_6000.tif,85-45,2,O2023_85_48_1_0053_00000201_4000_1000.tif,85-48,0,1944.0,19.44
O2023_85_45_1_0026_00002355_1000_6000.tif,85-45,2,O2023_85_48_1_0053_00000199_5000_4000.tif,85-48,0,4473.0,44.73
O2023_85_45_1_0026_00002355_1000_6000.tif,85-45,2,O2023_85_48_1_0053_00000199_4000_4000.tif,85-48,0,2627.0,26.27
O2023_85_45_1_0026_00002355_1000_6000.tif,85-45,2,O2023_85_48_1_0053_00000200_5000_2000.tif,85-48,0,5696.0,56.96
O2023_85_45_1_0026_00002355_1000_6000.tif,85-45,2,O2023_85_48_1_0053_00000198_5000_5000.tif,85-48,0,4480.0,44.8
O2023_85_45_1_0026_00002355_1000_6000.tif,85-45,2,O2023_85_48_1_0053_00000197_5000_7000.tif,85-48,0,3944.0,39.44
O2023_85_45_1_0026_00002355_1000_7000.tif,85-45,2,O2023_85_48_1_0053_00000199_5000_5000.tif,85-48,0,252.0,2.52
O2023_85_45_1_0026_00002355_1000_7000.tif,85-45,2,O2023_85_48_1_0053_00000199_4000_5000.tif,85-48,0,148.0,1.48
O2023_85_45_1_0026_00002355_1000_7000.tif,85-45,2,O2023_85_48_1_0053_00000198_4000_7000.tif,85-48,0,720.0,7.2
O2023_85_45_1_0026_00002355_1000_7000.tif,85-45,2,O2023_85_48_1_0053_00000198_5000_7000.tif,85-48,0,1280.0,12.8
O2023_85_45_1_0026_00002355_1000_7000.tif,85-45,2,O2023_85_48_1_0053_00000202_5000_0.tif,85-48,0,2040.0,20.4
O2023_85_45_1_0026_00002355_1000_7000.tif,85-45,2,O2023_85_48_1_0053_00000202_4000_0.tif,85-48,0,960.0,9.6
O2023_85_45_1_0026_00002355_1000_7000.tif,85-45,2,O2023_85_48_1_0053_00000200_5000_3000.tif,85-48,0,2816.0,28.16
O2023_85_45_1_0026_00002355_1000_7000.tif,85-45,2,O2023_85_48_1_0053_00000200_4000_3000.tif,85-48,0,1584.0,15.84
O2023_85_45_1_0026_00002355_1000_7000.tif,85-45,2,O2023_85_48_1_0053_00000198_4000_6000.tif,85-48,0,2268.0,22.68
O2023_85_45_1_0026_00002355_1000_7000.tif,85-45,2,O2023_85_48_1_0053_00000198_5000_6000.tif,85-48,0,4032.0,40.32
O2023_85_45_1_0026_00002355_1000_7000.tif,85-45,2,O2023_85_48_1_0053_00000201_5000_1000.tif,85-48,0,5568.0,55.68
O2023_85_45_1_0026_00002355_1000_7000.tif,85-45,2,O2023_85_48_1_0053_00000201_4000_1000.tif,85-48,0,3132.0,31.32
O2023_85_45_1_0026_00002355_1000_7000.tif,85-45,2,O2023_85_48_1_0053_00000199_5000_4000.tif,85-48,0,6048.0,60.48
O2023_85_45_1_0026_00002355_1000_7000.tif,85-45,2,O2023_85_48_1_0053_00000199_4000_4000.tif,85-48,0,3552.0,35.52
O2023_85_45_1_0026_00002355_1000_7000.tif,85-45,2,O2023_85_48_1_0053_00000200_5000_2000.tif,85-48,0,3584.0,35.84
O2023_85_45_1_0026_00002355_1000_7000.tif,85-45,2,O2023_85_48_1_0053_00000198_5000_5000.tif,85-48,0,2368.0,23.68
O2023_85_45_1_0026_00002355_1000_7000.tif,85-45,2,O2023_85_48_1_0053_00000197_5000_7000.tif,85-48,0,1700.0,17.0
O2023_85_45_1_0026_00002355_2000_3000.tif,85-45,2,O2023_85_48_1_0053_00000196_6000_7000.tif,85-48,0,130.0,1.3
O2023_85_45_1_0026_00002355_2000_3000.tif,85-45,2,O2023_85_48_1_0053_00000200_6000_0.tif,85-48,0,704.0,7.04
O2023_85_45_1_0026_00002355_2000_3000.tif,85-45,2,O2023_85_48_1_0054_00000560_0_2000.tif,85-48,0,944.0,9.44
O2023_85_45_1_0026_00002355_2000_3000.tif,85-45,2,O2023_85_48_1_0053_00000198_6000_3000.tif,85-48,0,1920.0,19.2
O2023_85_45_1_0026_00002355_2000_3000.tif,85-45,2,O2023_85_48_1_0054_00000562_0_5000.tif,85-48,0,1836.0,18.36
O2023_85_45_1_0026_00002355_2000_3000.tif,85-45,2,O2023_85_48_1_0054_00000563_0_7000.tif,85-48,0,2397.0,23.97
O2023_85_45_1_0026_00002355_2000_3000.tif,85-45,2,O2023_85_48_1_0053_00000196_6000_6000.tif,85-48,0,3055.0,30.55
O2023_85_45_1_0026_00002355_2000_3000.tif,85-45,2,O2023_85_48_1_0054_00000559_0_0.tif,85-48,0,3416.0,34.16
O2023_85_45_1_0026_00002355_2000_3000.tif,85-45,2,O2023_85_48_1_0053_00000199_6000_1000.tif,85-48,0,4473.0,44.73
O2023_85_45_1_0026_00002355_2000_3000.tif,85-45,2,O2023_85_48_1_0054_00000561_0_3000.tif,85-48,0,4312.0,43.12
O2023_85_45_1_0026_00002355_2000_3000.tif,85-45,2,O2023_85_48_1_0053_00000197_6000_4000.tif,85-48,0,5848.0,58.48
O2023_85_45_1_0026_00002355_2000_3000.tif,85-45,2,O2023_85_48_1_0054_00000563_0_6000.tif,85-48,0,4692.0,46.92
O2023_85_45_1_0026_00002355_2000_3000.tif,85-45,2,O2023_85_48_1_0054_00000560_0_1000.tif,85-48,0,4956.0,49.56
O2023_85_45_1_0026_00002355_2000_3000.tif,85-45,2,O2023_85_48_1_0053_00000198_6000_2000.tif,85-48,0,4480.0,44.8
O2023_85_45_1_0026_00002355_2000_3000.tif,85-45,2,O2023_85_48_1_0054_00000562_0_4000.tif,85-48,0,3564.0,35.64
O2023_85_45_1_0026_00002355_2000_3000.tif,85-45,2,O2023_85_48_1_0053_00000196_6000_5000.tif,85-48,0,3445.0,34.45
O2023_85_45_1_0026_00002355_2000_4000.tif,85-45,2,O2023_85_48_1_0053_00000196_6000_7000.tif,85-48,0,6370.0,63.7
O2023_85_45_1_0026_00002355_2000_4000.tif,85-45,2,O2023_85_48_1_0053_00000200_6000_0.tif,85-48,0,5696.0,56.96
O2023_85_45_1_0026_00002355_2000_4000.tif,85-45,2,O2023_85_48_1_0054_00000560_0_2000.tif,85-48,0,4956.0,49.56
O2023_85_45_1_0026_00002355_2000_4000.tif,85-45,2,O2023_85_48_1_0053_00000198_6000_3000.tif,85-48,0,4480.0,44.8
O2023_85_45_1_0026_00002355_2000_4000.tif,85-45,2,O2023_85_48_1_0054_00000562_0_5000.tif,85-48,0,3564.0,35.64
O2023_85_45_1_0026_00002355_2000_4000.tif,85-45,2,O2023_85_48_1_0054_00000563_0_7000.tif,85-48,0,2703.0,27.03
O2023_85_45_1_0026_00002355_2000_4000.tif,85-45,2,O2023_85_48_1_0053_00000196_6000_6000.tif,85-48,0,3445.0,34.45
O2023_85_45_1_0026_00002355_2000_4000.tif,85-45,2,O2023_85_48_1_0054_00000559_0_0.tif,85-48,0,2684.0,26.84
O2023_85_45_1_0026_00002355_2000_4000.tif,85-45,2,O2023_85_48_1_0053_00000199_6000_1000.tif,85-48,0,1827.0,18.27
O2023_85_45_1_0026_00002355_2000_4000.tif,85-45,2,O2023_85_48_1_0054_00000561_0_3000.tif,85-48,0,1288.0,12.88
O2023_85_45_1_0026_00002355_2000_4000.tif,85-45,2,O2023_85_48_1_0053_00000197_6000_4000.tif,85-48,0,952.0,9.52
O2023_85_45_1_0026_00002355_2000_4000.tif,85-45,2,O2023_85_48_1_0054_00000563_0_6000.tif,85-48,0,408.0,4.08
O2023_85_45_1_0026_00002355_3000_2000.tif,85-45,2,O2023_85_48_1_0054_00000560_0_1000.tif,85-48,0,656.0,6.56
O2023_85_45_1_0026_00002355_3000_2000.tif,85-45,2,O2023_85_48_1_0054_00000560_1000_1000.tif,85-48,0,944.0,9.44
O2023_85_45_1_0026_00002355_3000_2000.tif,85-45,2,O2023_85_48_1_0053_00000198_7000_2000.tif,85-48,0,1920.0,19.2
O2023_85_45_1_0026_00002355_3000_2000.tif,85-45,2,O2023_85_48_1_0053_00000198_6000_2000.tif,85-48,0,1080.0,10.8
O2023_85_45_1_0026_00002355_3000_2000.tif,85-45,2,O2023_85_48_1_0054_00000562_1000_4000.tif,85-48,0,1836.0,18.36
O2023_85_45_1_0026_00002355_3000_2000.tif,85-45,2,O2023_85_48_1_0054_00000562_0_4000.tif,85-48,0,1564.0,15.64
O2023_85_45_1_0026_00002355_3000_2000.tif,85-45,2,O2023_85_48_1_0053_00000196_6000_5000.tif,85-48,0,1645.0,16.45
O2023_85_45_1_0026_00002355_3000_2000.tif,85-45,2,O2023_85_48_1_0053_00000196_7000_5000.tif,85-48,0,3055.0,30.55
O2023_85_45_1_0026_00002355_3000_2000.tif,85-45,2,O2023_85_48_1_0053_00000195_7000_7000.tif,85-48,0,4686.0,46.86
O2023_85_45_1_0026_00002355_3000_2000.tif,85-45,2,O2023_85_48_1_0053_00000199_7000_0.tif,85-48,0,4473.0,44.73
O2023_85_45_1_0026_00002355_3000_2000.tif,85-45,2,O2023_85_48_1_0054_00000561_1000_2000.tif,85-48,0,4312.0,43.12
O2023_85_45_1_0026_00002355_3000_2000.tif,85-45,2,O2023_85_48_1_0053_00000197_7000_3000.tif,85-48,0,5848.0,58.48
O2023_85_45_1_0026_00002355_3000_2000.tif,85-45,2,O2023_85_48_1_0054_00000563_1000_5000.tif,85-48,0,4692.0,46.92
O2023_85_45_1_0026_00002355_3000_2000.tif,85-45,2,O2023_85_48_1_0054_00000564_1000_7000.tif,85-48,0,4608.0,46.08
O2023_85_45_1_0026_00002355_3000_2000.tif,85-45,2,O2023_85_48_1_0053_00000195_7000_6000.tif,85-48,0,5676.0,56.76
O2023_85_45_1_0026_00002355_3000_2000.tif,85-45,2,O2023_85_48_1_0054_00000560_1000_0.tif,85-48,0,4956.0,49.56
O2023_85_45_1_0026_00002355_3000_2000.tif,85-45,2,O2023_85_48_1_0053_00000198_7000_1000.tif,85-48,0,4480.0,44.8
O2023_85_45_1_0026_00002355_3000_2000.tif,85-45,2,O2023_85_48_1_0054_00000562_1000_3000.tif,85-48,0,3564.0,35.64
O2023_85_45_1_0026_00002355_3000_2000.tif,85-45,2,O2023_85_48_1_0053_00000196_7000_4000.tif,85-48,0,3445.0,34.45
O2023_85_45_1_0026_00002355_3000_2000.tif,85-45,2,O2023_85_48_1_0054_00000564_1000_6000.tif,85-48,0,2496.0,24.96
O2023_85_45_1_0026_00002355_3000_3000.tif,85-45,2,O2023_85_48_1_0053_00000196_7000_7000.tif,85-48,0,130.0,1.3
O2023_85_45_1_0026_00002355_3000_3000.tif,85-45,2,O2023_85_48_1_0053_00000196_6000_7000.tif,85-48,0,70.0,0.7
O2023_85_45_1_0026_00002355_3000_3000.tif,85-45,2,O2023_85_48_1_0053_00000200_6000_0.tif,85-48,0,396.0,3.96
O2023_85_45_1_0026_00002355_3000_3000.tif,85-45,2,O2023_85_48_1_0053_00000200_7000_0.tif,85-48,0,704.0,7.04
O2023_85_45_1_0026_00002355_3000_3000.tif,85-45,2,O2023_85_48_1_0054_00000560_1000_2000.tif,85-48,0,944.0,9.44
O2023_85_45_1_0026_00002355_3000_3000.tif,85-45,2,O2023_85_48_1_0054_00000560_0_2000.tif,85-48,0,656.0,6.56
O2023_85_45_1_0026_00002355_3000_3000.tif,85-45,2,O2023_85_48_1_0053_00000198_6000_3000.tif,85-48,0,1080.0,10.8
O2023_85_45_1_0026_00002355_3000_3000.tif,85-45,2,O2023_85_48_1_0053_00000198_7000_3000.tif,85-48,0,1920.0,19.2
O2023_85_45_1_0026_00002355_3000_3000.tif,85-45,2,O2023_85_48_1_0054_00000562_0_5000.tif,85-48,0,1564.0,15.64
O2023_85_45_1_0026_00002355_3000_3000.tif,85-45,2,O2023_85_48_1_0054_00000562_1000_5000.tif,85-48,0,1836.0,18.36
O2023_85_45_1_0026_00002355_3000_3000.tif,85-45,2,O2023_85_48_1_0054_00000563_0_7000.tif,85-48,0,2303.0,23.03
O2023_85_45_1_0026_00002355_3000_3000.tif,85-45,2,O2023_85_48_1_0053_00000196_7000_6000.tif,85-48,0,3055.0,30.55
O2023_85_45_1_0026_00002355_3000_3000.tif,85-45,2,O2023_85_48_1_0053_00000196_6000_6000.tif,85-48,0,1645.0,16.45
O2023_85_45_1_0026_00002355_3000_3000.tif,85-45,2,O2023_85_48_1_0054_00000563_1000_7000.tif,85-48,0,2397.0,23.97
O2023_85_45_1_0026_00002355_3000_3000.tif,85-45,2,O2023_85_48_1_0054_00000559_0_0.tif,85-48,0,2184.0,21.84
O2023_85_45_1_0026_00002355_3000_3000.tif,85-45,2,O2023_85_48_1_0054_00000559_1000_0.tif,85-48,0,3416.0,34.16
O2023_85_45_1_0026_00002355_3000_3000.tif,85-45,2,O2023_85_48_1_0053_00000199_7000_1000.tif,85-48,0,4473.0,44.73
O2023_85_45_1_0026_00002355_3000_3000.tif,85-45,2,O2023_85_48_1_0053_00000199_6000_1000.tif,85-48,0,2627.0,26.27
O2023_85_45_1_0026_00002355_3000_3000.tif,85-45,2,O2023_85_48_1_0054_00000561_1000_3000.tif,85-48,0,4312.0,43.12
O2023_85_45_1_0026_00002355_3000_3000.tif,85-45,2,O2023_85_48_1_0054_00000561_0_3000.tif,85-48,0,3388.0,33.88
O2023_85_45_1_0026_00002355_3000_3000.tif,85-45,2,O2023_85_48_1_0053_00000197_6000_4000.tif,85-48,0,2752.0,27.52
O2023_85_45_1_0026_00002355_3000_3000.tif,85-45,2,O2023_85_48_1_0053_00000197_7000_4000.tif,85-48,0,5848.0,58.48
O2023_85_45_1_0026_00002355_3000_3000.tif,85-45,2,O2023_85_48_1_0054_00000563_0_6000.tif,85-48,0,4508.0,45.08
O2023_85_45_1_0026_00002355_3000_3000.tif,85-45,2,O2023_85_48_1_0054_00000563_1000_6000.tif,85-48,0,4692.0,46.92
O2023_85_45_1_0026_00002355_3000_3000.tif,85-45,2,O2023_85_48_1_0054_00000560_0_1000.tif,85-48,0,3444.0,34.44
O2023_85_45_1_0026_00002355_3000_3000.tif,85-45,2,O2023_85_48_1_0054_00000560_1000_1000.tif,85-48,0,4956.0,49.56
O2023_85_45_1_0026_00002355_3000_3000.tif,85-45,2,O2023_85_48_1_0053_00000198_7000_2000.tif,85-48,0,4480.0,44.8
O2023_85_45_1_0026_00002355_3000_3000.tif,85-45,2,O2023_85_48_1_0053_00000198_6000_2000.tif,85-48,0,2520.0,25.2
O2023_85_45_1_0026_00002355_3000_3000.tif,85-45,2,O2023_85_48_1_0054_00000562_1000_4000.tif,85-48,0,3564.0,35.64
O2023_85_45_1_0026_00002355_3000_3000.tif,85-45,2,O2023_85_48_1_0054_00000562_0_4000.tif,85-48,0,3036.0,30.36
O2023_85_45_1_0026_00002355_3000_3000.tif,85-45,2,O2023_85_48_1_0053_00000196_6000_5000.tif,85-48,0,1855.0,18.55
O2023_85_45_1_0026_00002355_3000_3000.tif,85-45,2,O2023_85_48_1_0053_00000196_7000_5000.tif,85-48,0,3445.0,34.45
O2023_85_45_1_0026_00002355_3000_3000.tif,85-45,2,O2023_85_48_1_0053_00000195_7000_7000.tif,85-48,0,1914.0,19.14
O2023_85_45_1_0026_00002355_3000_3000.tif,85-45,2,O2023_85_48_1_0053_00000199_7000_0.tif,85-48,0,1827.0,18.27
O2023_85_45_1_0026_00002355_3000_3000.tif,85-45,2,O2023_85_48_1_0054_00000561_1000_2000.tif,85-48,0,1288.0,12.88
O2023_85_45_1_0026_00002355_3000_3000.tif,85-45,2,O2023_85_48_1_0053_00000197_7000_3000.tif,85-48,0,952.0,9.52
O2023_85_45_1_0026_00002355_3000_3000.tif,85-45,2,O2023_85_48_1_0054_00000563_1000_5000.tif,85-48,0,408.0,4.08
O2023_85_45_1_0026_00002355_3000_4000.tif,85-45,2,O2023_85_48_1_0053_00000196_7000_7000.tif,85-48,0,6370.0,63.7
O2023_85_45_1_0026_00002355_3000_4000.tif,85-45,2,O2023_85_48_1_0053_00000196_6000_7000.tif,85-48,0,3430.0,34.3
O2023_85_45_1_0026_00002355_3000_4000.tif,85-45,2,O2023_85_48_1_0053_00000200_6000_0.tif,85-48,0,3204.0,32.04
O2023_85_45_1_0026_00002355_3000_4000.tif,85-45,2,O2023_85_48_1_0053_00000200_7000_0.tif,85-48,0,5696.0,56.96
O2023_85_45_1_0026_00002355_3000_4000.tif,85-45,2,O2023_85_48_1_0054_00000560_1000_2000.tif,85-48,0,4956.0,49.56
O2023_85_45_1_0026_00002355_3000_4000.tif,85-45,2,O2023_85_48_1_0054_00000560_0_2000.tif,85-48,0,3444.0,34.44
O2023_85_45_1_0026_00002355_3000_4000.tif,85-45,2,O2023_85_48_1_0053_00000198_6000_3000.tif,85-48,0,2520.0,25.2
O2023_85_45_1_0026_00002355_3000_4000.tif,85-45,2,O2023_85_48_1_0053_00000198_7000_3000.tif,85-48,0,4480.0,44.8
O2023_85_45_1_0026_00002355_3000_4000.tif,85-45,2,O2023_85_48_1_0054_00000562_0_5000.tif,85-48,0,3036.0,30.36
O2023_85_45_1_0026_00002355_3000_4000.tif,85-45,2,O2023_85_48_1_0054_00000562_1000_5000.tif,85-48,0,3564.0,35.64
O2023_85_45_1_0026_00002355_3000_4000.tif,85-45,2,O2023_85_48_1_0054_00000563_0_7000.tif,85-48,0,2597.0,25.97
O2023_85_45_1_0026_00002355_3000_4000.tif,85-45,2,O2023_85_48_1_0053_00000196_7000_6000.tif,85-48,0,3445.0,34.45
O2023_85_45_1_0026_00002355_3000_4000.tif,85-45,2,O2023_85_48_1_0053_00000196_6000_6000.tif,85-48,0,1855.0,18.55
O2023_85_45_1_0026_00002355_3000_4000.tif,85-45,2,O2023_85_48_1_0054_00000563_1000_7000.tif,85-48,0,2703.0,27.03
O2023_85_45_1_0026_00002355_3000_4000.tif,85-45,2,O2023_85_48_1_0054_00000559_0_0.tif,85-48,0,1716.0,17.16
O2023_85_45_1_0026_00002355_3000_4000.tif,85-45,2,O2023_85_48_1_0054_00000559_1000_0.tif,85-48,0,2684.0,26.84
O2023_85_45_1_0026_00002355_3000_4000.tif,85-45,2,O2023_85_48_1_0053_00000199_7000_1000.tif,85-48,0,1827.0,18.27
O2023_85_45_1_0026_00002355_3000_4000.tif,85-45,2,O2023_85_48_1_0053_00000199_6000_1000.tif,85-48,0,1073.0,10.73
O2023_85_45_1_0026_00002355_3000_4000.tif,85-45,2,O2023_85_48_1_0054_00000561_1000_3000.tif,85-48,0,1288.0,12.88
O2023_85_45_1_0026_00002355_3000_4000.tif,85-45,2,O2023_85_48_1_0054_00000561_0_3000.tif,85-48,0,1012.0,10.12
O2023_85_45_1_0026_00002355_3000_4000.tif,85-45,2,O2023_85_48_1_0053_00000197_6000_4000.tif,85-48,0,448.0,4.48
O2023_85_45_1_0026_00002355_3000_4000.tif,85-45,2,O2023_85_48_1_0053_00000197_7000_4000.tif,85-48,0,952.0,9.52
O2023_85_45_1_0026_00002355_3000_4000.tif,85-45,2,O2023_85_48_1_0054_00000563_0_6000.tif,85-48,0,392.0,3.92
O2023_85_45_1_0026_00002355_3000_4000.tif,85-45,2,O2023_85_48_1_0054_00000563_1000_6000.tif,85-48,0,408.0,4.08
O2023_85_45_1_0026_00002355_4000_2000.tif,85-45,2,O2023_85_48_1_0054_00000560_2000_1000.tif,85-48,0,944.0,9.44
O2023_85_45_1_0026_00002355_4000_2000.tif,85-45,2,O2023_85_48_1_0054_00000560_1000_1000.tif,85-48,0,656.0,6.56
O2023_85_45_1_0026_00002355_4000_2000.tif,85-45,2,O2023_85_48_1_0053_00000198_7000_2000.tif,85-48,0,1080.0,10.8
O2023_85_45_1_0026_00002355_4000_2000.tif,85-45,2,O2023_85_48_1_0053_00000198_8000_2000.tif,85-48,0,1920.0,19.2
O2023_85_45_1_0026_00002355_4000_2000.tif,85-45,2,O2023_85_48_1_0054_00000562_1000_4000.tif,85-48,0,1564.0,15.64
O2023_85_45_1_0026_00002355_4000_2000.tif,85-45,2,O2023_85_48_1_0054_00000562_2000_4000.tif,85-48,0,1836.0,18.36
O2023_85_45_1_0026_00002355_4000_2000.tif,85-45,2,O2023_85_48_1_0053_00000196_8000_5000.tif,85-48,0,3055.0,30.55
O2023_85_45_1_0026_00002355_4000_2000.tif,85-45,2,O2023_85_48_1_0053_00000196_7000_5000.tif,85-48,0,1645.0,16.45
O2023_85_45_1_0026_00002355_4000_2000.tif,85-45,2,O2023_85_48_1_0053_00000195_7000_7000.tif,85-48,0,2414.0,24.14
O2023_85_45_1_0026_00002355_4000_2000.tif,85-45,2,O2023_85_48_1_0053_00000199_7000_0.tif,85-48,0,2627.0,26.27
O2023_85_45_1_0026_00002355_4000_2000.tif,85-45,2,O2023_85_48_1_0053_00000195_8000_7000.tif,85-48,0,4686.0,46.86
O2023_85_45_1_0026_00002355_4000_2000.tif,85-45,2,O2023_85_48_1_0053_00000199_8000_0.tif,85-48,0,4473.0,44.73
O2023_85_45_1_0026_00002355_4000_2000.tif,85-45,2,O2023_85_48_1_0054_00000561_2000_2000.tif,85-48,0,4312.0,43.12
O2023_85_45_1_0026_00002355_4000_2000.tif,85-45,2,O2023_85_48_1_0054_00000561_1000_2000.tif,85-48,0,3388.0,33.88
O2023_85_45_1_0026_00002355_4000_2000.tif,85-45,2,O2023_85_48_1_0053_00000197_8000_3000.tif,85-48,0,5848.0,58.48
O2023_85_45_1_0026_00002355_4000_2000.tif,85-45,2,O2023_85_48_1_0053_00000197_7000_3000.tif,85-48,0,2752.0,27.52
O2023_85_45_1_0026_00002355_4000_2000.tif,85-45,2,O2023_85_48_1_0054_00000563_1000_5000.tif,85-48,0,4508.0,45.08
O2023_85_45_1_0026_00002355_4000_2000.tif,85-45,2,O2023_85_48_1_0054_00000563_2000_5000.tif,85-48,0,4692.0,46.92
O2023_85_45_1_0026_00002355_4000_2000.tif,85-45,2,O2023_85_48_1_0054_00000564_1000_7000.tif,85-48,0,4992.0,49.92
O2023_85_45_1_0026_00002355_4000_2000.tif,85-45,2,O2023_85_48_1_0054_00000564_2000_7000.tif,85-48,0,4608.0,46.08
O2023_85_45_1_0026_00002355_4000_2000.tif,85-45,2,O2023_85_48_1_0053_00000195_7000_6000.tif,85-48,0,2924.0,29.24
O2023_85_45_1_0026_00002355_4000_2000.tif,85-45,2,O2023_85_48_1_0053_00000195_8000_6000.tif,85-48,0,5676.0,56.76
O2023_85_45_1_0026_00002355_4000_2000.tif,85-45,2,O2023_85_48_1_0054_00000560_1000_0.tif,85-48,0,3444.0,34.44
O2023_85_45_1_0026_00002355_4000_2000.tif,85-45,2,O2023_85_48_1_0054_00000560_2000_0.tif,85-48,0,4956.0,49.56
O2023_85_45_1_0026_00002355_4000_2000.tif,85-45,2,O2023_85_48_1_0053_00000198_8000_1000.tif,85-48,0,4480.0,44.8
O2023_85_45_1_0026_00002355_4000_2000.tif,85-45,2,O2023_85_48_1_0053_00000198_7000_1000.tif,85-48,0,2520.0,25.2
O2023_85_45_1_0026_00002355_4000_2000.tif,85-45,2,O2023_85_48_1_0054_00000562_1000_3000.tif,85-48,0,3036.0,30.36
O2023_85_45_1_0026_00002355_4000_2000.tif,85-45,2,O2023_85_48_1_0054_00000562_2000_3000.tif,85-48,0,3564.0,35.64
O2023_85_45_1_0026_00002355_4000_2000.tif,85-45,2,O2023_85_48_1_0053_00000196_7000_4000.tif,85-48,0,1855.0,18.55
O2023_85_45_1_0026_00002355_4000_2000.tif,85-45,2,O2023_85_48_1_0053_00000196_8000_4000.tif,85-48,0,3445.0,34.45
O2023_85_45_1_0026_00002355_4000_2000.tif,85-45,2,O2023_85_48_1_0054_00000564_2000_6000.tif,85-48,0,2496.0,24.96
O2023_85_45_1_0026_00002355_4000_2000.tif,85-45,2,O2023_85_48_1_0054_00000564_1000_6000.tif,85-48,0,2704.0,27.04
O2023_85_45_1_0026_00002355_4000_3000.tif,85-45,2,O2023_85_48_1_0053_00000196_7000_7000.tif,85-48,0,70.0,0.7
O2023_85_45_1_0026_00002355_4000_3000.tif,85-45,2,O2023_85_48_1_0053_00000200_7000_0.tif,85-48,0,396.0,3.96
O2023_85_45_1_0026_00002355_4000_3000.tif,85-45,2,O2023_85_48_1_0054_00000560_1000_2000.tif,85-48,0,656.0,6.56
O2023_85_45_1_0026_00002355_4000_3000.tif,85-45,2,O2023_85_48_1_0053_00000198_7000_3000.tif,85-48,0,1080.0,10.8
O2023_85_45_1_0026_00002355_4000_3000.tif,85-45,2,O2023_85_48_1_0054_00000562_1000_5000.tif,85-48,0,1564.0,15.64
O2023_85_45_1_0026_00002355_4000_3000.tif,85-45,2,O2023_85_48_1_0053_00000196_7000_6000.tif,85-48,0,1645.0,16.45
O2023_85_45_1_0026_00002355_4000_3000.tif,85-45,2,O2023_85_48_1_0054_00000563_1000_7000.tif,85-48,0,2303.0,23.03
O2023_85_45_1_0026_00002355_4000_3000.tif,85-45,2,O2023_85_48_1_0054_00000559_1000_0.tif,85-48,0,2184.0,21.84
O2023_85_45_1_0026_00002355_4000_3000.tif,85-45,2,O2023_85_48_1_0053_00000199_7000_1000.tif,85-48,0,2627.0,26.27
O2023_85_45_1_0026_00002355_4000_3000.tif,85-45,2,O2023_85_48_1_0054_00000561_1000_3000.tif,85-48,0,3388.0,33.88
O2023_85_45_1_0026_00002355_4000_3000.tif,85-45,2,O2023_85_48_1_0053_00000197_7000_4000.tif,85-48,0,2752.0,27.52
O2023_85_45_1_0026_00002355_4000_3000.tif,85-45,2,O2023_85_48_1_0054_00000563_1000_6000.tif,85-48,0,4508.0,45.08
O2023_85_45_1_0026_00002355_4000_3000.tif,85-45,2,O2023_85_48_1_0054_00000560_2000_1000.tif,85-48,0,4956.0,49.56
O2023_85_45_1_0026_00002355_4000_3000.tif,85-45,2,O2023_85_48_1_0054_00000560_1000_1000.tif,85-48,0,3444.0,34.44
O2023_85_45_1_0026_00002355_4000_3000.tif,85-45,2,O2023_85_48_1_0053_00000198_7000_2000.tif,85-48,0,2520.0,25.2
O2023_85_45_1_0026_00002355_4000_3000.tif,85-45,2,O2023_85_48_1_0053_00000198_8000_2000.tif,85-48,0,4480.0,44.8
O2023_85_45_1_0026_00002355_4000_3000.tif,85-45,2,O2023_85_48_1_0054_00000562_1000_4000.tif,85-48,0,3036.0,30.36
O2023_85_45_1_0026_00002355_4000_3000.tif,85-45,2,O2023_85_48_1_0054_00000562_2000_4000.tif,85-48,0,3564.0,35.64
O2023_85_45_1_0026_00002355_4000_3000.tif,85-45,2,O2023_85_48_1_0053_00000196_8000_5000.tif,85-48,0,3445.0,34.45
O2023_85_45_1_0026_00002355_4000_3000.tif,85-45,2,O2023_85_48_1_0053_00000196_7000_5000.tif,85-48,0,1855.0,18.55
O2023_85_45_1_0026_00002355_4000_3000.tif,85-45,2,O2023_85_48_1_0053_00000195_7000_7000.tif,85-48,0,986.0,9.86
O2023_85_45_1_0026_00002355_4000_3000.tif,85-45,2,O2023_85_48_1_0053_00000199_7000_0.tif,85-48,0,1073.0,10.73
O2023_85_45_1_0026_00002355_4000_3000.tif,85-45,2,O2023_85_48_1_0053_00000195_8000_7000.tif,85-48,0,1914.0,19.14
O2023_85_45_1_0026_00002355_4000_3000.tif,85-45,2,O2023_85_48_1_0053_00000199_8000_0.tif,85-48,0,1827.0,18.27
O2023_85_45_1_0026_00002355_4000_3000.tif,85-45,2,O2023_85_48_1_0054_00000561_2000_2000.tif,85-48,0,1288.0,12.88
O2023_85_45_1_0026_00002355_4000_3000.tif,85-45,2,O2023_85_48_1_0054_00000561_1000_2000.tif,85-48,0,1012.0,10.12
O2023_85_45_1_0026_00002355_4000_3000.tif,85-45,2,O2023_85_48_1_0053_00000197_8000_3000.tif,85-48,0,952.0,9.52
O2023_85_45_1_0026_00002355_4000_3000.tif,85-45,2,O2023_85_48_1_0053_00000197_7000_3000.tif,85-48,0,448.0,4.48
O2023_85_45_1_0026_00002355_4000_3000.tif,85-45,2,O2023_85_48_1_0054_00000563_1000_5000.tif,85-48,0,392.0,3.92
O2023_85_45_1_0026_00002355_4000_3000.tif,85-45,2,O2023_85_48_1_0054_00000563_2000_5000.tif,85-48,0,408.0,4.08
O2023_85_45_1_0026_00002355_5000_2000.tif,85-45,2,O2023_85_48_1_0054_00000560_2000_1000.tif,85-48,0,656.0,6.56
O2023_85_45_1_0026_00002355_5000_2000.tif,85-45,2,O2023_85_48_1_0053_00000198_8780_2000.tif,85-48,0,2580.0,25.8
O2023_85_45_1_0026_00002355_5000_2000.tif,85-45,2,O2023_85_48_1_0053_00000198_8000_2000.tif,85-48,0,1080.0,10.8
O2023_85_45_1_0026_00002355_5000_2000.tif,85-45,2,O2023_85_48_1_0054_00000562_2000_4000.tif,85-48,0,1564.0,15.64
O2023_85_45_1_0026_00002355_5000_2000.tif,85-45,2,O2023_85_48_1_0053_00000196_8000_5000.tif,85-48,0,1645.0,16.45
O2023_85_45_1_0026_00002355_5000_2000.tif,85-45,2,O2023_85_48_1_0053_00000196_8790_5000.tif,85-48,0,4042.0,40.42
O2023_85_45_1_0026_00002355_5000_2000.tif,85-45,2,O2023_85_48_1_0053_00000195_8000_7000.tif,85-48,0,2414.0,24.14
O2023_85_45_1_0026_00002355_5000_2000.tif,85-45,2,O2023_85_48_1_0053_00000199_8000_0.tif,85-48,0,2627.0,26.27
O2023_85_45_1_0026_00002355_5000_2000.tif,85-45,2,O2023_85_48_1_0053_00000195_8780_7000.tif,85-48,0,6248.0,62.48
O2023_85_45_1_0026_00002355_5000_2000.tif,85-45,2,O2023_85_48_1_0053_00000199_9000_0.tif,85-48,0,6106.0,61.06
O2023_85_45_1_0026_00002355_5000_2000.tif,85-45,2,O2023_85_48_1_0054_00000561_2000_2000.tif,85-48,0,3388.0,33.88
O2023_85_45_1_0026_00002355_5000_2000.tif,85-45,2,O2023_85_48_1_0053_00000197_8000_3000.tif,85-48,0,2752.0,27.52
O2023_85_45_1_0026_00002355_5000_2000.tif,85-45,2,O2023_85_48_1_0053_00000197_8790_3000.tif,85-48,0,7654.0,76.54
O2023_85_45_1_0026_00002355_5000_2000.tif,85-45,2,O2023_85_48_1_0054_00000563_2000_5000.tif,85-48,0,4508.0,45.08
O2023_85_45_1_0026_00002355_5000_2000.tif,85-45,2,O2023_85_48_1_0054_00000564_2000_7000.tif,85-48,0,4992.0,49.92
O2023_85_45_1_0026_00002355_5000_2000.tif,85-45,2,O2023_85_48_1_0053_00000195_8780_6000.tif,85-48,0,7568.0,75.68
O2023_85_45_1_0026_00002355_5000_2000.tif,85-45,2,O2023_85_48_1_0053_00000195_8000_6000.tif,85-48,0,2924.0,29.24
O2023_85_45_1_0026_00002355_5000_2000.tif,85-45,2,O2023_85_48_1_0054_00000560_2000_0.tif,85-48,0,3444.0,34.44
O2023_85_45_1_0026_00002355_5000_2000.tif,85-45,2,O2023_85_48_1_0053_00000198_8000_1000.tif,85-48,0,2520.0,25.2
O2023_85_45_1_0026_00002355_5000_2000.tif,85-45,2,O2023_85_48_1_0053_00000198_8780_1000.tif,85-48,0,6020.0,60.2
O2023_85_45_1_0026_00002355_5000_2000.tif,85-45,2,O2023_85_48_1_0054_00000562_2000_3000.tif,85-48,0,3036.0,30.36
O2023_85_45_1_0026_00002355_5000_2000.tif,85-45,2,O2023_85_48_1_0053_00000196_8000_4000.tif,85-48,0,1855.0,18.55
O2023_85_45_1_0026_00002355_5000_2000.tif,85-45,2,O2023_85_48_1_0053_00000196_8790_4000.tif,85-48,0,4558.0,45.58
O2023_85_45_1_0026_00002355_5000_2000.tif,85-45,2,O2023_85_48_1_0054_00000564_2000_6000.tif,85-48,0,2704.0,27.04
O2023_85_45_1_0026_00002356_0_5000.tif,85-45,2,O2023_85_48_1_0053_00000201_4000_2000.tif,85-48,0,960.0,9.6
O2023_85_45_1_0026_00002356_0_5000.tif,85-45,2,O2023_85_48_1_0053_00000199_4000_5000.tif,85-48,0,2016.0,20.16
O2023_85_45_1_0026_00002356_0_5000.tif,85-45,2,O2023_85_48_1_0053_00000198_3000_7000.tif,85-48,0,1728.0,17.28
O2023_85_45_1_0026_00002356_0_5000.tif,85-45,2,O2023_85_48_1_0053_00000198_4000_7000.tif,85-48,0,3072.0,30.72
O2023_85_45_1_0026_00002356_0_5000.tif,85-45,2,O2023_85_48_1_0052_00000182_8790_2000.tif,85-48,0,55.0,0.55
O2023_85_45_1_0026_00002356_0_5000.tif,85-45,2,O2023_85_48_1_0053_00000202_3000_0.tif,85-48,0,1856.0,18.56
O2023_85_45_1_0026_00002356_0_5000.tif,85-45,2,O2023_85_48_1_0053_00000202_4000_0.tif,85-48,0,3944.0,39.44
O2023_85_45_1_0026_00002356_0_5000.tif,85-45,2,O2023_85_48_1_0052_00000184_8770_5000.tif,85-48,0,390.0,3.9
O2023_85_45_1_0026_00002356_0_5000.tif,85-45,2,O2023_85_48_1_0053_00000200_4000_3000.tif,85-48,0,4608.0,46.08
O2023_85_45_1_0026_00002356_0_5000.tif,85-45,2,O2023_85_48_1_0053_00000200_3000_3000.tif,85-48,0,2592.0,25.92
O2023_85_45_1_0026_00002356_0_5000.tif,85-45,2,O2023_85_48_1_0052_00000185_8750_7000.tif,85-48,0,648.0,6.48
O2023_85_45_1_0026_00002356_0_5000.tif,85-45,2,O2023_85_48_1_0053_00000198_4000_6000.tif,85-48,0,5824.0,58.24
O2023_85_45_1_0026_00002356_0_5000.tif,85-45,2,O2023_85_48_1_0053_00000198_3000_6000.tif,85-48,0,3276.0,32.76
O2023_85_45_1_0026_00002356_0_5000.tif,85-45,2,O2023_85_48_1_0052_00000183_8770_3000.tif,85-48,0,352.0,3.52
O2023_85_45_1_0026_00002356_0_5000.tif,85-45,2,O2023_85_48_1_0053_00000201_4000_1000.tif,85-48,0,5440.0,54.4
O2023_85_45_1_0026_00002356_0_5000.tif,85-45,2,O2023_85_48_1_0053_00000201_3000_1000.tif,85-48,0,3060.0,30.6
O2023_85_45_1_0026_00002356_0_5000.tif,85-45,2,O2023_85_48_1_0052_00000185_8750_6000.tif,85-48,0,616.0,6.16
O2023_85_45_1_0026_00002356_0_5000.tif,85-45,2,O2023_85_48_1_0053_00000199_4000_4000.tif,85-48,0,4284.0,42.84
O2023_85_45_1_0026_00002356_0_5000.tif,85-45,2,O2023_85_48_1_0053_00000199_3000_4000.tif,85-48,0,2516.0,25.16
O2023_85_45_1_0026_00002356_0_5000.tif,85-45,2,O2023_85_48_1_0052_00000182_8790_1000.tif,85-48,0,45.0,0.45
O2023_85_45_1_0026_00002356_0_5000.tif,85-45,2,O2023_85_48_1_0052_00000184_8770_4000.tif,85-48,0,210.0,2.1
O2023_85_45_1_0026_00002356_1000_4000.tif,85-45,2,O2023_85_48_1_0053_00000201_5000_1000.tif,85-48,0,960.0,9.6
O2023_85_45_1_0026_00002356_1000_4000.tif,85-45,2,O2023_85_48_1_0053_00000201_4000_1000.tif,85-48,0,540.0,5.4
O2023_85_45_1_0026_00002356_1000_4000.tif,85-45,2,O2023_85_48_1_0053_00000199_5000_4000.tif,85-48,0,2016.0,20.16
O2023_85_45_1_0026_00002356_1000_4000.tif,85-45,2,O2023_85_48_1_0053_00000199_4000_4000.tif,85-48,0,1184.0,11.84
O2023_85_45_1_0026_00002356_1000_4000.tif,85-45,2,O2023_85_48_1_0053_00000200_5000_2000.tif,85-48,0,4608.0,46.08
O2023_85_45_1_0026_00002356_1000_4000.tif,85-45,2,O2023_85_48_1_0053_00000198_5000_5000.tif,85-48,0,5824.0,58.24
O2023_85_45_1_0026_00002356_1000_4000.tif,85-45,2,O2023_85_48_1_0053_00000197_5000_7000.tif,85-48,0,6596.0,65.96
O2023_85_45_1_0026_00002356_1000_5000.tif,85-45,2,O2023_85_48_1_0053_00000201_4000_2000.tif,85-48,0,540.0,5.4
O2023_85_45_1_0026_00002356_1000_5000.tif,85-45,2,O2023_85_48_1_0053_00000201_5000_2000.tif,85-48,0,960.0,9.6
O2023_85_45_1_0026_00002356_1000_5000.tif,85-45,2,O2023_85_48_1_0053_00000199_5000_5000.tif,85-48,0,2016.0,20.16
O2023_85_45_1_0026_00002356_1000_5000.tif,85-45,2,O2023_85_48_1_0053_00000199_4000_5000.tif,85-48,0,1184.0,11.84
O2023_85_45_1_0026_00002356_1000_5000.tif,85-45,2,O2023_85_48_1_0053_00000198_4000_7000.tif,85-48,0,1728.0,17.28
O2023_85_45_1_0026_00002356_1000_5000.tif,85-45,2,O2023_85_48_1_0053_00000198_5000_7000.tif,85-48,0,3072.0,30.72
O2023_85_45_1_0026_00002356_1000_5000.tif,85-45,2,O2023_85_48_1_0053_00000202_5000_0.tif,85-48,0,3944.0,39.44
O2023_85_45_1_0026_00002356_1000_5000.tif,85-45,2,O2023_85_48_1_0053_00000202_4000_0.tif,85-48,0,1856.0,18.56
O2023_85_45_1_0026_00002356_1000_5000.tif,85-45,2,O2023_85_48_1_0053_00000200_5000_3000.tif,85-48,0,4608.0,46.08
O2023_85_45_1_0026_00002356_1000_5000.tif,85-45,2,O2023_85_48_1_0053_00000200_4000_3000.tif,85-48,0,2592.0,25.92
O2023_85_45_1_0026_00002356_1000_5000.tif,85-45,2,O2023_85_48_1_0053_00000198_4000_6000.tif,85-48,0,3276.0,32.76
O2023_85_45_1_0026_00002356_1000_5000.tif,85-45,2,O2023_85_48_1_0053_00000198_5000_6000.tif,85-48,0,5824.0,58.24
O2023_85_45_1_0026_00002356_1000_5000.tif,85-45,2,O2023_85_48_1_0053_00000201_5000_1000.tif,85-48,0,5440.0,54.4
O2023_85_45_1_0026_00002356_1000_5000.tif,85-45,2,O2023_85_48_1_0053_00000201_4000_1000.tif,85-48,0,3060.0,30.6
O2023_85_45_1_0026_00002356_1000_5000.tif,85-45,2,O2023_85_48_1_0053_00000199_5000_4000.tif,85-48,0,4284.0,42.84
O2023_85_45_1_0026_00002356_1000_5000.tif,85-45,2,O2023_85_48_1_0053_00000199_4000_4000.tif,85-48,0,2516.0,25.16
O2023_85_45_1_0026_00002356_1000_5000.tif,85-45,2,O2023_85_48_1_0053_00000200_5000_2000.tif,85-48,0,1792.0,17.92
O2023_85_45_1_0026_00002356_1000_5000.tif,85-45,2,O2023_85_48_1_0053_00000198_5000_5000.tif,85-48,0,576.0,5.76
O2023_85_45_1_0026_00002356_1000_6000.tif,85-45,2,O2023_85_48_1_0053_00000202_5000_1000.tif,85-48,0,3944.0,39.44
O2023_85_45_1_0026_00002356_1000_6000.tif,85-45,2,O2023_85_48_1_0053_00000200_5000_4000.tif,85-48,0,4608.0,46.08
O2023_85_45_1_0026_00002356_1000_6000.tif,85-45,2,O2023_85_48_1_0053_00000201_4000_2000.tif,85-48,0,3060.0,30.6
O2023_85_45_1_0026_00002356_1000_6000.tif,85-45,2,O2023_85_48_1_0053_00000201_5000_2000.tif,85-48,0,5440.0,54.4
O2023_85_45_1_0026_00002356_1000_6000.tif,85-45,2,O2023_85_48_1_0053_00000199_5000_5000.tif,85-48,0,4284.0,42.84
O2023_85_45_1_0026_00002356_1000_6000.tif,85-45,2,O2023_85_48_1_0053_00000199_4000_5000.tif,85-48,0,2516.0,25.16
O2023_85_45_1_0026_00002356_1000_6000.tif,85-45,2,O2023_85_48_1_0053_00000198_4000_7000.tif,85-48,0,1872.0,18.72
O2023_85_45_1_0026_00002356_1000_6000.tif,85-45,2,O2023_85_48_1_0053_00000198_5000_7000.tif,85-48,0,3328.0,33.28
O2023_85_45_1_0026_00002356_1000_6000.tif,85-45,2,O2023_85_48_1_0053_00000202_5000_0.tif,85-48,0,2856.0,28.56
O2023_85_45_1_0026_00002356_1000_6000.tif,85-45,2,O2023_85_48_1_0053_00000202_4000_0.tif,85-48,0,1344.0,13.44
O2023_85_45_1_0026_00002356_1000_6000.tif,85-45,2,O2023_85_48_1_0053_00000200_5000_3000.tif,85-48,0,1792.0,17.92
O2023_85_45_1_0026_00002356_1000_6000.tif,85-45,2,O2023_85_48_1_0053_00000200_4000_3000.tif,85-48,0,1008.0,10.08
O2023_85_45_1_0026_00002356_1000_6000.tif,85-45,2,O2023_85_48_1_0053_00000198_4000_6000.tif,85-48,0,324.0,3.24
O2023_85_45_1_0026_00002356_1000_6000.tif,85-45,2,O2023_85_48_1_0053_00000198_5000_6000.tif,85-48,0,576.0,5.76
O2023_85_45_1_0026_00002356_1000_7000.tif,85-45,2,O2023_85_48_1_0053_00000202_5000_1000.tif,85-48,0,6460.0,64.6
O2023_85_45_1_0026_00002356_1000_7000.tif,85-45,2,O2023_85_48_1_0053_00000200_5000_4000.tif,85-48,0,5824.0,58.24
O2023_85_45_1_0026_00002356_1000_7000.tif,85-45,2,O2023_85_48_1_0053_00000201_4000_2000.tif,85-48,0,1728.0,17.28
O2023_85_45_1_0026_00002356_1000_7000.tif,85-45,2,O2023_85_48_1_0053_00000201_5000_2000.tif,85-48,0,3072.0,30.72
O2023_85_45_1_0026_00002356_1000_7000.tif,85-45,2,O2023_85_48_1_0053_00000199_5000_5000.tif,85-48,0,1953.0,19.53
O2023_85_45_1_0026_00002356_1000_7000.tif,85-45,2,O2023_85_48_1_0053_00000199_4000_5000.tif,85-48,0,1147.0,11.47
O2023_85_45_1_0026_00002356_1000_7000.tif,85-45,2,O2023_85_48_1_0053_00000198_4000_7000.tif,85-48,0,540.0,5.4
O2023_85_45_1_0026_00002356_1000_7000.tif,85-45,2,O2023_85_48_1_0053_00000198_5000_7000.tif,85-48,0,960.0,9.6
O2023_85_45_1_0026_00002356_1000_7000.tif,85-45,2,O2023_85_48_1_0053_00000202_5000_0.tif,85-48,0,340.0,3.4
O2023_85_45_1_0026_00002356_1000_7000.tif,85-45,2,O2023_85_48_1_0053_00000202_4000_0.tif,85-48,0,160.0,1.6
O2023_85_45_1_0026_00002356_2000_1000.tif,85-45,2,O2023_85_48_1_0054_00000563_0_7000.tif,85-48,0,408.0,4.08
O2023_85_45_1_0026_00002356_2000_1000.tif,85-45,2,O2023_85_48_1_0053_00000196_6000_6000.tif,85-48,0,520.0,5.2
O2023_85_45_1_0026_00002356_2000_1000.tif,85-45,2,O2023_85_48_1_0054_00000559_0_0.tif,85-48,0,1037.0,10.37
O2023_85_45_1_0026_00002356_2000_1000.tif,85-45,2,O2023_85_48_1_0053_00000199_6000_1000.tif,85-48,0,2016.0,20.16
O2023_85_45_1_0026_00002356_2000_1000.tif,85-45,2,O2023_85_48_1_0054_00000561_0_3000.tif,85-48,0,2128.0,21.28
O2023_85_45_1_0026_00002356_2000_1000.tif,85-45,2,O2023_85_48_1_0053_00000197_6000_4000.tif,85-48,0,3196.0,31.96
O2023_85_45_1_0026_00002356_2000_1000.tif,85-45,2,O2023_85_48_1_0054_00000563_0_6000.tif,85-48,0,2703.0,27.03
O2023_85_45_1_0026_00002356_2000_1000.tif,85-45,2,O2023_85_48_1_0054_00000560_0_1000.tif,85-48,0,4543.0,45.43
O2023_85_45_1_0026_00002356_2000_1000.tif,85-45,2,O2023_85_48_1_0053_00000198_6000_2000.tif,85-48,0,5824.0,58.24
O2023_85_45_1_0026_00002356_2000_1000.tif,85-45,2,O2023_85_48_1_0054_00000562_0_4000.tif,85-48,0,5130.0,51.3
O2023_85_45_1_0026_00002356_2000_1000.tif,85-45,2,O2023_85_48_1_0053_00000196_6000_5000.tif,85-48,0,5980.0,59.8
O2023_85_45_1_0026_00002356_2000_2000.tif,85-45,2,O2023_85_48_1_0053_00000196_6000_7000.tif,85-48,0,4095.0,40.95
O2023_85_45_1_0026_00002356_2000_2000.tif,85-45,2,O2023_85_48_1_0053_00000200_6000_0.tif,85-48,0,4608.0,46.08
O2023_85_45_1_0026_00002356_2000_2000.tif,85-45,2,O2023_85_48_1_0054_00000560_0_2000.tif,85-48,0,4543.0,45.43
O2023_85_45_1_0026_00002356_2000_2000.tif,85-45,2,O2023_85_48_1_0053_00000198_6000_3000.tif,85-48,0,5824.0,58.24
O2023_85_45_1_0026_00002356_2000_2000.tif,85-45,2,O2023_85_48_1_0054_00000562_0_5000.tif,85-48,0,5130.0,51.3
O2023_85_45_1_0026_00002356_2000_2000.tif,85-45,2,O2023_85_48_1_0054_00000563_0_7000.tif,85-48,0,4692.0,46.92
O2023_85_45_1_0026_00002356_2000_2000.tif,85-45,2,O2023_85_48_1_0053_00000196_6000_6000.tif,85-48,0,5980.0,59.8
O2023_85_45_1_0026_00002356_2000_2000.tif,85-45,2,O2023_85_48_1_0054_00000559_0_0.tif,85-48,0,5063.0,50.63
O2023_85_45_1_0026_00002356_2000_2000.tif,85-45,2,O2023_85_48_1_0053_00000199_6000_1000.tif,85-48,0,4284.0,42.84
O2023_85_45_1_0026_00002356_2000_2000.tif,85-45,2,O2023_85_48_1_0054_00000561_0_3000.tif,85-48,0,3472.0,34.72
O2023_85_45_1_0026_00002356_2000_2000.tif,85-45,2,O2023_85_48_1_0053_00000197_6000_4000.tif,85-48,0,3604.0,36.04
O2023_85_45_1_0026_00002356_2000_2000.tif,85-45,2,O2023_85_48_1_0054_00000563_0_6000.tif,85-48,0,2397.0,23.97
O2023_85_45_1_0026_00002356_2000_2000.tif,85-45,2,O2023_85_48_1_0054_00000560_0_1000.tif,85-48,0,1357.0,13.57
O2023_85_45_1_0026_00002356_2000_2000.tif,85-45,2,O2023_85_48_1_0053_00000198_6000_2000.tif,85-48,0,576.0,5.76
O2023_85_45_1_0026_00002356_2000_2000.tif,85-45,2,O2023_85_48_1_0054_00000562_0_4000.tif,85-48,0,270.0,2.7
O2023_85_45_1_0026_00002356_3000_0.tif,85-45,2,O2023_85_48_1_0053_00000196_6000_5000.tif,85-48,0,280.0,2.8
O2023_85_45_1_0026_00002356_3000_0.tif,85-45,2,O2023_85_48_1_0053_00000196_7000_5000.tif,85-48,0,520.0,5.2
O2023_85_45_1_0026_00002356_3000_0.tif,85-45,2,O2023_85_48_1_0053_00000195_7000_7000.tif,85-48,0,2112.0,21.12
O2023_85_45_1_0026_00002356_3000_0.tif,85-45,2,O2023_85_48_1_0053_00000199_7000_0.tif,85-48,0,2016.0,20.16
O2023_85_45_1_0026_00002356_3000_0.tif,85-45,2,O2023_85_48_1_0054_00000561_1000_2000.tif,85-48,0,2128.0,21.28
O2023_85_45_1_0026_00002356_3000_0.tif,85-45,2,O2023_85_48_1_0053_00000197_7000_3000.tif,85-48,0,3196.0,31.96
O2023_85_45_1_0026_00002356_3000_0.tif,85-45,2,O2023_85_48_1_0054_00000563_1000_5000.tif,85-48,0,2703.0,27.03
O2023_85_45_1_0026_00002356_3000_0.tif,85-45,2,O2023_85_48_1_0054_00000564_1000_7000.tif,85-48,0,3120.0,31.2
O2023_85_45_1_0026_00002356_3000_0.tif,85-45,2,O2023_85_48_1_0053_00000195_7000_6000.tif,85-48,0,4950.0,49.5
O2023_85_45_1_0026_00002356_3000_0.tif,85-45,2,O2023_85_48_1_0054_00000560_1000_0.tif,85-48,0,4543.0,45.43
O2023_85_45_1_0026_00002356_3000_0.tif,85-45,2,O2023_85_48_1_0053_00000198_7000_1000.tif,85-48,0,5824.0,58.24
O2023_85_45_1_0026_00002356_3000_0.tif,85-45,2,O2023_85_48_1_0054_00000562_1000_3000.tif,85-48,0,5130.0,51.3
O2023_85_45_1_0026_00002356_3000_0.tif,85-45,2,O2023_85_48_1_0053_00000196_7000_4000.tif,85-48,0,5980.0,59.8
O2023_85_45_1_0026_00002356_3000_0.tif,85-45,2,O2023_85_48_1_0054_00000564_1000_6000.tif,85-48,0,4368.0,43.68
O2023_85_45_1_0026_00002356_3000_1000.tif,85-45,2,O2023_85_48_1_0054_00000563_0_7000.tif,85-48,0,392.0,3.92
O2023_85_45_1_0026_00002356_3000_1000.tif,85-45,2,O2023_85_48_1_0053_00000196_7000_6000.tif,85-48,0,520.0,5.2
O2023_85_45_1_0026_00002356_3000_1000.tif,85-45,2,O2023_85_48_1_0053_00000196_6000_6000.tif,85-48,0,280.0,2.8
O2023_85_45_1_0026_00002356_3000_1000.tif,85-45,2,O2023_85_48_1_0054_00000563_1000_7000.tif,85-48,0,408.0,4.08
O2023_85_45_1_0026_00002356_3000_1000.tif,85-45,2,O2023_85_48_1_0054_00000559_0_0.tif,85-48,0,663.0,6.63
O2023_85_45_1_0026_00002356_3000_1000.tif,85-45,2,O2023_85_48_1_0054_00000559_1000_0.tif,85-48,0,1037.0,10.37
O2023_85_45_1_0026_00002356_3000_1000.tif,85-45,2,O2023_85_48_1_0053_00000199_7000_1000.tif,85-48,0,2016.0,20.16
O2023_85_45_1_0026_00002356_3000_1000.tif,85-45,2,O2023_85_48_1_0053_00000199_6000_1000.tif,85-48,0,1184.0,11.84
O2023_85_45_1_0026_00002356_3000_1000.tif,85-45,2,O2023_85_48_1_0054_00000561_1000_3000.tif,85-48,0,2128.0,21.28
O2023_85_45_1_0026_00002356_3000_1000.tif,85-45,2,O2023_85_48_1_0054_00000561_0_3000.tif,85-48,0,1672.0,16.72
O2023_85_45_1_0026_00002356_3000_1000.tif,85-45,2,O2023_85_48_1_0053_00000197_6000_4000.tif,85-48,0,1504.0,15.04
O2023_85_45_1_0026_00002356_3000_1000.tif,85-45,2,O2023_85_48_1_0053_00000197_7000_4000.tif,85-48,0,3196.0,31.96
O2023_85_45_1_0026_00002356_3000_1000.tif,85-45,2,O2023_85_48_1_0054_00000563_0_6000.tif,85-48,0,2597.0,25.97
O2023_85_45_1_0026_00002356_3000_1000.tif,85-45,2,O2023_85_48_1_0054_00000563_1000_6000.tif,85-48,0,2703.0,27.03
O2023_85_45_1_0026_00002356_3000_1000.tif,85-45,2,O2023_85_48_1_0054_00000560_0_1000.tif,85-48,0,3157.0,31.57
O2023_85_45_1_0026_00002356_3000_1000.tif,85-45,2,O2023_85_48_1_0054_00000560_1000_1000.tif,85-48,0,4543.0,45.43
O2023_85_45_1_0026_00002356_3000_1000.tif,85-45,2,O2023_85_48_1_0053_00000198_7000_2000.tif,85-48,0,5824.0,58.24
O2023_85_45_1_0026_00002356_3000_1000.tif,85-45,2,O2023_85_48_1_0053_00000198_6000_2000.tif,85-48,0,3276.0,32.76
O2023_85_45_1_0026_00002356_3000_1000.tif,85-45,2,O2023_85_48_1_0054_00000562_1000_4000.tif,85-48,0,5130.0,51.3
O2023_85_45_1_0026_00002356_3000_1000.tif,85-45,2,O2023_85_48_1_0054_00000562_0_4000.tif,85-48,0,4370.0,43.7
O2023_85_45_1_0026_00002356_3000_1000.tif,85-45,2,O2023_85_48_1_0053_00000196_6000_5000.tif,85-48,0,3220.0,32.2
O2023_85_45_1_0026_00002356_3000_1000.tif,85-45,2,O2023_85_48_1_0053_00000196_7000_5000.tif,85-48,0,5980.0,59.8
O2023_85_45_1_0026_00002356_3000_1000.tif,85-45,2,O2023_85_48_1_0053_00000195_7000_7000.tif,85-48,0,4488.0,44.88
O2023_85_45_1_0026_00002356_3000_1000.tif,85-45,2,O2023_85_48_1_0053_00000199_7000_0.tif,85-48,0,4284.0,42.84
O2023_85_45_1_0026_00002356_3000_1000.tif,85-45,2,O2023_85_48_1_0054_00000561_1000_2000.tif,85-48,0,3472.0,34.72
O2023_85_45_1_0026_00002356_3000_1000.tif,85-45,2,O2023_85_48_1_0053_00000197_7000_3000.tif,85-48,0,3604.0,36.04
O2023_85_45_1_0026_00002356_3000_1000.tif,85-45,2,O2023_85_48_1_0054_00000563_1000_5000.tif,85-48,0,2397.0,23.97
O2023_85_45_1_0026_00002356_3000_1000.tif,85-45,2,O2023_85_48_1_0054_00000564_1000_7000.tif,85-48,0,1680.0,16.8
O2023_85_45_1_0026_00002356_3000_1000.tif,85-45,2,O2023_85_48_1_0053_00000195_7000_6000.tif,85-48,0,1650.0,16.5
O2023_85_45_1_0026_00002356_3000_1000.tif,85-45,2,O2023_85_48_1_0054_00000560_1000_0.tif,85-48,0,1357.0,13.57
O2023_85_45_1_0026_00002356_3000_1000.tif,85-45,2,O2023_85_48_1_0053_00000198_7000_1000.tif,85-48,0,576.0,5.76
O2023_85_45_1_0026_00002356_3000_1000.tif,85-45,2,O2023_85_48_1_0054_00000562_1000_3000.tif,85-48,0,270.0,2.7
O2023_85_45_1_0026_00002356_3000_2000.tif,85-45,2,O2023_85_48_1_0053_00000196_7000_7000.tif,85-48,0,4095.0,40.95
O2023_85_45_1_0026_00002356_3000_2000.tif,85-45,2,O2023_85_48_1_0053_00000196_6000_7000.tif,85-48,0,2205.0,22.05
O2023_85_45_1_0026_00002356_3000_2000.tif,85-45,2,O2023_85_48_1_0053_00000200_6000_0.tif,85-48,0,2592.0,25.92
O2023_85_45_1_0026_00002356_3000_2000.tif,85-45,2,O2023_85_48_1_0053_00000200_7000_0.tif,85-48,0,4608.0,46.08
O2023_85_45_1_0026_00002356_3000_2000.tif,85-45,2,O2023_85_48_1_0054_00000560_1000_2000.tif,85-48,0,4543.0,45.43
O2023_85_45_1_0026_00002356_3000_2000.tif,85-45,2,O2023_85_48_1_0054_00000560_0_2000.tif,85-48,0,3157.0,31.57
O2023_85_45_1_0026_00002356_3000_2000.tif,85-45,2,O2023_85_48_1_0053_00000198_6000_3000.tif,85-48,0,3276.0,32.76
O2023_85_45_1_0026_00002356_3000_2000.tif,85-45,2,O2023_85_48_1_0053_00000198_7000_3000.tif,85-48,0,5824.0,58.24
O2023_85_45_1_0026_00002356_3000_2000.tif,85-45,2,O2023_85_48_1_0054_00000562_0_5000.tif,85-48,0,4370.0,43.7
O2023_85_45_1_0026_00002356_3000_2000.tif,85-45,2,O2023_85_48_1_0054_00000562_1000_5000.tif,85-48,0,5130.0,51.3
O2023_85_45_1_0026_00002356_3000_2000.tif,85-45,2,O2023_85_48_1_0054_00000563_0_7000.tif,85-48,0,4508.0,45.08
O2023_85_45_1_0026_00002356_3000_2000.tif,85-45,2,O2023_85_48_1_0053_00000196_7000_6000.tif,85-48,0,5980.0,59.8
O2023_85_45_1_0026_00002356_3000_2000.tif,85-45,2,O2023_85_48_1_0053_00000196_6000_6000.tif,85-48,0,3220.0,32.2
O2023_85_45_1_0026_00002356_3000_2000.tif,85-45,2,O2023_85_48_1_0054_00000563_1000_7000.tif,85-48,0,4692.0,46.92
O2023_85_45_1_0026_00002356_3000_2000.tif,85-45,2,O2023_85_48_1_0054_00000559_0_0.tif,85-48,0,3237.0,32.37
O2023_85_45_1_0026_00002356_3000_2000.tif,85-45,2,O2023_85_48_1_0054_00000559_1000_0.tif,85-48,0,5063.0,50.63
O2023_85_45_1_0026_00002356_3000_2000.tif,85-45,2,O2023_85_48_1_0053_00000199_7000_1000.tif,85-48,0,4284.0,42.84
O2023_85_45_1_0026_00002356_3000_2000.tif,85-45,2,O2023_85_48_1_0053_00000199_6000_1000.tif,85-48,0,2516.0,25.16
O2023_85_45_1_0026_00002356_3000_2000.tif,85-45,2,O2023_85_48_1_0054_00000561_1000_3000.tif,85-48,0,3472.0,34.72
O2023_85_45_1_0026_00002356_3000_2000.tif,85-45,2,O2023_85_48_1_0054_00000561_0_3000.tif,85-48,0,2728.0,27.28
O2023_85_45_1_0026_00002356_3000_2000.tif,85-45,2,O2023_85_48_1_0053_00000197_6000_4000.tif,85-48,0,1696.0,16.96
O2023_85_45_1_0026_00002356_3000_2000.tif,85-45,2,O2023_85_48_1_0053_00000197_7000_4000.tif,85-48,0,3604.0,36.04
O2023_85_45_1_0026_00002356_3000_2000.tif,85-45,2,O2023_85_48_1_0054_00000563_0_6000.tif,85-48,0,2303.0,23.03
O2023_85_45_1_0026_00002356_3000_2000.tif,85-45,2,O2023_85_48_1_0054_00000563_1000_6000.tif,85-48,0,2397.0,23.97
O2023_85_45_1_0026_00002356_3000_2000.tif,85-45,2,O2023_85_48_1_0054_00000560_0_1000.tif,85-48,0,943.0,9.43
O2023_85_45_1_0026_00002356_3000_2000.tif,85-45,2,O2023_85_48_1_0054_00000560_1000_1000.tif,85-48,0,1357.0,13.57
O2023_85_45_1_0026_00002356_3000_2000.tif,85-45,2,O2023_85_48_1_0053_00000198_7000_2000.tif,85-48,0,576.0,5.76
O2023_85_45_1_0026_00002356_3000_2000.tif,85-45,2,O2023_85_48_1_0053_00000198_6000_2000.tif,85-48,0,324.0,3.24
O2023_85_45_1_0026_00002356_3000_2000.tif,85-45,2,O2023_85_48_1_0054_00000562_1000_4000.tif,85-48,0,270.0,2.7
O2023_85_45_1_0026_00002356_3000_2000.tif,85-45,2,O2023_85_48_1_0054_00000562_0_4000.tif,85-48,0,230.0,2.3
O2023_85_45_1_0026_00002356_4000_0.tif,85-45,2,O2023_85_48_1_0053_00000196_8000_5000.tif,85-48,0,520.0,5.2
O2023_85_45_1_0026_00002356_4000_0.tif,85-45,2,O2023_85_48_1_0053_00000196_7000_5000.tif,85-48,0,280.0,2.8
O2023_85_45_1_0026_00002356_4000_0.tif,85-45,2,O2023_85_48_1_0053_00000195_7000_7000.tif,85-48,0,1088.0,10.88
O2023_85_45_1_0026_00002356_4000_0.tif,85-45,2,O2023_85_48_1_0053_00000199_7000_0.tif,85-48,0,1184.0,11.84
O2023_85_45_1_0026_00002356_4000_0.tif,85-45,2,O2023_85_48_1_0053_00000195_8000_7000.tif,85-48,0,2112.0,21.12
O2023_85_45_1_0026_00002356_4000_0.tif,85-45,2,O2023_85_48_1_0053_00000199_8000_0.tif,85-48,0,2016.0,20.16
O2023_85_45_1_0026_00002356_4000_0.tif,85-45,2,O2023_85_48_1_0054_00000561_2000_2000.tif,85-48,0,2128.0,21.28
O2023_85_45_1_0026_00002356_4000_0.tif,85-45,2,O2023_85_48_1_0054_00000561_1000_2000.tif,85-48,0,1672.0,16.72
O2023_85_45_1_0026_00002356_4000_0.tif,85-45,2,O2023_85_48_1_0053_00000197_8000_3000.tif,85-48,0,3196.0,31.96
O2023_85_45_1_0026_00002356_4000_0.tif,85-45,2,O2023_85_48_1_0053_00000197_7000_3000.tif,85-48,0,1504.0,15.04
O2023_85_45_1_0026_00002356_4000_0.tif,85-45,2,O2023_85_48_1_0054_00000563_1000_5000.tif,85-48,0,2597.0,25.97
O2023_85_45_1_0026_00002356_4000_0.tif,85-45,2,O2023_85_48_1_0054_00000563_2000_5000.tif,85-48,0,2703.0,27.03
O2023_85_45_1_0026_00002356_4000_0.tif,85-45,2,O2023_85_48_1_0054_00000564_1000_7000.tif,85-48,0,3380.0,33.8
O2023_85_45_1_0026_00002356_4000_0.tif,85-45,2,O2023_85_48_1_0054_00000564_2000_7000.tif,85-48,0,3120.0,31.2
O2023_85_45_1_0026_00002356_4000_0.tif,85-45,2,O2023_85_48_1_0053_00000195_7000_6000.tif,85-48,0,2550.0,25.5
O2023_85_45_1_0026_00002356_4000_0.tif,85-45,2,O2023_85_48_1_0053_00000195_8000_6000.tif,85-48,0,4950.0,49.5
O2023_85_45_1_0026_00002356_4000_0.tif,85-45,2,O2023_85_48_1_0054_00000560_1000_0.tif,85-48,0,3157.0,31.57
O2023_85_45_1_0026_00002356_4000_0.tif,85-45,2,O2023_85_48_1_0054_00000560_2000_0.tif,85-48,0,4543.0,45.43
O2023_85_45_1_0026_00002356_4000_0.tif,85-45,2,O2023_85_48_1_0053_00000198_8000_1000.tif,85-48,0,5824.0,58.24
O2023_85_45_1_0026_00002356_4000_0.tif,85-45,2,O2023_85_48_1_0053_00000198_7000_1000.tif,85-48,0,3276.0,32.76
O2023_85_45_1_0026_00002356_4000_0.tif,85-45,2,O2023_85_48_1_0054_00000562_1000_3000.tif,85-48,0,4370.0,43.7
O2023_85_45_1_0026_00002356_4000_0.tif,85-45,2,O2023_85_48_1_0054_00000562_2000_3000.tif,85-48,0,5130.0,51.3
O2023_85_45_1_0026_00002356_4000_0.tif,85-45,2,O2023_85_48_1_0053_00000196_7000_4000.tif,85-48,0,3220.0,32.2
O2023_85_45_1_0026_00002356_4000_0.tif,85-45,2,O2023_85_48_1_0053_00000196_8000_4000.tif,85-48,0,5980.0,59.8
O2023_85_45_1_0026_00002356_4000_0.tif,85-45,2,O2023_85_48_1_0054_00000564_2000_6000.tif,85-48,0,4368.0,43.68
O2023_85_45_1_0026_00002356_4000_0.tif,85-45,2,O2023_85_48_1_0054_00000564_1000_6000.tif,85-48,0,4732.0,47.32
O2023_85_45_1_0026_00002356_4000_1000.tif,85-45,2,O2023_85_48_1_0053_00000196_7000_6000.tif,85-48,0,280.0,2.8
O2023_85_45_1_0026_00002356_4000_1000.tif,85-45,2,O2023_85_48_1_0054_00000563_1000_7000.tif,85-48,0,392.0,3.92
O2023_85_45_1_0026_00002356_4000_1000.tif,85-45,2,O2023_85_48_1_0054_00000559_1000_0.tif,85-48,0,663.0,6.63
O2023_85_45_1_0026_00002356_4000_1000.tif,85-45,2,O2023_85_48_1_0053_00000199_7000_1000.tif,85-48,0,1184.0,11.84
O2023_85_45_1_0026_00002356_4000_1000.tif,85-45,2,O2023_85_48_1_0054_00000561_1000_3000.tif,85-48,0,1672.0,16.72
O2023_85_45_1_0026_00002356_4000_1000.tif,85-45,2,O2023_85_48_1_0053_00000197_7000_4000.tif,85-48,0,1504.0,15.04
O2023_85_45_1_0026_00002356_4000_1000.tif,85-45,2,O2023_85_48_1_0054_00000563_1000_6000.tif,85-48,0,2597.0,25.97
O2023_85_45_1_0026_00002356_4000_1000.tif,85-45,2,O2023_85_48_1_0054_00000560_2000_1000.tif,85-48,0,4543.0,45.43
O2023_85_45_1_0026_00002356_4000_1000.tif,85-45,2,O2023_85_48_1_0054_00000560_1000_1000.tif,85-48,0,3157.0,31.57
O2023_85_45_1_0026_00002356_4000_1000.tif,85-45,2,O2023_85_48_1_0053_00000198_7000_2000.tif,85-48,0,3276.0,32.76
O2023_85_45_1_0026_00002356_4000_1000.tif,85-45,2,O2023_85_48_1_0053_00000198_8000_2000.tif,85-48,0,5824.0,58.24
O2023_85_45_1_0026_00002356_4000_1000.tif,85-45,2,O2023_85_48_1_0054_00000562_1000_4000.tif,85-48,0,4370.0,43.7
O2023_85_45_1_0026_00002356_4000_1000.tif,85-45,2,O2023_85_48_1_0054_00000562_2000_4000.tif,85-48,0,5130.0,51.3
O2023_85_45_1_0026_00002356_4000_1000.tif,85-45,2,O2023_85_48_1_0053_00000196_8000_5000.tif,85-48,0,5980.0,59.8
O2023_85_45_1_0026_00002356_4000_1000.tif,85-45,2,O2023_85_48_1_0053_00000196_7000_5000.tif,85-48,0,3220.0,32.2
O2023_85_45_1_0026_00002356_4000_1000.tif,85-45,2,O2023_85_48_1_0053_00000195_7000_7000.tif,85-48,0,2312.0,23.12
O2023_85_45_1_0026_00002356_4000_1000.tif,85-45,2,O2023_85_48_1_0053_00000199_7000_0.tif,85-48,0,2516.0,25.16
O2023_85_45_1_0026_00002356_4000_1000.tif,85-45,2,O2023_85_48_1_0053_00000195_8000_7000.tif,85-48,0,4488.0,44.88
O2023_85_45_1_0026_00002356_4000_1000.tif,85-45,2,O2023_85_48_1_0053_00000199_8000_0.tif,85-48,0,4284.0,42.84
O2023_85_45_1_0026_00002356_4000_1000.tif,85-45,2,O2023_85_48_1_0054_00000561_2000_2000.tif,85-48,0,3472.0,34.72
O2023_85_45_1_0026_00002356_4000_1000.tif,85-45,2,O2023_85_48_1_0054_00000561_1000_2000.tif,85-48,0,2728.0,27.28
O2023_85_45_1_0026_00002356_4000_1000.tif,85-45,2,O2023_85_48_1_0053_00000197_8000_3000.tif,85-48,0,3604.0,36.04
O2023_85_45_1_0026_00002356_4000_1000.tif,85-45,2,O2023_85_48_1_0053_00000197_7000_3000.tif,85-48,0,1696.0,16.96
O2023_85_45_1_0026_00002356_4000_1000.tif,85-45,2,O2023_85_48_1_0054_00000563_1000_5000.tif,85-48,0,2303.0,23.03
O2023_85_45_1_0026_00002356_4000_1000.tif,85-45,2,O2023_85_48_1_0054_00000563_2000_5000.tif,85-48,0,2397.0,23.97
O2023_85_45_1_0026_00002356_4000_1000.tif,85-45,2,O2023_85_48_1_0054_00000564_1000_7000.tif,85-48,0,1820.0,18.2
O2023_85_45_1_0026_00002356_4000_1000.tif,85-45,2,O2023_85_48_1_0054_00000564_2000_7000.tif,85-48,0,1680.0,16.8
O2023_85_45_1_0026_00002356_4000_1000.tif,85-45,2,O2023_85_48_1_0053_00000195_7000_6000.tif,85-48,0,850.0,8.5
O2023_85_45_1_0026_00002356_4000_1000.tif,85-45,2,O2023_85_48_1_0053_00000195_8000_6000.tif,85-48,0,1650.0,16.5
O2023_85_45_1_0026_00002356_4000_1000.tif,85-45,2,O2023_85_48_1_0054_00000560_1000_0.tif,85-48,0,943.0,9.43
O2023_85_45_1_0026_00002356_4000_1000.tif,85-45,2,O2023_85_48_1_0054_00000560_2000_0.tif,85-48,0,1357.0,13.57
O2023_85_45_1_0026_00002356_4000_1000.tif,85-45,2,O2023_85_48_1_0053_00000198_8000_1000.tif,85-48,0,576.0,5.76
O2023_85_45_1_0026_00002356_4000_1000.tif,85-45,2,O2023_85_48_1_0053_00000198_7000_1000.tif,85-48,0,324.0,3.24
O2023_85_45_1_0026_00002356_4000_1000.tif,85-45,2,O2023_85_48_1_0054_00000562_1000_3000.tif,85-48,0,230.0,2.3
O2023_85_45_1_0026_00002356_4000_1000.tif,85-45,2,O2023_85_48_1_0054_00000562_2000_3000.tif,85-48,0,270.0,2.7
O2023_85_45_1_0026_00002356_5000_0.tif,85-45,2,O2023_85_48_1_0053_00000196_8000_5000.tif,85-48,0,280.0,2.8
O2023_85_45_1_0026_00002356_5000_0.tif,85-45,2,O2023_85_48_1_0053_00000196_8790_5000.tif,85-48,0,688.0,6.88
O2023_85_45_1_0026_00002356_5000_0.tif,85-45,2,O2023_85_48_1_0053_00000195_8000_7000.tif,85-48,0,1088.0,10.88
O2023_85_45_1_0026_00002356_5000_0.tif,85-45,2,O2023_85_48_1_0053_00000199_8000_0.tif,85-48,0,1184.0,11.84
O2023_85_45_1_0026_00002356_5000_0.tif,85-45,2,O2023_85_48_1_0053_00000195_8780_7000.tif,85-48,0,2816.0,28.16
O2023_85_45_1_0026_00002356_5000_0.tif,85-45,2,O2023_85_48_1_0053_00000199_9000_0.tif,85-48,0,2752.0,27.52
O2023_85_45_1_0026_00002356_5000_0.tif,85-45,2,O2023_85_48_1_0054_00000561_2000_2000.tif,85-48,0,1672.0,16.72
O2023_85_45_1_0026_00002356_5000_0.tif,85-45,2,O2023_85_48_1_0053_00000197_8000_3000.tif,85-48,0,1504.0,15.04
O2023_85_45_1_0026_00002356_5000_0.tif,85-45,2,O2023_85_48_1_0053_00000197_8790_3000.tif,85-48,0,4183.0,41.83
O2023_85_45_1_0026_00002356_5000_0.tif,85-45,2,O2023_85_48_1_0054_00000563_2000_5000.tif,85-48,0,2597.0,25.97
O2023_85_45_1_0026_00002356_5000_0.tif,85-45,2,O2023_85_48_1_0054_00000564_2000_7000.tif,85-48,0,3380.0,33.8
O2023_85_45_1_0026_00002356_5000_0.tif,85-45,2,O2023_85_48_1_0053_00000195_8780_6000.tif,85-48,0,6600.0,66.0
O2023_85_45_1_0026_00002356_5000_0.tif,85-45,2,O2023_85_48_1_0053_00000195_8000_6000.tif,85-48,0,2550.0,25.5
O2023_85_45_1_0026_00002356_5000_0.tif,85-45,2,O2023_85_48_1_0054_00000560_2000_0.tif,85-48,0,3157.0,31.57
O2023_85_45_1_0026_00002356_5000_0.tif,85-45,2,O2023_85_48_1_0053_00000198_8000_1000.tif,85-48,0,3276.0,32.76
O2023_85_45_1_0026_00002356_5000_0.tif,85-45,2,O2023_85_48_1_0053_00000198_8780_1000.tif,85-48,0,7826.0,78.26
O2023_85_45_1_0026_00002356_5000_0.tif,85-45,2,O2023_85_48_1_0054_00000562_2000_3000.tif,85-48,0,4370.0,43.7
O2023_85_45_1_0026_00002356_5000_0.tif,85-45,2,O2023_85_48_1_0053_00000196_8000_4000.tif,85-48,0,3220.0,32.2
O2023_85_45_1_0026_00002356_5000_0.tif,85-45,2,O2023_85_48_1_0053_00000196_8790_4000.tif,85-48,0,7912.0,79.12
O2023_85_45_1_0026_00002356_5000_0.tif,85-45,2,O2023_85_48_1_0054_00000564_2000_6000.tif,85-48,0,4732.0,47.32
O2023_85_45_1_0026_00002356_5000_1000.tif,85-45,2,O2023_85_48_1_0054_00000560_2000_1000.tif,85-48,0,3157.0,31.57
O2023_85_45_1_0026_00002356_5000_1000.tif,85-45,2,O2023_85_48_1_0053_00000198_8780_2000.tif,85-48,0,7826.0,78.26
O2023_85_45_1_0026_00002356_5000_1000.tif,85-45,2,O2023_85_48_1_0053_00000198_8000_2000.tif,85-48,0,3276.0,32.76
O2023_85_45_1_0026_00002356_5000_1000.tif,85-45,2,O2023_85_48_1_0054_00000562_2000_4000.tif,85-48,0,4370.0,43.7
O2023_85_45_1_0026_00002356_5000_1000.tif,85-45,2,O2023_85_48_1_0053_00000196_8000_5000.tif,85-48,0,3220.0,32.2
O2023_85_45_1_0026_00002356_5000_1000.tif,85-45,2,O2023_85_48_1_0053_00000196_8790_5000.tif,85-48,0,7912.0,79.12
O2023_85_45_1_0026_00002356_5000_1000.tif,85-45,2,O2023_85_48_1_0053_00000195_8000_7000.tif,85-48,0,2312.0,23.12
O2023_85_45_1_0026_00002356_5000_1000.tif,85-45,2,O2023_85_48_1_0053_00000199_8000_0.tif,85-48,0,2516.0,25.16
O2023_85_45_1_0026_00002356_5000_1000.tif,85-45,2,O2023_85_48_1_0053_00000195_8780_7000.tif,85-48,0,5984.0,59.84
O2023_85_45_1_0026_00002356_5000_1000.tif,85-45,2,O2023_85_48_1_0053_00000199_9000_0.tif,85-48,0,5848.0,58.48
O2023_85_45_1_0026_00002356_5000_1000.tif,85-45,2,O2023_85_48_1_0054_00000561_2000_2000.tif,85-48,0,2728.0,27.28
O2023_85_45_1_0026_00002356_5000_1000.tif,85-45,2,O2023_85_48_1_0053_00000197_8000_3000.tif,85-48,0,1696.0,16.96
O2023_85_45_1_0026_00002356_5000_1000.tif,85-45,2,O2023_85_48_1_0053_00000197_8790_3000.tif,85-48,0,4717.0,47.17
O2023_85_45_1_0026_00002356_5000_1000.tif,85-45,2,O2023_85_48_1_0054_00000563_2000_5000.tif,85-48,0,2303.0,23.03
O2023_85_45_1_0026_00002356_5000_1000.tif,85-45,2,O2023_85_48_1_0054_00000564_2000_7000.tif,85-48,0,1820.0,18.2
O2023_85_45_1_0026_00002356_5000_1000.tif,85-45,2,O2023_85_48_1_0053_00000195_8780_6000.tif,85-48,0,2200.0,22.0
O2023_85_45_1_0026_00002356_5000_1000.tif,85-45,2,O2023_85_48_1_0053_00000195_8000_6000.tif,85-48,0,850.0,8.5
O2023_85_45_1_0026_00002356_5000_1000.tif,85-45,2,O2023_85_48_1_0054_00000560_2000_0.tif,85-48,0,943.0,9.43
O2023_85_45_1_0026_00002356_5000_1000.tif,85-45,2,O2023_85_48_1_0053_00000198_8000_1000.tif,85-48,0,324.0,3.24
O2023_85_45_1_0026_00002356_5000_1000.tif,85-45,2,O2023_85_48_1_0053_00000198_8780_1000.tif,85-48,0,774.0,7.74
O2023_85_45_1_0026_00002356_5000_1000.tif,85-45,2,O2023_85_48_1_0054_00000562_2000_3000.tif,85-48,0,230.0,2.3
O2023_85_45_1_0026_00002357_0_3000.tif,85-45,2,O2023_85_48_1_0053_00000198_3000_7000.tif,85-48,0,128.0,1.28
O2023_85_45_1_0026_00002357_0_3000.tif,85-45,2,O2023_85_48_1_0053_00000198_4000_7000.tif,85-48,0,272.0,2.72
O2023_85_45_1_0026_00002357_0_3000.tif,85-45,2,O2023_85_48_1_0053_00000202_3000_0.tif,85-48,0,392.0,3.92
O2023_85_45_1_0026_00002357_0_3000.tif,85-45,2,O2023_85_48_1_0053_00000202_4000_0.tif,85-48,0,1008.0,10.08
O2023_85_45_1_0026_00002357_0_3000.tif,85-45,2,O2023_85_48_1_0052_00000184_8770_5000.tif,85-48,0,42.0,0.42
O2023_85_45_1_0026_00002357_0_3000.tif,85-45,2,O2023_85_48_1_0053_00000200_4000_3000.tif,85-48,0,1904.0,19.04
O2023_85_45_1_0026_00002357_0_3000.tif,85-45,2,O2023_85_48_1_0053_00000200_3000_3000.tif,85-48,0,896.0,8.96
O2023_85_45_1_0026_00002357_0_3000.tif,85-45,2,O2023_85_48_1_0052_00000185_8750_7000.tif,85-48,0,148.0,1.48
O2023_85_45_1_0026_00002357_0_3000.tif,85-45,2,O2023_85_48_1_0053_00000198_4000_6000.tif,85-48,0,3196.0,31.96
O2023_85_45_1_0026_00002357_0_3000.tif,85-45,2,O2023_85_48_1_0053_00000198_3000_6000.tif,85-48,0,1504.0,15.04
O2023_85_45_1_0026_00002357_0_3000.tif,85-45,2,O2023_85_48_1_0053_00000201_4000_1000.tif,85-48,0,4828.0,48.28
O2023_85_45_1_0026_00002357_0_3000.tif,85-45,2,O2023_85_48_1_0053_00000201_3000_1000.tif,85-48,0,2272.0,22.72
O2023_85_45_1_0026_00002357_0_3000.tif,85-45,2,O2023_85_48_1_0052_00000185_8750_6000.tif,85-48,0,316.0,3.16
O2023_85_45_1_0026_00002357_0_3000.tif,85-45,2,O2023_85_48_1_0053_00000199_4000_4000.tif,85-48,0,5896.0,58.96
O2023_85_45_1_0026_00002357_0_3000.tif,85-45,2,O2023_85_48_1_0053_00000199_3000_4000.tif,85-48,0,2904.0,29.04
O2023_85_45_1_0026_00002357_0_3000.tif,85-45,2,O2023_85_48_1_0052_00000184_8770_4000.tif,85-48,0,158.0,1.58
O2023_85_45_1_0026_00002357_0_4000.tif,85-45,2,O2023_85_48_1_0053_00000201_4000_2000.tif,85-48,0,4828.0,48.28
O2023_85_45_1_0026_00002357_0_4000.tif,85-45,2,O2023_85_48_1_0053_00000199_4000_5000.tif,85-48,0,5896.0,58.96
O2023_85_45_1_0026_00002357_0_4000.tif,85-45,2,O2023_85_48_1_0053_00000198_3000_7000.tif,85-48,0,3072.0,30.72
O2023_85_45_1_0026_00002357_0_4000.tif,85-45,2,O2023_85_48_1_0053_00000198_4000_7000.tif,85-48,0,6528.0,65.28
O2023_85_45_1_0026_00002357_0_4000.tif,85-45,2,O2023_85_48_1_0053_00000202_3000_0.tif,85-48,0,2408.0,24.08
O2023_85_45_1_0026_00002357_0_4000.tif,85-45,2,O2023_85_48_1_0053_00000202_4000_0.tif,85-48,0,6192.0,61.92
O2023_85_45_1_0026_00002357_0_4000.tif,85-45,2,O2023_85_48_1_0052_00000184_8770_5000.tif,85-48,0,158.0,1.58
O2023_85_45_1_0026_00002357_0_4000.tif,85-45,2,O2023_85_48_1_0053_00000200_4000_3000.tif,85-48,0,4896.0,48.96
O2023_85_45_1_0026_00002357_0_4000.tif,85-45,2,O2023_85_48_1_0053_00000200_3000_3000.tif,85-48,0,2304.0,23.04
O2023_85_45_1_0026_00002357_0_4000.tif,85-45,2,O2023_85_48_1_0052_00000185_8750_7000.tif,85-48,0,252.0,2.52
O2023_85_45_1_0026_00002357_0_4000.tif,85-45,2,O2023_85_48_1_0053_00000198_4000_6000.tif,85-48,0,3604.0,36.04
O2023_85_45_1_0026_00002357_0_4000.tif,85-45,2,O2023_85_48_1_0053_00000198_3000_6000.tif,85-48,0,1696.0,16.96
O2023_85_45_1_0026_00002357_0_4000.tif,85-45,2,O2023_85_48_1_0053_00000201_4000_1000.tif,85-48,0,1972.0,19.72
O2023_85_45_1_0026_00002357_0_4000.tif,85-45,2,O2023_85_48_1_0053_00000201_3000_1000.tif,85-48,0,928.0,9.28
O2023_85_45_1_0026_00002357_0_4000.tif,85-45,2,O2023_85_48_1_0052_00000185_8750_6000.tif,85-48,0,84.0,0.84
O2023_85_45_1_0026_00002357_0_4000.tif,85-45,2,O2023_85_48_1_0053_00000199_4000_4000.tif,85-48,0,804.0,8.04
O2023_85_45_1_0026_00002357_0_4000.tif,85-45,2,O2023_85_48_1_0053_00000199_3000_4000.tif,85-48,0,396.0,3.96
O2023_85_45_1_0026_00002357_1000_3000.tif,85-45,2,O2023_85_48_1_0053_00000198_4000_7000.tif,85-48,0,128.0,1.28
O2023_85_45_1_0026_00002357_1000_3000.tif,85-45,2,O2023_85_48_1_0053_00000198_5000_7000.tif,85-48,0,272.0,2.72
O2023_85_45_1_0026_00002357_1000_3000.tif,85-45,2,O2023_85_48_1_0053_00000202_5000_0.tif,85-48,0,1008.0,10.08
O2023_85_45_1_0026_00002357_1000_3000.tif,85-45,2,O2023_85_48_1_0053_00000202_4000_0.tif,85-48,0,392.0,3.92
O2023_85_45_1_0026_00002357_1000_3000.tif,85-45,2,O2023_85_48_1_0053_00000200_5000_3000.tif,85-48,0,1904.0,19.04
O2023_85_45_1_0026_00002357_1000_3000.tif,85-45,2,O2023_85_48_1_0053_00000200_4000_3000.tif,85-48,0,896.0,8.96
O2023_85_45_1_0026_00002357_1000_3000.tif,85-45,2,O2023_85_48_1_0053_00000198_4000_6000.tif,85-48,0,1504.0,15.04
O2023_85_45_1_0026_00002357_1000_3000.tif,85-45,2,O2023_85_48_1_0053_00000198_5000_6000.tif,85-48,0,3196.0,31.96
O2023_85_45_1_0026_00002357_1000_3000.tif,85-45,2,O2023_85_48_1_0053_00000201_5000_1000.tif,85-48,0,4828.0,48.28
O2023_85_45_1_0026_00002357_1000_3000.tif,85-45,2,O2023_85_48_1_0053_00000201_4000_1000.tif,85-48,0,2272.0,22.72
O2023_85_45_1_0026_00002357_1000_3000.tif,85-45,2,O2023_85_48_1_0053_00000199_5000_4000.tif,85-48,0,5896.0,58.96
O2023_85_45_1_0026_00002357_1000_3000.tif,85-45,2,O2023_85_48_1_0053_00000199_4000_4000.tif,85-48,0,2904.0,29.04
O2023_85_45_1_0026_00002357_1000_3000.tif,85-45,2,O2023_85_48_1_0053_00000200_5000_2000.tif,85-48,0,4896.0,48.96
O2023_85_45_1_0026_00002357_1000_3000.tif,85-45,2,O2023_85_48_1_0053_00000198_5000_5000.tif,85-48,0,3604.0,36.04
O2023_85_45_1_0026_00002357_1000_3000.tif,85-45,2,O2023_85_48_1_0053_00000197_5000_7000.tif,85-48,0,2952.0,29.52
O2023_85_45_1_0026_00002357_1000_4000.tif,85-45,2,O2023_85_48_1_0053_00000202_5000_1000.tif,85-48,0,1008.0,10.08
O2023_85_45_1_0026_00002357_1000_4000.tif,85-45,2,O2023_85_48_1_0053_00000200_5000_4000.tif,85-48,0,1904.0,19.04
O2023_85_45_1_0026_00002357_1000_4000.tif,85-45,2,O2023_85_48_1_0053_00000201_4000_2000.tif,85-48,0,2272.0,22.72
O2023_85_45_1_0026_00002357_1000_4000.tif,85-45,2,O2023_85_48_1_0053_00000201_5000_2000.tif,85-48,0,4828.0,48.28
O2023_85_45_1_0026_00002357_1000_4000.tif,85-45,2,O2023_85_48_1_0053_00000199_5000_5000.tif,85-48,0,5896.0,58.96
O2023_85_45_1_0026_00002357_1000_4000.tif,85-45,2,O2023_85_48_1_0053_00000199_4000_5000.tif,85-48,0,2904.0,29.04
O2023_85_45_1_0026_00002357_1000_4000.tif,85-45,2,O2023_85_48_1_0053_00000198_4000_7000.tif,85-48,0,3072.0,30.72
O2023_85_45_1_0026_00002357_1000_4000.tif,85-45,2,O2023_85_48_1_0053_00000198_5000_7000.tif,85-48,0,6528.0,65.28
O2023_85_45_1_0026_00002357_1000_4000.tif,85-45,2,O2023_85_48_1_0053_00000202_5000_0.tif,85-48,0,6192.0,61.92
O2023_85_45_1_0026_00002357_1000_4000.tif,85-45,2,O2023_85_48_1_0053_00000202_4000_0.tif,85-48,0,2408.0,24.08
O2023_85_45_1_0026_00002357_1000_4000.tif,85-45,2,O2023_85_48_1_0053_00000200_5000_3000.tif,85-48,0,4896.0,48.96
O2023_85_45_1_0026_00002357_1000_4000.tif,85-45,2,O2023_85_48_1_0053_00000200_4000_3000.tif,85-48,0,2304.0,23.04
O2023_85_45_1_0026_00002357_1000_4000.tif,85-45,2,O2023_85_48_1_0053_00000198_4000_6000.tif,85-48,0,1696.0,16.96
O2023_85_45_1_0026_00002357_1000_4000.tif,85-45,2,O2023_85_48_1_0053_00000198_5000_6000.tif,85-48,0,3604.0,36.04
O2023_85_45_1_0026_00002357_1000_4000.tif,85-45,2,O2023_85_48_1_0053_00000201_5000_1000.tif,85-48,0,1972.0,19.72
O2023_85_45_1_0026_00002357_1000_4000.tif,85-45,2,O2023_85_48_1_0053_00000201_4000_1000.tif,85-48,0,928.0,9.28
O2023_85_45_1_0026_00002357_1000_4000.tif,85-45,2,O2023_85_48_1_0053_00000199_5000_4000.tif,85-48,0,804.0,8.04
O2023_85_45_1_0026_00002357_1000_4000.tif,85-45,2,O2023_85_48_1_0053_00000199_4000_4000.tif,85-48,0,396.0,3.96
O2023_85_45_1_0026_00002357_2000_0.tif,85-45,2,O2023_85_48_1_0053_00000196_6000_7000.tif,85-48,0,1311.0,13.11
O2023_85_45_1_0026_00002357_2000_0.tif,85-45,2,O2023_85_48_1_0053_00000200_6000_0.tif,85-48,0,1904.0,19.04
O2023_85_45_1_0026_00002357_2000_0.tif,85-45,2,O2023_85_48_1_0054_00000560_0_2000.tif,85-48,0,2079.0,20.79
O2023_85_45_1_0026_00002357_2000_0.tif,85-45,2,O2023_85_48_1_0053_00000198_6000_3000.tif,85-48,0,3196.0,31.96
O2023_85_45_1_0026_00002357_2000_0.tif,85-45,2,O2023_85_48_1_0054_00000562_0_5000.tif,85-48,0,2958.0,29.58
O2023_85_45_1_0026_00002357_2000_0.tif,85-45,2,O2023_85_48_1_0054_00000563_0_7000.tif,85-48,0,3520.0,35.2
O2023_85_45_1_0026_00002357_2000_0.tif,85-45,2,O2023_85_48_1_0053_00000196_6000_6000.tif,85-48,0,4416.0,44.16
O2023_85_45_1_0026_00002357_2000_0.tif,85-45,2,O2023_85_48_1_0054_00000559_0_0.tif,85-48,0,4745.0,47.45
O2023_85_45_1_0026_00002357_2000_0.tif,85-45,2,O2023_85_48_1_0053_00000199_6000_1000.tif,85-48,0,5896.0,58.96
O2023_85_45_1_0026_00002357_2000_0.tif,85-45,2,O2023_85_48_1_0054_00000561_0_3000.tif,85-48,0,5640.0,56.4
O2023_85_45_1_0026_00002357_2000_0.tif,85-45,2,O2023_85_48_1_0053_00000197_6000_4000.tif,85-48,0,6984.0,69.84
O2023_85_45_1_0026_00002357_2000_0.tif,85-45,2,O2023_85_48_1_0054_00000563_0_6000.tif,85-48,0,5005.0,50.05
O2023_85_45_1_0026_00002357_2000_0.tif,85-45,2,O2023_85_48_1_0054_00000560_0_1000.tif,85-48,0,4221.0,42.21
O2023_85_45_1_0026_00002357_2000_0.tif,85-45,2,O2023_85_48_1_0053_00000198_6000_2000.tif,85-48,0,3604.0,36.04
O2023_85_45_1_0026_00002357_2000_0.tif,85-45,2,O2023_85_48_1_0054_00000562_0_4000.tif,85-48,0,2842.0,28.42
O2023_85_45_1_0026_00002357_2000_0.tif,85-45,2,O2023_85_48_1_0053_00000196_6000_5000.tif,85-48,0,2484.0,24.84
O2023_85_45_1_0026_00002357_3000_0.tif,85-45,2,O2023_85_48_1_0053_00000196_7000_7000.tif,85-48,0,1311.0,13.11
O2023_85_45_1_0026_00002357_3000_0.tif,85-45,2,O2023_85_48_1_0053_00000196_6000_7000.tif,85-48,0,589.0,5.89
O2023_85_45_1_0026_00002357_3000_0.tif,85-45,2,O2023_85_48_1_0053_00000200_6000_0.tif,85-48,0,896.0,8.96
O2023_85_45_1_0026_00002357_3000_0.tif,85-45,2,O2023_85_48_1_0053_00000200_7000_0.tif,85-48,0,1904.0,19.04
O2023_85_45_1_0026_00002357_3000_0.tif,85-45,2,O2023_85_48_1_0054_00000560_1000_2000.tif,85-48,0,2079.0,20.79
O2023_85_45_1_0026_00002357_3000_0.tif,85-45,2,O2023_85_48_1_0054_00000560_0_2000.tif,85-48,0,1221.0,12.21
O2023_85_45_1_0026_00002357_3000_0.tif,85-45,2,O2023_85_48_1_0053_00000198_6000_3000.tif,85-48,0,1504.0,15.04
O2023_85_45_1_0026_00002357_3000_0.tif,85-45,2,O2023_85_48_1_0053_00000198_7000_3000.tif,85-48,0,3196.0,31.96
O2023_85_45_1_0026_00002357_3000_0.tif,85-45,2,O2023_85_48_1_0054_00000562_0_5000.tif,85-48,0,2142.0,21.42
O2023_85_45_1_0026_00002357_3000_0.tif,85-45,2,O2023_85_48_1_0054_00000562_1000_5000.tif,85-48,0,2958.0,29.58
O2023_85_45_1_0026_00002357_3000_0.tif,85-45,2,O2023_85_48_1_0054_00000563_0_7000.tif,85-48,0,2880.0,28.8
O2023_85_45_1_0026_00002357_3000_0.tif,85-45,2,O2023_85_48_1_0053_00000196_7000_6000.tif,85-48,0,4416.0,44.16
O2023_85_45_1_0026_00002357_3000_0.tif,85-45,2,O2023_85_48_1_0053_00000196_6000_6000.tif,85-48,0,1984.0,19.84
O2023_85_45_1_0026_00002357_3000_0.tif,85-45,2,O2023_85_48_1_0054_00000563_1000_7000.tif,85-48,0,3520.0,35.2
O2023_85_45_1_0026_00002357_3000_0.tif,85-45,2,O2023_85_48_1_0054_00000559_0_0.tif,85-48,0,2555.0,25.55
O2023_85_45_1_0026_00002357_3000_0.tif,85-45,2,O2023_85_48_1_0054_00000559_1000_0.tif,85-48,0,4745.0,47.45
O2023_85_45_1_0026_00002357_3000_0.tif,85-45,2,O2023_85_48_1_0053_00000199_7000_1000.tif,85-48,0,5896.0,58.96
O2023_85_45_1_0026_00002357_3000_0.tif,85-45,2,O2023_85_48_1_0053_00000199_6000_1000.tif,85-48,0,2904.0,29.04
O2023_85_45_1_0026_00002357_3000_0.tif,85-45,2,O2023_85_48_1_0054_00000561_1000_3000.tif,85-48,0,5640.0,56.4
O2023_85_45_1_0026_00002357_3000_0.tif,85-45,2,O2023_85_48_1_0054_00000561_0_3000.tif,85-48,0,3760.0,37.6
O2023_85_45_1_0026_00002357_3000_0.tif,85-45,2,O2023_85_48_1_0053_00000197_6000_4000.tif,85-48,0,2716.0,27.16
O2023_85_45_1_0026_00002357_3000_0.tif,85-45,2,O2023_85_48_1_0053_00000197_7000_4000.tif,85-48,0,6984.0,69.84
O2023_85_45_1_0026_00002357_3000_0.tif,85-45,2,O2023_85_48_1_0054_00000563_0_6000.tif,85-48,0,4095.0,40.95
O2023_85_45_1_0026_00002357_3000_0.tif,85-45,2,O2023_85_48_1_0054_00000563_1000_6000.tif,85-48,0,5005.0,50.05
O2023_85_45_1_0026_00002357_3000_0.tif,85-45,2,O2023_85_48_1_0054_00000560_0_1000.tif,85-48,0,2479.0,24.79
O2023_85_45_1_0026_00002357_3000_0.tif,85-45,2,O2023_85_48_1_0054_00000560_1000_1000.tif,85-48,0,4221.0,42.21
O2023_85_45_1_0026_00002357_3000_0.tif,85-45,2,O2023_85_48_1_0053_00000198_7000_2000.tif,85-48,0,3604.0,36.04
O2023_85_45_1_0026_00002357_3000_0.tif,85-45,2,O2023_85_48_1_0053_00000198_6000_2000.tif,85-48,0,1696.0,16.96
O2023_85_45_1_0026_00002357_3000_0.tif,85-45,2,O2023_85_48_1_0054_00000562_1000_4000.tif,85-48,0,2842.0,28.42
O2023_85_45_1_0026_00002357_3000_0.tif,85-45,2,O2023_85_48_1_0054_00000562_0_4000.tif,85-48,0,2058.0,20.58
O2023_85_45_1_0026_00002357_3000_0.tif,85-45,2,O2023_85_48_1_0053_00000196_6000_5000.tif,85-48,0,1116.0,11.16
O2023_85_45_1_0026_00002357_3000_0.tif,85-45,2,O2023_85_48_1_0053_00000196_7000_5000.tif,85-48,0,2484.0,24.84
O2023_85_45_1_0026_00002357_3000_0.tif,85-45,2,O2023_85_48_1_0053_00000195_7000_7000.tif,85-48,0,840.0,8.4
O2023_85_45_1_0026_00002357_3000_0.tif,85-45,2,O2023_85_48_1_0053_00000199_7000_0.tif,85-48,0,804.0,8.04
O2023_85_45_1_0026_00002357_3000_0.tif,85-45,2,O2023_85_48_1_0054_00000561_1000_2000.tif,85-48,0,360.0,3.6
O2023_85_45_1_0026_00002358_0_2000.tif,85-45,2,O2023_85_48_1_0053_00000201_4000_2000.tif,85-48,0,1980.0,19.8
O2023_85_45_1_0026_00002358_0_2000.tif,85-45,2,O2023_85_48_1_0053_00000199_4000_5000.tif,85-48,0,3055.0,30.55
O2023_85_45_1_0026_00002358_0_2000.tif,85-45,2,O2023_85_48_1_0053_00000198_3000_7000.tif,85-48,0,2142.0,21.42
O2023_85_45_1_0026_00002358_0_2000.tif,85-45,2,O2023_85_48_1_0053_00000198_4000_7000.tif,85-48,0,4158.0,41.58
O2023_85_45_1_0026_00002358_0_2000.tif,85-45,2,O2023_85_48_1_0053_00000202_3000_0.tif,85-48,0,2190.0,21.9
O2023_85_45_1_0026_00002358_0_2000.tif,85-45,2,O2023_85_48_1_0053_00000202_4000_0.tif,85-48,0,5110.0,51.1
O2023_85_45_1_0026_00002358_0_2000.tif,85-45,2,O2023_85_48_1_0052_00000184_8770_5000.tif,85-48,0,320.0,3.2
O2023_85_45_1_0026_00002358_0_2000.tif,85-45,2,O2023_85_48_1_0053_00000200_4000_3000.tif,85-48,0,5742.0,57.42
O2023_85_45_1_0026_00002358_0_2000.tif,85-45,2,O2023_85_48_1_0053_00000200_3000_3000.tif,85-48,0,2958.0,29.58
O2023_85_45_1_0026_00002358_0_2000.tif,85-45,2,O2023_85_48_1_0052_00000185_8750_7000.tif,85-48,0,576.0,5.76
O2023_85_45_1_0026_00002358_0_2000.tif,85-45,2,O2023_85_48_1_0053_00000198_4000_6000.tif,85-48,0,6204.0,62.04
O2023_85_45_1_0026_00002358_0_2000.tif,85-45,2,O2023_85_48_1_0053_00000198_3000_6000.tif,85-48,0,3196.0,31.96
O2023_85_45_1_0026_00002358_0_2000.tif,85-45,2,O2023_85_48_1_0052_00000183_8770_3000.tif,85-48,0,146.0,1.46
O2023_85_45_1_0026_00002358_0_2000.tif,85-45,2,O2023_85_48_1_0053_00000201_4000_1000.tif,85-48,0,4620.0,46.2
O2023_85_45_1_0026_00002358_0_2000.tif,85-45,2,O2023_85_48_1_0053_00000201_3000_1000.tif,85-48,0,2380.0,23.8
O2023_85_45_1_0026_00002358_0_2000.tif,85-45,2,O2023_85_48_1_0052_00000185_8750_6000.tif,85-48,0,372.0,3.72
O2023_85_45_1_0026_00002358_0_2000.tif,85-45,2,O2023_85_48_1_0053_00000199_4000_4000.tif,85-48,0,3445.0,34.45
O2023_85_45_1_0026_00002358_0_2000.tif,85-45,2,O2023_85_48_1_0053_00000199_3000_4000.tif,85-48,0,1855.0,18.55
O2023_85_45_1_0026_00002358_0_2000.tif,85-45,2,O2023_85_48_1_0052_00000184_8770_4000.tif,85-48,0,80.0,0.8
O2023_85_45_1_0026_00002358_1000_1000.tif,85-45,2,O2023_85_48_1_0053_00000198_4000_6000.tif,85-48,0,204.0,2.04
O2023_85_45_1_0026_00002358_1000_1000.tif,85-45,2,O2023_85_48_1_0053_00000198_5000_6000.tif,85-48,0,396.0,3.96
O2023_85_45_1_0026_00002358_1000_1000.tif,85-45,2,O2023_85_48_1_0053_00000201_5000_1000.tif,85-48,0,1980.0,19.8
O2023_85_45_1_0026_00002358_1000_1000.tif,85-45,2,O2023_85_48_1_0053_00000201_4000_1000.tif,85-48,0,1020.0,10.2
O2023_85_45_1_0026_00002358_1000_1000.tif,85-45,2,O2023_85_48_1_0053_00000199_5000_4000.tif,85-48,0,3055.0,30.55
O2023_85_45_1_0026_00002358_1000_1000.tif,85-45,2,O2023_85_48_1_0053_00000199_4000_4000.tif,85-48,0,1645.0,16.45
O2023_85_45_1_0026_00002358_1000_1000.tif,85-45,2,O2023_85_48_1_0053_00000200_5000_2000.tif,85-48,0,5742.0,57.42
O2023_85_45_1_0026_00002358_1000_1000.tif,85-45,2,O2023_85_48_1_0053_00000198_5000_5000.tif,85-48,0,6204.0,62.04
O2023_85_45_1_0026_00002358_1000_1000.tif,85-45,2,O2023_85_48_1_0053_00000197_5000_7000.tif,85-48,0,5740.0,57.4
O2023_85_45_1_0026_00002358_1000_2000.tif,85-45,2,O2023_85_48_1_0053_00000201_4000_2000.tif,85-48,0,1020.0,10.2
O2023_85_45_1_0026_00002358_1000_2000.tif,85-45,2,O2023_85_48_1_0053_00000201_5000_2000.tif,85-48,0,1980.0,19.8
O2023_85_45_1_0026_00002358_1000_2000.tif,85-45,2,O2023_85_48_1_0053_00000199_5000_5000.tif,85-48,0,3055.0,30.55
O2023_85_45_1_0026_00002358_1000_2000.tif,85-45,2,O2023_85_48_1_0053_00000199_4000_5000.tif,85-48,0,1645.0,16.45
O2023_85_45_1_0026_00002358_1000_2000.tif,85-45,2,O2023_85_48_1_0053_00000198_4000_7000.tif,85-48,0,2142.0,21.42
O2023_85_45_1_0026_00002358_1000_2000.tif,85-45,2,O2023_85_48_1_0053_00000198_5000_7000.tif,85-48,0,4158.0,41.58
O2023_85_45_1_0026_00002358_1000_2000.tif,85-45,2,O2023_85_48_1_0053_00000202_5000_0.tif,85-48,0,5110.0,51.1
O2023_85_45_1_0026_00002358_1000_2000.tif,85-45,2,O2023_85_48_1_0053_00000202_4000_0.tif,85-48,0,2190.0,21.9
O2023_85_45_1_0026_00002358_1000_2000.tif,85-45,2,O2023_85_48_1_0053_00000200_5000_3000.tif,85-48,0,5742.0,57.42
O2023_85_45_1_0026_00002358_1000_2000.tif,85-45,2,O2023_85_48_1_0053_00000200_4000_3000.tif,85-48,0,2958.0,29.58
O2023_85_45_1_0026_00002358_1000_2000.tif,85-45,2,O2023_85_48_1_0053_00000198_4000_6000.tif,85-48,0,3196.0,31.96
O2023_85_45_1_0026_00002358_1000_2000.tif,85-45,2,O2023_85_48_1_0053_00000198_5000_6000.tif,85-48,0,6204.0,62.04
O2023_85_45_1_0026_00002358_1000_2000.tif,85-45,2,O2023_85_48_1_0053_00000201_5000_1000.tif,85-48,0,4620.0,46.2
O2023_85_45_1_0026_00002358_1000_2000.tif,85-45,2,O2023_85_48_1_0053_00000201_4000_1000.tif,85-48,0,2380.0,23.8
O2023_85_45_1_0026_00002358_1000_2000.tif,85-45,2,O2023_85_48_1_0053_00000199_5000_4000.tif,85-48,0,3445.0,34.45
O2023_85_45_1_0026_00002358_1000_2000.tif,85-45,2,O2023_85_48_1_0053_00000199_4000_4000.tif,85-48,0,1855.0,18.55
O2023_85_45_1_0026_00002358_1000_2000.tif,85-45,2,O2023_85_48_1_0053_00000200_5000_2000.tif,85-48,0,858.0,8.58
O2023_85_45_1_0026_00002358_1000_3000.tif,85-45,2,O2023_85_48_1_0053_00000202_5000_1000.tif,85-48,0,5110.0,51.1
O2023_85_45_1_0026_00002358_1000_3000.tif,85-45,2,O2023_85_48_1_0053_00000200_5000_4000.tif,85-48,0,5742.0,57.42
O2023_85_45_1_0026_00002358_1000_3000.tif,85-45,2,O2023_85_48_1_0053_00000201_4000_2000.tif,85-48,0,2380.0,23.8
O2023_85_45_1_0026_00002358_1000_3000.tif,85-45,2,O2023_85_48_1_0053_00000201_5000_2000.tif,85-48,0,4620.0,46.2
O2023_85_45_1_0026_00002358_1000_3000.tif,85-45,2,O2023_85_48_1_0053_00000199_5000_5000.tif,85-48,0,3445.0,34.45
O2023_85_45_1_0026_00002358_1000_3000.tif,85-45,2,O2023_85_48_1_0053_00000199_4000_5000.tif,85-48,0,1855.0,18.55
O2023_85_45_1_0026_00002358_1000_3000.tif,85-45,2,O2023_85_48_1_0053_00000198_4000_7000.tif,85-48,0,1258.0,12.58
O2023_85_45_1_0026_00002358_1000_3000.tif,85-45,2,O2023_85_48_1_0053_00000198_5000_7000.tif,85-48,0,2442.0,24.42
O2023_85_45_1_0026_00002358_1000_3000.tif,85-45,2,O2023_85_48_1_0053_00000202_5000_0.tif,85-48,0,1890.0,18.9
O2023_85_45_1_0026_00002358_1000_3000.tif,85-45,2,O2023_85_48_1_0053_00000202_4000_0.tif,85-48,0,810.0,8.1
O2023_85_45_1_0026_00002358_1000_3000.tif,85-45,2,O2023_85_48_1_0053_00000200_5000_3000.tif,85-48,0,858.0,8.58
O2023_85_45_1_0026_00002358_1000_3000.tif,85-45,2,O2023_85_48_1_0053_00000200_4000_3000.tif,85-48,0,442.0,4.42
O2023_85_45_1_0026_00002359_0_0.tif,85-45,2,O2023_85_48_1_0053_00000199_4000_5000.tif,85-48,0,402.0,4.02
O2023_85_45_1_0026_00002359_0_0.tif,85-45,2,O2023_85_48_1_0053_00000198_3000_7000.tif,85-48,0,704.0,7.04
O2023_85_45_1_0026_00002359_0_0.tif,85-45,2,O2023_85_48_1_0053_00000198_4000_7000.tif,85-48,0,1496.0,14.96
O2023_85_45_1_0026_00002359_0_0.tif,85-45,2,O2023_85_48_1_0053_00000202_3000_0.tif,85-48,0,896.0,8.96
O2023_85_45_1_0026_00002359_0_0.tif,85-45,2,O2023_85_48_1_0053_00000202_4000_0.tif,85-48,0,2304.0,23.04
O2023_85_45_1_0026_00002359_0_0.tif,85-45,2,O2023_85_48_1_0052_00000184_8770_5000.tif,85-48,0,78.0,0.78
O2023_85_45_1_0026_00002359_0_0.tif,85-45,2,O2023_85_48_1_0053_00000200_4000_3000.tif,85-48,0,3128.0,31.28
O2023_85_45_1_0026_00002359_0_0.tif,85-45,2,O2023_85_48_1_0053_00000200_3000_3000.tif,85-48,0,1472.0,14.72
O2023_85_45_1_0026_00002359_0_0.tif,85-45,2,O2023_85_48_1_0052_00000185_8750_7000.tif,85-48,0,220.0,2.2
O2023_85_45_1_0026_00002359_0_0.tif,85-45,2,O2023_85_48_1_0053_00000198_4000_6000.tif,85-48,0,4420.0,44.2
O2023_85_45_1_0026_00002359_0_0.tif,85-45,2,O2023_85_48_1_0053_00000198_3000_6000.tif,85-48,0,2080.0,20.8
O2023_85_45_1_0026_00002359_0_0.tif,85-45,2,O2023_85_48_1_0053_00000201_4000_1000.tif,85-48,0,6052.0,60.52
O2023_85_45_1_0026_00002359_0_0.tif,85-45,2,O2023_85_48_1_0053_00000201_3000_1000.tif,85-48,0,2848.0,28.48
O2023_85_45_1_0026_00002359_0_0.tif,85-45,2,O2023_85_48_1_0052_00000185_8750_6000.tif,85-48,0,388.0,3.88
O2023_85_45_1_0026_00002359_0_0.tif,85-45,2,O2023_85_48_1_0053_00000199_4000_4000.tif,85-48,0,6298.0,62.98
O2023_85_45_1_0026_00002359_0_0.tif,85-45,2,O2023_85_48_1_0053_00000199_3000_4000.tif,85-48,0,3102.0,31.02
O2023_85_45_1_0026_00002359_0_0.tif,85-45,2,O2023_85_48_1_0052_00000184_8770_4000.tif,85-48,0,122.0,1.22
O2023_85_45_1_0026_00002359_1000_0.tif,85-45,2,O2023_85_48_1_0053_00000199_5000_5000.tif,85-48,0,402.0,4.02
O2023_85_45_1_0026_00002359_1000_0.tif,85-45,2,O2023_85_48_1_0053_00000199_4000_5000.tif,85-48,0,198.0,1.98
O2023_85_45_1_0026_00002359_1000_0.tif,85-45,2,O2023_85_48_1_0053_00000198_4000_7000.tif,85-48,0,704.0,7.04
O2023_85_45_1_0026_00002359_1000_0.tif,85-45,2,O2023_85_48_1_0053_00000198_5000_7000.tif,85-48,0,1496.0,14.96
O2023_85_45_1_0026_00002359_1000_0.tif,85-45,2,O2023_85_48_1_0053_00000202_5000_0.tif,85-48,0,2304.0,23.04
O2023_85_45_1_0026_00002359_1000_0.tif,85-45,2,O2023_85_48_1_0053_00000202_4000_0.tif,85-48,0,896.0,8.96
O2023_85_45_1_0026_00002359_1000_0.tif,85-45,2,O2023_85_48_1_0053_00000200_5000_3000.tif,85-48,0,3128.0,31.28
O2023_85_45_1_0026_00002359_1000_0.tif,85-45,2,O2023_85_48_1_0053_00000200_4000_3000.tif,85-48,0,1472.0,14.72
O2023_85_45_1_0026_00002359_1000_0.tif,85-45,2,O2023_85_48_1_0053_00000198_4000_6000.tif,85-48,0,2080.0,20.8
O2023_85_45_1_0026_00002359_1000_0.tif,85-45,2,O2023_85_48_1_0053_00000198_5000_6000.tif,85-48,0,4420.0,44.2
O2023_85_45_1_0026_00002359_1000_0.tif,85-45,2,O2023_85_48_1_0053_00000201_5000_1000.tif,85-48,0,6052.0,60.52
O2023_85_45_1_0026_00002359_1000_0.tif,85-45,2,O2023_85_48_1_0053_00000201_4000_1000.tif,85-48,0,2848.0,28.48
O2023_85_45_1_0026_00002359_1000_0.tif,85-45,2,O2023_85_48_1_0053_00000199_5000_4000.tif,85-48,0,6298.0,62.98
O2023_85_45_1_0026_00002359_1000_0.tif,85-45,2,O2023_85_48_1_0053_00000199_4000_4000.tif,85-48,0,3102.0,31.02
O2023_85_45_1_0026_00002359_1000_0.tif,85-45,2,O2023_85_48_1_0053_00000200_5000_2000.tif,85-48,0,3672.0,36.72
O2023_85_45_1_0026_00002359_1000_0.tif,85-45,2,O2023_85_48_1_0053_00000198_5000_5000.tif,85-48,0,2380.0,23.8
O2023_85_45_1_0026_00002359_1000_0.tif,85-45,2,O2023_85_48_1_0053_00000197_5000_7000.tif,85-48,0,1656.0,16.56
O2023_85_45_1_0026_00002359_1000_1000.tif,85-45,2,O2023_85_48_1_0053_00000202_5000_1000.tif,85-48,0,2304.0,23.04
O2023_85_45_1_0026_00002359_1000_1000.tif,85-45,2,O2023_85_48_1_0053_00000200_5000_4000.tif,85-48,0,3128.0,31.28
O2023_85_45_1_0026_00002359_1000_1000.tif,85-45,2,O2023_85_48_1_0053_00000201_4000_2000.tif,85-48,0,2848.0,28.48
O2023_85_45_1_0026_00002359_1000_1000.tif,85-45,2,O2023_85_48_1_0053_00000201_5000_2000.tif,85-48,0,6052.0,60.52
O2023_85_45_1_0026_00002359_1000_1000.tif,85-45,2,O2023_85_48_1_0053_00000199_5000_5000.tif,85-48,0,6298.0,62.98
O2023_85_45_1_0026_00002359_1000_1000.tif,85-45,2,O2023_85_48_1_0053_00000199_4000_5000.tif,85-48,0,3102.0,31.02
O2023_85_45_1_0026_00002359_1000_1000.tif,85-45,2,O2023_85_48_1_0053_00000198_4000_7000.tif,85-48,0,2496.0,24.96
O2023_85_45_1_0026_00002359_1000_1000.tif,85-45,2,O2023_85_48_1_0053_00000198_5000_7000.tif,85-48,0,5304.0,53.04
O2023_85_45_1_0026_00002359_1000_1000.tif,85-45,2,O2023_85_48_1_0053_00000202_5000_0.tif,85-48,0,4896.0,48.96
O2023_85_45_1_0026_00002359_1000_1000.tif,85-45,2,O2023_85_48_1_0053_00000202_4000_0.tif,85-48,0,1904.0,19.04
O2023_85_45_1_0026_00002359_1000_1000.tif,85-45,2,O2023_85_48_1_0053_00000200_5000_3000.tif,85-48,0,3672.0,36.72
O2023_85_45_1_0026_00002359_1000_1000.tif,85-45,2,O2023_85_48_1_0053_00000200_4000_3000.tif,85-48,0,1728.0,17.28
O2023_85_45_1_0026_00002359_1000_1000.tif,85-45,2,O2023_85_48_1_0053_00000198_4000_6000.tif,85-48,0,1120.0,11.2
O2023_85_45_1_0026_00002359_1000_1000.tif,85-45,2,O2023_85_48_1_0053_00000198_5000_6000.tif,85-48,0,2380.0,23.8
O2023_85_45_1_0026_00002359_1000_1000.tif,85-45,2,O2023_85_48_1_0053_00000201_5000_1000.tif,85-48,0,748.0,7.48
O2023_85_45_1_0026_00002359_1000_1000.tif,85-45,2,O2023_85_48_1_0053_00000201_4000_1000.tif,85-48,0,352.0,3.52
O2023_85_45_1_0026_00002360_1000_0.tif,85-45,2,O2023_85_48_1_0053_00000202_5000_1000.tif,85-48,0,6750.0,67.5
O2023_85_45_1_0026_00002360_1000_0.tif,85-45,2,O2023_85_48_1_0053_00000200_5000_4000.tif,85-48,0,6816.0,68.16
O2023_85_45_1_0026_00002360_1000_0.tif,85-45,2,O2023_85_48_1_0053_00000201_4000_2000.tif,85-48,0,1537.0,15.37
O2023_85_45_1_0026_00002360_1000_0.tif,85-45,2,O2023_85_48_1_0053_00000201_5000_2000.tif,85-48,0,3763.0,37.63
O2023_85_45_1_0026_00002360_1000_0.tif,85-45,2,O2023_85_48_1_0053_00000199_5000_5000.tif,85-48,0,2520.0,25.2
O2023_85_45_1_0026_00002360_1000_0.tif,85-45,2,O2023_85_48_1_0053_00000199_4000_5000.tif,85-48,0,1080.0,10.8
O2023_85_45_1_0026_00002360_1000_0.tif,85-45,2,O2023_85_48_1_0053_00000198_4000_7000.tif,85-48,0,580.0,5.8
O2023_85_45_1_0026_00002360_1000_0.tif,85-45,2,O2023_85_48_1_0053_00000198_5000_7000.tif,85-48,0,1420.0,14.2
O2023_85_45_1_0026_00002360_1000_0.tif,85-45,2,O2023_85_48_1_0053_00000202_5000_0.tif,85-48,0,750.0,7.5
O2023_85_45_1_0026_00002360_1000_0.tif,85-45,2,O2023_85_48_1_0053_00000202_4000_0.tif,85-48,0,250.0,2.5
