file_a,file_b,relation,overlap_m2,overlap_pct_a,overlap_pct_b,bearing_deg
STRIP:82-11/2021/0023,STRIP:82-11/2021/0024,between_strip,672294.0,31.744,26.663,84.38
STRIP:82-11/2021/0024,STRIP:82-11/2021/0025,between_strip,836423.0,33.172,28.15,92.35
STRIP:82-11/2021/0025,STRIP:82-11/2021/0026,between_strip,956927.0,32.206,32.14,90.09
STRIP:82-11/2021/0026,STRIP:82-11/2021/0027,between_strip,865222.0,29.06,34.22,90.13
STRIP:82-13/2021/0024,STRIP:82-13/2021/0025,between_strip,923456.0,23.766,22.147,73.98
STRIP:82-13/2021/0025,STRIP:82-13/2021/0026,between_strip,792376.0,19.003,20.757,98.4
STRIP:82-16/2021/0024,STRIP:82-16/2021/0025,between_strip,162387.0,23.005,17.52,100.29
STRIP:82-16/2021/0025,STRIP:82-16/2021/0026,between_strip,254313.0,27.438,27.505,80.87
STRIP:82-16/2021/0026,STRIP:82-16/2021/0027,between_strip,113015.0,12.223,24.375,110.19
STRIP:82-16/2021/0027,STRIP:82-16/2021/0028,between_strip,123477.0,26.632,13.725,115.26
STRIP:82-16/2021/0028,STRIP:82-16/2021/0029,between_strip,91996.0,10.226,19.746,120.32
STRIP:82-16/2021/0029,STRIP:82-16/2021/0030,between_strip,45696.0,9.808,9.803,62.94
STRIP:82-19/2021/0022,STRIP:82-19/2021/0023,between_strip,711204.0,20.702,20.696,87.03
STRIP:82-19/2021/0023,STRIP:82-19/2021/0024,between_strip,1086016.0,31.602,31.652,93.21
STRIP:82-20/2021/0023,STRIP:82-20/2021/0024,between_strip,1052927.0,22.137,22.165,88.99
STRIP:82-21/2021/0004,STRIP:82-21/2021/0005,between_strip,952571.0,25.824,33.466,103.61
STRIP:82-21/2021/0005,STRIP:82-21/2021/0006,between_strip,687209.0,24.143,15.321,67.75
STRIP:82-22/2021/0029,STRIP:82-22/2021/0030,between_strip,677173.0,31.322,31.239,104.01
STRIP:82-22/2021/0030,STRIP:82-22/2021/0031,between_strip,496772.0,22.917,22.951,61.69
STRIP:82-22/2021/0031,STRIP:82-22/2021/0032,between_strip,841493.0,38.876,38.945,115.78
STRIP:82-22/2021/0032,STRIP:82-22/2021/0033,between_strip,551647.0,25.531,25.562,83.4
STRIP:82-24/2021/0019,STRIP:82-24/2021/0020,between_strip,259945.0,18.829,20.162,109.48
STRIP:82-24/2021/0020,STRIP:82-24/2021/0021,between_strip,364832.0,28.298,19.926,92.29
STRIP:82-24/2021/0021,STRIP:82-24/2021/0022,between_strip,439057.0,23.98,12.094,10.47
STRIP:82-24/2021/0022,STRIP:82-24/2021/0023,between_strip,633058.0,17.438,22.019,23.29
STRIP:82-24/2021/0023,STRIP:82-24/2021/0024,between_strip,762932.0,26.536,26.067,101.1
STRIP:82-24/2021/0024,STRIP:82-24/2021/0025,between_strip,226749.0,7.747,30.268,153.96
STRIP:82-24/2023/0002,STRIP:82-24/2023/0003,between_strip,1821534.0,34.389,28.771,92.03
STRIP:82-24/2023/0005,STRIP:82-24/2023/0006,between_strip,1401433.0,33.373,33.392,89.25
STRIP:82-24/2023/0006,STRIP:82-24/2023/0007,between_strip,0.0,0.0,0.0,8.5
STRIP:82-24/2023/0007,STRIP:82-24/2023/0008,between_strip,3390089.0,32.576,27.16,127.93
STRIP:82-24/2023/0008,STRIP:82-24/2023/0009,between_strip,1081559.0,8.665,16.807,174.69
STRIP:82-24/2023/0009,STRIP:82-24/2023/0010,between_strip,212960.0,3.309,6.618,6.45
STRIP:82-24/2023/0010,STRIP:82-24/2023/0011,between_strip,1094042.0,34.0,13.263,134.17
STRIP:82-24/2023/0011,STRIP:82-24/2023/0012,between_strip,2773344.0,33.621,30.023,77.79
STRIP:82-24/2023/0012,STRIP:82-24/2023/0013,between_strip,2741945.0,29.683,33.391,74.78
STRIP:82-24/2023/0013,STRIP:82-24/2023/0014,between_strip,2299666.0,28.005,32.054,79.93
STRIP:82-24/2023/0016,STRIP:82-24/2023/0017,between_strip,955227.0,30.583,23.169,99.53
STRIP:83-25/2021/0014,STRIP:83-25/2021/0015,between_strip,543182.0,20.48,19.305,74.41
STRIP:83-25/2021/0015,STRIP:83-25/2021/0016,between_strip,586716.0,20.852,22.148,106.2
STRIP:83-25/2021/0016,STRIP:83-25/2021/0017,between_strip,520895.0,19.663,17.046,78.38
STRIP:83-25/2021/0017,STRIP:83-25/2021/0018,between_strip,619004.0,20.256,20.332,83.42
STRIP:83-25/2021/0022,STRIP:83-25/2021/0023,between_strip,744435.0,19.904,14.218,130.12
STRIP:83-25/2021/0023,STRIP:83-25/2021/0024,between_strip,1146606.0,21.9,19.169,99.22
STRIP:83-25/2021/0024,STRIP:83-25/2021/0025,between_strip,966576.0,16.159,19.694,87.46
STRIP:83-25/2021/0025,STRIP:83-25/2021/0026,between_strip,947636.0,19.308,19.384,75.06
STRIP:83-25/2021/0026,STRIP:83-25/2021/0027,between_strip,766178.0,15.672,15.751,91.44
STRIP:83-26/2021/0012,STRIP:83-26/2021/0013,between_strip,1022094.0,20.916,22.184,102.94
STRIP:83-26/2021/0013,STRIP:83-26/2021/0014,between_strip,891526.0,19.35,19.765,113.41
STRIP:83-31/2021/0039,STRIP:83-31/2021/0040,between_strip,296605.0,16.796,18.827,95.09
STRIP:83-31/2021/0040,STRIP:83-31/2021/0041,between_strip,334831.0,21.254,18.947,80.99
STRIP:83-31/2021/0041,STRIP:83-31/2021/0042,between_strip,354211.0,20.043,15.728,115.29
STRIP:83-31/2021/0042,STRIP:83-31/2021/0043,between_strip,392055.0,17.408,20.381,51.78
STRIP:83-34/2021/0012,STRIP:83-34/2021/0013,between_strip,384853.0,14.431,16.861,79.36
STRIP:83-34/2021/0013,STRIP:83-34/2021/0014,between_strip,618939.0,27.116,23.339,95.54
STRIP:83-34/2021/0024,STRIP:83-34/2021/0025,between_strip,315818.0,13.787,13.783,90.19
STRIP:84-40/2021/0028,STRIP:84-40/2021/0029,between_strip,127614.0,20.153,10.652,111.78
STRIP:84-40/2021/0029,STRIP:84-40/2021/0030,between_strip,228739.0,19.093,15.428,83.15
STRIP:84-40/2021/0030,STRIP:84-40/2021/0031,between_strip,184832.0,12.467,20.395,111.8
STRIP:84-40/2021/0037,STRIP:84-40/2021/0038,between_strip,172647.0,7.771,6.226,90.47
STRIP:84-40/2021/0038,STRIP:84-40/2021/0039,between_strip,585584.0,21.117,20.912,81.46
STRIP:84-40/2021/0039,STRIP:84-40/2021/0040,between_strip,308678.0,11.023,18.658,128.05
STRIP:84-40/2021/0040,STRIP:84-40/2021/0041,between_strip,17756.0,1.073,1.0,158.37
STRIP:84-40/2021/0041,STRIP:84-40/2021/0042,between_strip,341690.0,19.241,14.58,72.47
STRIP:84-40/2021/0042,STRIP:84-40/2021/0043,between_strip,175851.0,7.503,7.404,22.36
STRIP:84-40/2021/0043,STRIP:84-40/2021/0044,between_strip,458284.0,19.297,19.398,95.72
STRIP:84-40/2021/0044,STRIP:84-40/2021/0045,between_strip,433693.0,18.357,14.046,57.73
STRIP:84-40/2021/0045,STRIP:84-40/2021/0047,between_strip,530614.0,17.185,18.864,92.44
STRIP:84-40/2021/0047,STRIP:84-40/2021/0049,between_strip,544250.0,19.349,13.375,141.61
STRIP:84-40/2021/0049,STRIP:84-40/2021/0051,between_strip,723442.0,17.778,14.812,136.74
STRIP:84-40/2021/0051,STRIP:84-40/2021/0053,between_strip,439549.0,9.0,20.023,141.44
STRIP:84-40/2023/0125,STRIP:84-40/2023/0126,between_strip,1207950.0,23.534,23.522,82.54
STRIP:84-40/2023/0126,STRIP:84-40/2023/0127,between_strip,1178070.0,22.94,23.081,95.59
STRIP:84-40/2023/0132,STRIP:84-40/2023/0133,between_strip,795090.0,23.68,26.401,89.45
STRIP:84-40/2023/0133,STRIP:84-40/2023/0134,between_strip,753557.0,25.022,24.947,100.83
STRIP:84-40/2023/0134,STRIP:84-40/2023/0135,between_strip,712472.0,23.587,23.629,89.77
STRIP:84-40/2023/0135,STRIP:84-40/2023/0136,between_strip,642164.0,21.297,19.215,83.13
STRIP:84-40/2023/0136,STRIP:84-40/2023/0137,between_strip,798556.0,23.894,12.279,1.82
STRIP:84-40/2023/0137,STRIP:84-40/2023/0138,between_strip,1541773.0,23.707,23.488,85.1
STRIP:84-40/2023/0138,STRIP:84-40/2023/0139,between_strip,613289.0,9.343,18.926,1.97
STRIP:84-40/2023/0139,STRIP:84-40/2023/0140,between_strip,882516.0,27.234,10.726,178.37
STRIP:84-40/2023/0140,STRIP:84-40/2023/0141,between_strip,1615250.0,19.631,20.539,147.52
STRIP:84-40/2023/0140,STRIP:84-40/2023/0206,between_strip,3615520.0,43.942,95.847,179.51
STRIP:84-40/2023/0140,STRIP:84-40/2023/0207,between_strip,667458.0,8.112,17.557,177.35
STRIP:84-40/2023/0141,STRIP:84-40/2023/0142,between_strip,1700042.0,21.617,20.861,32.36
STRIP:84-40/2023/0141,STRIP:84-40/2023/0206,between_strip,1203861.0,15.308,31.914,182.44
STRIP:84-40/2023/0141,STRIP:84-40/2023/0207,between_strip,3801770.0,48.342,100.0,180.1
STRIP:84-40/2023/0141,STRIP:84-40/2023/0208,between_strip,1341657.0,17.06,35.605,177.72
STRIP:84-40/2023/0142,STRIP:84-40/2023/0143,between_strip,1685993.0,20.688,20.582,156.86
STRIP:84-40/2023/0142,STRIP:84-40/2023/0207,between_strip,432198.0,5.303,11.368,182.8
STRIP:84-40/2023/0142,STRIP:84-40/2023/0208,between_strip,3428152.0,42.066,90.978,180.6
STRIP:84-40/2023/0142,STRIP:84-40/2023/0209,between_strip,2030433.0,24.915,53.589,178.38
STRIP:84-40/2023/0143,STRIP:84-40/2023/0144,between_strip,1106207.0,13.504,21.025,176.93
STRIP:84-40/2023/0143,STRIP:84-40/2023/0209,between_strip,2759347.0,33.685,72.828,181.23
STRIP:84-40/2023/0143,STRIP:84-40/2023/0210,between_strip,2625141.0,32.047,69.729,178.67
STRIP:84-40/2023/0144,STRIP:84-40/2023/0146,between_strip,1091939.0,20.754,20.721,88.14
STRIP:84-40/2023/0144,STRIP:84-40/2023/0210,between_strip,2131666.0,40.515,56.622,271.4
STRIP:84-40/2023/0144,STRIP:84-40/2023/0211,between_strip,3141982.0,59.718,87.252,67.57
STRIP:84-40/2023/0146,STRIP:84-40/2023/0148,between_strip,893537.0,16.956,18.23,97.98
STRIP:84-40/2023/0146,STRIP:84-40/2023/0211,between_strip,1403261.0,26.629,38.968,275.59
STRIP:84-40/2023/0151,STRIP:84-40/2023/0152,between_strip,749273.0,22.678,22.801,90.64
STRIP:84-40/2023/0152,STRIP:84-40/2023/0153,between_strip,609866.0,18.559,18.425,90.54
STRIP:84-40/2023/0153,STRIP:84-40/2023/0154,between_strip,704173.0,21.274,23.165,86.99
STRIP:84-40/2023/0206,STRIP:84-40/2023/0207,between_strip,822694.0,21.809,21.64,90.18
STRIP:84-40/2023/0207,STRIP:84-40/2023/0208,between_strip,771002.0,20.28,20.461,89.84
STRIP:84-40/2023/0208,STRIP:84-40/2023/0209,between_strip,753017.0,19.984,19.874,91.14
STRIP:84-40/2023/0209,STRIP:84-40/2023/0210,between_strip,669965.0,17.682,17.796,89.45
STRIP:84-40/2023/0210,STRIP:84-40/2023/0211,between_strip,673928.0,17.901,18.715,83.63
STRIP:84-41/2021/0002,STRIP:84-41/2021/0003,between_strip,312841.0,16.101,15.411,38.03
STRIP:84-41/2021/0003,STRIP:84-41/2021/0004,between_strip,272200.0,13.409,14.329,145.77
STRIP:84-41/2021/0016,STRIP:84-41/2021/0017,between_strip,416314.0,21.512,21.403,99.18
STRIP:84-41/2021/0017,STRIP:84-41/2021/0018,between_strip,324843.0,16.701,19.589,76.11
STRIP:84-41/2023/0113,STRIP:84-41/2023/0114,between_strip,1180952.0,22.353,22.224,89.74
STRIP:84-41/2023/0114,STRIP:84-41/2023/0115,between_strip,1205805.0,22.692,24.165,82.3
STRIP:84-41/2023/0115,STRIP:84-41/2023/0116,between_strip,1148714.0,23.02,23.025,90.93
STRIP:84-41/2023/0116,STRIP:84-41/2023/0117,between_strip,1142174.0,22.893,21.636,92.0
STRIP:84-41/2023/0117,STRIP:84-41/2023/0118,between_strip,1199498.0,22.721,17.992,175.77
STRIP:84-41/2023/0118,STRIP:84-41/2023/0119,between_strip,1534707.0,23.02,24.199,19.48
STRIP:84-42/2021/0031,STRIP:84-42/2021/0032,between_strip,473911.0,17.699,17.672,79.79
STRIP:84-42/2021/0032,STRIP:84-42/2021/0033,between_strip,660716.0,24.639,28.953,98.99
STRIP:85-45/2023/0024,STRIP:85-45/2023/0025,between_strip,893566.0,45.533,39.057,82.11
STRIP:85-45/2023/0025,STRIP:85-45/2023/0026,between_strip,886974.0,38.769,19.43,2.13
STRIP:85-45/2023/0026,STRIP:85-45/2023/0027,between_strip,1439701.0,31.538,34.93,13.01
STRIP:85-45/2023/0027,STRIP:85-45/2023/0028,between_strip,990083.0,24.021,42.761,2.31
STRIP:85-45/2023/0028,STRIP:85-45/2023/0029,between_strip,752074.0,32.482,38.217,74.86
STRIP:85-48/2023/0051,STRIP:85-48/2023/0052,between_strip,619042.0,37.644,31.736,89.58
STRIP:85-48/2023/0052,STRIP:85-48/2023/0053,between_strip,741791.0,38.028,34.505,85.58
STRIP:85-48/2023/0053,STRIP:85-48/2023/0054,between_strip,818497.0,38.073,35.969,93.59
O2021_82_16_1_0024_00004781_10cm.tif,O2021_82_24_1_0022_00001739_10cm.tif,cross_route,143994.0,53.482,47.833,68.84
O2021_82_16_1_0024_00004781_10cm.tif,O2021_82_24_1_0022_00001740_10cm.tif,cross_route,101680.0,37.766,33.346,124.12
O2021_82_16_1_0024_00004781_10cm.tif,O2021_82_24_1_0023_00001726_10cm.tif,cross_route,5320.0,1.976,1.754,99.52
O2021_82_16_1_0024_00004781_10cm.tif,O2021_82_24_1_0023_00001727_10cm.tif,cross_route,5740.0,2.132,1.901,81.55
O2021_82_16_1_0024_00004782_10cm.tif,O2021_82_24_1_0022_00001738_10cm.tif,cross_route,138208.0,51.495,46.757,67.6
O2021_82_16_1_0024_00004782_10cm.tif,O2021_82_24_1_0022_00001739_10cm.tif,cross_route,102300.0,38.116,33.983,123.61
O2021_82_16_1_0024_00004782_10cm.tif,O2021_82_24_1_0023_00001727_10cm.tif,cross_route,5820.0,2.168,1.928,99.17
O2021_82_16_1_0024_00004782_10cm.tif,O2021_82_24_1_0023_00001728_10cm.tif,cross_route,5600.0,2.087,1.873,81.34
O2021_82_16_1_0024_00004783_10cm.tif,O2021_82_24_1_0022_00001737_10cm.tif,cross_route,133704.0,49.817,45.798,66.03
O2021_82_16_1_0024_00004783_10cm.tif,O2021_82_24_1_0022_00001738_10cm.tif,cross_route,105400.0,39.271,35.657,122.54
O2021_82_16_1_0024_00004783_10cm.tif,O2021_82_24_1_0023_00001728_10cm.tif,cross_route,6107.0,2.275,2.043,98.89
O2021_82_16_1_0024_00004783_10cm.tif,O2021_82_24_1_0023_00001729_10cm.tif,cross_route,5790.0,2.157,1.962,80.98
O2021_82_16_1_0025_00005217_10cm.tif,O2021_82_24_1_0022_00001737_10cm.tif,cross_route,105336.0,38.956,36.081,283.65
O2021_82_16_1_0025_00005217_10cm.tif,O2021_82_24_1_0022_00001738_10cm.tif,cross_route,74240.0,27.456,25.116,247.39
O2021_82_16_1_0025_00005217_10cm.tif,O2021_82_24_1_0023_00001728_10cm.tif,cross_route,126599.0,46.819,42.352,126.82
O2021_82_16_1_0025_00005217_10cm.tif,O2021_82_24_1_0023_00001729_10cm.tif,cross_route,138580.0,51.25,46.97,57.33
O2021_82_16_1_0025_00005217_10cm.tif,O2021_82_24_1_0024_00005686_10cm.tif,cross_route,9386.0,3.471,3.053,95.88
O2021_82_16_1_0025_00005217_10cm.tif,O2021_82_24_1_0024_00005687_10cm.tif,cross_route,7065.0,2.613,2.269,77.84
O2021_82_16_1_0025_00005218_10cm.tif,O2021_82_24_1_0022_00001738_10cm.tif,cross_route,108335.0,40.017,36.65,282.81
O2021_82_16_1_0025_00005218_10cm.tif,O2021_82_24_1_0022_00001739_10cm.tif,cross_route,71916.0,26.565,23.89,246.86
O2021_82_16_1_0025_00005218_10cm.tif,O2021_82_24_1_0023_00001727_10cm.tif,cross_route,126355.0,46.674,41.85,128.24
O2021_82_16_1_0025_00005218_10cm.tif,O2021_82_24_1_0023_00001728_10cm.tif,cross_route,143691.0,53.077,48.07,57.65
O2021_82_16_1_0025_00005218_10cm.tif,O2021_82_24_1_0024_00005685_10cm.tif,cross_route,9321.0,3.443,3.071,96.3
O2021_82_16_1_0025_00005218_10cm.tif,O2021_82_24_1_0024_00005686_10cm.tif,cross_route,6678.0,2.467,2.172,78.14
O2021_82_16_1_0025_00005219_10cm.tif,O2021_82_24_1_0022_00001739_10cm.tif,cross_route,112455.0,41.539,37.356,281.7
O2021_82_16_1_0025_00005219_10cm.tif,O2021_82_24_1_0022_00001740_10cm.tif,cross_route,70074.0,25.884,22.981,246.45
O2021_82_16_1_0025_00005219_10cm.tif,O2021_82_24_1_0023_00001726_10cm.tif,cross_route,122615.0,45.292,40.42,129.95
O2021_82_16_1_0025_00005219_10cm.tif,O2021_82_24_1_0023_00001727_10cm.tif,cross_route,148645.0,54.907,49.233,58.16
O2021_82_16_1_0025_00005219_10cm.tif,O2021_82_24_1_0024_00005684_10cm.tif,cross_route,10710.0,3.956,3.413,96.74
O2021_82_16_1_0025_00005219_10cm.tif,O2021_82_24_1_0024_00005685_10cm.tif,cross_route,6724.0,2.484,2.216,78.62
O2021_82_16_1_0025_00005220_10cm.tif,O2021_82_24_1_0022_00001740_10cm.tif,cross_route,116172.0,42.862,38.098,281.05
O2021_82_16_1_0025_00005220_10cm.tif,O2021_82_24_1_0023_00001726_10cm.tif,cross_route,153675.0,56.698,50.659,60.05
O2021_82_16_1_0025_00005220_10cm.tif,O2021_82_24_1_0024_00005684_10cm.tif,cross_route,7525.0,2.776,2.398,79.02
O2021_82_16_1_0026_00005227_10cm.tif,O2021_82_24_1_0023_00001726_10cm.tif,cross_route,146240.0,54.083,48.208,271.54
O2021_82_16_1_0026_00005227_10cm.tif,O2021_82_24_1_0023_00001727_10cm.tif,cross_route,24732.0,9.146,8.192,304.04
O2021_82_16_1_0026_00005227_10cm.tif,O2021_82_24_1_0024_00005684_10cm.tif,cross_route,171450.0,63.406,54.638,74.39
O2021_82_16_1_0026_00005227_10cm.tif,O2021_82_24_1_0024_00005685_10cm.tif,cross_route,631.0,0.233,0.208,35.67
O2021_82_16_1_0026_00005228_10cm.tif,O2021_82_24_1_0023_00001726_10cm.tif,cross_route,38014.0,14.103,12.531,238.76
O2021_82_16_1_0026_00005228_10cm.tif,O2021_82_24_1_0023_00001727_10cm.tif,cross_route,143208.0,53.128,47.432,272.46
O2021_82_16_1_0026_00005228_10cm.tif,O2021_82_24_1_0023_00001728_10cm.tif,cross_route,22080.0,8.191,7.387,304.59
O2021_82_16_1_0026_00005228_10cm.tif,O2021_82_24_1_0024_00005684_10cm.tif,cross_route,90028.0,33.399,28.69,129.34
O2021_82_16_1_0026_00005228_10cm.tif,O2021_82_24_1_0024_00005685_10cm.tif,cross_route,163170.0,60.533,53.765,73.36
O2021_82_16_1_0026_00005229_10cm.tif,O2021_82_24_1_0023_00001727_10cm.tif,cross_route,41490.0,15.344,13.742,239.38
O2021_82_16_1_0026_00005229_10cm.tif,O2021_82_24_1_0023_00001728_10cm.tif,cross_route,141372.0,52.283,47.294,273.19
O2021_82_16_1_0026_00005229_10cm.tif,O2021_82_24_1_0023_00001729_10cm.tif,cross_route,18942.0,7.005,6.42,305.28
O2021_82_16_1_0026_00005229_10cm.tif,O2021_82_24_1_0024_00005685_10cm.tif,cross_route,90432.0,33.444,29.797,127.91
O2021_82_16_1_0026_00005229_10cm.tif,O2021_82_24_1_0024_00005686_10cm.tif,cross_route,160274.0,59.273,52.139,71.67
O2021_82_16_1_0026_00005230_10cm.tif,O2021_82_24_1_0023_00001728_10cm.tif,cross_route,42504.0,15.768,14.219,239.71
O2021_82_16_1_0026_00005230_10cm.tif,O2021_82_24_1_0023_00001729_10cm.tif,cross_route,138138.0,51.247,46.82,273.83
O2021_82_16_1_0026_00005230_10cm.tif,O2021_82_24_1_0024_00005686_10cm.tif,cross_route,95912.0,35.582,31.202,127.22
O2021_82_16_1_0026_00005230_10cm.tif,O2021_82_24_1_0024_00005687_10cm.tif,cross_route,160138.0,59.408,51.44,70.2
O2021_82_16_1_0027_00005667_10cm.tif,O2021_82_24_1_0024_00005684_10cm.tif,cross_route,163215.0,35.202,52.013,257.9
O2021_82_16_1_0027_00005667_10cm.tif,O2021_82_24_1_0024_00005685_10cm.tif,cross_route,124620.0,26.878,41.062,293.85
O2021_82_16_1_0027_00005667_10cm.tif,O2021_82_24_1_0024_00005686_10cm.tif,cross_route,2315.0,0.499,0.753,317.6
O2021_82_20_1_0023_00004973.tif,O2021_82_21_1_0004_00002040.tif,cross_route,212826.0,10.433,10.433,161.29
O2021_82_20_1_0023_00004973.tif,O2021_82_21_1_0004_00002041.tif,cross_route,864774.0,42.391,42.391,147.68
O2021_82_20_1_0023_00004973.tif,O2021_82_21_1_0005_00001868.tif,cross_route,32193.0,1.578,1.578,125.41
O2021_82_20_1_0023_00004974.tif,O2021_82_21_1_0004_00002039.tif,cross_route,280899.0,13.77,13.77,160.94
O2021_82_20_1_0023_00004974.tif,O2021_82_21_1_0004_00002040.tif,cross_route,928772.0,45.528,45.528,145.44
O2021_82_20_1_0023_00004974.tif,O2021_82_21_1_0004_00002041.tif,cross_route,1581204.0,77.51,77.51,94.39
O2021_82_20_1_0023_00004974.tif,O2021_82_21_1_0005_00001868.tif,cross_route,149160.0,7.312,7.312,109.43
O2021_82_20_1_0023_00004974.tif,O2021_82_21_1_0005_00001869.tif,cross_route,22984.0,1.127,1.229,125.27
O2021_82_20_1_0023_00004975.tif,O2021_82_21_1_0004_00002039.tif,cross_route,1000606.0,49.049,49.049,143.11
O2021_82_20_1_0023_00004975.tif,O2021_82_21_1_0004_00002040.tif,cross_route,1585755.0,77.733,77.733,86.61
O2021_82_20_1_0023_00004975.tif,O2021_82_21_1_0004_00002041.tif,cross_route,934775.0,45.822,45.822,35.11
O2021_82_20_1_0023_00004975.tif,O2021_82_21_1_0005_00001868.tif,cross_route,258230.0,12.658,12.658,89.61
O2021_82_20_1_0023_00004975.tif,O2021_82_21_1_0005_00001869.tif,cross_route,138648.0,6.796,7.414,109.13
O2021_82_20_1_0023_00004976.tif,O2021_82_21_1_0004_00002039.tif,cross_route,1526184.0,74.813,74.813,78.28
O2021_82_20_1_0023_00004976.tif,O2021_82_21_1_0004_00002040.tif,cross_route,868224.0,42.56,42.56,32.72
O2021_82_20_1_0023_00004976.tif,O2021_82_21_1_0004_00002041.tif,cross_route,217728.0,10.673,10.673,18.93
O2021_82_20_1_0023_00004976.tif,O2021_82_21_1_0005_00001868.tif,cross_route,141912.0,6.956,6.956,69.9
O2021_82_20_1_0023_00004976.tif,O2021_82_21_1_0005_00001869.tif,cross_route,238700.0,11.701,12.765,89.27
O2021_82_20_1_0024_00005077.tif,O2021_82_21_1_0004_00002039.tif,cross_route,834342.0,40.899,40.899,272.7
O2021_82_20_1_0024_00005077.tif,O2021_82_21_1_0004_00002040.tif,cross_route,491904.0,24.113,24.113,298.61
O2021_82_20_1_0024_00005077.tif,O2021_82_21_1_0004_00002041.tif,cross_route,137616.0,6.746,6.746,316.27
O2021_82_20_1_0024_00005077.tif,O2021_82_21_1_0005_00001868.tif,cross_route,1051820.0,51.56,51.56,17.2
O2021_82_20_1_0024_00005077.tif,O2021_82_21_1_0005_00001869.tif,cross_route,1695100.0,83.093,90.647,92.52
O2021_82_20_1_0024_00005077.tif,O2021_82_21_1_0006_00001810.tif,cross_route,293580.0,14.391,14.391,88.62
O2021_82_20_1_0024_00005077.tif,O2021_82_21_1_0006_00001811.tif,cross_route,146320.0,7.173,7.825,68.91
O2021_82_20_1_0024_00005077.tif,O2021_82_21_1_0006_00001812.tif,cross_route,25596.0,1.255,1.369,54.54
O2021_82_20_1_0024_00005078.tif,O2021_82_21_1_0004_00002039.tif,cross_route,519825.0,25.482,25.482,243.65
O2021_82_20_1_0024_00005078.tif,O2021_82_21_1_0004_00002040.tif,cross_route,880066.0,43.14,43.14,269.94
O2021_82_20_1_0024_00005078.tif,O2021_82_21_1_0004_00002041.tif,cross_route,526278.0,25.798,25.798,296.57
O2021_82_20_1_0024_00005078.tif,O2021_82_21_1_0005_00001868.tif,cross_route,1827144.0,89.566,89.566,94.24
O2021_82_20_1_0024_00005078.tif,O2021_82_21_1_0005_00001869.tif,cross_route,944946.0,46.321,50.532,163.28
O2021_82_20_1_0024_00005078.tif,O2021_82_21_1_0006_00001810.tif,cross_route,176500.0,8.652,8.652,108.81
O2021_82_20_1_0024_00005078.tif,O2021_82_21_1_0006_00001811.tif,cross_route,270600.0,13.265,14.471,88.78
O2021_82_20_1_0024_00005078.tif,O2021_82_21_1_0006_00001812.tif,cross_route,149695.0,7.338,8.005,70.7
O2021_82_20_1_0024_00005078.tif,O2021_82_21_1_0006_00001813.tif,cross_route,36573.0,1.793,1.956,56.43
O2021_82_20_1_0024_00005079.tif,O2021_82_21_1_0004_00002039.tif,cross_route,133940.0,6.566,6.566,223.88
O2021_82_20_1_0024_00005079.tif,O2021_82_21_1_0004_00002040.tif,cross_route,488911.0,23.966,23.966,241.14
O2021_82_20_1_0024_00005079.tif,O2021_82_21_1_0004_00002041.tif,cross_route,843683.0,41.357,41.357,267.1
O2021_82_20_1_0024_00005079.tif,O2021_82_21_1_0005_00001868.tif,cross_route,1009584.0,49.489,49.489,163.51
O2021_82_20_1_0024_00005079.tif,O2021_82_21_1_0005_00001869.tif,cross_route,126280.0,6.19,6.753,171.48
O2021_82_20_1_0024_00005079.tif,O2021_82_21_1_0006_00001810.tif,cross_route,43674.0,2.141,2.141,125.3
O2021_82_20_1_0024_00005079.tif,O2021_82_21_1_0006_00001811.tif,cross_route,160303.0,7.858,8.572,109.02
O2021_82_20_1_0024_00005079.tif,O2021_82_21_1_0006_00001812.tif,cross_route,259600.0,12.725,13.882,90.74
O2021_82_20_1_0024_00005079.tif,O2021_82_21_1_0006_00001813.tif,cross_route,153780.0,7.538,8.224,73.05
O2021_82_20_1_0024_00005080.tif,O2021_82_21_1_0004_00002040.tif,cross_route,99090.0,4.857,4.857,222.21
O2021_82_20_1_0024_00005080.tif,O2021_82_21_1_0004_00002041.tif,cross_route,454346.0,22.272,22.272,238.98
O2021_82_20_1_0024_00005080.tif,O2021_82_21_1_0005_00001868.tif,cross_route,190712.0,9.349,9.349,171.44
O2021_82_20_1_0024_00005080.tif,O2021_82_21_1_0006_00001811.tif,cross_route,28782.0,1.411,1.539,125.39
O2021_82_20_1_0024_00005080.tif,O2021_82_21_1_0006_00001812.tif,cross_route,140765.0,6.9,7.528,110.61
O2021_82_20_1_0024_00005080.tif,O2021_82_21_1_0006_00001813.tif,cross_route,234111.0,11.476,12.519,93.13
O2021_84_41_1_0002_00153643.tif,O2021_84_42_1_0031_00000792.tif,cross_route,169200.0,31.333,21.974,6.91
O2021_84_41_1_0002_00153643.tif,O2021_84_42_1_0031_00000793.tif,cross_route,483300.0,89.5,62.766,28.75
O2021_84_41_1_0002_00153643.tif,O2021_84_42_1_0031_00000794.tif,cross_route,376200.0,69.667,48.857,163.44
O2021_84_41_1_0002_00153643.tif,O2021_84_42_1_0032_00000741.tif,cross_route,18624.0,3.449,2.419,94.02
O2021_84_41_1_0002_00153643.tif,O2021_84_42_1_0032_00000742.tif,cross_route,11968.0,2.216,1.554,74.09
O2021_84_41_1_0002_00153643.tif,O2021_84_42_1_0032_00000743.tif,cross_route,1080.0,0.2,0.14,56.76
O2021_84_41_1_0002_00153648.tif,O2021_84_42_1_0031_00000791.tif,cross_route,134100.0,24.833,17.416,5.36
O2021_84_41_1_0002_00153648.tif,O2021_84_42_1_0031_00000792.tif,cross_route,449100.0,83.167,58.325,19.34
O2021_84_41_1_0002_00153648.tif,O2021_84_42_1_0031_00000793.tif,cross_route,406800.0,75.333,52.831,163.41
O2021_84_41_1_0002_00153648.tif,O2021_84_42_1_0031_00000794.tif,cross_route,96300.0,17.833,12.506,173.07
O2021_84_41_1_0002_00153648.tif,O2021_84_42_1_0032_00000741.tif,cross_route,9485.0,1.756,1.232,111.44
O2021_84_41_1_0002_00153648.tif,O2021_84_42_1_0032_00000742.tif,cross_route,21000.0,3.889,2.727,92.08
O2021_84_41_1_0002_00153648.tif,O2021_84_42_1_0032_00000743.tif,cross_route,16080.0,2.978,2.088,71.69
O2021_84_41_1_0002_00153653.tif,O2021_84_42_1_0031_00000790.tif,cross_route,99900.0,18.5,12.974,4.35
O2021_84_41_1_0002_00153653.tif,O2021_84_42_1_0031_00000791.tif,cross_route,414000.0,76.667,53.766,14.74
O2021_84_41_1_0002_00153653.tif,O2021_84_42_1_0031_00000792.tif,cross_route,441000.0,81.667,57.273,160.71
O2021_84_41_1_0002_00153653.tif,O2021_84_42_1_0031_00000793.tif,cross_route,126900.0,23.5,16.481,173.06
O2021_84_41_1_0002_00153653.tif,O2021_84_42_1_0032_00000742.tif,cross_route,9728.0,1.801,1.263,109.67
O2021_84_41_1_0002_00153653.tif,O2021_84_42_1_0032_00000743.tif,cross_route,27000.0,5.0,3.506,89.76
O2021_84_41_1_0002_00153653.tif,O2021_84_42_1_0032_00000744.tif,cross_route,15150.0,2.806,1.968,69.93
O2021_84_41_1_0002_00153658.tif,O2021_84_42_1_0031_00000789.tif,cross_route,83700.0,15.5,10.87,5.23
O2021_84_41_1_0002_00153658.tif,O2021_84_42_1_0031_00000790.tif,cross_route,379800.0,70.333,49.325,10.19
O2021_84_41_1_0002_00153658.tif,O2021_84_42_1_0031_00000791.tif,cross_route,476100.0,88.167,61.831,157.55
O2021_84_41_1_0002_00153658.tif,O2021_84_42_1_0031_00000792.tif,cross_route,161100.0,29.833,20.922,173.22
O2021_84_41_1_0002_00153658.tif,O2021_84_42_1_0032_00000743.tif,cross_route,15435.0,2.858,2.005,107.82
O2021_84_41_1_0002_00153658.tif,O2021_84_42_1_0032_00000744.tif,cross_route,30000.0,5.556,3.896,87.83
O2021_84_41_1_0002_00153658.tif,O2021_84_42_1_0032_00000745.tif,cross_route,16884.0,3.127,2.193,67.82
O2021_84_41_1_0002_00153704.tif,O2021_84_42_1_0031_00000789.tif,cross_route,364500.0,67.5,47.338,11.98
O2021_84_41_1_0002_00153704.tif,O2021_84_42_1_0031_00000790.tif,cross_route,509400.0,94.333,66.156,153.43
O2021_84_41_1_0002_00153704.tif,O2021_84_42_1_0031_00000791.tif,cross_route,195300.0,36.167,25.364,173.28
O2021_84_41_1_0002_00153704.tif,O2021_84_42_1_0032_00000743.tif,cross_route,1364.0,0.253,0.177,122.92
O2021_84_41_1_0002_00153704.tif,O2021_84_42_1_0032_00000744.tif,cross_route,18326.0,3.394,2.38,106.18
O2021_84_41_1_0002_00153704.tif,O2021_84_42_1_0032_00000745.tif,cross_route,35960.0,6.659,4.67,85.73
O2021_84_41_1_0002_00153704.tif,O2021_84_42_1_0032_00000746.tif,cross_route,18480.0,3.422,2.4,66.05
O2021_84_41_1_0002_00153709.tif,O2021_84_42_1_0031_00000789.tif,cross_route,525600.0,97.333,68.26,142.85
O2021_84_41_1_0002_00153709.tif,O2021_84_42_1_0031_00000790.tif,cross_route,229500.0,42.5,29.805,174.22
O2021_84_41_1_0002_00153709.tif,O2021_84_42_1_0032_00000744.tif,cross_route,3213.0,0.595,0.417,121.74
O2021_84_41_1_0002_00153709.tif,O2021_84_42_1_0032_00000745.tif,cross_route,26176.0,4.847,3.399,104.44
O2021_84_41_1_0002_00153709.tif,O2021_84_42_1_0032_00000746.tif,cross_route,43529.0,8.061,5.653,83.86
O2021_84_41_1_0003_00074510.tif,O2021_84_42_1_0031_00000789.tif,cross_route,141750.0,26.25,18.409,286.28
O2021_84_41_1_0003_00074510.tif,O2021_84_42_1_0031_00000790.tif,cross_route,158905.0,29.427,20.637,259.48
O2021_84_41_1_0003_00074510.tif,O2021_84_42_1_0031_00000791.tif,cross_route,54008.0,10.001,7.014,235.13
O2021_84_41_1_0003_00074510.tif,O2021_84_42_1_0032_00000744.tif,cross_route,258594.0,47.888,33.584,146.31
O2021_84_41_1_0003_00074510.tif,O2021_84_42_1_0032_00000745.tif,cross_route,479400.0,88.778,62.26,82.91
O2021_84_41_1_0003_00074510.tif,O2021_84_42_1_0032_00000746.tif,cross_route,231990.0,42.961,30.129,27.0
O2021_84_41_1_0003_00074514.tif,O2021_84_42_1_0031_00000789.tif,cross_route,44520.0,8.244,5.782,306.79
O2021_84_41_1_0003_00074514.tif,O2021_84_42_1_0031_00000790.tif,cross_route,144452.0,26.75,18.76,284.66
O2021_84_41_1_0003_00074514.tif,O2021_84_42_1_0031_00000791.tif,cross_route,152794.0,28.295,19.843,256.18
O2021_84_41_1_0003_00074514.tif,O2021_84_42_1_0031_00000792.tif,cross_route,42636.0,7.896,5.537,232.58
O2021_84_41_1_0003_00074514.tif,O2021_84_42_1_0032_00000743.tif,cross_route,230288.0,42.646,29.908,147.91
O2021_84_41_1_0003_00074514.tif,O2021_84_42_1_0032_00000744.tif,cross_route,469800.0,87.0,61.013,92.9
O2021_84_41_1_0003_00074514.tif,O2021_84_42_1_0032_00000745.tif,cross_route,250740.0,46.433,32.564,31.34
O2021_84_41_1_0003_00074518.tif,O2021_84_42_1_0031_00000790.tif,cross_route,49440.0,9.156,6.421,305.34
O2021_84_41_1_0003_00074518.tif,O2021_84_42_1_0031_00000791.tif,cross_route,161862.0,29.974,21.021,281.68
O2021_84_41_1_0003_00074518.tif,O2021_84_42_1_0031_00000792.tif,cross_route,142884.0,26.46,18.556,252.82
O2021_84_41_1_0003_00074518.tif,O2021_84_42_1_0031_00000793.tif,cross_route,30360.0,5.622,3.943,230.21
O2021_84_41_1_0003_00074518.tif,O2021_84_42_1_0032_00000742.tif,cross_route,194820.0,36.078,25.301,149.14
O2021_84_41_1_0003_00074518.tif,O2021_84_42_1_0032_00000743.tif,cross_route,466200.0,86.333,60.545,101.41
O2021_84_41_1_0003_00074518.tif,O2021_84_42_1_0032_00000744.tif,cross_route,275264.0,50.975,35.749,36.19
O2021_84_41_1_0003_00074518.tif,O2021_84_42_1_0032_00000745.tif,cross_route,4770.0,0.883,0.619,17.66
O2021_84_41_1_0003_00074522.tif,O2021_84_42_1_0031_00000791.tif,cross_route,63558.0,11.77,8.254,303.65
O2021_84_41_1_0003_00074522.tif,O2021_84_42_1_0031_00000792.tif,cross_route,179196.0,33.184,23.272,278.62
O2021_84_41_1_0003_00074522.tif,O2021_84_42_1_0031_00000793.tif,cross_route,134199.0,24.852,17.428,249.68
O2021_84_41_1_0003_00074522.tif,O2021_84_42_1_0031_00000794.tif,cross_route,19720.0,3.652,2.561,228.11
O2021_84_41_1_0003_00074522.tif,O2021_84_42_1_0032_00000741.tif,cross_route,168942.0,31.286,21.941,150.82
O2021_84_41_1_0003_00074522.tif,O2021_84_42_1_0032_00000742.tif,cross_route,430726.0,79.764,55.938,109.36
O2021_84_41_1_0003_00074522.tif,O2021_84_42_1_0032_00000743.tif,cross_route,297216.0,55.04,38.599,40.35
O2021_84_41_1_0003_00074522.tif,O2021_84_42_1_0032_00000744.tif,cross_route,31939.0,5.915,4.148,19.95
O2021_84_41_1_0003_00074526.tif,O2021_84_42_1_0031_00000792.tif,cross_route,78392.0,14.517,10.181,301.45
O2021_84_41_1_0003_00074526.tif,O2021_84_42_1_0031_00000793.tif,cross_route,196392.0,36.369,25.505,275.32
O2021_84_41_1_0003_00074526.tif,O2021_84_42_1_0031_00000794.tif,cross_route,125147.0,23.175,16.253,246.76
O2021_84_41_1_0003_00074526.tif,O2021_84_42_1_0032_00000741.tif,cross_route,403560.0,74.733,52.41,116.37
O2021_84_41_1_0003_00074526.tif,O2021_84_42_1_0032_00000742.tif,cross_route,323000.0,59.815,41.948,46.85
O2021_84_41_1_0003_00074526.tif,O2021_84_42_1_0032_00000743.tif,cross_route,57975.0,10.736,7.529,21.54
O2021_84_41_1_0004_00144032.tif,O2021_84_42_1_0032_00000744.tif,cross_route,110920.0,20.541,14.405,231.83
O2021_84_41_1_0004_00144032.tif,O2021_84_42_1_0032_00000745.tif,cross_route,266679.0,49.385,34.634,262.73
O2021_84_41_1_0004_00144032.tif,O2021_84_42_1_0032_00000746.tif,cross_route,168276.0,31.162,21.854,295.99
O2021_84_41_1_0004_00144032.tif,O2021_84_42_1_0033_00000546.tif,cross_route,441600.0,81.778,57.351,95.62
O2021_84_41_1_0004_00144032.tif,O2021_84_42_1_0033_00000547.tif,cross_route,206816.0,38.299,26.859,144.42
O2021_84_41_1_0004_00144040.tif,O2021_84_42_1_0032_00000742.tif,cross_route,79707.0,14.761,10.352,226.38
O2021_84_41_1_0004_00144040.tif,O2021_84_42_1_0032_00000743.tif,cross_route,244188.0,45.22,31.713,255.35
O2021_84_41_1_0004_00144040.tif,O2021_84_42_1_0032_00000744.tif,cross_route,209124.0,38.727,27.159,291.28
O2021_84_41_1_0004_00144040.tif,O2021_84_42_1_0032_00000745.tif,cross_route,44884.0,8.312,5.829,315.52
O2021_84_41_1_0004_00144040.tif,O2021_84_42_1_0033_00000546.tif,cross_route,40535.0,7.506,5.264,23.85
O2021_84_41_1_0004_00144040.tif,O2021_84_42_1_0033_00000547.tif,cross_route,293326.0,54.32,38.094,46.22
O2021_84_41_1_0004_00144040.tif,O2021_84_42_1_0033_00000548.tif,cross_route,409406.0,75.816,53.17,110.19
O2021_84_41_1_0004_00144040.tif,O2021_84_42_1_0033_00000549.tif,cross_route,159960.0,29.622,20.774,149.52
O2021_84_41_1_0004_00144044.tif,O2021_84_42_1_0032_00000741.tif,cross_route,62823.0,11.634,8.159,224.56
O2021_84_41_1_0004_00144044.tif,O2021_84_42_1_0032_00000742.tif,cross_route,230351.0,42.658,29.916,250.96
O2021_84_41_1_0004_00144044.tif,O2021_84_42_1_0032_00000743.tif,cross_route,226098.0,41.87,29.363,288.21
O2021_84_41_1_0004_00144044.tif,O2021_84_42_1_0032_00000744.tif,cross_route,62846.0,11.638,8.162,314.18
O2021_84_41_1_0004_00144044.tif,O2021_84_42_1_0033_00000547.tif,cross_route,65032.0,12.043,8.446,24.91
O2021_84_41_1_0004_00144044.tif,O2021_84_42_1_0033_00000548.tif,cross_route,323076.0,59.829,41.958,50.43
O2021_84_41_1_0004_00144044.tif,O2021_84_42_1_0033_00000549.tif,cross_route,391650.0,72.528,50.864,116.2
O2021_84_41_1_0004_00144044.tif,O2021_84_42_1_0033_00000550.tif,cross_route,136701.0,25.315,17.753,151.55
O2021_84_41_1_0004_00144051.tif,O2021_84_42_1_0032_00000741.tif,cross_route,264960.0,49.067,34.41,280.67
O2021_84_41_1_0004_00144051.tif,O2021_84_42_1_0032_00000742.tif,cross_route,99840.0,18.489,12.966,310.36
O2021_84_41_1_0004_00144051.tif,O2021_84_42_1_0033_00000549.tif,cross_route,117468.0,21.753,15.256,26.57
O2021_84_41_1_0004_00144051.tif,O2021_84_42_1_0033_00000550.tif,cross_route,375492.0,69.536,48.765,58.29
O2023_84_40_1_0125_00092510.tif,O2023_84_41_1_0124_00164834.tif,cross_route,134524.0,19.215,19.057,273.44
O2023_84_40_1_0125_00092510.tif,O2023_84_41_1_0124_00164837.tif,cross_route,90610.0,12.943,12.818,249.9
O2023_84_40_1_0125_00092510.tif,O2023_84_41_1_0124_00164841.tif,cross_route,24898.0,3.556,3.519,231.57
O2023_84_40_1_0125_00092514.tif,O2023_84_41_1_0124_00164834.tif,cross_route,70149.0,10.02,9.938,295.82
O2023_84_40_1_0125_00092514.tif,O2023_84_41_1_0124_00164837.tif,cross_route,140139.0,20.017,19.825,273.44
O2023_84_40_1_0125_00092514.tif,O2023_84_41_1_0124_00164841.tif,cross_route,94785.0,13.539,13.395,249.92
O2023_84_40_1_0125_00092514.tif,O2023_84_41_1_0124_00164844.tif,cross_route,26136.0,3.733,3.694,231.53
O2023_84_40_1_0125_00092517.tif,O2023_84_41_1_0124_00164834.tif,cross_route,5252.0,0.75,0.744,312.09
O2023_84_40_1_0125_00092517.tif,O2023_84_41_1_0124_00164837.tif,cross_route,73632.0,10.517,10.417,295.75
O2023_84_40_1_0125_00092517.tif,O2023_84_41_1_0124_00164841.tif,cross_route,145092.0,20.725,20.505,273.39
O2023_84_40_1_0125_00092517.tif,O2023_84_41_1_0124_00164844.tif,cross_route,96348.0,13.762,13.616,249.76
O2023_84_40_1_0125_00092517.tif,O2023_84_41_1_0124_00164847.tif,cross_route,25724.0,3.674,3.639,231.29
O2023_84_40_1_0125_00092520.tif,O2023_84_41_1_0124_00164837.tif,cross_route,6090.0,0.871,0.862,312.27
O2023_84_40_1_0125_00092520.tif,O2023_84_41_1_0124_00164841.tif,cross_route,76248.0,10.906,10.776,296.0
O2023_84_40_1_0125_00092520.tif,O2023_84_41_1_0124_00164844.tif,cross_route,148263.0,21.207,20.953,273.45
O2023_84_40_1_0125_00092520.tif,O2023_84_41_1_0124_00164847.tif,cross_route,97240.0,13.909,13.756,249.57
O2023_84_40_1_0125_00092520.tif,O2023_84_41_1_0124_00164851.tif,cross_route,25520.0,3.65,3.61,231.15
O2023_84_40_1_0125_00092524.tif,O2023_84_41_1_0124_00164841.tif,cross_route,5859.0,0.837,0.828,312.61
O2023_84_40_1_0125_00092524.tif,O2023_84_41_1_0124_00164844.tif,cross_route,77220.0,11.03,10.913,296.28
O2023_84_40_1_0125_00092524.tif,O2023_84_41_1_0124_00164847.tif,cross_route,149617.0,21.371,21.166,273.5
O2023_84_40_1_0125_00092524.tif,O2023_84_41_1_0124_00164851.tif,cross_route,97903.0,13.984,13.85,249.58
O2023_84_40_1_0125_00092524.tif,O2023_84_41_1_0124_00164854.tif,cross_route,25857.0,3.693,3.663,231.16
O2023_84_40_1_0125_00092527.tif,O2023_84_41_1_0124_00164844.tif,cross_route,5994.0,0.856,0.847,312.8
O2023_84_40_1_0125_00092527.tif,O2023_84_41_1_0124_00164847.tif,cross_route,78719.0,11.244,11.136,296.26
O2023_84_40_1_0125_00092527.tif,O2023_84_41_1_0124_00164851.tif,cross_route,151417.0,21.628,21.421,273.36
O2023_84_40_1_0125_00092527.tif,O2023_84_41_1_0124_00164854.tif,cross_route,98343.0,14.047,13.932,249.43
O2023_84_40_1_0125_00092527.tif,O2023_84_41_1_0124_00164857.tif,cross_route,25086.0,3.583,3.557,230.92
O2023_84_40_1_0125_00092530.tif,O2023_84_41_1_0124_00164847.tif,cross_route,6496.0,0.928,0.919,312.82
O2023_84_40_1_0125_00092530.tif,O2023_84_41_1_0124_00164851.tif,cross_route,79520.0,11.359,11.25,296.17
O2023_84_40_1_0125_00092530.tif,O2023_84_41_1_0124_00164854.tif,cross_route,152320.0,21.757,21.578,273.25
O2023_84_40_1_0125_00092530.tif,O2023_84_41_1_0124_00164857.tif,cross_route,97451.0,13.92,13.819,249.15
O2023_84_40_1_0125_00092530.tif,O2023_84_41_1_0124_00164901.tif,cross_route,24864.0,3.552,3.526,230.87
O2023_84_40_1_0125_00092534.tif,O2023_84_41_1_0124_00164851.tif,cross_route,6750.0,0.964,0.955,312.81
O2023_84_40_1_0125_00092534.tif,O2023_84_41_1_0124_00164854.tif,cross_route,79875.0,11.409,11.315,296.17
O2023_84_40_1_0125_00092534.tif,O2023_84_41_1_0124_00164857.tif,cross_route,152992.0,21.853,21.696,273.02
O2023_84_40_1_0125_00092534.tif,O2023_84_41_1_0124_00164901.tif,cross_route,97451.0,13.92,13.819,249.15
O2023_84_40_1_0125_00092534.tif,O2023_84_41_1_0124_00164904.tif,cross_route,24642.0,3.52,3.494,230.83
O2023_84_40_1_0125_00092537.tif,O2023_84_41_1_0124_00164854.tif,cross_route,6780.0,0.968,0.96,312.83
O2023_84_40_1_0125_00092537.tif,O2023_84_41_1_0124_00164857.tif,cross_route,80550.0,11.506,11.423,296.0
O2023_84_40_1_0125_00092537.tif,O2023_84_41_1_0124_00164901.tif,cross_route,152992.0,21.853,21.696,273.02
O2023_84_40_1_0125_00092537.tif,O2023_84_41_1_0124_00164904.tif,cross_route,97228.0,13.888,13.788,249.08
O2023_84_40_1_0125_00092537.tif,O2023_84_41_1_0124_00164907.tif,cross_route,24084.0,3.44,3.412,230.67
O2023_84_40_1_0125_00092541.tif,O2023_84_41_1_0124_00164857.tif,cross_route,7718.0,1.101,1.094,312.7
O2023_84_40_1_0125_00092541.tif,O2023_84_41_1_0124_00164901.tif,cross_route,81134.0,11.577,11.505,295.95
O2023_84_40_1_0125_00092541.tif,O2023_84_41_1_0124_00164904.tif,cross_route,154125.0,21.992,21.856,272.87
O2023_84_40_1_0125_00092541.tif,O2023_84_41_1_0124_00164907.tif,cross_route,97200.0,13.87,13.77,248.79
O2023_84_40_1_0125_00092541.tif,O2023_84_41_1_0124_00164911.tif,cross_route,22848.0,3.26,3.24,230.36
O2023_84_40_1_0125_00092544.tif,O2023_84_41_1_0124_00164901.tif,cross_route,7752.0,1.105,1.099,312.76
O2023_84_40_1_0125_00092544.tif,O2023_84_41_1_0124_00164904.tif,cross_route,81720.0,11.645,11.589,295.95
O2023_84_40_1_0125_00092544.tif,O2023_84_41_1_0124_00164907.tif,cross_route,156176.0,22.254,22.124,272.68
O2023_84_40_1_0125_00092544.tif,O2023_84_41_1_0124_00164911.tif,cross_route,96728.0,13.783,13.717,248.45
O2023_84_40_1_0125_00092544.tif,O2023_84_41_1_0124_00164914.tif,cross_route,22500.0,3.206,3.191,230.21
O2023_84_40_1_0125_00092547.tif,O2023_84_41_1_0124_00164904.tif,cross_route,8015.0,1.142,1.137,312.72
O2023_84_40_1_0125_00092547.tif,O2023_84_41_1_0124_00164907.tif,cross_route,83127.0,11.849,11.776,295.76
O2023_84_40_1_0125_00092547.tif,O2023_84_41_1_0124_00164911.tif,cross_route,158004.0,22.523,22.406,272.27
O2023_84_40_1_0125_00092547.tif,O2023_84_41_1_0124_00164914.tif,cross_route,96248.0,13.72,13.649,248.21
O2023_84_40_1_0125_00092547.tif,O2023_84_41_1_0124_00164918.tif,cross_route,21150.0,3.015,2.999,229.98
O2023_84_40_1_0125_00092551.tif,O2023_84_41_1_0124_00164907.tif,cross_route,8740.0,1.247,1.238,312.67
O2023_84_40_1_0125_00092551.tif,O2023_84_41_1_0124_00164911.tif,cross_route,84272.0,12.021,11.95,295.52
O2023_84_40_1_0125_00092551.tif,O2023_84_41_1_0124_00164914.tif,cross_route,158688.0,22.635,22.503,272.08
O2023_84_40_1_0125_00092551.tif,O2023_84_41_1_0124_00164918.tif,cross_route,94920.0,13.539,13.46,247.91
O2023_84_40_1_0125_00092551.tif,O2023_84_41_1_0124_00164921.tif,cross_route,20792.0,2.966,2.945,229.81
O2023_84_40_1_0125_00092554.tif,O2023_84_41_1_0124_00164911.tif,cross_route,9512.0,1.355,1.349,312.63
O2023_84_40_1_0125_00092554.tif,O2023_84_41_1_0124_00164914.tif,cross_route,85239.0,12.146,12.088,295.51
O2023_84_40_1_0125_00092554.tif,O2023_84_41_1_0124_00164918.tif,cross_route,160071.0,22.809,22.699,271.85
O2023_84_40_1_0125_00092554.tif,O2023_84_41_1_0124_00164921.tif,cross_route,95951.0,13.672,13.593,247.79
O2023_84_40_1_0125_00092557.tif,O2023_84_41_1_0124_00164914.tif,cross_route,9320.0,1.331,1.322,312.7
O2023_84_40_1_0125_00092557.tif,O2023_84_41_1_0124_00164918.tif,cross_route,85470.0,12.208,12.12,295.43
O2023_84_40_1_0125_00092557.tif,O2023_84_41_1_0124_00164921.tif,cross_route,161238.0,23.031,22.841,271.89
O2023_85_45_1_0024_00001565.tif,O2023_85_48_1_0051_00004423.tif,cross_route,16710.0,2.376,2.293,210.38
O2023_85_45_1_0024_00001565.tif,O2023_85_48_1_0051_00004424.tif,cross_route,103972.0,14.785,14.28,217.04
O2023_85_45_1_0024_00001565.tif,O2023_85_48_1_0051_00004425.tif,cross_route,190708.0,27.118,26.228,226.52
O2023_85_45_1_0024_00001565.tif,O2023_85_48_1_0051_00004426.tif,cross_route,278000.0,39.531,38.272,240.29
O2023_85_45_1_0024_00001565.tif,O2023_85_48_1_0051_00004427.tif,cross_route,362112.0,51.491,49.903,259.1
O2023_85_45_1_0024_00001565.tif,O2023_85_48_1_0052_00000183.tif,cross_route,27125.0,3.857,3.727,164.35
O2023_85_45_1_0024_00001565.tif,O2023_85_48_1_0052_00000184.tif,cross_route,145324.0,20.665,20.047,160.05
O2023_85_45_1_0024_00001565.tif,O2023_85_48_1_0052_00000185.tif,cross_route,266074.0,37.835,36.778,152.62
O2023_85_45_1_0024_00001565.tif,O2023_85_48_1_0052_00000186.tif,cross_route,384768.0,54.713,53.384,139.08
O2023_85_45_1_0024_00001565.tif,O2023_85_48_1_0052_00000187.tif,cross_route,504576.0,71.749,70.15,110.96
O2023_85_45_1_0024_00001565.tif,O2023_85_48_1_0052_00000188.tif,cross_route,501618.0,71.329,69.928,68.64
O2023_85_45_1_0024_00001565.tif,O2023_85_48_1_0053_00000194.tif,cross_route,84669.0,12.04,11.692,73.73
O2023_85_45_1_0024_00001565.tif,O2023_85_48_1_0053_00000195.tif,cross_route,113064.0,16.077,15.56,85.55
O2023_85_45_1_0024_00001565.tif,O2023_85_48_1_0053_00000196.tif,cross_route,105377.0,14.984,14.448,97.46
O2023_85_45_1_0024_00001565.tif,O2023_85_48_1_0053_00000197.tif,cross_route,79900.0,11.362,10.97,108.34
O2023_85_45_1_0024_00001565.tif,O2023_85_48_1_0053_00000198.tif,cross_route,52124.0,7.412,7.173,117.61
O2023_85_45_1_0024_00001565.tif,O2023_85_48_1_0053_00000199.tif,cross_route,25575.0,3.637,3.518,125.77
O2023_85_45_1_0024_00001566.tif,O2023_85_48_1_0051_00004422.tif,cross_route,23493.0,3.331,3.219,209.92
O2023_85_45_1_0024_00001566.tif,O2023_85_48_1_0051_00004423.tif,cross_route,112684.0,15.979,15.461,216.66
O2023_85_45_1_0024_00001566.tif,O2023_85_48_1_0051_00004424.tif,cross_route,202134.0,28.664,27.762,226.42
O2023_85_45_1_0024_00001566.tif,O2023_85_48_1_0051_00004425.tif,cross_route,291210.0,41.295,40.05,240.66
O2023_85_45_1_0024_00001566.tif,O2023_85_48_1_0051_00004426.tif,cross_route,380857.0,54.008,52.433,260.25
O2023_85_45_1_0024_00001566.tif,O2023_85_48_1_0051_00004427.tif,cross_route,367983.0,52.182,50.712,282.12
O2023_85_45_1_0024_00001566.tif,O2023_85_48_1_0052_00000182.tif,cross_route,34605.0,4.907,4.757,163.42
O2023_85_45_1_0024_00001566.tif,O2023_85_48_1_0052_00000183.tif,cross_route,154328.0,21.885,21.203,158.58
O2023_85_45_1_0024_00001566.tif,O2023_85_48_1_0052_00000184.tif,cross_route,270510.0,38.36,37.315,150.87
O2023_85_45_1_0024_00001566.tif,O2023_85_48_1_0052_00000185.tif,cross_route,388854.0,55.142,53.75,135.92
O2023_85_45_1_0024_00001566.tif,O2023_85_48_1_0052_00000186.tif,cross_route,505676.0,71.708,70.159,106.94
O2023_85_45_1_0024_00001566.tif,O2023_85_48_1_0052_00000187.tif,cross_route,486751.0,69.024,67.672,67.08
O2023_85_45_1_0024_00001566.tif,O2023_85_48_1_0052_00000188.tif,cross_route,367416.0,52.102,51.22,41.1
O2023_85_45_1_0024_00001566.tif,O2023_85_48_1_0053_00000194.tif,cross_route,52614.0,7.461,7.265,63.77
O2023_85_45_1_0024_00001566.tif,O2023_85_48_1_0053_00000195.tif,cross_route,79285.0,11.243,10.911,74.28
O2023_85_45_1_0024_00001566.tif,O2023_85_48_1_0053_00000196.tif,cross_route,105144.0,14.91,14.416,85.67
O2023_85_45_1_0024_00001566.tif,O2023_85_48_1_0053_00000197.tif,cross_route,101283.0,14.363,13.905,96.89
O2023_85_45_1_0024_00001566.tif,O2023_85_48_1_0053_00000198.tif,cross_route,74555.0,10.572,10.26,107.23
O2023_85_45_1_0024_00001566.tif,O2023_85_48_1_0053_00000199.tif,cross_route,49588.0,7.032,6.822,116.77
O2023_85_45_1_0024_00001566.tif,O2023_85_48_1_0053_00000200.tif,cross_route,25110.0,3.561,3.46,124.95
O2023_85_45_1_0024_00001566.tif,O2023_85_48_1_0053_00000201.tif,cross_route,775.0,0.11,0.107,131.73
O2023_85_45_1_0024_00001567.tif,O2023_85_48_1_0051_00004421.tif,cross_route,32230.0,4.542,4.418,209.66
O2023_85_45_1_0024_00001567.tif,O2023_85_48_1_0051_00004422.tif,cross_route,122474.0,17.261,16.781,216.27
O2023_85_45_1_0024_00001567.tif,O2023_85_48_1_0051_00004423.tif,cross_route,213525.0,30.093,29.296,226.24
O2023_85_45_1_0024_00001567.tif,O2023_85_48_1_0051_00004424.tif,cross_route,304848.0,42.963,41.869,241.02
O2023_85_45_1_0024_00001567.tif,O2023_85_48_1_0051_00004425.tif,cross_route,395952.0,55.802,54.455,261.33
O2023_85_45_1_0024_00001567.tif,O2023_85_48_1_0051_00004426.tif,cross_route,373760.0,52.675,51.456,284.05
O2023_85_45_1_0024_00001567.tif,O2023_85_48_1_0051_00004427.tif,cross_route,280720.0,39.563,38.686,302.82
O2023_85_45_1_0024_00001567.tif,O2023_85_48_1_0052_00000181.tif,cross_route,45600.0,6.427,6.261,162.34
O2023_85_45_1_0024_00001567.tif,O2023_85_48_1_0052_00000182.tif,cross_route,161454.0,22.754,22.196,157.44
O2023_85_45_1_0024_00001567.tif,O2023_85_48_1_0052_00000183.tif,cross_route,278610.0,39.265,38.278,148.92
O2023_85_45_1_0024_00001567.tif,O2023_85_48_1_0052_00000184.tif,cross_route,392773.0,55.354,54.181,133.62
O2023_85_45_1_0024_00001567.tif,O2023_85_48_1_0052_00000185.tif,cross_route,508707.0,71.693,70.317,103.65
O2023_85_45_1_0024_00001567.tif,O2023_85_48_1_0052_00000186.tif,cross_route,472964.0,66.656,65.62,66.01
O2023_85_45_1_0024_00001567.tif,O2023_85_48_1_0052_00000187.tif,cross_route,356588.0,50.255,49.576,41.33
O2023_85_45_1_0024_00001567.tif,O2023_85_48_1_0052_00000188.tif,cross_route,239145.0,33.703,33.338,28.79
O2023_85_45_1_0024_00001567.tif,O2023_85_48_1_0053_00000194.tif,cross_route,24696.0,3.48,3.41,55.52
O2023_85_45_1_0024_00001567.tif,O2023_85_48_1_0053_00000195.tif,cross_route,49640.0,6.996,6.831,64.44
O2023_85_45_1_0024_00001567.tif,O2023_85_48_1_0053_00000196.tif,cross_route,73805.0,10.402,10.119,74.62
O2023_85_45_1_0024_00001567.tif,O2023_85_48_1_0053_00000197.tif,cross_route,99012.0,13.954,13.594,85.3
O2023_85_45_1_0024_00001567.tif,O2023_85_48_1_0053_00000198.tif,cross_route,93456.0,13.171,12.861,96.01
O2023_85_45_1_0024_00001567.tif,O2023_85_48_1_0053_00000199.tif,cross_route,70070.0,9.875,9.64,106.54
O2023_85_45_1_0024_00001567.tif,O2023_85_48_1_0053_00000200.tif,cross_route,47520.0,6.697,6.548,116.04
O2023_85_45_1_0024_00001567.tif,O2023_85_48_1_0053_00000201.tif,cross_route,24912.0,3.511,3.432,124.16
O2023_85_45_1_0024_00001567.tif,O2023_85_48_1_0053_00000202.tif,cross_route,2368.0,0.334,0.325,131.09
O2023_85_45_1_0024_00001568.tif,O2023_85_48_1_0051_00004421.tif,cross_route,127710.0,17.925,17.504,216.22
O2023_85_45_1_0024_00001568.tif,O2023_85_48_1_0051_00004422.tif,cross_route,219186.0,30.764,30.033,225.99
O2023_85_45_1_0024_00001568.tif,O2023_85_48_1_0051_00004423.tif,cross_route,311325.0,43.696,42.715,240.95
O2023_85_45_1_0024_00001568.tif,O2023_85_48_1_0051_00004424.tif,cross_route,403744.0,56.667,55.452,261.7
O2023_85_45_1_0024_00001568.tif,O2023_85_48_1_0051_00004425.tif,cross_route,377104.0,52.928,51.863,284.67
O2023_85_45_1_0024_00001568.tif,O2023_85_48_1_0051_00004426.tif,cross_route,284160.0,39.883,39.12,303.88
O2023_85_45_1_0024_00001568.tif,O2023_85_48_1_0051_00004427.tif,cross_route,190512.0,26.739,26.255,316.9
O2023_85_45_1_0024_00001568.tif,O2023_85_48_1_0052_00000180.tif,cross_route,45480.0,6.383,6.252,162.02
O2023_85_45_1_0024_00001568.tif,O2023_85_48_1_0052_00000181.tif,cross_route,166320.0,23.344,22.834,156.81
O2023_85_45_1_0024_00001568.tif,O2023_85_48_1_0052_00000182.tif,cross_route,281242.0,39.474,38.664,148.41
O2023_85_45_1_0024_00001568.tif,O2023_85_48_1_0052_00000183.tif,cross_route,396970.0,55.717,54.539,132.37
O2023_85_45_1_0024_00001568.tif,O2023_85_48_1_0052_00000184.tif,cross_route,510201.0,71.609,70.379,103.0
O2023_85_45_1_0024_00001568.tif,O2023_85_48_1_0052_00000185.tif,cross_route,468833.0,65.803,64.805,65.7
O2023_85_45_1_0024_00001568.tif,O2023_85_48_1_0052_00000186.tif,cross_route,351708.0,49.364,48.797,41.76
O2023_85_45_1_0024_00001568.tif,O2023_85_48_1_0052_00000187.tif,cross_route,235956.0,33.118,32.804,29.09
O2023_85_45_1_0024_00001568.tif,O2023_85_48_1_0052_00000188.tif,cross_route,119301.0,16.744,16.631,22.13
O2023_85_45_1_0024_00001568.tif,O2023_85_48_1_0053_00000194.tif,cross_route,1144.0,0.161,0.158,48.85
O2023_85_45_1_0024_00001568.tif,O2023_85_48_1_0053_00000195.tif,cross_route,25560.0,3.587,3.517,56.32
O2023_85_45_1_0024_00001568.tif,O2023_85_48_1_0053_00000196.tif,cross_route,49209.0,6.907,6.747,65.09
O2023_85_45_1_0024_00001568.tif,O2023_85_48_1_0053_00000197.tif,cross_route,73296.0,10.287,10.063,74.7
O2023_85_45_1_0024_00001568.tif,O2023_85_48_1_0053_00000198.tif,cross_route,92960.0,13.047,12.793,85.05
O2023_85_45_1_0024_00001568.tif,O2023_85_48_1_0053_00000199.tif,cross_route,90350.0,12.681,12.43,95.93
O2023_85_45_1_0024_00001568.tif,O2023_85_48_1_0053_00000200.tif,cross_route,68600.0,9.628,9.453,106.38
O2023_85_45_1_0024_00001568.tif,O2023_85_48_1_0053_00000201.tif,cross_route,46620.0,6.543,6.422,115.75
O2023_85_45_1_0024_00001568.tif,O2023_85_48_1_0053_00000202.tif,cross_route,25344.0,3.557,3.475,123.97
O2023_85_45_1_0024_00001568.tif,O2023_85_48_1_0053_00000203.tif,cross_route,2660.0,0.373,0.364,130.65
O2023_85_45_1_0024_00001569.tif,O2023_85_48_1_0051_00004421.tif,cross_route,227104.0,31.701,31.128,225.7
O2023_85_45_1_0024_00001569.tif,O2023_85_48_1_0051_00004422.tif,cross_route,320120.0,44.686,43.863,240.53
O2023_85_45_1_0024_00001569.tif,O2023_85_48_1_0051_00004423.tif,cross_route,413658.0,57.742,56.756,261.77
O2023_85_45_1_0024_00001569.tif,O2023_85_48_1_0051_00004424.tif,cross_route,383474.0,53.529,52.668,285.4
O2023_85_45_1_0024_00001569.tif,O2023_85_48_1_0051_00004425.tif,cross_route,288960.0,40.336,39.74,304.75
O2023_85_45_1_0024_00001569.tif,O2023_85_48_1_0051_00004426.tif,cross_route,194446.0,27.143,26.769,318.12
O2023_85_45_1_0024_00001569.tif,O2023_85_48_1_0051_00004427.tif,cross_route,99866.0,13.94,13.763,326.63
O2023_85_45_1_0024_00001569.tif,O2023_85_48_1_0052_00000180.tif,cross_route,165308.0,23.075,22.726,156.08
O2023_85_45_1_0024_00001569.tif,O2023_85_48_1_0052_00000181.tif,cross_route,284226.0,39.675,39.022,147.11
O2023_85_45_1_0024_00001569.tif,O2023_85_48_1_0052_00000182.tif,cross_route,397296.0,55.459,54.619,131.21
O2023_85_45_1_0024_00001569.tif,O2023_85_48_1_0052_00000183.tif,cross_route,510649.0,71.281,70.157,101.54
O2023_85_45_1_0024_00001569.tif,O2023_85_48_1_0052_00000184.tif,cross_route,465784.0,65.019,64.252,66.13
O2023_85_45_1_0024_00001569.tif,O2023_85_48_1_0052_00000185.tif,cross_route,347442.0,48.499,48.026,42.57
O2023_85_45_1_0024_00001569.tif,O2023_85_48_1_0052_00000186.tif,cross_route,232044.0,32.391,32.194,30.05
O2023_85_45_1_0024_00001569.tif,O2023_85_48_1_0052_00000187.tif,cross_route,117852.0,16.451,16.385,22.79
O2023_85_45_1_0024_00001569.tif,O2023_85_48_1_0052_00000188.tif,cross_route,2924.0,0.408,0.408,18.36
O2023_85_45_1_0024_00001569.tif,O2023_85_48_1_0053_00000195.tif,cross_route,3036.0,0.424,0.418,49.74
O2023_85_45_1_0024_00001569.tif,O2023_85_48_1_0053_00000196.tif,cross_route,25152.0,3.511,3.449,57.11
O2023_85_45_1_0024_00001569.tif,O2023_85_48_1_0053_00000197.tif,cross_route,47168.0,6.584,6.476,65.35
O2023_85_45_1_0024_00001569.tif,O2023_85_48_1_0053_00000198.tif,cross_route,65910.0,9.2,9.07,74.71
O2023_85_45_1_0024_00001569.tif,O2023_85_48_1_0053_00000199.tif,cross_route,86043.0,12.011,11.837,85.14
O2023_85_45_1_0024_00001569.tif,O2023_85_48_1_0053_00000200.tif,cross_route,84630.0,11.813,11.662,95.86
O2023_85_45_1_0024_00001569.tif,O2023_85_48_1_0053_00000201.tif,cross_route,64220.0,8.964,8.847,106.11
O2023_85_45_1_0024_00001569.tif,O2023_85_48_1_0053_00000202.tif,cross_route,45158.0,6.304,6.191,115.51
O2023_85_45_1_0024_00001569.tif,O2023_85_48_1_0053_00000203.tif,cross_route,23400.0,3.266,3.204,123.46
O2023_85_45_1_0024_00001570.tif,O2023_85_48_1_0051_00004421.tif,cross_route,328107.0,45.816,44.972,241.08
O2023_85_45_1_0024_00001570.tif,O2023_85_48_1_0051_00004422.tif,cross_route,422201.0,58.955,57.85,262.37
O2023_85_45_1_0024_00001570.tif,O2023_85_48_1_0051_00004423.tif,cross_route,385520.0,53.833,52.895,286.33
O2023_85_45_1_0024_00001570.tif,O2023_85_48_1_0051_00004424.tif,cross_route,289275.0,40.394,39.73,305.74
O2023_85_45_1_0024_00001570.tif,O2023_85_48_1_0051_00004425.tif,cross_route,193662.0,27.042,26.634,318.88
O2023_85_45_1_0024_00001570.tif,O2023_85_48_1_0051_00004426.tif,cross_route,98049.0,13.691,13.498,327.59
O2023_85_45_1_0024_00001570.tif,O2023_85_48_1_0051_00004427.tif,cross_route,3025.0,0.422,0.417,333.22
O2023_85_45_1_0024_00001570.tif,O2023_85_48_1_0052_00000180.tif,cross_route,283444.0,39.579,38.967,146.46
O2023_85_45_1_0024_00001570.tif,O2023_85_48_1_0052_00000181.tif,cross_route,401080.0,56.006,55.065,129.54
O2023_85_45_1_0024_00001570.tif,O2023_85_48_1_0052_00000182.tif,cross_route,512910.0,71.621,70.513,100.16
O2023_85_45_1_0024_00001570.tif,O2023_85_48_1_0052_00000183.tif,cross_route,458858.0,64.074,63.042,65.15
O2023_85_45_1_0024_00001570.tif,O2023_85_48_1_0052_00000184.tif,cross_route,343570.0,47.975,47.393,42.6
O2023_85_45_1_0024_00001570.tif,O2023_85_48_1_0052_00000185.tif,cross_route,226824.0,31.673,31.353,30.34
O2023_85_45_1_0024_00001570.tif,O2023_85_48_1_0052_00000186.tif,cross_route,112530.0,15.713,15.613,23.22
O2023_85_45_1_0024_00001570.tif,O2023_85_48_1_0053_00000196.tif,cross_route,3750.0,0.524,0.514,50.27
O2023_85_45_1_0024_00001570.tif,O2023_85_48_1_0053_00000197.tif,cross_route,24320.0,3.396,3.339,57.17
O2023_85_45_1_0024_00001570.tif,O2023_85_48_1_0053_00000198.tif,cross_route,42780.0,5.974,5.887,65.28
O2023_85_45_1_0024_00001570.tif,O2023_85_48_1_0053_00000199.tif,cross_route,62115.0,8.674,8.545,74.71
O2023_85_45_1_0024_00001570.tif,O2023_85_48_1_0053_00000200.tif,cross_route,82212.0,11.48,11.329,85.01
O2023_85_45_1_0024_00001570.tif,O2023_85_48_1_0053_00000201.tif,cross_route,81220.0,11.341,11.189,95.56
O2023_85_45_1_0024_00001570.tif,O2023_85_48_1_0053_00000202.tif,cross_route,63744.0,8.901,8.74,105.83
O2023_85_45_1_0024_00001570.tif,O2023_85_48_1_0053_00000203.tif,cross_route,42284.0,5.904,5.79,115.02
O2023_85_45_1_0024_00001571.tif,O2023_85_48_1_0051_00004421.tif,cross_route,428655.0,59.735,58.753,263.06
O2023_85_45_1_0024_00001571.tif,O2023_85_48_1_0051_00004422.tif,cross_route,388680.0,54.164,53.257,286.87
O2023_85_45_1_0024_00001571.tif,O2023_85_48_1_0051_00004423.tif,cross_route,291650.0,40.642,40.016,306.31
O2023_85_45_1_0024_00001571.tif,O2023_85_48_1_0051_00004424.tif,cross_route,194934.0,27.165,26.773,319.4
O2023_85_45_1_0024_00001571.tif,O2023_85_48_1_0051_00004425.tif,cross_route,98693.0,13.753,13.573,327.97
O2023_85_45_1_0024_00001571.tif,O2023_85_48_1_0051_00004426.tif,cross_route,2452.0,0.342,0.338,333.83
O2023_85_45_1_0024_00001571.tif,O2023_85_48_1_0052_00000180.tif,cross_route,398912.0,55.59,54.841,129.33
O2023_85_45_1_0024_00001571.tif,O2023_85_48_1_0052_00000181.tif,cross_route,515268.0,71.804,70.742,98.89
O2023_85_45_1_0024_00001571.tif,O2023_85_48_1_0052_00000182.tif,cross_route,456768.0,63.652,62.795,64.76
O2023_85_45_1_0024_00001571.tif,O2023_85_48_1_0052_00000183.tif,cross_route,340963.0,47.514,46.844,42.52
O2023_85_45_1_0024_00001571.tif,O2023_85_48_1_0052_00000184.tif,cross_route,226925.0,31.623,31.303,30.51
O2023_85_45_1_0024_00001571.tif,O2023_85_48_1_0052_00000185.tif,cross_route,111755.0,15.573,15.448,23.51
O2023_85_45_1_0024_00001571.tif,O2023_85_48_1_0053_00000197.tif,cross_route,4026.0,0.561,0.553,50.41
O2023_85_45_1_0024_00001571.tif,O2023_85_48_1_0053_00000198.tif,cross_route,22184.0,3.091,3.053,57.28
O2023_85_45_1_0024_00001571.tif,O2023_85_48_1_0053_00000199.tif,cross_route,40716.0,5.674,5.601,65.47
O2023_85_45_1_0024_00001571.tif,O2023_85_48_1_0053_00000200.tif,cross_route,59708.0,8.321,8.228,74.82
O2023_85_45_1_0024_00001571.tif,O2023_85_48_1_0053_00000201.tif,cross_route,78352.0,10.919,10.794,84.97
O2023_85_45_1_0024_00001571.tif,O2023_85_48_1_0053_00000202.tif,cross_route,80276.0,11.187,11.006,95.51
O2023_85_45_1_0024_00001571.tif,O2023_85_48_1_0053_00000203.tif,cross_route,59118.0,8.238,8.095,105.61
O2023_85_45_1_0024_00001572.tif,O2023_85_48_1_0051_00004421.tif,cross_route,377325.0,52.833,51.718,278.87
O2023_85_45_1_0024_00001572.tif,O2023_85_48_1_0051_00004422.tif,cross_route,291798.0,40.858,39.982,297.71
O2023_85_45_1_0024_00001572.tif,O2023_85_48_1_0051_00004423.tif,cross_route,203670.0,28.518,27.944,311.96
O2023_85_45_1_0024_00001572.tif,O2023_85_48_1_0051_00004424.tif,cross_route,115856.0,16.222,15.912,321.88
O2023_85_45_1_0024_00001572.tif,O2023_85_48_1_0051_00004425.tif,cross_route,28407.0,3.978,3.907,328.77
O2023_85_45_1_0024_00001572.tif,O2023_85_48_1_0052_00000180.tif,cross_route,513500.0,71.9,70.594,115.45
O2023_85_45_1_0024_00001572.tif,O2023_85_48_1_0052_00000181.tif,cross_route,526384.0,73.704,72.268,69.31
O2023_85_45_1_0024_00001572.tif,O2023_85_48_1_0052_00000182.tif,cross_route,404004.0,56.569,55.541,40.24
O2023_85_45_1_0024_00001572.tif,O2023_85_48_1_0052_00000183.tif,cross_route,280379.0,39.259,38.521,27.02
O2023_85_45_1_0024_00001572.tif,O2023_85_48_1_0052_00000184.tif,cross_route,158137.0,22.142,21.814,20.12
O2023_85_45_1_0024_00001572.tif,O2023_85_48_1_0052_00000185.tif,cross_route,34875.0,4.883,4.821,16.02
O2023_85_45_1_0024_00001572.tif,O2023_85_48_1_0053_00000198.tif,cross_route,13416.0,1.879,1.846,50.58
O2023_85_45_1_0024_00001572.tif,O2023_85_48_1_0053_00000199.tif,cross_route,40698.0,5.699,5.599,58.07
O2023_85_45_1_0024_00001572.tif,O2023_85_48_1_0053_00000200.tif,cross_route,68112.0,9.537,9.386,66.94
O2023_85_45_1_0024_00001572.tif,O2023_85_48_1_0053_00000201.tif,cross_route,95288.0,13.342,13.127,77.06
O2023_85_45_1_0024_00001572.tif,O2023_85_48_1_0053_00000202.tif,cross_route,125488.0,17.571,17.205,88.1
O2023_85_45_1_0024_00001572.tif,O2023_85_48_1_0053_00000203.tif,cross_route,104748.0,14.667,14.342,99.25
O2023_85_45_1_0024_00001573.tif,O2023_85_48_1_0051_00004421.tif,cross_route,322240.0,45.461,44.167,299.58
O2023_85_45_1_0024_00001573.tif,O2023_85_48_1_0051_00004422.tif,cross_route,229216.0,32.337,31.407,314.65
O2023_85_45_1_0024_00001573.tif,O2023_85_48_1_0051_00004423.tif,cross_route,133540.0,18.839,18.322,324.68
O2023_85_45_1_0024_00001573.tif,O2023_85_48_1_0051_00004424.tif,cross_route,38178.0,5.386,5.244,331.43
O2023_85_45_1_0024_00001573.tif,O2023_85_48_1_0052_00000180.tif,cross_route,503998.0,71.103,69.288,77.0
O2023_85_45_1_0024_00001573.tif,O2023_85_48_1_0052_00000181.tif,cross_route,385451.0,54.378,52.919,48.04
O2023_85_45_1_0024_00001573.tif,O2023_85_48_1_0052_00000182.tif,cross_route,271215.0,38.262,37.286,33.15
O2023_85_45_1_0024_00001573.tif,O2023_85_48_1_0052_00000183.tif,cross_route,156220.0,22.039,21.463,24.99
O2023_85_45_1_0024_00001573.tif,O2023_85_48_1_0052_00000184.tif,cross_route,42224.0,5.957,5.825,19.94
O2023_85_45_1_0024_00001573.tif,O2023_85_48_1_0053_00000199.tif,cross_route,11160.0,1.574,1.535,52.98
O2023_85_45_1_0024_00001573.tif,O2023_85_48_1_0053_00000200.tif,cross_route,30371.0,4.285,4.185,60.39
O2023_85_45_1_0024_00001573.tif,O2023_85_48_1_0053_00000201.tif,cross_route,49489.0,6.982,6.818,69.0
O2023_85_45_1_0024_00001573.tif,O2023_85_48_1_0053_00000202.tif,cross_route,71000.0,10.017,9.735,78.72
O2023_85_45_1_0024_00001573.tif,O2023_85_48_1_0053_00000203.tif,cross_route,87846.0,12.393,12.028,89.19
O2023_85_45_1_0025_00001584.tif,O2023_85_48_1_0052_00000180.tif,cross_route,337402.0,45.213,46.385,277.34
O2023_85_45_1_0025_00001584.tif,O2023_85_48_1_0052_00000181.tif,cross_route,259904.0,34.828,35.683,294.43
O2023_85_45_1_0025_00001584.tif,O2023_85_48_1_0052_00000182.tif,cross_route,184260.0,24.691,25.331,307.59
O2023_85_45_1_0025_00001584.tif,O2023_85_48_1_0052_00000183.tif,cross_route,107715.0,14.434,14.799,317.67
O2023_85_45_1_0025_00001584.tif,O2023_85_48_1_0052_00000184.tif,cross_route,29677.0,3.977,4.094,324.89
O2023_85_45_1_0025_00001584.tif,O2023_85_48_1_0053_00000199.tif,cross_route,80934.0,10.845,11.134,10.84
O2023_85_45_1_0025_00001584.tif,O2023_85_48_1_0053_00000200.tif,cross_route,217224.0,29.109,29.934,14.15
O2023_85_45_1_0025_00001584.tif,O2023_85_48_1_0053_00000201.tif,cross_route,353420.0,47.359,48.686,20.23
O2023_85_45_1_0025_00001584.tif,O2023_85_48_1_0053_00000202.tif,cross_route,492754.0,66.031,67.56,34.13
O2023_85_45_1_0025_00001584.tif,O2023_85_48_1_0053_00000203.tif,cross_route,626674.0,83.976,85.806,80.46
O2023_85_45_1_0025_00001584.tif,O2023_85_48_1_0054_00000555.tif,cross_route,172392.0,23.101,23.75,97.52
O2023_85_45_1_0025_00001584.tif,O2023_85_48_1_0054_00000556.tif,cross_route,180048.0,24.127,24.813,84.81
O2023_85_45_1_0025_00001584.tif,O2023_85_48_1_0054_00000557.tif,cross_route,138075.0,18.503,19.042,72.8
O2023_85_45_1_0025_00001584.tif,O2023_85_48_1_0054_00000558.tif,cross_route,96784.0,12.969,13.37,62.27
O2023_85_45_1_0025_00001584.tif,O2023_85_48_1_0054_00000559.tif,cross_route,54131.0,7.254,7.485,53.4
O2023_85_45_1_0025_00001584.tif,O2023_85_48_1_0054_00000560.tif,cross_route,12336.0,1.653,1.708,46.13
O2023_85_45_1_0025_00001585.tif,O2023_85_48_1_0052_00000180.tif,cross_route,317358.0,42.484,43.629,259.44
O2023_85_45_1_0025_00001585.tif,O2023_85_48_1_0052_00000181.tif,cross_route,332328.0,44.488,45.626,277.53
O2023_85_45_1_0025_00001585.tif,O2023_85_48_1_0052_00000182.tif,cross_route,258230.0,34.569,35.501,293.81
O2023_85_45_1_0025_00001585.tif,O2023_85_48_1_0052_00000183.tif,cross_route,183396.0,24.551,25.196,307.27
O2023_85_45_1_0025_00001585.tif,O2023_85_48_1_0052_00000184.tif,cross_route,106920.0,14.313,14.749,317.16
O2023_85_45_1_0025_00001585.tif,O2023_85_48_1_0052_00000185.tif,cross_route,28826.0,3.859,3.985,324.62
O2023_85_45_1_0025_00001585.tif,O2023_85_48_1_0053_00000198.tif,cross_route,79261.0,10.611,10.908,10.04
O2023_85_45_1_0025_00001585.tif,O2023_85_48_1_0053_00000199.tif,cross_route,218370.0,29.233,30.042,13.22
O2023_85_45_1_0025_00001585.tif,O2023_85_48_1_0053_00000200.tif,cross_route,356239.0,47.689,49.091,18.99
O2023_85_45_1_0025_00001585.tif,O2023_85_48_1_0053_00000201.tif,cross_route,493857.0,66.112,68.033,32.76
O2023_85_45_1_0025_00001585.tif,O2023_85_48_1_0053_00000202.tif,cross_route,635250.0,85.04,87.098,79.18
O2023_85_45_1_0025_00001585.tif,O2023_85_48_1_0053_00000203.tif,cross_route,533052.0,71.359,72.987,139.42
O2023_85_45_1_0025_00001585.tif,O2023_85_48_1_0054_00000555.tif,cross_route,135408.0,18.127,18.655,109.5
O2023_85_45_1_0025_00001585.tif,O2023_85_48_1_0054_00000556.tif,cross_route,179088.0,23.974,24.68,97.32
O2023_85_45_1_0025_00001585.tif,O2023_85_48_1_0054_00000557.tif,cross_route,185504.0,24.833,25.583,84.7
O2023_85_45_1_0025_00001585.tif,O2023_85_48_1_0054_00000558.tif,cross_route,142800.0,19.116,19.726,72.69
O2023_85_45_1_0025_00001585.tif,O2023_85_48_1_0054_00000559.tif,cross_route,98088.0,13.131,13.564,61.98
O2023_85_45_1_0025_00001585.tif,O2023_85_48_1_0054_00000560.tif,cross_route,54530.0,7.3,7.551,52.98
O2023_85_45_1_0025_00001585.tif,O2023_85_48_1_0054_00000561.tif,cross_route,12098.0,1.62,1.671,45.79
O2023_85_45_1_0025_00001586.tif,O2023_85_48_1_0051_00004421.tif,cross_route,37180.0,5.021,5.096,268.03
O2023_85_45_1_0025_00001586.tif,O2023_85_48_1_0051_00004422.tif,cross_route,32552.0,4.396,4.46,277.43
O2023_85_45_1_0025_00001586.tif,O2023_85_48_1_0051_00004423.tif,cross_route,23919.0,3.23,3.282,286.6
O2023_85_45_1_0025_00001586.tif,O2023_85_48_1_0051_00004424.tif,cross_route,15600.0,2.107,2.143,295.0
O2023_85_45_1_0025_00001586.tif,O2023_85_48_1_0051_00004425.tif,cross_route,7750.0,1.047,1.066,302.37
O2023_85_45_1_0025_00001586.tif,O2023_85_48_1_0052_00000180.tif,cross_route,366800.0,49.533,50.426,240.62
O2023_85_45_1_0025_00001586.tif,O2023_85_48_1_0052_00000181.tif,cross_route,473040.0,63.879,64.944,265.46
O2023_85_45_1_0025_00001586.tif,O2023_85_48_1_0052_00000182.tif,cross_route,407262.0,54.997,55.989,291.39
O2023_85_45_1_0025_00001586.tif,O2023_85_48_1_0052_00000183.tif,cross_route,306506.0,41.391,42.11,311.41
O2023_85_45_1_0025_00001586.tif,O2023_85_48_1_0052_00000184.tif,cross_route,203848.0,27.528,28.12,323.89
O2023_85_45_1_0025_00001586.tif,O2023_85_48_1_0052_00000185.tif,cross_route,99234.0,13.401,13.717,332.03
O2023_85_45_1_0025_00001586.tif,O2023_85_48_1_0053_00000197.tif,cross_route,18900.0,2.552,2.595,21.59
O2023_85_45_1_0025_00001586.tif,O2023_85_48_1_0053_00000198.tif,cross_route,126672.0,17.106,17.432,27.07
O2023_85_45_1_0025_00001586.tif,O2023_85_48_1_0053_00000199.tif,cross_route,237690.0,32.098,32.7,35.53
O2023_85_45_1_0025_00001586.tif,O2023_85_48_1_0053_00000200.tif,cross_route,348000.0,46.994,47.955,49.61
O2023_85_45_1_0025_00001586.tif,O2023_85_48_1_0053_00000201.tif,cross_route,457968.0,61.844,63.089,73.07
O2023_85_45_1_0025_00001586.tif,O2023_85_48_1_0053_00000202.tif,cross_route,473200.0,63.901,64.879,103.92
O2023_85_45_1_0025_00001586.tif,O2023_85_48_1_0053_00000203.tif,cross_route,361224.0,48.78,49.46,128.32
O2023_85_45_1_0025_00001586.tif,O2023_85_48_1_0054_00000555.tif,cross_route,39494.0,5.333,5.441,111.27
O2023_85_45_1_0025_00001586.tif,O2023_85_48_1_0054_00000556.tif,cross_route,55174.0,7.451,7.604,101.73
O2023_85_45_1_0025_00001586.tif,O2023_85_48_1_0054_00000557.tif,cross_route,69937.0,9.444,9.645,91.68
O2023_85_45_1_0025_00001586.tif,O2023_85_48_1_0054_00000558.tif,cross_route,59752.0,8.069,8.254,81.64
O2023_85_45_1_0025_00001586.tif,O2023_85_48_1_0054_00000559.tif,cross_route,42501.0,5.739,5.877,71.97
O2023_85_45_1_0025_00001586.tif,O2023_85_48_1_0054_00000560.tif,cross_route,26936.0,3.637,3.73,63.2
O2023_85_45_1_0025_00001586.tif,O2023_85_48_1_0054_00000561.tif,cross_route,12056.0,1.628,1.665,55.69
O2023_85_45_1_0025_00001587.tif,O2023_85_48_1_0051_00004421.tif,cross_route,53856.0,7.285,7.382,256.12
O2023_85_45_1_0025_00001587.tif,O2023_85_48_1_0051_00004422.tif,cross_route,69564.0,9.41,9.532,265.82
O2023_85_45_1_0025_00001587.tif,O2023_85_48_1_0051_00004423.tif,cross_route,66054.0,8.935,9.063,275.95
O2023_85_45_1_0025_00001587.tif,O2023_85_48_1_0051_00004424.tif,cross_route,49700.0,6.723,6.826,285.74
O2023_85_45_1_0025_00001587.tif,O2023_85_48_1_0051_00004425.tif,cross_route,34000.0,4.599,4.676,294.65
O2023_85_45_1_0025_00001587.tif,O2023_85_48_1_0051_00004426.tif,cross_route,18300.0,2.475,2.519,302.5
O2023_85_45_1_0025_00001587.tif,O2023_85_48_1_0051_00004427.tif,cross_route,2592.0,0.351,0.357,309.02
O2023_85_45_1_0025_00001587.tif,O2023_85_48_1_0052_00000180.tif,cross_route,262965.0,35.57,36.152,217.01
O2023_85_45_1_0025_00001587.tif,O2023_85_48_1_0052_00000181.tif,cross_route,376831.0,50.972,51.736,232.67
O2023_85_45_1_0025_00001587.tif,O2023_85_48_1_0052_00000182.tif,cross_route,486374.0,65.79,66.865,258.03
O2023_85_45_1_0025_00001587.tif,O2023_85_48_1_0052_00000183.tif,cross_route,461376.0,62.408,63.388,289.72
O2023_85_45_1_0025_00001587.tif,O2023_85_48_1_0052_00000184.tif,cross_route,351288.0,47.517,48.458,313.03
O2023_85_45_1_0025_00001587.tif,O2023_85_48_1_0052_00000185.tif,cross_route,239144.0,32.348,33.056,326.93
O2023_85_45_1_0025_00001587.tif,O2023_85_48_1_0052_00000186.tif,cross_route,126732.0,17.142,17.583,334.79
O2023_85_45_1_0025_00001587.tif,O2023_85_48_1_0052_00000187.tif,cross_route,14994.0,2.028,2.085,339.67
O2023_85_45_1_0025_00001587.tif,O2023_85_48_1_0053_00000196.tif,cross_route,33696.0,4.558,4.62,25.92
O2023_85_45_1_0025_00001587.tif,O2023_85_48_1_0053_00000197.tif,cross_route,138012.0,18.668,18.948,32.07
O2023_85_45_1_0025_00001587.tif,O2023_85_48_1_0053_00000198.tif,cross_route,237449.0,32.119,32.677,41.8
O2023_85_45_1_0025_00001587.tif,O2023_85_48_1_0053_00000199.tif,cross_route,340442.0,46.05,46.836,57.18
O2023_85_45_1_0025_00001587.tif,O2023_85_48_1_0053_00000200.tif,cross_route,443195.0,59.949,61.073,80.08
O2023_85_45_1_0025_00001587.tif,O2023_85_48_1_0053_00000201.tif,cross_route,417962.0,56.536,57.578,106.29
O2023_85_45_1_0025_00001587.tif,O2023_85_48_1_0053_00000202.tif,cross_route,318339.0,43.06,43.647,127.52
O2023_85_45_1_0025_00001587.tif,O2023_85_48_1_0053_00000203.tif,cross_route,214804.0,29.056,29.412,140.77
O2023_85_45_1_0025_00001587.tif,O2023_85_48_1_0054_00000555.tif,cross_route,10584.0,1.432,1.458,119.6
O2023_85_45_1_0025_00001587.tif,O2023_85_48_1_0054_00000556.tif,cross_route,18424.0,2.492,2.539,111.59
O2023_85_45_1_0025_00001587.tif,O2023_85_48_1_0054_00000557.tif,cross_route,25632.0,3.467,3.535,102.79
O2023_85_45_1_0025_00001587.tif,O2023_85_48_1_0054_00000558.tif,cross_route,33072.0,4.474,4.569,93.43
O2023_85_45_1_0025_00001587.tif,O2023_85_48_1_0054_00000559.tif,cross_route,28248.0,3.821,3.906,83.73
O2023_85_45_1_0025_00001587.tif,O2023_85_48_1_0054_00000560.tif,cross_route,20202.0,2.733,2.797,74.33
O2023_85_45_1_0025_00001587.tif,O2023_85_48_1_0054_00000561.tif,cross_route,12558.0,1.699,1.734,65.8
O2023_85_45_1_0025_00001587.tif,O2023_85_48_1_0054_00000562.tif,cross_route,6105.0,0.826,0.843,58.42
O2023_85_45_1_0025_00001587.tif,O2023_85_48_1_0054_00000563.tif,cross_route,238.0,0.032,0.033,52.07
O2023_85_45_1_0025_00001588.tif,O2023_85_48_1_0051_00004421.tif,cross_route,32538.0,4.421,4.46,247.48
O2023_85_45_1_0025_00001588.tif,O2023_85_48_1_0051_00004422.tif,cross_route,45936.0,6.241,6.294,256.32
O2023_85_45_1_0025_00001588.tif,O2023_85_48_1_0051_00004423.tif,cross_route,58824.0,7.992,8.071,266.08
O2023_85_45_1_0025_00001588.tif,O2023_85_48_1_0051_00004424.tif,cross_route,55250.0,7.506,7.588,276.08
O2023_85_45_1_0025_00001588.tif,O2023_85_48_1_0051_00004425.tif,cross_route,41905.0,5.693,5.763,285.69
O2023_85_45_1_0025_00001588.tif,O2023_85_48_1_0051_00004426.tif,cross_route,28560.0,3.88,3.932,294.52
O2023_85_45_1_0025_00001588.tif,O2023_85_48_1_0051_00004427.tif,cross_route,14580.0,1.981,2.009,302.12
O2023_85_45_1_0025_00001588.tif,O2023_85_48_1_0052_00000180.tif,cross_route,151110.0,20.53,20.774,209.21
O2023_85_45_1_0025_00001588.tif,O2023_85_48_1_0052_00000181.tif,cross_route,262268.0,35.631,36.007,218.57
O2023_85_45_1_0025_00001588.tif,O2023_85_48_1_0052_00000182.tif,cross_route,369208.0,50.16,50.757,233.78
O2023_85_45_1_0025_00001588.tif,O2023_85_48_1_0052_00000183.tif,cross_route,480233.0,65.244,65.978,258.9
O2023_85_45_1_0025_00001588.tif,O2023_85_48_1_0052_00000184.tif,cross_route,450855.0,61.252,62.193,289.16
O2023_85_45_1_0025_00001588.tif,O2023_85_48_1_0052_00000185.tif,cross_route,341387.0,46.38,47.189,312.44
O2023_85_45_1_0025_00001588.tif,O2023_85_48_1_0052_00000186.tif,cross_route,231330.0,31.428,32.095,325.83
O2023_85_45_1_0025_00001588.tif,O2023_85_48_1_0052_00000187.tif,cross_route,121626.0,16.524,16.909,333.7
O2023_85_45_1_0025_00001588.tif,O2023_85_48_1_0052_00000188.tif,cross_route,11900.0,1.617,1.659,338.87
O2023_85_45_1_0025_00001588.tif,O2023_85_48_1_0053_00000195.tif,cross_route,23796.0,3.233,3.275,24.46
O2023_85_45_1_0025_00001588.tif,O2023_85_48_1_0053_00000196.tif,cross_route,135300.0,18.382,18.551,30.92
O2023_85_45_1_0025_00001588.tif,O2023_85_48_1_0053_00000197.tif,cross_route,241995.0,32.877,33.224,40.18
O2023_85_45_1_0025_00001588.tif,O2023_85_48_1_0053_00000198.tif,cross_route,342680.0,46.556,47.159,55.34
O2023_85_45_1_0025_00001588.tif,O2023_85_48_1_0053_00000199.tif,cross_route,447440.0,60.789,61.556,78.76
O2023_85_45_1_0025_00001588.tif,O2023_85_48_1_0053_00000200.tif,cross_route,427691.0,58.105,58.937,106.26
O2023_85_45_1_0025_00001588.tif,O2023_85_48_1_0053_00000201.tif,cross_route,324228.0,44.049,44.665,127.92
O2023_85_45_1_0025_00001588.tif,O2023_85_48_1_0053_00000202.tif,cross_route,222105.0,30.175,30.452,141.98
O2023_85_45_1_0025_00001588.tif,O2023_85_48_1_0053_00000203.tif,cross_route,117302.0,15.936,16.061,150.24
O2023_85_45_1_0025_00001588.tif,O2023_85_48_1_0054_00000555.tif,cross_route,3782.0,0.514,0.521,126.62
O2023_85_45_1_0025_00001588.tif,O2023_85_48_1_0054_00000556.tif,cross_route,13542.0,1.84,1.866,119.62
O2023_85_45_1_0025_00001588.tif,O2023_85_48_1_0054_00000557.tif,cross_route,22800.0,3.098,3.144,111.67
O2023_85_45_1_0025_00001588.tif,O2023_85_48_1_0054_00000558.tif,cross_route,32100.0,4.361,4.434,102.82
O2023_85_45_1_0025_00001588.tif,O2023_85_48_1_0054_00000559.tif,cross_route,38864.0,5.28,5.374,93.13
O2023_85_45_1_0025_00001588.tif,O2023_85_48_1_0054_00000560.tif,cross_route,34236.0,4.651,4.741,83.23
O2023_85_45_1_0025_00001588.tif,O2023_85_48_1_0054_00000561.tif,cross_route,24225.0,3.291,3.345,73.79
O2023_85_45_1_0025_00001588.tif,O2023_85_48_1_0054_00000562.tif,cross_route,15582.0,2.117,2.152,65.36
O2023_85_45_1_0025_00001588.tif,O2023_85_48_1_0054_00000563.tif,cross_route,7360.0,1.0,1.016,57.94
O2023_85_45_1_0025_00001588.tif,O2023_85_48_1_0054_00000564.tif,cross_route,129.0,0.018,0.018,51.64
O2023_85_45_1_0025_00001589.tif,O2023_85_48_1_0051_00004421.tif,cross_route,15552.0,2.118,2.132,239.84
O2023_85_45_1_0025_00001589.tif,O2023_85_48_1_0051_00004422.tif,cross_route,26640.0,3.628,3.65,247.58
O2023_85_45_1_0025_00001589.tif,O2023_85_48_1_0051_00004423.tif,cross_route,37346.0,5.086,5.124,256.48
O2023_85_45_1_0025_00001589.tif,O2023_85_48_1_0051_00004424.tif,cross_route,47810.0,6.511,6.566,266.11
O2023_85_45_1_0025_00001589.tif,O2023_85_48_1_0051_00004425.tif,cross_route,45500.0,6.196,6.258,275.92
O2023_85_45_1_0025_00001589.tif,O2023_85_48_1_0051_00004426.tif,cross_route,34510.0,4.7,4.751,285.43
O2023_85_45_1_0025_00001589.tif,O2023_85_48_1_0051_00004427.tif,cross_route,22242.0,3.029,3.065,294.02
O2023_85_45_1_0025_00001589.tif,O2023_85_48_1_0052_00000180.tif,cross_route,41175.0,5.607,5.661,204.29
O2023_85_45_1_0025_00001589.tif,O2023_85_48_1_0052_00000181.tif,cross_route,149617.0,20.375,20.541,210.33
O2023_85_45_1_0025_00001589.tif,O2023_85_48_1_0052_00000182.tif,cross_route,253946.0,34.582,34.912,219.45
O2023_85_45_1_0025_00001589.tif,O2023_85_48_1_0052_00000183.tif,cross_route,362142.0,49.316,49.754,234.56
O2023_85_45_1_0025_00001589.tif,O2023_85_48_1_0052_00000184.tif,cross_route,467856.0,63.712,64.538,258.8
O2023_85_45_1_0025_00001589.tif,O2023_85_48_1_0052_00000185.tif,cross_route,441784.0,60.162,61.066,288.55
O2023_85_45_1_0025_00001589.tif,O2023_85_48_1_0052_00000186.tif,cross_route,334082.0,45.495,46.351,310.89
O2023_85_45_1_0025_00001589.tif,O2023_85_48_1_0052_00000187.tif,cross_route,226404.0,30.831,31.476,324.28
O2023_85_45_1_0025_00001589.tif,O2023_85_48_1_0052_00000188.tif,cross_route,119190.0,16.231,16.616,332.55
O2023_85_45_1_0025_00001589.tif,O2023_85_48_1_0053_00000194.tif,cross_route,14196.0,1.933,1.96,22.93
O2023_85_45_1_0025_00001589.tif,O2023_85_48_1_0053_00000195.tif,cross_route,130275.0,17.741,17.928,29.19
O2023_85_45_1_0025_00001589.tif,O2023_85_48_1_0053_00000196.tif,cross_route,243988.0,33.226,33.453,38.93
O2023_85_45_1_0025_00001589.tif,O2023_85_48_1_0053_00000197.tif,cross_route,353394.0,48.125,48.518,54.04
O2023_85_45_1_0025_00001589.tif,O2023_85_48_1_0053_00000198.tif,cross_route,455621.0,62.046,62.701,77.87
O2023_85_45_1_0025_00001589.tif,O2023_85_48_1_0053_00000199.tif,cross_route,437472.0,59.574,60.184,106.7
O2023_85_45_1_0025_00001589.tif,O2023_85_48_1_0053_00000200.tif,cross_route,330443.0,44.999,45.536,129.15
O2023_85_45_1_0025_00001589.tif,O2023_85_48_1_0053_00000201.tif,cross_route,224782.0,30.611,30.966,142.96
O2023_85_45_1_0025_00001589.tif,O2023_85_48_1_0053_00000202.tif,cross_route,119829.0,16.318,16.429,151.67
O2023_85_45_1_0025_00001589.tif,O2023_85_48_1_0053_00000203.tif,cross_route,13460.0,1.833,1.843,156.85
O2023_85_45_1_0025_00001589.tif,O2023_85_48_1_0054_00000556.tif,cross_route,4800.0,0.654,0.661,126.93
O2023_85_45_1_0025_00001589.tif,O2023_85_48_1_0054_00000557.tif,cross_route,16428.0,2.237,2.266,120.01
O2023_85_45_1_0025_00001589.tif,O2023_85_48_1_0054_00000558.tif,cross_route,27898.0,3.799,3.854,112.05
O2023_85_45_1_0025_00001589.tif,O2023_85_48_1_0054_00000559.tif,cross_route,37520.0,5.109,5.188,102.88
O2023_85_45_1_0025_00001589.tif,O2023_85_48_1_0054_00000560.tif,cross_route,47328.0,6.445,6.553,92.98
O2023_85_45_1_0025_00001589.tif,O2023_85_48_1_0054_00000561.tif,cross_route,41080.0,5.594,5.673,82.99
O2023_85_45_1_0025_00001589.tif,O2023_85_48_1_0054_00000562.tif,cross_route,29925.0,4.075,4.132,73.61
O2023_85_45_1_0025_00001589.tif,O2023_85_48_1_0054_00000563.tif,cross_route,19020.0,2.59,2.627,65.07
O2023_85_45_1_0025_00001589.tif,O2023_85_48_1_0054_00000564.tif,cross_route,9120.0,1.242,1.261,57.66
O2023_85_45_1_0025_00001589.tif,O2023_85_48_1_0054_00000565.tif,cross_route,110.0,0.015,0.015,51.22
O2023_85_45_1_0025_00001590.tif,O2023_85_48_1_0051_00004421.tif,cross_route,3136.0,0.429,0.43,233.39
O2023_85_45_1_0025_00001590.tif,O2023_85_48_1_0051_00004422.tif,cross_route,11760.0,1.607,1.611,239.99
O2023_85_45_1_0025_00001590.tif,O2023_85_48_1_0051_00004423.tif,cross_route,20130.0,2.751,2.762,247.81
O2023_85_45_1_0025_00001590.tif,O2023_85_48_1_0051_00004424.tif,cross_route,28242.0,3.86,3.879,256.59
O2023_85_45_1_0025_00001590.tif,O2023_85_48_1_0051_00004425.tif,cross_route,36666.0,5.012,5.043,266.02
O2023_85_45_1_0025_00001590.tif,O2023_85_48_1_0051_00004426.tif,cross_route,35154.0,4.805,4.84,275.7
O2023_85_45_1_0025_00001590.tif,O2023_85_48_1_0051_00004427.tif,cross_route,24750.0,3.383,3.411,284.96
O2023_85_45_1_0025_00001590.tif,O2023_85_48_1_0052_00000181.tif,cross_route,40321.0,5.511,5.536,205.24
O2023_85_45_1_0025_00001590.tif,O2023_85_48_1_0052_00000182.tif,cross_route,141882.0,19.393,19.505,211.15
O2023_85_45_1_0025_00001590.tif,O2023_85_48_1_0052_00000183.tif,cross_route,247086.0,33.773,33.947,220.26
O2023_85_45_1_0025_00001590.tif,O2023_85_48_1_0052_00000184.tif,cross_route,350032.0,47.844,48.285,235.19
O2023_85_45_1_0025_00001590.tif,O2023_85_48_1_0052_00000185.tif,cross_route,456940.0,62.457,63.161,259.06
O2023_85_45_1_0025_00001590.tif,O2023_85_48_1_0052_00000186.tif,cross_route,432150.0,59.068,59.958,287.21
O2023_85_45_1_0025_00001590.tif,O2023_85_48_1_0052_00000187.tif,cross_route,326652.0,44.648,45.414,309.02
O2023_85_45_1_0025_00001590.tif,O2023_85_48_1_0052_00000188.tif,cross_route,222108.0,30.359,30.963,322.77
O2023_85_45_1_0025_00001590.tif,O2023_85_48_1_0053_00000194.tif,cross_route,123689.0,16.906,17.08,27.25
O2023_85_45_1_0025_00001590.tif,O2023_85_48_1_0053_00000195.tif,cross_route,242190.0,33.104,33.329,36.72
O2023_85_45_1_0025_00001590.tif,O2023_85_48_1_0053_00000196.tif,cross_route,358280.0,48.971,49.123,52.71
O2023_85_45_1_0025_00001590.tif,O2023_85_48_1_0053_00000197.tif,cross_route,470560.0,64.318,64.604,77.76
O2023_85_45_1_0025_00001590.tif,O2023_85_48_1_0053_00000198.tif,cross_route,447200.0,61.125,61.542,107.46
O2023_85_45_1_0025_00001590.tif,O2023_85_48_1_0053_00000199.tif,cross_route,337317.0,46.106,46.406,130.55
O2023_85_45_1_0025_00001590.tif,O2023_85_48_1_0053_00000200.tif,cross_route,227728.0,31.127,31.381,144.42
O2023_85_45_1_0025_00001590.tif,O2023_85_48_1_0053_00000201.tif,cross_route,119712.0,16.363,16.491,152.69
O2023_85_45_1_0025_00001590.tif,O2023_85_48_1_0053_00000202.tif,cross_route,11764.0,1.608,1.613,158.21
O2023_85_45_1_0025_00001590.tif,O2023_85_48_1_0054_00000557.tif,cross_route,5518.0,0.754,0.761,127.46
O2023_85_45_1_0025_00001590.tif,O2023_85_48_1_0054_00000558.tif,cross_route,19313.0,2.64,2.668,120.57
O2023_85_45_1_0025_00001590.tif,O2023_85_48_1_0054_00000559.tif,cross_route,31960.0,4.368,4.419,112.32
O2023_85_45_1_0025_00001590.tif,O2023_85_48_1_0054_00000560.tif,cross_route,44488.0,6.081,6.16,102.98
O2023_85_45_1_0025_00001590.tif,O2023_85_48_1_0054_00000561.tif,cross_route,55760.0,7.622,7.7,92.96
O2023_85_45_1_0025_00001590.tif,O2023_85_48_1_0054_00000562.tif,cross_route,49374.0,6.749,6.818,83.01
O2023_85_45_1_0025_00001590.tif,O2023_85_48_1_0054_00000563.tif,cross_route,35625.0,4.869,4.92,73.46
O2023_85_45_1_0025_00001590.tif,O2023_85_48_1_0054_00000564.tif,cross_route,22896.0,3.13,3.166,64.89
O2023_85_45_1_0025_00001590.tif,O2023_85_48_1_0054_00000565.tif,cross_route,11200.0,1.531,1.548,57.29
O2023_85_45_1_0025_00001591.tif,O2023_85_48_1_0051_00004422.tif,cross_route,2050.0,0.281,0.281,233.53
O2023_85_45_1_0025_00001591.tif,O2023_85_48_1_0051_00004423.tif,cross_route,8240.0,1.129,1.131,240.23
O2023_85_45_1_0025_00001591.tif,O2023_85_48_1_0051_00004424.tif,cross_route,14157.0,1.939,1.944,247.96
O2023_85_45_1_0025_00001591.tif,O2023_85_48_1_0051_00004425.tif,cross_route,20241.0,2.772,2.784,256.58
O2023_85_45_1_0025_00001591.tif,O2023_85_48_1_0051_00004426.tif,cross_route,26364.0,3.611,3.63,265.89
O2023_85_45_1_0025_00001591.tif,O2023_85_48_1_0051_00004427.tif,cross_route,22925.0,3.14,3.159,275.36
O2023_85_45_1_0025_00001591.tif,O2023_85_48_1_0052_00000182.tif,cross_route,34992.0,4.793,4.811,205.84
O2023_85_45_1_0025_00001591.tif,O2023_85_48_1_0052_00000183.tif,cross_route,137361.0,18.813,18.872,211.75
O2023_85_45_1_0025_00001591.tif,O2023_85_48_1_0052_00000184.tif,cross_route,237692.0,32.555,32.788,220.91
O2023_85_45_1_0025_00001591.tif,O2023_85_48_1_0052_00000185.tif,cross_route,341910.0,46.829,47.261,235.86
O2023_85_45_1_0025_00001591.tif,O2023_85_48_1_0052_00000186.tif,cross_route,443435.0,60.734,61.523,258.83
O2023_85_45_1_0025_00001591.tif,O2023_85_48_1_0052_00000187.tif,cross_route,423797.0,58.044,58.92,285.81
O2023_85_45_1_0025_00001591.tif,O2023_85_48_1_0052_00000188.tif,cross_route,321768.0,44.07,44.856,307.43
O2023_85_45_1_0025_00001591.tif,O2023_85_48_1_0053_00000194.tif,cross_route,238656.0,32.687,32.955,34.41
O2023_85_45_1_0025_00001591.tif,O2023_85_48_1_0053_00000195.tif,cross_route,359233.0,49.201,49.437,50.21
O2023_85_45_1_0025_00001591.tif,O2023_85_48_1_0053_00000196.tif,cross_route,477360.0,65.38,65.45,77.2
O2023_85_45_1_0025_00001591.tif,O2023_85_48_1_0053_00000197.tif,cross_route,455430.0,62.377,62.527,109.33
O2023_85_45_1_0025_00001591.tif,O2023_85_48_1_0053_00000198.tif,cross_route,343490.0,47.045,47.27,132.04
O2023_85_45_1_0025_00001591.tif,O2023_85_48_1_0053_00000199.tif,cross_route,231700.0,31.734,31.876,145.75
O2023_85_45_1_0025_00001591.tif,O2023_85_48_1_0053_00000200.tif,cross_route,119871.0,16.418,16.519,153.88
O2023_85_45_1_0025_00001591.tif,O2023_85_48_1_0053_00000201.tif,cross_route,9814.0,1.344,1.352,159.01
O2023_85_45_1_0025_00001591.tif,O2023_85_48_1_0054_00000558.tif,cross_route,5814.0,0.796,0.803,128.05
O2023_85_45_1_0025_00001591.tif,O2023_85_48_1_0054_00000559.tif,cross_route,21168.0,2.899,2.927,120.92
O2023_85_45_1_0025_00001591.tif,O2023_85_48_1_0054_00000560.tif,cross_route,36096.0,4.944,4.998,112.56
O2023_85_45_1_0025_00001591.tif,O2023_85_48_1_0054_00000561.tif,cross_route,49941.0,6.84,6.897,103.13
O2023_85_45_1_0025_00001591.tif,O2023_85_48_1_0054_00000562.tif,cross_route,63154.0,8.65,8.721,93.19
O2023_85_45_1_0025_00001591.tif,O2023_85_48_1_0054_00000563.tif,cross_route,55880.0,7.653,7.717,83.05
O2023_85_45_1_0025_00001591.tif,O2023_85_48_1_0054_00000564.tif,cross_route,40630.0,5.565,5.618,73.47
O2023_85_45_1_0025_00001591.tif,O2023_85_48_1_0054_00000565.tif,cross_route,26560.0,3.638,3.672,64.66
O2023_85_45_1_0025_00001592.tif,O2023_85_48_1_0051_00004423.tif,cross_route,945.0,0.13,0.13,233.86
O2023_85_45_1_0025_00001592.tif,O2023_85_48_1_0051_00004424.tif,cross_route,4040.0,0.554,0.555,240.49
O2023_85_45_1_0025_00001592.tif,O2023_85_48_1_0051_00004425.tif,cross_route,7160.0,0.982,0.985,248.06
O2023_85_45_1_0025_00001592.tif,O2023_85_48_1_0051_00004426.tif,cross_route,10300.0,1.413,1.418,256.56
O2023_85_45_1_0025_00001592.tif,O2023_85_48_1_0051_00004427.tif,cross_route,10736.0,1.473,1.48,265.66
O2023_85_45_1_0025_00001592.tif,O2023_85_48_1_0052_00000183.tif,cross_route,31600.0,4.335,4.341,206.57
O2023_85_45_1_0025_00001592.tif,O2023_85_48_1_0052_00000184.tif,cross_route,128702.0,17.657,17.754,212.6
O2023_85_45_1_0025_00001592.tif,O2023_85_48_1_0052_00000185.tif,cross_route,229596.0,31.5,31.736,221.87
O2023_85_45_1_0025_00001592.tif,O2023_85_48_1_0052_00000186.tif,cross_route,328176.0,45.025,45.532,236.56
O2023_85_45_1_0025_00001592.tif,O2023_85_48_1_0052_00000187.tif,cross_route,426048.0,58.452,59.233,258.53
O2023_85_45_1_0025_00001592.tif,O2023_85_48_1_0052_00000188.tif,cross_route,415290.0,56.976,57.893,284.21
O2023_85_45_1_0025_00001592.tif,O2023_85_48_1_0053_00000194.tif,cross_route,360720.0,49.489,49.81,46.95
O2023_85_45_1_0025_00001592.tif,O2023_85_48_1_0053_00000195.tif,cross_route,483887.0,66.387,66.591,74.96
O2023_85_45_1_0025_00001592.tif,O2023_85_48_1_0053_00000196.tif,cross_route,463828.0,63.635,63.594,110.51
O2023_85_45_1_0025_00001592.tif,O2023_85_48_1_0053_00000197.tif,cross_route,349685.0,47.975,48.009,134.94
O2023_85_45_1_0025_00001592.tif,O2023_85_48_1_0053_00000198.tif,cross_route,235893.0,32.364,32.463,147.62
O2023_85_45_1_0025_00001592.tif,O2023_85_48_1_0053_00000199.tif,cross_route,121720.0,16.7,16.745,155.36
O2023_85_45_1_0025_00001592.tif,O2023_85_48_1_0053_00000200.tif,cross_route,7170.0,0.984,0.988,160.28
O2023_85_45_1_0025_00001592.tif,O2023_85_48_1_0054_00000559.tif,cross_route,6270.0,0.86,0.867,128.6
O2023_85_45_1_0025_00001592.tif,O2023_85_48_1_0054_00000560.tif,cross_route,24080.0,3.304,3.334,121.41
O2023_85_45_1_0025_00001592.tif,O2023_85_48_1_0054_00000561.tif,cross_route,40984.0,5.623,5.66,112.99
O2023_85_45_1_0025_00001592.tif,O2023_85_48_1_0054_00000562.tif,cross_route,57031.0,7.824,7.876,103.64
O2023_85_45_1_0025_00001592.tif,O2023_85_48_1_0054_00000563.tif,cross_route,71864.0,9.859,9.924,93.48
O2023_85_45_1_0025_00001592.tif,O2023_85_48_1_0054_00000564.tif,cross_route,64640.0,8.868,8.938,83.26
O2023_85_45_1_0025_00001592.tif,O2023_85_48_1_0054_00000565.tif,cross_route,47718.0,6.547,6.596,73.37
O2023_85_45_1_0025_00001593.tif,O2023_85_48_1_0051_00004424.tif,cross_route,301.0,0.041,0.041,234.17
O2023_85_45_1_0025_00001593.tif,O2023_85_48_1_0051_00004425.tif,cross_route,1393.0,0.192,0.192,240.72
O2023_85_45_1_0025_00001593.tif,O2023_85_48_1_0051_00004426.tif,cross_route,2492.0,0.343,0.343,248.23
O2023_85_45_1_0025_00001593.tif,O2023_85_48_1_0051_00004427.tif,cross_route,1536.0,0.211,0.212,256.63
O2023_85_45_1_0025_00001593.tif,O2023_85_48_1_0052_00000184.tif,cross_route,27324.0,3.758,3.769,207.12
O2023_85_45_1_0025_00001593.tif,O2023_85_48_1_0052_00000185.tif,cross_route,125846.0,17.307,17.395,213.28
O2023_85_45_1_0025_00001593.tif,O2023_85_48_1_0052_00000186.tif,cross_route,222411.0,30.586,30.858,222.67
O2023_85_45_1_0025_00001593.tif,O2023_85_48_1_0052_00000187.tif,cross_route,318573.0,43.811,44.291,237.29
O2023_85_45_1_0025_00001593.tif,O2023_85_48_1_0052_00000188.tif,cross_route,415496.0,57.14,57.922,258.5
O2023_85_45_1_0025_00001593.tif,O2023_85_48_1_0053_00000194.tif,cross_route,482388.0,66.339,66.611,71.36
O2023_85_45_1_0025_00001593.tif,O2023_85_48_1_0053_00000195.tif,cross_route,478074.0,65.745,65.791,109.64
O2023_85_45_1_0025_00001593.tif,O2023_85_48_1_0053_00000196.tif,cross_route,355510.0,48.89,48.743,135.79
O2023_85_45_1_0025_00001593.tif,O2023_85_48_1_0053_00000197.tif,cross_route,238958.0,32.862,32.807,149.41
O2023_85_45_1_0025_00001593.tif,O2023_85_48_1_0053_00000198.tif,cross_route,123930.0,17.043,17.055,156.41
O2023_85_45_1_0025_00001593.tif,O2023_85_48_1_0053_00000199.tif,cross_route,8008.0,1.101,1.102,161.11
O2023_85_45_1_0025_00001593.tif,O2023_85_48_1_0054_00000560.tif,cross_route,6944.0,0.955,0.962,128.86
O2023_85_45_1_0025_00001593.tif,O2023_85_48_1_0054_00000561.tif,cross_route,26257.0,3.611,3.626,121.62
O2023_85_45_1_0025_00001593.tif,O2023_85_48_1_0054_00000562.tif,cross_route,44506.0,6.121,6.146,113.32
O2023_85_45_1_0025_00001593.tif,O2023_85_48_1_0054_00000563.tif,cross_route,61712.0,8.487,8.522,103.82
O2023_85_45_1_0025_00001593.tif,O2023_85_48_1_0054_00000564.tif,cross_route,77744.0,10.691,10.75,93.65
O2023_85_45_1_0025_00001593.tif,O2023_85_48_1_0054_00000565.tif,cross_route,71040.0,9.77,9.82,83.17
O2023_85_45_1_0026_00002351.tif,O2023_85_48_1_0053_00000194.tif,cross_route,408000.0,57.324,56.339,261.25
O2023_85_45_1_0026_00002351.tif,O2023_85_48_1_0053_00000195.tif,cross_route,306927.0,43.123,42.238,238.35
O2023_85_45_1_0026_00002351.tif,O2023_85_48_1_0053_00000196.tif,cross_route,206910.0,29.071,28.369,222.98
O2023_85_45_1_0026_00002351.tif,O2023_85_48_1_0053_00000197.tif,cross_route,108962.0,15.309,14.96,213.78
O2023_85_45_1_0026_00002351.tif,O2023_85_48_1_0053_00000198.tif,cross_route,15125.0,2.125,2.081,207.39
O2023_85_45_1_0026_00002351.tif,O2023_85_48_1_0054_00000561.tif,cross_route,52992.0,7.445,7.318,160.55
O2023_85_45_1_0026_00002351.tif,O2023_85_48_1_0054_00000562.tif,cross_route,168086.0,23.616,23.212,155.03
O2023_85_45_1_0026_00002351.tif,O2023_85_48_1_0054_00000563.tif,cross_route,282897.0,39.747,39.067,145.66
O2023_85_45_1_0026_00002351.tif,O2023_85_48_1_0054_00000564.tif,cross_route,395304.0,55.54,54.663,128.76
O2023_85_45_1_0026_00002351.tif,O2023_85_48_1_0054_00000565.tif,cross_route,509652.0,71.606,70.453,98.59
O2023_85_45_1_0026_00002352.tif,O2023_85_48_1_0052_00000185.tif,cross_route,422.0,0.06,0.058,241.6
O2023_85_45_1_0026_00002352.tif,O2023_85_48_1_0052_00000186.tif,cross_route,732.0,0.104,0.102,249.19
O2023_85_45_1_0026_00002352.tif,O2023_85_48_1_0052_00000188.tif,cross_route,677.0,0.096,0.094,266.66
O2023_85_45_1_0026_00002352.tif,O2023_85_48_1_0053_00000194.tif,cross_route,384111.0,54.376,53.04,284.93
O2023_85_45_1_0026_00002352.tif,O2023_85_48_1_0053_00000195.tif,cross_route,401778.0,56.877,55.292,258.77
O2023_85_45_1_0026_00002352.tif,O2023_85_48_1_0053_00000196.tif,cross_route,301568.0,42.691,41.347,236.64
O2023_85_45_1_0026_00002352.tif,O2023_85_48_1_0053_00000197.tif,cross_route,202675.0,28.691,27.826,222.58
O2023_85_45_1_0026_00002352.tif,O2023_85_48_1_0053_00000198.tif,cross_route,108832.0,15.407,14.977,213.27
O2023_85_45_1_0026_00002352.tif,O2023_85_48_1_0053_00000199.tif,cross_route,12160.0,1.721,1.673,207.0
O2023_85_45_1_0026_00002352.tif,O2023_85_48_1_0054_00000560.tif,cross_route,47710.0,6.754,6.606,160.58
O2023_85_45_1_0026_00002352.tif,O2023_85_48_1_0054_00000561.tif,cross_route,165206.0,23.387,22.814,154.89
O2023_85_45_1_0026_00002352.tif,O2023_85_48_1_0054_00000562.tif,cross_route,279207.0,39.525,38.557,145.7
O2023_85_45_1_0026_00002352.tif,O2023_85_48_1_0054_00000563.tif,cross_route,392766.0,55.601,54.239,128.72
O2023_85_45_1_0026_00002352.tif,O2023_85_48_1_0054_00000564.tif,cross_route,503931.0,71.338,69.684,99.07
O2023_85_45_1_0026_00002352.tif,O2023_85_48_1_0054_00000565.tif,cross_route,445578.0,63.077,61.595,64.46
O2023_85_45_1_0026_00002353.tif,O2023_85_48_1_0052_00000185.tif,cross_route,740.0,0.104,0.102,249.35
O2023_85_45_1_0026_00002353.tif,O2023_85_48_1_0052_00000186.tif,cross_route,1050.0,0.148,0.146,257.79
O2023_85_45_1_0026_00002353.tif,O2023_85_48_1_0052_00000188.tif,cross_route,632.0,0.089,0.088,276.0
O2023_85_45_1_0026_00002353.tif,O2023_85_48_1_0053_00000194.tif,cross_route,288837.0,40.748,39.884,304.75
O2023_85_45_1_0026_00002353.tif,O2023_85_48_1_0053_00000195.tif,cross_route,394506.0,55.656,54.291,283.06
O2023_85_45_1_0026_00002353.tif,O2023_85_48_1_0053_00000196.tif,cross_route,398240.0,56.183,54.602,257.33
O2023_85_45_1_0026_00002353.tif,O2023_85_48_1_0053_00000197.tif,cross_route,298870.0,42.164,41.032,236.7
O2023_85_45_1_0026_00002353.tif,O2023_85_48_1_0053_00000198.tif,cross_route,205504.0,28.992,28.281,222.6
O2023_85_45_1_0026_00002353.tif,O2023_85_48_1_0053_00000199.tif,cross_route,108832.0,15.354,14.972,213.26
O2023_85_45_1_0026_00002353.tif,O2023_85_48_1_0053_00000200.tif,cross_route,11552.0,1.63,1.592,207.07
O2023_85_45_1_0026_00002353.tif,O2023_85_48_1_0054_00000559.tif,cross_route,47232.0,6.663,6.531,160.87
O2023_85_45_1_0026_00002353.tif,O2023_85_48_1_0054_00000560.tif,cross_route,164864.0,23.259,22.828,155.32
O2023_85_45_1_0026_00002353.tif,O2023_85_48_1_0054_00000561.tif,cross_route,282205.0,39.813,38.971,145.92
O2023_85_45_1_0026_00002353.tif,O2023_85_48_1_0054_00000562.tif,cross_route,396202.0,55.895,54.713,129.11
O2023_85_45_1_0026_00002353.tif,O2023_85_48_1_0054_00000563.tif,cross_route,509600.0,71.893,70.373,98.76
O2023_85_45_1_0026_00002353.tif,O2023_85_48_1_0054_00000564.tif,cross_route,448050.0,63.21,61.957,64.23
O2023_85_45_1_0026_00002353.tif,O2023_85_48_1_0054_00000565.tif,cross_route,332580.0,46.92,45.975,41.79
O2023_85_45_1_0026_00002354.tif,O2023_85_48_1_0052_00000185.tif,cross_route,537.0,0.075,0.074,258.3
O2023_85_45_1_0026_00002354.tif,O2023_85_48_1_0052_00000186.tif,cross_route,692.0,0.097,0.096,267.32
O2023_85_45_1_0026_00002354.tif,O2023_85_48_1_0053_00000194.tif,cross_route,190834.0,26.684,26.351,318.53
O2023_85_45_1_0026_00002354.tif,O2023_85_48_1_0053_00000195.tif,cross_route,295845.0,41.368,40.713,304.01
O2023_85_45_1_0026_00002354.tif,O2023_85_48_1_0053_00000196.tif,cross_route,399406.0,55.849,54.762,282.53
O2023_85_45_1_0026_00002354.tif,O2023_85_48_1_0053_00000197.tif,cross_route,399244.0,55.826,54.813,258.08
O2023_85_45_1_0026_00002354.tif,O2023_85_48_1_0053_00000198.tif,cross_route,306535.0,42.863,42.184,237.58
O2023_85_45_1_0026_00002354.tif,O2023_85_48_1_0053_00000199.tif,cross_route,210022.0,29.367,28.893,223.08
O2023_85_45_1_0026_00002354.tif,O2023_85_48_1_0053_00000200.tif,cross_route,112902.0,15.787,15.558,213.7
O2023_85_45_1_0026_00002354.tif,O2023_85_48_1_0053_00000201.tif,cross_route,17574.0,2.457,2.421,207.46
O2023_85_45_1_0026_00002354.tif,O2023_85_48_1_0054_00000558.tif,cross_route,53640.0,7.5,7.41,161.14
O2023_85_45_1_0026_00002354.tif,O2023_85_48_1_0054_00000559.tif,cross_route,171171.0,23.935,23.67,155.52
O2023_85_45_1_0026_00002354.tif,O2023_85_48_1_0054_00000560.tif,cross_route,288949.0,40.404,40.01,146.14
O2023_85_45_1_0026_00002354.tif,O2023_85_48_1_0054_00000561.tif,cross_route,406272.0,56.809,56.104,128.48
O2023_85_45_1_0026_00002354.tif,O2023_85_48_1_0054_00000562.tif,cross_route,520406.0,72.768,71.865,97.41
O2023_85_45_1_0026_00002354.tif,O2023_85_48_1_0054_00000563.tif,cross_route,448103.0,62.658,61.881,62.26
O2023_85_45_1_0026_00002354.tif,O2023_85_48_1_0054_00000564.tif,cross_route,331968.0,46.419,45.905,40.78
O2023_85_45_1_0026_00002354.tif,O2023_85_48_1_0054_00000565.tif,cross_route,216348.0,30.252,29.907,29.1
O2023_85_45_1_0026_00002355.tif,O2023_85_48_1_0052_00000182.tif,cross_route,227.0,0.032,0.031,242.39
O2023_85_45_1_0026_00002355.tif,O2023_85_48_1_0052_00000183.tif,cross_route,1536.0,0.214,0.211,249.96
O2023_85_45_1_0026_00002355.tif,O2023_85_48_1_0052_00000184.tif,cross_route,3222.0,0.45,0.444,258.33
O2023_85_45_1_0026_00002355.tif,O2023_85_48_1_0052_00000185.tif,cross_route,5560.0,0.776,0.769,267.49
O2023_85_45_1_0026_00002355.tif,O2023_85_48_1_0052_00000186.tif,cross_route,4984.0,0.696,0.691,276.69
O2023_85_45_1_0026_00002355.tif,O2023_85_48_1_0052_00000187.tif,cross_route,2802.0,0.391,0.39,285.55
O2023_85_45_1_0026_00002355.tif,O2023_85_48_1_0052_00000188.tif,cross_route,2170.0,0.303,0.303,293.74
O2023_85_45_1_0026_00002355.tif,O2023_85_48_1_0053_00000194.tif,cross_route,95613.0,13.351,13.203,327.66
O2023_85_45_1_0026_00002355.tif,O2023_85_48_1_0053_00000195.tif,cross_route,201348.0,28.116,27.709,318.21
O2023_85_45_1_0026_00002355.tif,O2023_85_48_1_0053_00000196.tif,cross_route,305772.0,42.697,41.924,303.51
O2023_85_45_1_0026_00002355.tif,O2023_85_48_1_0053_00000197.tif,cross_route,402038.0,56.14,55.196,282.37
O2023_85_45_1_0026_00002355.tif,O2023_85_48_1_0053_00000198.tif,cross_route,407082.0,56.844,56.021,258.34
O2023_85_45_1_0026_00002355.tif,O2023_85_48_1_0053_00000199.tif,cross_route,309456.0,43.212,42.573,237.14
O2023_85_45_1_0026_00002355.tif,O2023_85_48_1_0053_00000200.tif,cross_route,211216.0,29.494,29.106,222.73
O2023_85_45_1_0026_00002355.tif,O2023_85_48_1_0053_00000201.tif,cross_route,114631.0,16.007,15.791,213.45
O2023_85_45_1_0026_00002355.tif,O2023_85_48_1_0053_00000202.tif,cross_route,18330.0,2.56,2.513,207.37
O2023_85_45_1_0026_00002355.tif,O2023_85_48_1_0054_00000557.tif,cross_route,55650.0,7.771,7.675,160.72
O2023_85_45_1_0026_00002355.tif,O2023_85_48_1_0054_00000558.tif,cross_route,170660.0,23.831,23.575,155.38
O2023_85_45_1_0026_00002355.tif,O2023_85_48_1_0054_00000559.tif,cross_route,287082.0,40.087,39.698,145.91
O2023_85_45_1_0026_00002355.tif,O2023_85_48_1_0054_00000560.tif,cross_route,404064.0,56.422,55.949,128.4
O2023_85_45_1_0026_00002355.tif,O2023_85_48_1_0054_00000561.tif,cross_route,520430.0,72.671,71.869,96.85
O2023_85_45_1_0026_00002355.tif,O2023_85_48_1_0054_00000562.tif,cross_route,446641.0,62.368,61.679,62.27
O2023_85_45_1_0026_00002355.tif,O2023_85_48_1_0054_00000563.tif,cross_route,329784.0,46.05,45.541,40.76
O2023_85_45_1_0026_00002355.tif,O2023_85_48_1_0054_00000564.tif,cross_route,214600.0,29.966,29.675,29.42
O2023_85_45_1_0026_00002355.tif,O2023_85_48_1_0054_00000565.tif,cross_route,99774.0,13.932,13.792,22.67
O2023_85_45_1_0026_00002356.tif,O2023_85_48_1_0052_00000182.tif,cross_route,392.0,0.054,0.054,250.39
O2023_85_45_1_0026_00002356.tif,O2023_85_48_1_0052_00000183.tif,cross_route,2196.0,0.305,0.302,258.84
O2023_85_45_1_0026_00002356.tif,O2023_85_48_1_0052_00000184.tif,cross_route,4212.0,0.585,0.581,267.79
O2023_85_45_1_0026_00002356.tif,O2023_85_48_1_0052_00000185.tif,cross_route,4952.0,0.688,0.684,277.1
O2023_85_45_1_0026_00002356.tif,O2023_85_48_1_0052_00000186.tif,cross_route,3696.0,0.513,0.513,285.95
O2023_85_45_1_0026_00002356.tif,O2023_85_48_1_0052_00000187.tif,cross_route,1836.0,0.255,0.255,294.06
O2023_85_45_1_0026_00002356.tif,O2023_85_48_1_0052_00000188.tif,cross_route,1043.0,0.145,0.145,301.31
O2023_85_45_1_0026_00002356.tif,O2023_85_48_1_0053_00000195.tif,cross_route,102816.0,14.279,14.149,327.42
O2023_85_45_1_0026_00002356.tif,O2023_85_48_1_0053_00000196.tif,cross_route,206918.0,28.737,28.37,317.98
O2023_85_45_1_0026_00002356.tif,O2023_85_48_1_0053_00000197.tif,cross_route,303667.0,42.173,41.691,303.56
O2023_85_45_1_0026_00002356.tif,O2023_85_48_1_0053_00000198.tif,cross_route,400328.0,55.597,55.092,283.61
O2023_85_45_1_0026_00002356.tif,O2023_85_48_1_0053_00000199.tif,cross_route,410766.0,57.047,56.51,258.86
O2023_85_45_1_0026_00002356.tif,O2023_85_48_1_0053_00000200.tif,cross_route,312526.0,43.403,43.067,237.62
O2023_85_45_1_0026_00002356.tif,O2023_85_48_1_0053_00000201.tif,cross_route,215776.0,29.967,29.725,223.17
O2023_85_45_1_0026_00002356.tif,O2023_85_48_1_0053_00000202.tif,cross_route,119145.0,16.547,16.336,213.91
O2023_85_45_1_0026_00002356.tif,O2023_85_48_1_0053_00000203.tif,cross_route,23370.0,3.246,3.2,207.29
O2023_85_45_1_0026_00002356.tif,O2023_85_48_1_0054_00000556.tif,cross_route,60926.0,8.461,8.396,160.57
O2023_85_45_1_0026_00002356.tif,O2023_85_48_1_0054_00000557.tif,cross_route,178080.0,24.732,24.559,155.13
O2023_85_45_1_0026_00002356.tif,O2023_85_48_1_0054_00000558.tif,cross_route,293090.0,40.704,40.487,146.0
O2023_85_45_1_0026_00002356.tif,O2023_85_48_1_0054_00000559.tif,cross_route,408852.0,56.781,56.536,128.26
O2023_85_45_1_0026_00002356.tif,O2023_85_48_1_0054_00000560.tif,cross_route,525504.0,72.982,72.765,96.22
O2023_85_45_1_0026_00002356.tif,O2023_85_48_1_0054_00000561.tif,cross_route,444931.0,61.792,61.443,60.98
O2023_85_45_1_0026_00002356.tif,O2023_85_48_1_0054_00000562.tif,cross_route,328950.0,45.684,45.426,39.92
O2023_85_45_1_0026_00002356.tif,O2023_85_48_1_0054_00000563.tif,cross_route,212576.0,29.522,29.356,28.77
O2023_85_45_1_0026_00002356.tif,O2023_85_48_1_0054_00000564.tif,cross_route,97875.0,13.593,13.534,22.39
O2023_85_45_1_0026_00002357.tif,O2023_85_48_1_0052_00000184.tif,cross_route,1242.0,0.172,0.171,276.92
O2023_85_45_1_0026_00002357.tif,O2023_85_48_1_0052_00000185.tif,cross_route,1852.0,0.256,0.256,285.85
O2023_85_45_1_0026_00002357.tif,O2023_85_48_1_0052_00000186.tif,cross_route,1224.0,0.169,0.17,293.95
O2023_85_45_1_0026_00002357.tif,O2023_85_48_1_0052_00000187.tif,cross_route,300.0,0.041,0.042,301.13
O2023_85_45_1_0026_00002357.tif,O2023_85_48_1_0053_00000195.tif,cross_route,7296.0,1.009,1.004,332.96
O2023_85_45_1_0026_00002357.tif,O2023_85_48_1_0053_00000196.tif,cross_route,110410.0,15.271,15.138,326.55
O2023_85_45_1_0026_00002357.tif,O2023_85_48_1_0053_00000197.tif,cross_route,206987.0,28.629,28.418,316.96
O2023_85_45_1_0026_00002357.tif,O2023_85_48_1_0053_00000198.tif,cross_route,302560.0,41.848,41.637,303.44
O2023_85_45_1_0026_00002357.tif,O2023_85_48_1_0053_00000199.tif,cross_route,400160.0,55.347,55.051,282.9
O2023_85_45_1_0026_00002357.tif,O2023_85_48_1_0053_00000200.tif,cross_route,405650.0,56.107,55.9,258.6
O2023_85_45_1_0026_00002357.tif,O2023_85_48_1_0053_00000201.tif,cross_route,309372.0,42.79,42.618,237.91
O2023_85_45_1_0026_00002357.tif,O2023_85_48_1_0053_00000202.tif,cross_route,213057.0,29.469,29.212,223.72
O2023_85_45_1_0026_00002357.tif,O2023_85_48_1_0053_00000203.tif,cross_route,118534.0,16.395,16.23,213.98
O2023_85_45_1_0026_00002357.tif,O2023_85_48_1_0054_00000555.tif,cross_route,58578.0,8.102,8.07,161.19
O2023_85_45_1_0026_00002357.tif,O2023_85_48_1_0054_00000556.tif,cross_route,178738.0,24.722,24.632,155.76
O2023_85_45_1_0026_00002357.tif,O2023_85_48_1_0054_00000557.tif,cross_route,297000.0,41.079,40.959,146.75
O2023_85_45_1_0026_00002357.tif,O2023_85_48_1_0054_00000558.tif,cross_route,413250.0,57.158,57.086,129.86
O2023_85_45_1_0026_00002357.tif,O2023_85_48_1_0054_00000559.tif,cross_route,529660.0,73.259,73.242,97.54
O2023_85_45_1_0026_00002357.tif,O2023_85_48_1_0054_00000560.tif,cross_route,453840.0,62.772,62.842,60.79
O2023_85_45_1_0026_00002357.tif,O2023_85_48_1_0054_00000561.tif,cross_route,334191.0,46.223,46.15,39.08
O2023_85_45_1_0026_00002357.tif,O2023_85_48_1_0054_00000562.tif,cross_route,217266.0,30.051,30.003,27.98
O2023_85_45_1_0026_00002357.tif,O2023_85_48_1_0054_00000563.tif,cross_route,100096.0,13.845,13.823,21.68
O2023_85_45_1_0026_00002358.tif,O2023_85_48_1_0052_00000183.tif,cross_route,1236.0,0.171,0.17,277.22
O2023_85_45_1_0026_00002358.tif,O2023_85_48_1_0052_00000184.tif,cross_route,1848.0,0.256,0.255,285.94
O2023_85_45_1_0026_00002358.tif,O2023_85_48_1_0052_00000185.tif,cross_route,1824.0,0.253,0.252,294.19
O2023_85_45_1_0026_00002358.tif,O2023_85_48_1_0052_00000186.tif,cross_route,882.0,0.122,0.122,301.4
O2023_85_45_1_0026_00002358.tif,O2023_85_48_1_0053_00000196.tif,cross_route,13464.0,1.865,1.846,333.01
O2023_85_45_1_0026_00002358.tif,O2023_85_48_1_0053_00000197.tif,cross_route,110838.0,15.357,15.217,326.54
O2023_85_45_1_0026_00002358.tif,O2023_85_48_1_0053_00000198.tif,cross_route,206244.0,28.575,28.383,317.79
O2023_85_45_1_0026_00002358.tif,O2023_85_48_1_0053_00000199.tif,cross_route,304164.0,42.142,41.845,303.73
O2023_85_45_1_0026_00002358.tif,O2023_85_48_1_0053_00000200.tif,cross_route,400860.0,55.539,55.24,283.07
O2023_85_45_1_0026_00002358.tif,O2023_85_48_1_0053_00000201.tif,cross_route,408148.0,56.549,56.226,258.81
O2023_85_45_1_0026_00002358.tif,O2023_85_48_1_0053_00000202.tif,cross_route,311199.0,43.116,42.668,238.04
O2023_85_45_1_0026_00002358.tif,O2023_85_48_1_0053_00000203.tif,cross_route,217002.0,30.066,29.713,223.29
O2023_85_45_1_0026_00002358.tif,O2023_85_48_1_0054_00000555.tif,cross_route,177548.0,24.599,24.46,155.52
O2023_85_45_1_0026_00002358.tif,O2023_85_48_1_0054_00000556.tif,cross_route,296908.0,41.136,40.917,146.19
O2023_85_45_1_0026_00002358.tif,O2023_85_48_1_0054_00000557.tif,cross_route,414220.0,57.39,57.125,128.96
O2023_85_45_1_0026_00002358.tif,O2023_85_48_1_0054_00000558.tif,cross_route,529695.0,73.389,73.171,97.42
O2023_85_45_1_0026_00002358.tif,O2023_85_48_1_0054_00000559.tif,cross_route,453492.0,62.831,62.709,61.13
O2023_85_45_1_0026_00002358.tif,O2023_85_48_1_0054_00000560.tif,cross_route,333289.0,46.177,46.149,39.19
O2023_85_45_1_0026_00002358.tif,O2023_85_48_1_0054_00000561.tif,cross_route,214912.0,29.776,29.678,28.0
O2023_85_45_1_0026_00002358.tif,O2023_85_48_1_0054_00000562.tif,cross_route,99090.0,13.729,13.684,21.67
O2023_85_45_1_0026_00002359.tif,O2023_85_48_1_0052_00000184.tif,cross_route,606.0,0.085,0.084,294.01
O2023_85_45_1_0026_00002359.tif,O2023_85_48_1_0052_00000185.tif,cross_route,580.0,0.081,0.08,301.35
O2023_85_45_1_0026_00002359.tif,O2023_85_48_1_0053_00000197.tif,cross_route,13961.0,1.947,1.917,332.56
O2023_85_45_1_0026_00002359.tif,O2023_85_48_1_0053_00000198.tif,cross_route,108580.0,15.146,14.942,326.69
O2023_85_45_1_0026_00002359.tif,O2023_85_48_1_0053_00000199.tif,cross_route,206180.0,28.761,28.365,317.46
O2023_85_45_1_0026_00002359.tif,O2023_85_48_1_0053_00000200.tif,cross_route,302560.0,42.205,41.694,303.27
O2023_85_45_1_0026_00002359.tif,O2023_85_48_1_0053_00000201.tif,cross_route,398286.0,55.559,54.867,282.84
O2023_85_45_1_0026_00002359.tif,O2023_85_48_1_0053_00000202.tif,cross_route,403655.0,56.308,55.344,258.73
O2023_85_45_1_0026_00002359.tif,O2023_85_48_1_0053_00000203.tif,cross_route,310388.0,43.297,42.499,237.79
O2023_85_45_1_0026_00002359.tif,O2023_85_48_1_0054_00000555.tif,cross_route,293216.0,40.902,40.396,146.79
O2023_85_45_1_0026_00002359.tif,O2023_85_48_1_0054_00000556.tif,cross_route,412896.0,57.597,56.902,129.36
O2023_85_45_1_0026_00002359.tif,O2023_85_48_1_0054_00000557.tif,cross_route,530370.0,73.984,73.143,97.37
O2023_85_45_1_0026_00002359.tif,O2023_85_48_1_0054_00000558.tif,cross_route,457164.0,63.772,63.152,61.03
O2023_85_45_1_0026_00002359.tif,O2023_85_48_1_0054_00000559.tif,cross_route,336579.0,46.951,46.542,39.1
O2023_85_45_1_0026_00002359.tif,O2023_85_48_1_0054_00000560.tif,cross_route,216372.0,30.183,29.96,27.68
O2023_85_45_1_0026_00002359.tif,O2023_85_48_1_0054_00000561.tif,cross_route,98154.0,13.692,13.555,21.36
O2023_85_45_1_0026_00002360.tif,O2023_85_48_1_0053_00000198.tif,cross_route,12140.0,1.7,1.671,332.85
O2023_85_45_1_0026_00002360.tif,O2023_85_48_1_0053_00000199.tif,cross_route,109260.0,15.299,15.031,326.64
O2023_85_45_1_0026_00002360.tif,O2023_85_48_1_0053_00000200.tif,cross_route,205166.0,28.727,28.272,317.35
O2023_85_45_1_0026_00002360.tif,O2023_85_48_1_0053_00000201.tif,cross_route,300576.0,42.087,41.407,303.31
O2023_85_45_1_0026_00002360.tif,O2023_85_48_1_0053_00000202.tif,cross_route,395620.0,55.395,54.242,282.8
O2023_85_45_1_0026_00002360.tif,O2023_85_48_1_0053_00000203.tif,cross_route,405536.0,56.783,55.527,258.78
O2023_85_45_1_0026_00002360.tif,O2023_85_48_1_0054_00000555.tif,cross_route,411046.0,57.555,56.629,129.78
O2023_85_45_1_0026_00002360.tif,O2023_85_48_1_0054_00000556.tif,cross_route,530406.0,74.268,73.096,97.14
O2023_85_45_1_0026_00002360.tif,O2023_85_48_1_0054_00000557.tif,cross_route,455195.0,63.737,62.776,60.45
O2023_85_45_1_0026_00002360.tif,O2023_85_48_1_0054_00000558.tif,cross_route,338230.0,47.359,46.723,38.66
O2023_85_45_1_0026_00002360.tif,O2023_85_48_1_0054_00000559.tif,cross_route,218595.0,30.608,30.227,27.54
O2023_85_45_1_0026_00002360.tif,O2023_85_48_1_0054_00000560.tif,cross_route,99026.0,13.866,13.712,21.12
O2023_85_45_1_0026_00002361.tif,O2023_85_48_1_0053_00000199.tif,cross_route,13376.0,1.879,1.84,332.94
O2023_85_45_1_0026_00002361.tif,O2023_85_48_1_0053_00000200.tif,cross_route,109440.0,15.376,15.081,326.68
O2023_85_45_1_0026_00002361.tif,O2023_85_48_1_0053_00000201.tif,cross_route,205166.0,28.826,28.263,317.46
O2023_85_45_1_0026_00002361.tif,O2023_85_48_1_0053_00000202.tif,cross_route,300685.0,42.246,41.226,303.19
O2023_85_45_1_0026_00002361.tif,O2023_85_48_1_0053_00000203.tif,cross_route,398895.0,56.045,54.618,283.0
O2023_85_45_1_0026_00002361.tif,O2023_85_48_1_0054_00000555.tif,cross_route,526044.0,73.909,72.472,97.83
O2023_85_45_1_0026_00002361.tif,O2023_85_48_1_0054_00000556.tif,cross_route,453230.0,63.679,62.46,60.66
O2023_85_45_1_0026_00002361.tif,O2023_85_48_1_0054_00000557.tif,cross_route,336126.0,47.226,46.355,38.7
O2023_85_45_1_0026_00002361.tif,O2023_85_48_1_0054_00000558.tif,cross_route,219632.0,30.858,30.34,27.46
O2023_85_45_1_0026_00002361.tif,O2023_85_48_1_0054_00000559.tif,cross_route,101106.0,14.205,13.981,21.22
O2023_85_45_1_0027_00002375.tif,O2023_85_48_1_0053_00000203.tif,cross_route,332.0,0.045,0.045,247.15
O2023_85_45_1_0027_00002375.tif,O2023_85_48_1_0054_00000555.tif,cross_route,128088.0,17.32,17.646,216.22
O2023_85_45_1_0027_00002375.tif,O2023_85_48_1_0054_00000556.tif,cross_route,223344.0,30.201,30.779,226.36
O2023_85_45_1_0027_00002375.tif,O2023_85_48_1_0054_00000557.tif,cross_route,316662.0,42.819,43.671,241.29
O2023_85_45_1_0027_00002375.tif,O2023_85_48_1_0054_00000558.tif,cross_route,409266.0,55.341,56.535,261.7
O2023_85_45_1_0027_00002375.tif,O2023_85_48_1_0054_00000559.tif,cross_route,383871.0,51.907,53.082,284.95
O2023_85_45_1_0027_00002375.tif,O2023_85_48_1_0054_00000560.tif,cross_route,288718.0,39.041,39.978,304.55
O2023_85_45_1_0027_00002375.tif,O2023_85_48_1_0054_00000561.tif,cross_route,194446.0,26.293,26.852,318.14
O2023_85_45_1_0027_00002375.tif,O2023_85_48_1_0054_00000562.tif,cross_route,100264.0,13.558,13.846,326.98
O2023_85_45_1_0027_00002375.tif,O2023_85_48_1_0054_00000563.tif,cross_route,4856.0,0.657,0.671,333.13
O2023_85_45_1_0027_00002376.tif,O2023_85_48_1_0053_00000203.tif,cross_route,179.0,0.024,0.025,240.04
O2023_85_45_1_0027_00002376.tif,O2023_85_48_1_0054_00000555.tif,cross_route,37359.0,5.058,5.147,209.63
O2023_85_45_1_0027_00002376.tif,O2023_85_48_1_0054_00000556.tif,cross_route,132462.0,17.936,18.255,216.6
O2023_85_45_1_0027_00002376.tif,O2023_85_48_1_0054_00000557.tif,cross_route,225933.0,30.592,31.158,226.75
O2023_85_45_1_0027_00002376.tif,O2023_85_48_1_0054_00000558.tif,cross_route,318384.0,43.11,43.981,241.66
O2023_85_45_1_0027_00002376.tif,O2023_85_48_1_0054_00000559.tif,cross_route,414915.0,56.18,57.375,262.58
O2023_85_45_1_0027_00002376.tif,O2023_85_48_1_0054_00000560.tif,cross_route,379766.0,51.421,52.585,286.13
O2023_85_45_1_0027_00002376.tif,O2023_85_48_1_0054_00000561.tif,cross_route,285950.0,38.718,39.488,305.52
O2023_85_45_1_0027_00002376.tif,O2023_85_48_1_0054_00000562.tif,cross_route,192072.0,26.007,26.524,318.59
O2023_85_45_1_0027_00002376.tif,O2023_85_48_1_0054_00000563.tif,cross_route,97120.0,13.15,13.412,327.43
O2023_85_45_1_0027_00002376.tif,O2023_85_48_1_0054_00000564.tif,cross_route,1830.0,0.248,0.253,333.43
O2023_85_45_1_0027_00002377.tif,O2023_85_48_1_0054_00000556.tif,cross_route,41535.0,5.615,5.724,210.41
O2023_85_45_1_0027_00002377.tif,O2023_85_48_1_0054_00000557.tif,cross_route,133736.0,18.078,18.443,217.43
O2023_85_45_1_0027_00002377.tif,O2023_85_48_1_0054_00000558.tif,cross_route,224640.0,30.366,31.031,227.57
O2023_85_45_1_0027_00002377.tif,O2023_85_48_1_0054_00000559.tif,cross_route,319284.0,43.16,44.151,242.65
O2023_85_45_1_0027_00002377.tif,O2023_85_48_1_0054_00000560.tif,cross_route,414770.0,56.067,57.432,263.79
O2023_85_45_1_0027_00002377.tif,O2023_85_48_1_0054_00000561.tif,cross_route,372997.0,50.421,51.509,286.87
O2023_85_45_1_0027_00002377.tif,O2023_85_48_1_0054_00000562.tif,cross_route,280840.0,37.963,38.783,305.45
O2023_85_45_1_0027_00002377.tif,O2023_85_48_1_0054_00000563.tif,cross_route,187772.0,25.382,25.93,318.51
O2023_85_45_1_0027_00002377.tif,O2023_85_48_1_0054_00000564.tif,cross_route,94357.0,12.755,13.048,327.21
O2023_85_45_1_0027_00002378.tif,O2023_85_48_1_0054_00000557.tif,cross_route,43142.0,5.859,5.95,210.54
O2023_85_45_1_0027_00002378.tif,O2023_85_48_1_0054_00000558.tif,cross_route,133736.0,18.163,18.474,217.5
O2023_85_45_1_0027_00002378.tif,O2023_85_48_1_0054_00000559.tif,cross_route,227756.0,30.932,31.494,227.71
O2023_85_45_1_0027_00002378.tif,O2023_85_48_1_0054_00000560.tif,cross_route,322772.0,43.837,44.693,243.29
O2023_85_45_1_0027_00002378.tif,O2023_85_48_1_0054_00000561.tif,cross_route,419728.0,57.005,57.962,264.62
O2023_85_45_1_0027_00002378.tif,O2023_85_48_1_0054_00000562.tif,cross_route,371250.0,50.421,51.268,287.36
O2023_85_45_1_0027_00002378.tif,O2023_85_48_1_0054_00000563.tif,cross_route,278799.0,37.865,38.501,306.06
O2023_85_45_1_0027_00002378.tif,O2023_85_48_1_0054_00000564.tif,cross_route,186000.0,25.261,25.72,318.9
O2023_85_45_1_0027_00002378.tif,O2023_85_48_1_0054_00000565.tif,cross_route,91352.0,12.407,12.628,327.51
O2023_85_45_1_0027_00002379.tif,O2023_85_48_1_0054_00000558.tif,cross_route,44156.0,5.989,6.1,210.79
O2023_85_45_1_0027_00002379.tif,O2023_85_48_1_0054_00000559.tif,cross_route,137240.0,18.614,18.978,217.77
O2023_85_45_1_0027_00002379.tif,O2023_85_48_1_0054_00000560.tif,cross_route,231470.0,31.395,32.051,228.35
O2023_85_45_1_0027_00002379.tif,O2023_85_48_1_0054_00000561.tif,cross_route,327484.0,44.417,45.224,244.05
O2023_85_45_1_0027_00002379.tif,O2023_85_48_1_0054_00000562.tif,cross_route,421383.0,57.153,58.191,265.14
O2023_85_45_1_0027_00002379.tif,O2023_85_48_1_0054_00000563.tif,cross_route,368874.0,50.031,50.94,287.97
O2023_85_45_1_0027_00002379.tif,O2023_85_48_1_0054_00000564.tif,cross_route,277008.0,37.571,38.305,306.35
O2023_85_45_1_0027_00002379.tif,O2023_85_48_1_0054_00000565.tif,cross_route,182988.0,24.819,25.296,319.11
O2023_85_45_1_0027_00002380.tif,O2023_85_48_1_0054_00000559.tif,cross_route,47061.0,6.389,6.508,210.92
O2023_85_45_1_0027_00002380.tif,O2023_85_48_1_0054_00000560.tif,cross_route,140503.0,19.076,19.455,218.16
O2023_85_45_1_0027_00002380.tif,O2023_85_48_1_0054_00000561.tif,cross_route,235572.0,31.984,32.531,228.8
O2023_85_45_1_0027_00002380.tif,O2023_85_48_1_0054_00000562.tif,cross_route,328692.0,44.626,45.391,244.44
O2023_85_45_1_0027_00002380.tif,O2023_85_48_1_0054_00000563.tif,cross_route,423747.0,57.532,58.517,265.73
O2023_85_45_1_0027_00002380.tif,O2023_85_48_1_0054_00000564.tif,cross_route,367092.0,49.84,50.762,288.32
O2023_85_45_1_0027_00002380.tif,O2023_85_48_1_0054_00000565.tif,cross_route,273700.0,37.16,37.835,306.71
O2023_85_45_1_0027_00002381.tif,O2023_85_48_1_0054_00000560.tif,cross_route,45920.0,6.224,6.358,211.46
O2023_85_45_1_0027_00002381.tif,O2023_85_48_1_0054_00000561.tif,cross_route,139057.0,18.848,19.203,218.65
O2023_85_45_1_0027_00002381.tif,O2023_85_48_1_0054_00000562.tif,cross_route,230442.0,31.234,31.823,229.12
O2023_85_45_1_0027_00002381.tif,O2023_85_48_1_0054_00000563.tif,cross_route,323592.0,43.859,44.686,244.57
O2023_85_45_1_0027_00002381.tif,O2023_85_48_1_0054_00000564.tif,cross_route,416520.0,56.455,57.597,265.23
O2023_85_45_1_0027_00002381.tif,O2023_85_48_1_0054_00000565.tif,cross_route,363320.0,49.244,50.224,287.67
O2023_85_45_1_0027_00002382.tif,O2023_85_48_1_0054_00000561.tif,cross_route,47559.0,6.444,6.568,211.54
O2023_85_45_1_0027_00002382.tif,O2023_85_48_1_0054_00000562.tif,cross_route,138000.0,18.698,19.057,218.67
O2023_85_45_1_0027_00002382.tif,O2023_85_48_1_0054_00000563.tif,cross_route,230044.0,31.17,31.768,229.12
O2023_85_45_1_0027_00002382.tif,O2023_85_48_1_0054_00000564.tif,cross_route,321874.0,43.612,44.509,244.36
O2023_85_45_1_0027_00002382.tif,O2023_85_48_1_0054_00000565.tif,cross_route,414966.0,56.226,57.364,265.25
