filename,year,block,route_key,field4,field5,frame_id,name_tail,width,height,bands,dtype,pixel_size_x,pixel_size_y,crs_epsg,origin_x,origin_y,min_x,min_y,max_x,max_y,area_m2
O2021_82_11_1_0023_00003029.tif,2021,82,82-11,1,0023,00003029,,11960,7400,3,uint8,0.1,-0.1,25832,460909.0,6257602.0,460909.0,6256862.0,462105.0,6257602.0,885040.0
O2021_82_11_1_0023_00003031.tif,2021,82,82-11,1,0023,00003031,,11840,7510,3,uint8,0.1,-0.1,25832,460915.0,6258296.0,460915.0,6257545.0,462099.0,6258296.0,889184.0
O2021_82_11_1_0023_00003032.tif,2021,82,82-11,1,0023,00003032,,11870,7450,3,uint8,0.1,-0.1,25832,460916.0,6258641.0,460916.0,6257896.0,462103.0,6258641.0,884315.0
O2021_82_11_1_0024_00002864.tif,2021,82,82-11,1,0024,00002864,,11820,7510,3,uint8,0.1,-0.1,25832,461725.0,6258952.0,461725.0,6258201.0,462907.0,6258952.0,887682.0
O2021_82_11_1_0024_00002866.tif,2021,82,82-11,1,0024,00002866,,11820,7580,3,uint8,0.1,-0.1,25832,461728.0,6258265.0,461728.0,6257507.0,462910.0,6258265.0,895956.0
O2021_82_11_1_0024_00002868.tif,2021,82,82-11,1,0024,00002868,,11900,7470,3,uint8,0.1,-0.1,25832,461723.0,6257571.0,461723.0,6256824.0,462913.0,6257571.0,888930.0
O2021_82_11_1_0025_00003593.tif,2021,82,82-11,1,0025,00003593,,11780,4480,3,uint8,0.1,-0.1,25832,462517.0,6257041.0,462517.0,6256593.0,463695.0,6257041.0,527744.0
O2021_82_11_1_0025_00003594.tif,2021,82,82-11,1,0025,00003594,,11800,4530,3,uint8,0.1,-0.1,25832,462515.0,6257390.0,462515.0,6256937.0,463695.0,6257390.0,534540.0
O2021_82_11_1_0025_00003595.tif,2021,82,82-11,1,0025,00003595,,11780,4440,3,uint8,0.1,-0.1,25832,462519.0,6257732.0,462519.0,6257288.0,463697.0,6257732.0,523032.0
O2021_82_11_1_0025_00003596.tif,2021,82,82-11,1,0025,00003596,,11780,4460,3,uint8,0.1,-0.1,25832,462519.0,6258077.0,462519.0,6257631.0,463697.0,6258077.0,525388.0
O2021_82_11_1_0025_00003597.tif,2021,82,82-11,1,0025,00003597,,11790,4480,3,uint8,0.1,-0.1,25832,462516.0,6258423.0,462516.0,6257975.0,463695.0,6258423.0,528192.0
O2021_82_11_1_0025_00003598.tif,2021,82,82-11,1,0025,00003598,,11770,4440,3,uint8,0.1,-0.1,25832,462518.0,6258768.0,462518.0,6258324.0,463695.0,6258768.0,522588.0
O2021_82_11_1_0025_00003599.tif,2021,82,82-11,1,0025,00003599,,11780,4460,3,uint8,0.1,-0.1,25832,462517.0,6259114.0,462517.0,6258668.0,463695.0,6259114.0,525388.0
O2021_82_11_1_0026_00002614.tif,2021,82,82-11,1,0026,00002614,,11810,4430,3,uint8,0.1,-0.1,25832,463310.0,6259109.0,463310.0,6258666.0,464491.0,6259109.0,523183.0
O2021_82_11_1_0026_00002615.tif,2021,82,82-11,1,0026,00002615,,11830,4470,3,uint8,0.1,-0.1,25832,463314.0,6258769.0,463314.0,6258322.0,464497.0,6258769.0,528801.0
O2021_82_11_1_0026_00002616.tif,2021,82,82-11,1,0026,00002616,,11820,4440,3,uint8,0.1,-0.1,25832,463317.0,6258420.0,463317.0,6257976.0,464499.0,6258420.0,524808.0
O2021_82_11_1_0026_00002617.tif,2021,82,82-11,1,0026,00002617,,11810,4420,3,uint8,0.1,-0.1,25832,463320.0,6258075.0,463320.0,6257633.0,464501.0,6258075.0,522002.0
O2021_82_11_1_0026_00002618.tif,2021,82,82-11,1,0026,00002618,,11820,4450,3,uint8,0.1,-0.1,25832,463319.0,6257730.0,463319.0,6257285.0,464501.0,6257730.0,525990.0
O2021_82_11_1_0026_00002619.tif,2021,82,82-11,1,0026,00002619,,11860,4510,3,uint8,0.1,-0.1,25832,463315.0,6257388.0,463315.0,6256937.0,464501.0,6257388.0,534886.0
O2021_82_11_1_0026_00002620.tif,2021,82,82-11,1,0026,00002620,,11850,4480,3,uint8,0.1,-0.1,25832,463315.0,6257041.0,463315.0,6256593.0,464500.0,6257041.0,530880.0
O2021_82_11_1_0027_00002535.tif,2021,82,82-11,1,0027,00002535,,11940,7400,3,uint8,0.1,-0.1,25832,464088.0,6257530.0,464088.0,6256790.0,465282.0,6257530.0,883560.0
O2021_82_11_1_0027_00002537.tif,2021,82,82-11,1,0027,00002537,,11830,7560,3,uint8,0.1,-0.1,25832,464096.0,6258230.0,464096.0,6257474.0,465279.0,6258230.0,894348.0
O2021_82_11_1_0027_00002539.tif,2021,82,82-11,1,0027,00002539,,11820,7580,3,uint8,0.1,-0.1,25832,464096.0,6258921.0,464096.0,6258163.0,465278.0,6258921.0,895956.0
O2021_82_13_1_0024_00141735.tif,2021,82,82-13,1,0024,00141735,,9150,6850,3,uint8,0.1,-0.1,25832,504910.0,6237701.0,504910.0,6237016.0,505825.0,6237701.0,626775.0
O2021_82_13_1_0024_00141742.tif,2021,82,82-13,1,0024,00141742,,9150,6840,3,uint8,0.1,-0.1,25832,504919.0,6238316.0,504919.0,6237632.0,505834.0,6238316.0,625860.0
O2021_82_13_1_0024_00141749.tif,2021,82,82-13,1,0024,00141749,,9150,6840,3,uint8,0.1,-0.1,25832,504930.0,6238933.0,504930.0,6238249.0,505845.0,6238933.0,625860.0
O2021_82_13_1_0024_00141752.tif,2021,82,82-13,1,0024,00141752,,9140,3990,3,uint8,0.1,-0.1,25832,504935.0,6239099.0,504935.0,6238700.0,505849.0,6239099.0,364686.0
O2021_82_13_1_0024_00141755.tif,2021,82,82-13,1,0024,00141755,,9140,3990,3,uint8,0.1,-0.1,25832,504937.0,6239407.0,504937.0,6239008.0,505851.0,6239407.0,364686.0
O2021_82_13_1_0024_00141759.tif,2021,82,82-13,1,0024,00141759,,9150,4000,3,uint8,0.1,-0.1,25832,504936.0,6239716.0,504936.0,6239316.0,505851.0,6239716.0,366000.0
O2021_82_13_1_0024_00141802.tif,2021,82,82-13,1,0024,00141802,,9150,4000,3,uint8,0.1,-0.1,25832,504935.0,6240025.0,504935.0,6239625.0,505850.0,6240025.0,366000.0
O2021_82_13_1_0024_00141805.tif,2021,82,82-13,1,0024,00141805,,9160,4000,3,uint8,0.1,-0.1,25832,504932.0,6240334.0,504932.0,6239934.0,505848.0,6240334.0,366400.0
O2021_82_13_1_0024_00141809.tif,2021,82,82-13,1,0024,00141809,,9160,4000,3,uint8,0.1,-0.1,25832,504929.0,6240642.0,504929.0,6240242.0,505845.0,6240642.0,366400.0
O2021_82_13_1_0024_00141812.tif,2021,82,82-13,1,0024,00141812,,9160,4000,3,uint8,0.1,-0.1,25832,504926.0,6240950.0,504926.0,6240550.0,505842.0,6240950.0,366400.0
O2021_82_13_1_0024_00141815.tif,2021,82,82-13,1,0024,00141815,,9150,3990,3,uint8,0.1,-0.1,25832,504923.0,6241258.0,504923.0,6240859.0,505838.0,6241258.0,365085.0
O2021_82_13_1_0025_00144209.tif,2021,82,82-13,1,0025,00144209,,9170,4000,3,uint8,0.1,-0.1,25832,505612.0,6241602.0,505612.0,6241202.0,506529.0,6241602.0,366800.0
O2021_82_13_1_0025_00144212.tif,2021,82,82-13,1,0025,00144212,,9170,4000,3,uint8,0.1,-0.1,25832,505612.0,6241294.0,505612.0,6240894.0,506529.0,6241294.0,366800.0
O2021_82_13_1_0025_00144215.tif,2021,82,82-13,1,0025,00144215,,9180,4000,3,uint8,0.1,-0.1,25832,505614.0,6240987.0,505614.0,6240587.0,506532.0,6240987.0,367200.0
O2021_82_13_1_0025_00144218.tif,2021,82,82-13,1,0025,00144218,,9170,4010,3,uint8,0.1,-0.1,25832,505618.0,6240678.0,505618.0,6240277.0,506535.0,6240678.0,367717.0
O2021_82_13_1_0025_00144221.tif,2021,82,82-13,1,0025,00144221,,9180,4010,3,uint8,0.1,-0.1,25832,505622.0,6240371.0,505622.0,6239970.0,506540.0,6240371.0,368118.0
O2021_82_13_1_0025_00144223.tif,2021,82,82-13,1,0025,00144223,,9180,4010,3,uint8,0.1,-0.1,25832,505626.0,6240063.0,505626.0,6239662.0,506544.0,6240063.0,368118.0
O2021_82_13_1_0025_00144226.tif,2021,82,82-13,1,0025,00144226,,9170,4000,3,uint8,0.1,-0.1,25832,505629.0,6239755.0,505629.0,6239355.0,506546.0,6239755.0,366800.0
O2021_82_13_1_0025_00144229.tif,2021,82,82-13,1,0025,00144229,,9160,4000,3,uint8,0.1,-0.1,25832,505630.0,6239446.0,505630.0,6239046.0,506546.0,6239446.0,366400.0
O2021_82_13_1_0025_00144232.tif,2021,82,82-13,1,0025,00144232,,9160,4000,3,uint8,0.1,-0.1,25832,505629.0,6239139.0,505629.0,6238739.0,506545.0,6239139.0,366400.0
O2021_82_13_1_0025_00144235.tif,2021,82,82-13,1,0025,00144235,,9160,6850,3,uint8,0.1,-0.1,25832,505627.0,6238973.0,505627.0,6238288.0,506543.0,6238973.0,627460.0
O2021_82_13_1_0025_00144241.tif,2021,82,82-13,1,0025,00144241,,9160,6850,3,uint8,0.1,-0.1,25832,505622.0,6238358.0,505622.0,6237673.0,506538.0,6238358.0,627460.0
O2021_82_13_1_0025_00144247.tif,2021,82,82-13,1,0025,00144247,,9170,6860,3,uint8,0.1,-0.1,25832,505619.0,6237743.0,505619.0,6237057.0,506536.0,6237743.0,629062.0
O2021_82_13_1_0026_00144908.tif,2021,82,82-13,1,0026,00144908,,9140,6830,3,uint8,0.1,-0.1,25832,506344.0,6237786.0,506344.0,6237103.0,507258.0,6237786.0,624262.0
O2021_82_13_1_0026_00144915.tif,2021,82,82-13,1,0026,00144915,,9130,6830,3,uint8,0.1,-0.1,25832,506339.0,6238404.0,506339.0,6237721.0,507252.0,6238404.0,623579.0
O2021_82_13_1_0026_00144921.tif,2021,82,82-13,1,0026,00144921,,9140,3990,3,uint8,0.1,-0.1,25832,506343.0,6238880.0,506343.0,6238481.0,507257.0,6238880.0,364686.0
O2021_82_13_1_0026_00144925.tif,2021,82,82-13,1,0026,00144925,,9140,3990,3,uint8,0.1,-0.1,25832,506344.0,6239189.0,506344.0,6238790.0,507258.0,6239189.0,364686.0
O2021_82_13_1_0026_00144928.tif,2021,82,82-13,1,0026,00144928,,9150,4000,3,uint8,0.1,-0.1,25832,506345.0,6239499.0,506345.0,6239099.0,507260.0,6239499.0,366000.0
O2021_82_13_1_0026_00144931.tif,2021,82,82-13,1,0026,00144931,,9140,3990,3,uint8,0.1,-0.1,25832,506347.0,6239808.0,506347.0,6239409.0,507261.0,6239808.0,364686.0
O2021_82_13_1_0026_00144935.tif,2021,82,82-13,1,0026,00144935,,9140,4000,3,uint8,0.1,-0.1,25832,506351.0,6240118.0,506351.0,6239718.0,507265.0,6240118.0,365600.0
O2021_82_13_1_0026_00144938.tif,2021,82,82-13,1,0026,00144938,,9150,3990,3,uint8,0.1,-0.1,25832,506356.0,6240426.0,506356.0,6240027.0,507271.0,6240426.0,365085.0
O2021_82_13_1_0026_00144941.tif,2021,82,82-13,1,0026,00144941,,9150,3990,3,uint8,0.1,-0.1,25832,506361.0,6240736.0,506361.0,6240337.0,507276.0,6240736.0,365085.0
O2021_82_13_1_0026_00144945.tif,2021,82,82-13,1,0026,00144945,,9140,3990,3,uint8,0.1,-0.1,25832,506365.0,6241045.0,506365.0,6240646.0,507279.0,6241045.0,364686.0
O2021_82_13_1_0026_00144948.tif,2021,82,82-13,1,0026,00144948,,9150,3990,3,uint8,0.1,-0.1,25832,506367.0,6241353.0,506367.0,6240954.0,507282.0,6241353.0,365085.0
O2021_82_16_1_0024_00004781_10cm.tif,2021,82,82-16,1,0024,00004781,_10cm,8440,3190,3,uint8,0.1,-0.1,25832,574760.0,6230861.0,574760.0,6230542.0,575604.0,6230861.0,269236.0
O2021_82_16_1_0024_00004782_10cm.tif,2021,82,82-16,1,0024,00004782,_10cm,8440,3180,3,uint8,0.1,-0.1,25832,574762.0,6231120.0,574762.0,6230802.0,575606.0,6231120.0,268392.0
O2021_82_16_1_0024_00004783_10cm.tif,2021,82,82-16,1,0024,00004783,_10cm,8440,3180,3,uint8,0.1,-0.1,25832,574765.0,6231378.0,574765.0,6231060.0,575609.0,6231378.0,268392.0
O2021_82_16_1_0025_00005217_10cm.tif,2021,82,82-16,1,0025,00005217,_10cm,8450,3200,3,uint8,0.1,-0.1,25832,575410.0,6231390.0,575410.0,6231070.0,576255.0,6231390.0,270400.0
O2021_82_16_1_0025_00005218_10cm.tif,2021,82,82-16,1,0025,00005218,_10cm,8460,3200,3,uint8,0.1,-0.1,25832,575413.0,6231131.0,575413.0,6230811.0,576259.0,6231131.0,270720.0
O2021_82_16_1_0025_00005219_10cm.tif,2021,82,82-16,1,0025,00005219,_10cm,8460,3200,3,uint8,0.1,-0.1,25832,575415.0,6230873.0,575415.0,6230553.0,576261.0,6230873.0,270720.0
O2021_82_16_1_0025_00005220_10cm.tif,2021,82,82-16,1,0025,00005220,_10cm,8470,3200,3,uint8,0.1,-0.1,25832,575412.0,6230615.0,575412.0,6230295.0,576259.0,6230615.0,271040.0
O2021_82_16_1_0026_00005227_10cm.tif,2021,82,82-16,1,0026,00005227,_10cm,8450,3200,3,uint8,0.1,-0.1,25832,576006.0,6230710.0,576006.0,6230390.0,576851.0,6230710.0,270400.0
O2021_82_16_1_0026_00005228_10cm.tif,2021,82,82-16,1,0026,00005228,_10cm,8450,3190,3,uint8,0.1,-0.1,25832,576005.0,6230968.0,576005.0,6230649.0,576850.0,6230968.0,269555.0
O2021_82_16_1_0026_00005229_10cm.tif,2021,82,82-16,1,0026,00005229,_10cm,8450,3200,3,uint8,0.1,-0.1,25832,576003.0,6231226.0,576003.0,6230906.0,576848.0,6231226.0,270400.0
O2021_82_16_1_0026_00005230_10cm.tif,2021,82,82-16,1,0026,00005230,_10cm,8450,3190,3,uint8,0.1,-0.1,25832,576003.0,6231484.0,576003.0,6231165.0,576848.0,6231484.0,269555.0
O2021_82_16_1_0027_00005667_10cm.tif,2021,82,82-16,1,0027,00005667,_10cm,8430,5500,3,uint8,0.1,-0.1,25832,576645.0,6230977.0,576645.0,6230427.0,577488.0,6230977.0,463650.0
O2021_82_16_1_0028_00005674_10cm.tif,2021,82,82-16,1,0028,00005674,_10cm,8460,5480,3,uint8,0.1,-0.1,25832,577252.0,6230432.0,577252.0,6229884.0,578098.0,6230432.0,463608.0
O2021_82_16_1_0028_00005676_10cm.tif,2021,82,82-16,1,0028,00005676,_10cm,8450,5510,3,uint8,0.1,-0.1,25832,577251.0,6230948.0,577251.0,6230397.0,578096.0,6230948.0,465595.0
O2021_82_16_1_0029_00006117_10cm.tif,2021,82,82-16,1,0029,00006117,_10cm,8440,5520,3,uint8,0.1,-0.1,25832,577887.0,6230320.0,577887.0,6229768.0,578731.0,6230320.0,465888.0
O2021_82_16_1_0030_00006122_10cm.tif,2021,82,82-16,1,0030,00006122,_10cm,8460,5510,3,uint8,0.1,-0.1,25832,578527.0,6230647.0,578527.0,6230096.0,579373.0,6230647.0,466146.0
O2021_82_19_1_0022_00005115.tif,2021,82,82-19,1,0022,00005115,,11000,7000,3,uint8,0.1,-0.1,25832,453795.0,6217535.0,453795.0,6216835.0,454895.0,6217535.0,770000.0
O2021_82_19_1_0022_00005116.tif,2021,82,82-19,1,0022,00005116,,11000,7000,3,uint8,0.1,-0.1,25832,453793.0,6217191.0,453793.0,6216491.0,454893.0,6217191.0,770000.0
O2021_82_19_1_0022_00005117.tif,2021,82,82-19,1,0022,00005117,,11000,7000,3,uint8,0.1,-0.1,25832,453794.0,6216842.0,453794.0,6216142.0,454894.0,6216842.0,770000.0
O2021_82_19_1_0022_00005118.tif,2021,82,82-19,1,0022,00005118,,11000,7000,3,uint8,0.1,-0.1,25832,453790.0,6216502.0,453790.0,6215802.0,454890.0,6216502.0,770000.0
O2021_82_19_1_0022_00005119.tif,2021,82,82-19,1,0022,00005119,,11000,7000,3,uint8,0.1,-0.1,25832,453793.0,6216147.0,453793.0,6215447.0,454893.0,6216147.0,770000.0
O2021_82_19_1_0022_00005120.tif,2021,82,82-19,1,0022,00005120,,11000,7000,3,uint8,0.1,-0.1,25832,453792.0,6215803.0,453792.0,6215103.0,454892.0,6215803.0,770000.0
O2021_82_19_1_0022_00005121.tif,2021,82,82-19,1,0022,00005121,,11000,7000,3,uint8,0.1,-0.1,25832,453787.0,6215467.0,453787.0,6214767.0,454887.0,6215467.0,770000.0
O2021_82_19_1_0022_00005122.tif,2021,82,82-19,1,0022,00005122,,11000,7000,3,uint8,0.1,-0.1,25832,453790.0,6215118.0,453790.0,6214418.0,454890.0,6215118.0,770000.0
O2021_82_19_1_0023_00005469.tif,2021,82,82-19,1,0023,00005469,,11000,7000,3,uint8,0.1,-0.1,25832,454659.0,6215164.0,454659.0,6214464.0,455759.0,6215164.0,770000.0
O2021_82_19_1_0023_00005470.tif,2021,82,82-19,1,0023,00005470,,11000,7000,3,uint8,0.1,-0.1,25832,454658.0,6215511.0,454658.0,6214811.0,455758.0,6215511.0,770000.0
O2021_82_19_1_0023_00005471.tif,2021,82,82-19,1,0023,00005471,,11000,7000,3,uint8,0.1,-0.1,25832,454662.0,6215852.0,454662.0,6215152.0,455762.0,6215852.0,770000.0
O2021_82_19_1_0023_00005472.tif,2021,82,82-19,1,0023,00005472,,11000,7000,3,uint8,0.1,-0.1,25832,454663.0,6216197.0,454663.0,6215497.0,455763.0,6216197.0,770000.0
O2021_82_19_1_0023_00005473.tif,2021,82,82-19,1,0023,00005473,,11000,7000,3,uint8,0.1,-0.1,25832,454660.0,6216545.0,454660.0,6215845.0,455760.0,6216545.0,770000.0
O2021_82_19_1_0023_00005474.tif,2021,82,82-19,1,0023,00005474,,11000,7000,3,uint8,0.1,-0.1,25832,454667.0,6216881.0,454667.0,6216181.0,455767.0,6216881.0,770000.0
O2021_82_19_1_0023_00005475.tif,2021,82,82-19,1,0023,00005475,,11000,7000,3,uint8,0.1,-0.1,25832,454665.0,6217235.0,454665.0,6216535.0,455765.0,6217235.0,770000.0
O2021_82_19_1_0023_00005476.tif,2021,82,82-19,1,0023,00005476,,11000,7000,3,uint8,0.1,-0.1,25832,454666.0,6217582.0,454666.0,6216882.0,455766.0,6217582.0,770000.0
O2021_82_19_1_0024_00005007.tif,2021,82,82-19,1,0024,00005007,,11000,7000,3,uint8,0.1,-0.1,25832,455410.0,6217536.0,455410.0,6216836.0,456510.0,6217536.0,770000.0
O2021_82_19_1_0024_00005008.tif,2021,82,82-19,1,0024,00005008,,11000,7000,3,uint8,0.1,-0.1,25832,455414.0,6217192.0,455414.0,6216492.0,456514.0,6217192.0,770000.0
O2021_82_19_1_0024_00005009.tif,2021,82,82-19,1,0024,00005009,,11000,7000,3,uint8,0.1,-0.1,25832,455413.0,6216846.0,455413.0,6216146.0,456513.0,6216846.0,770000.0
O2021_82_19_1_0024_00005010.tif,2021,82,82-19,1,0024,00005010,,11000,7000,3,uint8,0.1,-0.1,25832,455413.0,6216502.0,455413.0,6215802.0,456513.0,6216502.0,770000.0
O2021_82_19_1_0024_00005011.tif,2021,82,82-19,1,0024,00005011,,11000,7000,3,uint8,0.1,-0.1,25832,455415.0,6216154.0,455415.0,6215454.0,456515.0,6216154.0,770000.0
O2021_82_19_1_0024_00005012.tif,2021,82,82-19,1,0024,00005012,,11000,7000,3,uint8,0.1,-0.1,25832,455413.0,6215808.0,455413.0,6215108.0,456513.0,6215808.0,770000.0
O2021_82_19_1_0024_00005013.tif,2021,82,82-19,1,0024,00005013,,11000,7000,3,uint8,0.1,-0.1,25832,455406.0,6215471.0,455406.0,6214771.0,456506.0,6215471.0,770000.0
O2021_82_19_1_0024_00005014.tif,2021,82,82-19,1,0024,00005014,,11000,7000,3,uint8,0.1,-0.1,25832,455406.0,6215122.0,455406.0,6214422.0,456506.0,6215122.0,770000.0
O2021_82_20_1_0023_00004973.tif,2021,82,82-20,1,0023,00004973,,17000,12000,3,uint8,0.1,-0.1,25832,495339.0,6221908.0,495339.0,6220708.0,497039.0,6221908.0,2040000.0
O2021_82_20_1_0023_00004974.tif,2021,82,82-20,1,0023,00004974,,17000,12000,3,uint8,0.1,-0.1,25832,495340.0,6221377.0,495340.0,6220177.0,497040.0,6221377.0,2040000.0
O2021_82_20_1_0023_00004975.tif,2021,82,82-20,1,0023,00004975,,17000,12000,3,uint8,0.1,-0.1,25832,495337.0,6220845.0,495337.0,6219645.0,497037.0,6220845.0,2040000.0
O2021_82_20_1_0023_00004976.tif,2021,82,82-20,1,0023,00004976,,17000,12000,3,uint8,0.1,-0.1,25832,495336.0,6220312.0,495336.0,6219112.0,497036.0,6220312.0,2040000.0
O2021_82_20_1_0024_00005077.tif,2021,82,82-20,1,0024,00005077,,17000,12000,3,uint8,0.1,-0.1,25832,496660.0,6220338.0,496660.0,6219138.0,498360.0,6220338.0,2040000.0
O2021_82_20_1_0024_00005078.tif,2021,82,82-20,1,0024,00005078,,17000,12000,3,uint8,0.1,-0.1,25832,496658.0,6220867.0,496658.0,6219667.0,498358.0,6220867.0,2040000.0
O2021_82_20_1_0024_00005079.tif,2021,82,82-20,1,0024,00005079,,17000,12000,3,uint8,0.1,-0.1,25832,496659.0,6221399.0,496659.0,6220199.0,498359.0,6221399.0,2040000.0
O2021_82_20_1_0024_00005080.tif,2021,82,82-20,1,0024,00005080,,17000,12000,3,uint8,0.1,-0.1,25832,496658.0,6221931.0,496658.0,6220731.0,498358.0,6221931.0,2040000.0
O2021_82_21_1_0004_00002039.tif,2021,82,82-21,1,0004,00002039,,17000,12000,3,uint8,0.1,-0.1,25832,495683.0,6220384.0,495683.0,6219184.0,497383.0,6220384.0,2040000.0
O2021_82_21_1_0004_00002040.tif,2021,82,82-21,1,0004,00002040,,17000,12000,3,uint8,0.1,-0.1,25832,495692.0,6220866.0,495692.0,6219666.0,497392.0,6220866.0,2040000.0
O2021_82_21_1_0004_00002041.tif,2021,82,82-21,1,0004,00002041,,17000,12000,3,uint8,0.1,-0.1,25832,495692.0,6221350.0,495692.0,6220150.0,497392.0,6221350.0,2040000.0
O2021_82_21_1_0005_00001868.tif,2021,82,82-21,1,0005,00001868,,17000,12000,3,uint8,0.1,-0.1,25832,496820.0,6220855.0,496820.0,6219655.0,498520.0,6220855.0,2040000.0
O2021_82_21_1_0005_00001869.tif,2021,82,82-21,1,0005,00001869,,17000,11000,3,uint8,0.1,-0.1,25832,496819.0,6220281.0,496819.0,6219181.0,498519.0,6220281.0,1870000.0
O2021_82_21_1_0006_00001810.tif,2021,82,82-21,1,0006,00001810,,17000,12000,3,uint8,0.1,-0.1,25832,498108.0,6220373.0,498108.0,6219173.0,499808.0,6220373.0,2040000.0
O2021_82_21_1_0006_00001811.tif,2021,82,82-21,1,0006,00001811,,17000,11000,3,uint8,0.1,-0.1,25832,498112.0,6220848.0,498112.0,6219748.0,499812.0,6220848.0,1870000.0
O2021_82_21_1_0006_00001812.tif,2021,82,82-21,1,0006,00001812,,17000,11000,3,uint8,0.1,-0.1,25832,498123.0,6221330.0,498123.0,6220230.0,499823.0,6221330.0,1870000.0
O2021_82_21_1_0006_00001813.tif,2021,82,82-21,1,0006,00001813,,17000,11000,3,uint8,0.1,-0.1,25832,498139.0,6221800.0,498139.0,6220700.0,499839.0,6221800.0,1870000.0
O2021_82_22_1_0029_00002076.tif,2021,82,82-22,1,0029,00002076,,9000,7000,3,uint8,0.1,-0.1,25832,528497.0,6222016.0,528497.0,6221316.0,529397.0,6222016.0,630000.0
O2021_82_22_1_0029_00002077.tif,2021,82,82-22,1,0029,00002077,,9000,7000,3,uint8,0.1,-0.1,25832,528499.0,6222168.0,528499.0,6221468.0,529399.0,6222168.0,630000.0
O2021_82_22_1_0029_00002078.tif,2021,82,82-22,1,0029,00002078,,9000,7000,3,uint8,0.1,-0.1,25832,528499.0,6222323.0,528499.0,6221623.0,529399.0,6222323.0,630000.0
O2021_82_22_1_0029_00002079.tif,2021,82,82-22,1,0029,00002079,,9000,7000,3,uint8,0.1,-0.1,25832,528500.0,6222476.0,528500.0,6221776.0,529400.0,6222476.0,630000.0
O2021_82_22_1_0029_00002080.tif,2021,82,82-22,1,0029,00002080,,9000,7000,3,uint8,0.1,-0.1,25832,528500.0,6222630.0,528500.0,6221930.0,529400.0,6222630.0,630000.0
O2021_82_22_1_0029_00002081.tif,2021,82,82-22,1,0029,00002081,,9000,7000,3,uint8,0.1,-0.1,25832,528494.0,6222782.0,528494.0,6222082.0,529394.0,6222782.0,630000.0
O2021_82_22_1_0029_00002082.tif,2021,82,82-22,1,0029,00002082,,9000,7000,3,uint8,0.1,-0.1,25832,528492.0,6222936.0,528492.0,6222236.0,529392.0,6222936.0,630000.0
O2021_82_22_1_0029_00002083.tif,2021,82,82-22,1,0029,00002083,,9000,7000,3,uint8,0.1,-0.1,25832,528492.0,6223091.0,528492.0,6222391.0,529392.0,6223091.0,630000.0
O2021_82_22_1_0029_00002084.tif,2021,82,82-22,1,0029,00002084,,9000,7000,3,uint8,0.1,-0.1,25832,528491.0,6223246.0,528491.0,6222546.0,529391.0,6223246.0,630000.0
O2021_82_22_1_0029_00002085.tif,2021,82,82-22,1,0029,00002085,,9000,7000,3,uint8,0.1,-0.1,25832,528490.0,6223400.0,528490.0,6222700.0,529390.0,6223400.0,630000.0
O2021_82_22_1_0029_00002086.tif,2021,82,82-22,1,0029,00002086,,9000,7000,3,uint8,0.1,-0.1,25832,528491.0,6223554.0,528491.0,6222854.0,529391.0,6223554.0,630000.0
O2021_82_22_1_0029_00002087.tif,2021,82,82-22,1,0029,00002087,,9000,7000,3,uint8,0.1,-0.1,25832,528488.0,6223709.0,528488.0,6223009.0,529388.0,6223709.0,630000.0
O2021_82_22_1_0030_00000253.tif,2021,82,82-22,1,0030,00000253,,9000,7000,3,uint8,0.1,-0.1,25832,529089.0,6221862.0,529089.0,6221162.0,529989.0,6221862.0,630000.0
O2021_82_22_1_0030_00000254.tif,2021,82,82-22,1,0030,00000254,,9000,7000,3,uint8,0.1,-0.1,25832,529092.0,6222016.0,529092.0,6221316.0,529992.0,6222016.0,630000.0
O2021_82_22_1_0030_00000255.tif,2021,82,82-22,1,0030,00000255,,9000,7000,3,uint8,0.1,-0.1,25832,529096.0,6222171.0,529096.0,6221471.0,529996.0,6222171.0,630000.0
O2021_82_22_1_0030_00000256.tif,2021,82,82-22,1,0030,00000256,,9000,7000,3,uint8,0.1,-0.1,25832,529096.0,6222324.0,529096.0,6221624.0,529996.0,6222324.0,630000.0
O2021_82_22_1_0030_00000257.tif,2021,82,82-22,1,0030,00000257,,9000,7000,3,uint8,0.1,-0.1,25832,529101.0,6222478.0,529101.0,6221778.0,530001.0,6222478.0,630000.0
O2021_82_22_1_0030_00000258.tif,2021,82,82-22,1,0030,00000258,,9000,7000,3,uint8,0.1,-0.1,25832,529099.0,6222634.0,529099.0,6221934.0,529999.0,6222634.0,630000.0
O2021_82_22_1_0030_00000259.tif,2021,82,82-22,1,0030,00000259,,9000,7000,3,uint8,0.1,-0.1,25832,529101.0,6222788.0,529101.0,6222088.0,530001.0,6222788.0,630000.0
O2021_82_22_1_0030_00000260.tif,2021,82,82-22,1,0030,00000260,,9000,7000,3,uint8,0.1,-0.1,25832,529098.0,6222941.0,529098.0,6222241.0,529998.0,6222941.0,630000.0
O2021_82_22_1_0030_00000261.tif,2021,82,82-22,1,0030,00000261,,9000,7000,3,uint8,0.1,-0.1,25832,529099.0,6223097.0,529099.0,6222397.0,529999.0,6223097.0,630000.0
O2021_82_22_1_0030_00000262.tif,2021,82,82-22,1,0030,00000262,,9000,7000,3,uint8,0.1,-0.1,25832,529101.0,6223252.0,529101.0,6222552.0,530001.0,6223252.0,630000.0
O2021_82_22_1_0030_00000263.tif,2021,82,82-22,1,0030,00000263,,9000,7000,3,uint8,0.1,-0.1,25832,529096.0,6223405.0,529096.0,6222705.0,529996.0,6223405.0,630000.0
O2021_82_22_1_0030_00000264.tif,2021,82,82-22,1,0030,00000264,,9000,7000,3,uint8,0.1,-0.1,25832,529096.0,6223559.0,529096.0,6222859.0,529996.0,6223559.0,630000.0
O2021_82_22_1_0031_00000381.tif,2021,82,82-22,1,0031,00000381,,9000,7000,3,uint8,0.1,-0.1,25832,529762.0,6223896.0,529762.0,6223196.0,530662.0,6223896.0,630000.0
O2021_82_22_1_0031_00000382.tif,2021,82,82-22,1,0031,00000382,,9000,7000,3,uint8,0.1,-0.1,25832,529765.0,6223742.0,529765.0,6223042.0,530665.0,6223742.0,630000.0
O2021_82_22_1_0031_00000383.tif,2021,82,82-22,1,0031,00000383,,9000,7000,3,uint8,0.1,-0.1,25832,529763.0,6223588.0,529763.0,6222888.0,530663.0,6223588.0,630000.0
O2021_82_22_1_0031_00000384.tif,2021,82,82-22,1,0031,00000384,,9000,7000,3,uint8,0.1,-0.1,25832,529765.0,6223432.0,529765.0,6222732.0,530665.0,6223432.0,630000.0
O2021_82_22_1_0031_00000385.tif,2021,82,82-22,1,0031,00000385,,9000,7000,3,uint8,0.1,-0.1,25832,529764.0,6223279.0,529764.0,6222579.0,530664.0,6223279.0,630000.0
O2021_82_22_1_0031_00000386.tif,2021,82,82-22,1,0031,00000386,,9000,7000,3,uint8,0.1,-0.1,25832,529760.0,6223124.0,529760.0,6222424.0,530660.0,6223124.0,630000.0
O2021_82_22_1_0031_00000387.tif,2021,82,82-22,1,0031,00000387,,9000,7000,3,uint8,0.1,-0.1,25832,529761.0,6222970.0,529761.0,6222270.0,530661.0,6222970.0,630000.0
O2021_82_22_1_0031_00000389.tif,2021,82,82-22,1,0031,00000389,,9000,7000,3,uint8,0.1,-0.1,25832,529757.0,6222660.0,529757.0,6221960.0,530657.0,6222660.0,630000.0
O2021_82_22_1_0031_00000390.tif,2021,82,82-22,1,0031,00000390,,9000,7000,3,uint8,0.1,-0.1,25832,529756.0,6222506.0,529756.0,6221806.0,530656.0,6222506.0,630000.0
O2021_82_22_1_0031_00000391.tif,2021,82,82-22,1,0031,00000391,,9000,7000,3,uint8,0.1,-0.1,25832,529756.0,6222352.0,529756.0,6221652.0,530656.0,6222352.0,630000.0
O2021_82_22_1_0031_00000392.tif,2021,82,82-22,1,0031,00000392,,9000,7000,3,uint8,0.1,-0.1,25832,529758.0,6222199.0,529758.0,6221499.0,530658.0,6222199.0,630000.0
O2021_82_22_1_0032_00000904.tif,2021,82,82-22,1,0032,00000904,,9000,7000,3,uint8,0.1,-0.1,25832,530285.0,6222014.0,530285.0,6221314.0,531185.0,6222014.0,630000.0
O2021_82_22_1_0032_00000905.tif,2021,82,82-22,1,0032,00000905,,9000,7000,3,uint8,0.1,-0.1,25832,530284.0,6222168.0,530284.0,6221468.0,531184.0,6222168.0,630000.0
O2021_82_22_1_0032_00000906.tif,2021,82,82-22,1,0032,00000906,,9000,7000,3,uint8,0.1,-0.1,25832,530284.0,6222323.0,530284.0,6221623.0,531184.0,6222323.0,630000.0
O2021_82_22_1_0032_00000907.tif,2021,82,82-22,1,0032,00000907,,9000,7000,3,uint8,0.1,-0.1,25832,530283.0,6222477.0,530283.0,6221777.0,531183.0,6222477.0,630000.0
O2021_82_22_1_0032_00000908.tif,2021,82,82-22,1,0032,00000908,,9000,7000,3,uint8,0.1,-0.1,25832,530283.0,6222631.0,530283.0,6221931.0,531183.0,6222631.0,630000.0
O2021_82_22_1_0032_00000909.tif,2021,82,82-22,1,0032,00000909,,9000,7000,3,uint8,0.1,-0.1,25832,530282.0,6222785.0,530282.0,6222085.0,531182.0,6222785.0,630000.0
O2021_82_22_1_0032_00000911.tif,2021,82,82-22,1,0032,00000911,,9000,7000,3,uint8,0.1,-0.1,25832,530281.0,6223093.0,530281.0,6222393.0,531181.0,6223093.0,630000.0
O2021_82_22_1_0032_00000913.tif,2021,82,82-22,1,0032,00000913,,9000,7000,3,uint8,0.1,-0.1,25832,530280.0,6223401.0,530280.0,6222701.0,531180.0,6223401.0,630000.0
O2021_82_22_1_0032_00000914.tif,2021,82,82-22,1,0032,00000914,,9000,7000,3,uint8,0.1,-0.1,25832,530282.0,6223556.0,530282.0,6222856.0,531182.0,6223556.0,630000.0
O2021_82_22_1_0032_00000915.tif,2021,82,82-22,1,0032,00000915,,9000,7000,3,uint8,0.1,-0.1,25832,530281.0,6223711.0,530281.0,6223011.0,531181.0,6223711.0,630000.0
O2021_82_22_1_0033_00001032.tif,2021,82,82-22,1,0033,00001032,,9000,7000,3,uint8,0.1,-0.1,25832,530948.0,6223740.0,530948.0,6223040.0,531848.0,6223740.0,630000.0
O2021_82_22_1_0033_00001033.tif,2021,82,82-22,1,0033,00001033,,9000,7000,3,uint8,0.1,-0.1,25832,530950.0,6223587.0,530950.0,6222887.0,531850.0,6223587.0,630000.0
O2021_82_22_1_0033_00001034.tif,2021,82,82-22,1,0033,00001034,,9000,7000,3,uint8,0.1,-0.1,25832,530949.0,6223432.0,530949.0,6222732.0,531849.0,6223432.0,630000.0
O2021_82_22_1_0033_00001035.tif,2021,82,82-22,1,0033,00001035,,9000,7000,3,uint8,0.1,-0.1,25832,530949.0,6223278.0,530949.0,6222578.0,531849.0,6223278.0,630000.0
O2021_82_22_1_0033_00001036.tif,2021,82,82-22,1,0033,00001036,,9000,7000,3,uint8,0.1,-0.1,25832,530950.0,6223125.0,530950.0,6222425.0,531850.0,6223125.0,630000.0
O2021_82_22_1_0033_00001037.tif,2021,82,82-22,1,0033,00001037,,9000,7000,3,uint8,0.1,-0.1,25832,530949.0,6222970.0,530949.0,6222270.0,531849.0,6222970.0,630000.0
O2021_82_22_1_0033_00001038.tif,2021,82,82-22,1,0033,00001038,,9000,7000,3,uint8,0.1,-0.1,25832,530951.0,6222817.0,530951.0,6222117.0,531851.0,6222817.0,630000.0
O2021_82_22_1_0033_00001039.tif,2021,82,82-22,1,0033,00001039,,9000,7000,3,uint8,0.1,-0.1,25832,530951.0,6222662.0,530951.0,6221962.0,531851.0,6222662.0,630000.0
O2021_82_22_1_0033_00001040.tif,2021,82,82-22,1,0033,00001040,,9000,7000,3,uint8,0.1,-0.1,25832,530952.0,6222508.0,530952.0,6221808.0,531852.0,6222508.0,630000.0
O2021_82_22_1_0033_00001041.tif,2021,82,82-22,1,0033,00001041,,9000,7000,3,uint8,0.1,-0.1,25832,530952.0,6222355.0,530952.0,6221655.0,531852.0,6222355.0,630000.0
O2021_82_22_1_0033_00001042.tif,2021,82,82-22,1,0033,00001042,,9000,7000,3,uint8,0.1,-0.1,25832,530953.0,6222199.0,530953.0,6221499.0,531853.0,6222199.0,630000.0
O2021_82_22_1_0033_00001043.tif,2021,82,82-22,1,0033,00001043,,9000,7000,3,uint8,0.1,-0.1,25832,530953.0,6222046.0,530953.0,6221346.0,531853.0,6222046.0,630000.0
O2021_82_24_1_0019_00004349.tif,2021,82,82-24,1,0019,00004349,,9000,5000,3,uint8,0.1,-0.1,25832,573103.0,6225135.0,573103.0,6224635.0,574003.0,6225135.0,450000.0
O2021_82_24_1_0019_00004350.tif,2021,82,82-24,1,0019,00004350,,9000,5000,3,uint8,0.1,-0.1,25832,573099.0,6224885.0,573099.0,6224385.0,573999.0,6224885.0,450000.0
O2021_82_24_1_0019_00004351.tif,2021,82,82-24,1,0019,00004351,,9000,5000,3,uint8,0.1,-0.1,25832,573105.0,6224622.0,573105.0,6224122.0,574005.0,6224622.0,450000.0
O2021_82_24_1_0019_00004352.tif,2021,82,82-24,1,0019,00004352,,8000,5000,3,uint8,0.1,-0.1,25832,573112.0,6224345.0,573112.0,6223845.0,573912.0,6224345.0,400000.0
O2021_82_24_1_0019_00008424.tif,2021,82,82-24,1,0019,00008424,,8000,5000,3,uint8,0.1,-0.1,25832,573196.0,6225441.0,573196.0,6224941.0,573996.0,6225441.0,400000.0
O2021_82_24_1_0020_00004286.tif,2021,82,82-24,1,0020,00004286,,9000,5000,3,uint8,0.1,-0.1,25832,573729.0,6224142.0,573729.0,6223642.0,574629.0,6224142.0,450000.0
O2021_82_24_1_0020_00004287.tif,2021,82,82-24,1,0020,00004287,,8000,6000,3,uint8,0.1,-0.1,25832,573807.0,6224425.0,573807.0,6223825.0,574607.0,6224425.0,480000.0
O2021_82_24_1_0020_00004288.tif,2021,82,82-24,1,0020,00004288,,8000,6000,3,uint8,0.1,-0.1,25832,573806.0,6224689.0,573806.0,6224089.0,574606.0,6224689.0,480000.0
O2021_82_24_1_0020_00004289.tif,2021,82,82-24,1,0020,00004289,,8000,5000,3,uint8,0.1,-0.1,25832,573816.0,6224935.0,573816.0,6224435.0,574616.0,6224935.0,400000.0
O2021_82_24_1_0020_00004290.tif,2021,82,82-24,1,0020,00004290,,8000,5000,3,uint8,0.1,-0.1,25832,573811.0,6225186.0,573811.0,6224686.0,574611.0,6225186.0,400000.0
O2021_82_24_1_0021_00002042_10cm.tif,2021,82,82-24,1,0021,00002042,_10cm,8890,3360,3,uint8,0.1,-0.1,25832,574321.0,6223295.0,574321.0,6222959.0,575210.0,6223295.0,298704.0
O2021_82_24_1_0021_00002045.tif,2021,82,82-24,1,0021,00002045,,9000,5000,3,uint8,0.1,-0.1,25832,574316.0,6224187.0,574316.0,6223687.0,575216.0,6224187.0,450000.0
O2021_82_24_1_0021_00002046.tif,2021,82,82-24,1,0021,00002046,,9000,5000,3,uint8,0.1,-0.1,25832,574324.0,6224445.0,574324.0,6223945.0,575224.0,6224445.0,450000.0
O2021_82_24_1_0021_00002047.tif,2021,82,82-24,1,0021,00002047,,8000,5000,3,uint8,0.1,-0.1,25832,574431.0,6224708.0,574431.0,6224208.0,575231.0,6224708.0,400000.0
O2021_82_24_1_0021_00002048.tif,2021,82,82-24,1,0021,00002048,,8000,5000,3,uint8,0.1,-0.1,25832,574436.0,6224973.0,574436.0,6224473.0,575236.0,6224973.0,400000.0
O2021_82_24_1_0021_00002049.tif,2021,82,82-24,1,0021,00002049,,8000,5000,3,uint8,0.1,-0.1,25832,574434.0,6225232.0,574434.0,6224732.0,575234.0,6225232.0,400000.0
O2021_82_24_1_0021_00002050.tif,2021,82,82-24,1,0021,00002050,,8000,5000,3,uint8,0.1,-0.1,25832,574424.0,6225498.0,574424.0,6224998.0,575224.0,6225498.0,400000.0
O2021_82_24_1_0022_00001737_10cm.tif,2021,82,82-24,1,0022,00001737,_10cm,8820,3310,3,uint8,0.1,-0.1,25832,574990.0,6231493.0,574990.0,6231162.0,575872.0,6231493.0,291942.0
O2021_82_24_1_0022_00001738_10cm.tif,2021,82,82-24,1,0022,00001738,_10cm,8850,3340,3,uint8,0.1,-0.1,25832,574989.0,6231230.0,574989.0,6230896.0,575874.0,6231230.0,295590.0
O2021_82_24_1_0022_00001739_10cm.tif,2021,82,82-24,1,0022,00001739,_10cm,8880,3390,3,uint8,0.1,-0.1,25832,574986.0,6230967.0,574986.0,6230628.0,575874.0,6230967.0,301032.0
O2021_82_24_1_0022_00001740_10cm.tif,2021,82,82-24,1,0022,00001740,_10cm,8890,3430,3,uint8,0.1,-0.1,25832,574984.0,6230706.0,574984.0,6230363.0,575873.0,6230706.0,304927.0
O2021_82_24_1_0022_00001745_10cm.tif,2021,82,82-24,1,0022,00001745,_10cm,8880,3390,3,uint8,0.1,-0.1,25832,574970.0,6229399.0,574970.0,6229060.0,575858.0,6229399.0,301032.0
O2021_82_24_1_0022_00001746_10cm.tif,2021,82,82-24,1,0022,00001746,_10cm,8850,3330,3,uint8,0.1,-0.1,25832,574969.0,6229139.0,574969.0,6228806.0,575854.0,6229139.0,294705.0
O2021_82_24_1_0022_00001747_10cm.tif,2021,82,82-24,1,0022,00001747,_10cm,8880,3440,3,uint8,0.1,-0.1,25832,574966.0,6228892.0,574966.0,6228548.0,575854.0,6228892.0,305472.0
O2021_82_24_1_0022_00001748_10cm.tif,2021,82,82-24,1,0022,00001748,_10cm,8850,3370,3,uint8,0.1,-0.1,25832,574970.0,6228633.0,574970.0,6228296.0,575855.0,6228633.0,298245.0
O2021_82_24_1_0022_00001749_10cm.tif,2021,82,82-24,1,0022,00001749,_10cm,8860,3360,3,uint8,0.1,-0.1,25832,574969.0,6228379.0,574969.0,6228043.0,575855.0,6228379.0,297696.0
O2021_82_24_1_0022_00001761.tif,2021,82,82-24,1,0022,00001761,,8000,5000,3,uint8,0.1,-0.1,25832,574972.0,6225400.0,574972.0,6224900.0,575772.0,6225400.0,400000.0
O2021_82_24_1_0022_00001762.tif,2021,82,82-24,1,0022,00001762,,8000,5000,3,uint8,0.1,-0.1,25832,574968.0,6225147.0,574968.0,6224647.0,575768.0,6225147.0,400000.0
O2021_82_24_1_0022_00001763.tif,2021,82,82-24,1,0022,00001763,,8000,5000,3,uint8,0.1,-0.1,25832,574969.0,6224881.0,574969.0,6224381.0,575769.0,6224881.0,400000.0
O2021_82_24_1_0022_00001765.tif,2021,82,82-24,1,0022,00001765,,8000,5000,3,uint8,0.1,-0.1,25832,574969.0,6224357.0,574969.0,6223857.0,575769.0,6224357.0,400000.0
O2021_82_24_1_0022_00001765_cirO2021_82_24_1_0022_00001765.tif,2021,82,82-24,1,0022,00001765,_cirO2021_82_24_1_0022_00001765,8000,5000,3,uint8,0.1,-0.1,25832,574969.0,6224357.0,574969.0,6223857.0,575769.0,6224357.0,400000.0
O2021_82_24_1_0022_00001766.tif,2021,82,82-24,1,0022,00001766,,8000,5000,3,uint8,0.1,-0.1,25832,574968.0,6224095.0,574968.0,6223595.0,575768.0,6224095.0,400000.0
O2021_82_24_1_0023_00001713_10cm.tif,2021,82,82-24,1,0023,00001713,_10cm,8860,3370,3,uint8,0.1,-0.1,25832,575587.0,6227387.0,575587.0,6227050.0,576473.0,6227387.0,298582.0
O2021_82_24_1_0023_00001714_10cm.tif,2021,82,82-24,1,0023,00001714,_10cm,8850,3360,3,uint8,0.1,-0.1,25832,575588.0,6227638.0,575588.0,6227302.0,576473.0,6227638.0,297360.0
O2021_82_24_1_0023_00001715_10cm.tif,2021,82,82-24,1,0023,00001715,_10cm,8830,3330,3,uint8,0.1,-0.1,25832,575587.0,6227891.0,575587.0,6227558.0,576470.0,6227891.0,294039.0
O2021_82_24_1_0023_00001716_10cm.tif,2021,82,82-24,1,0023,00001716,_10cm,8820,3300,3,uint8,0.1,-0.1,25832,575587.0,6228143.0,575587.0,6227813.0,576469.0,6228143.0,291060.0
O2021_82_24_1_0023_00001717_10cm.tif,2021,82,82-24,1,0023,00001717,_10cm,8840,3350,3,uint8,0.1,-0.1,25832,575585.0,6228403.0,575585.0,6228068.0,576469.0,6228403.0,296140.0
O2021_82_24_1_0023_00001718_10cm.tif,2021,82,82-24,1,0023,00001718,_10cm,8850,3350,3,uint8,0.1,-0.1,25832,575584.0,6228656.0,575584.0,6228321.0,576469.0,6228656.0,296475.0
O2021_82_24_1_0023_00001719_10cm.tif,2021,82,82-24,1,0023,00001719,_10cm,8860,3320,3,uint8,0.1,-0.1,25832,575582.0,6228909.0,575582.0,6228577.0,576468.0,6228909.0,294152.0
O2021_82_24_1_0023_00001720_10cm.tif,2021,82,82-24,1,0023,00001720,_10cm,8890,3360,3,uint8,0.1,-0.1,25832,575579.0,6229167.0,575579.0,6228831.0,576468.0,6229167.0,298704.0
O2021_82_24_1_0023_00001726_10cm.tif,2021,82,82-24,1,0023,00001726,_10cm,8870,3420,3,uint8,0.1,-0.1,25832,575576.0,6230732.0,575576.0,6230390.0,576463.0,6230732.0,303354.0
O2021_82_24_1_0023_00001727_10cm.tif,2021,82,82-24,1,0023,00001727,_10cm,8880,3400,3,uint8,0.1,-0.1,25832,575576.0,6230996.0,575576.0,6230656.0,576464.0,6230996.0,301920.0
O2021_82_24_1_0023_00001728_10cm.tif,2021,82,82-24,1,0023,00001728,_10cm,8870,3370,3,uint8,0.1,-0.1,25832,575578.0,6231257.0,575578.0,6230920.0,576465.0,6231257.0,298919.0
O2021_82_24_1_0023_00001729_10cm.tif,2021,82,82-24,1,0023,00001729,_10cm,8860,3330,3,uint8,0.1,-0.1,25832,575579.0,6231518.0,575579.0,6231185.0,576465.0,6231518.0,295038.0
O2021_82_24_1_0024_00005670_10cm.tif,2021,82,82-24,1,0024,00005670,_10cm,8900,3500,3,uint8,0.1,-0.1,25832,576206.0,6227173.0,576206.0,6226823.0,577096.0,6227173.0,311500.0
O2021_82_24_1_0024_00005671_10cm.tif,2021,82,82-24,1,0024,00005671,_10cm,8820,3350,3,uint8,0.1,-0.1,25832,576212.0,6227421.0,576212.0,6227086.0,577094.0,6227421.0,295470.0
O2021_82_24_1_0024_00005672_10cm.tif,2021,82,82-24,1,0024,00005672,_10cm,8800,3320,3,uint8,0.1,-0.1,25832,576215.0,6227675.0,576215.0,6227343.0,577095.0,6227675.0,292160.0
O2021_82_24_1_0024_00005673_10cm.tif,2021,82,82-24,1,0024,00005673,_10cm,8830,3370,3,uint8,0.1,-0.1,25832,576211.0,6227933.0,576211.0,6227596.0,577094.0,6227933.0,297571.0
O2021_82_24_1_0024_00005674_10cm.tif,2021,82,82-24,1,0024,00005674,_10cm,8870,3420,3,uint8,0.1,-0.1,25832,576211.0,6228191.0,576211.0,6227849.0,577098.0,6228191.0,303354.0
O2021_82_24_1_0024_00005675_10cm.tif,2021,82,82-24,1,0024,00005675,_10cm,8910,3480,3,uint8,0.1,-0.1,25832,576216.0,6228451.0,576216.0,6228103.0,577107.0,6228451.0,310068.0
O2021_82_24_1_0024_00005676_10cm.tif,2021,82,82-24,1,0024,00005676,_10cm,8890,3330,3,uint8,0.1,-0.1,25832,576215.0,6228700.0,576215.0,6228367.0,577104.0,6228700.0,296037.0
O2021_82_24_1_0024_00005677_10cm.tif,2021,82,82-24,1,0024,00005677,_10cm,8980,3540,3,uint8,0.1,-0.1,25832,576213.0,6228969.0,576213.0,6228615.0,577111.0,6228969.0,317892.0
O2021_82_24_1_0024_00005684_10cm.tif,2021,82,82-24,1,0024,00005684,_10cm,8940,3510,3,uint8,0.1,-0.1,25832,576216.0,6230791.0,576216.0,6230440.0,577110.0,6230791.0,313794.0
O2021_82_24_1_0024_00005685_10cm.tif,2021,82,82-24,1,0024,00005685,_10cm,8900,3410,3,uint8,0.1,-0.1,25832,576220.0,6231050.0,576220.0,6230709.0,577110.0,6231050.0,303490.0
O2021_82_24_1_0024_00005686_10cm.tif,2021,82,82-24,1,0024,00005686,_10cm,8910,3450,3,uint8,0.1,-0.1,25832,576217.0,6231317.0,576217.0,6230972.0,577108.0,6231317.0,307395.0
O2021_82_24_1_0024_00005687_10cm.tif,2021,82,82-24,1,0024,00005687,_10cm,8920,3490,3,uint8,0.1,-0.1,25832,576210.0,6231582.0,576210.0,6231233.0,577102.0,6231582.0,311308.0
O2021_82_24_1_0025_00001380_10cm.tif,2021,82,82-24,1,0025,00001380,_10cm,8780,3310,3,uint8,0.1,-0.1,25832,576832.0,6227587.0,576832.0,6227256.0,577710.0,6227587.0,290618.0
O2021_82_24_1_0025_00001381_10cm.tif,2021,82,82-24,1,0025,00001381,_10cm,8800,3350,3,uint8,0.1,-0.1,25832,576829.0,6227849.0,576829.0,6227514.0,577709.0,6227849.0,294800.0
O2021_82_24_1_0025_00001382_10cm.tif,2021,82,82-24,1,0025,00001382,_10cm,8790,3300,3,uint8,0.1,-0.1,25832,576828.0,6228108.0,576828.0,6227778.0,577707.0,6228108.0,290070.0
O2021_83_25_1_0014_00002829.tif,2021,83,83-25,1,0014,00002829,,10950,7030,3,uint8,0.1,-0.1,25832,451052.0,6161853.0,451052.0,6161150.0,452147.0,6161853.0,769785.0
O2021_83_25_1_0014_00002830.tif,2021,83,83-25,1,0014,00002830,,10980,7080,3,uint8,0.1,-0.1,25832,451054.0,6161523.0,451054.0,6160815.0,452152.0,6161523.0,777384.0
O2021_83_25_1_0014_00003760.tif,2021,83,83-25,1,0014,00003760,,11030,7100,3,uint8,0.1,-0.1,25832,451033.0,6162558.0,451033.0,6161848.0,452136.0,6162558.0,783130.0
O2021_83_25_1_0014_00003762.tif,2021,83,83-25,1,0014,00003762,,11020,7100,3,uint8,0.1,-0.1,25832,451032.0,6163225.0,451032.0,6162515.0,452134.0,6163225.0,782420.0
O2021_83_25_1_0015_00002815.tif,2021,83,83-25,1,0015,00002815,,11020,7100,3,uint8,0.1,-0.1,25832,451910.0,6161435.0,451910.0,6160725.0,453012.0,6161435.0,782420.0
O2021_83_25_1_0015_00002817.tif,2021,83,83-25,1,0015,00002817,,11020,7090,3,uint8,0.1,-0.1,25832,451916.0,6162106.0,451916.0,6161397.0,453018.0,6162106.0,781318.0
O2021_83_25_1_0015_00003909.tif,2021,83,83-25,1,0015,00003909,,11030,4130,3,uint8,0.1,-0.1,25832,451916.0,6163274.0,451916.0,6162861.0,453019.0,6163274.0,455539.0
O2021_83_25_1_0015_00003910.tif,2021,83,83-25,1,0015,00003910,,11030,4130,3,uint8,0.1,-0.1,25832,451920.0,6162939.0,451920.0,6162526.0,453023.0,6162939.0,455539.0
O2021_83_25_1_0015_00003911.tif,2021,83,83-25,1,0015,00003911,,11030,4130,3,uint8,0.1,-0.1,25832,451923.0,6162601.0,451923.0,6162188.0,453026.0,6162601.0,455539.0
O2021_83_25_1_0015_00003912.tif,2021,83,83-25,1,0015,00003912,,11040,4140,3,uint8,0.1,-0.1,25832,451924.0,6162265.0,451924.0,6161851.0,453028.0,6162265.0,457056.0
O2021_83_25_1_0016_00002730.tif,2021,83,83-25,1,0016,00002730,,11040,7130,3,uint8,0.1,-0.1,25832,452784.0,6163212.0,452784.0,6162499.0,453888.0,6163212.0,787152.0
O2021_83_25_1_0016_00002732.tif,2021,83,83-25,1,0016,00002732,,11070,7130,3,uint8,0.1,-0.1,25832,452778.0,6162540.0,452778.0,6161827.0,453885.0,6162540.0,789291.0
O2021_83_25_1_0016_00002734.tif,2021,83,83-25,1,0016,00002734,,11060,7120,3,uint8,0.1,-0.1,25832,452769.0,6161867.0,452769.0,6161155.0,453875.0,6161867.0,787472.0
O2021_83_25_1_0016_00002735.tif,2021,83,83-25,1,0016,00002735,,11080,7150,3,uint8,0.1,-0.1,25832,452767.0,6161533.0,452767.0,6160818.0,453875.0,6161533.0,792220.0
O2021_83_25_1_0017_00002699.tif,2021,83,83-25,1,0017,00002699,,11030,4140,3,uint8,0.1,-0.1,25832,453647.0,6161145.0,453647.0,6160731.0,454750.0,6161145.0,456642.0
O2021_83_25_1_0017_00002700.tif,2021,83,83-25,1,0017,00002700,,11030,4140,3,uint8,0.1,-0.1,25832,453653.0,6161481.0,453653.0,6161067.0,454756.0,6161481.0,456642.0
O2021_83_25_1_0017_00002701.tif,2021,83,83-25,1,0017,00002701,,11030,4140,3,uint8,0.1,-0.1,25832,453656.0,6161819.0,453656.0,6161405.0,454759.0,6161819.0,456642.0
O2021_83_25_1_0017_00002702.tif,2021,83,83-25,1,0017,00002702,,11030,4150,3,uint8,0.1,-0.1,25832,453661.0,6162154.0,453661.0,6161739.0,454764.0,6162154.0,457745.0
O2021_83_25_1_0017_00002703.tif,2021,83,83-25,1,0017,00002703,,11040,4160,3,uint8,0.1,-0.1,25832,453669.0,6162491.0,453669.0,6162075.0,454773.0,6162491.0,459264.0
O2021_83_25_1_0017_00002704.tif,2021,83,83-25,1,0017,00002704,,11030,4150,3,uint8,0.1,-0.1,25832,453677.0,6162826.0,453677.0,6162411.0,454780.0,6162826.0,457745.0
O2021_83_25_1_0017_00002705.tif,2021,83,83-25,1,0017,00002705,,11030,4150,3,uint8,0.1,-0.1,25832,453682.0,6163161.0,453682.0,6162746.0,454785.0,6163161.0,457745.0
O2021_83_25_1_0017_00002706.tif,2021,83,83-25,1,0017,00002706,,11040,4160,3,uint8,0.1,-0.1,25832,453686.0,6163498.0,453686.0,6163082.0,454790.0,6163498.0,459264.0
O2021_83_25_1_0018_00002606.tif,2021,83,83-25,1,0018,00002606,,11030,4140,3,uint8,0.1,-0.1,25832,454546.0,6163595.0,454546.0,6163181.0,455649.0,6163595.0,456642.0
O2021_83_25_1_0018_00002607.tif,2021,83,83-25,1,0018,00002607,,11030,4150,3,uint8,0.1,-0.1,25832,454544.0,6163260.0,454544.0,6162845.0,455647.0,6163260.0,457745.0
O2021_83_25_1_0018_00002608.tif,2021,83,83-25,1,0018,00002608,,11030,4160,3,uint8,0.1,-0.1,25832,454541.0,6162924.0,454541.0,6162508.0,455644.0,6162924.0,458848.0
O2021_83_25_1_0018_00002609.tif,2021,83,83-25,1,0018,00002609,,11040,4150,3,uint8,0.1,-0.1,25832,454539.0,6162589.0,454539.0,6162174.0,455643.0,6162589.0,458160.0
O2021_83_25_1_0018_00002610.tif,2021,83,83-25,1,0018,00002610,,11040,4150,3,uint8,0.1,-0.1,25832,454536.0,6162255.0,454536.0,6161840.0,455640.0,6162255.0,458160.0
O2021_83_25_1_0018_00002611.tif,2021,83,83-25,1,0018,00002611,,11030,4140,3,uint8,0.1,-0.1,25832,454536.0,6161920.0,454536.0,6161506.0,455639.0,6161920.0,456642.0
O2021_83_25_1_0018_00002612.tif,2021,83,83-25,1,0018,00002612,,11030,4150,3,uint8,0.1,-0.1,25832,454534.0,6161586.0,454534.0,6161171.0,455637.0,6161586.0,457745.0
O2021_83_25_1_0018_00002613.tif,2021,83,83-25,1,0018,00002613,,11020,4150,3,uint8,0.1,-0.1,25832,454535.0,6161251.0,454535.0,6160836.0,455637.0,6161251.0,457330.0
O2021_83_25_1_0022_00002141.tif,2021,83,83-25,1,0022,00002141,,10960,7120,3,uint8,0.1,-0.1,25832,458084.0,6145591.0,458084.0,6144879.0,459180.0,6145591.0,780352.0
O2021_83_25_1_0022_00002142.tif,2021,83,83-25,1,0022,00002142,,10970,7120,3,uint8,0.1,-0.1,25832,458085.0,6145254.0,458085.0,6144542.0,459182.0,6145254.0,781064.0
O2021_83_25_1_0022_00002143.tif,2021,83,83-25,1,0022,00002143,,10980,7120,3,uint8,0.1,-0.1,25832,458085.0,6144918.0,458085.0,6144206.0,459183.0,6144918.0,781776.0
O2021_83_25_1_0022_00002144.tif,2021,83,83-25,1,0022,00002144,,10980,7110,3,uint8,0.1,-0.1,25832,458085.0,6144582.0,458085.0,6143871.0,459183.0,6144582.0,780678.0
O2021_83_25_1_0022_00002145.tif,2021,83,83-25,1,0022,00002145,,10970,7120,3,uint8,0.1,-0.1,25832,458084.0,6144247.0,458084.0,6143535.0,459181.0,6144247.0,781064.0
O2021_83_25_1_0022_00002146.tif,2021,83,83-25,1,0022,00002146,,10980,7120,3,uint8,0.1,-0.1,25832,458083.0,6143909.0,458083.0,6143197.0,459181.0,6143909.0,781776.0
O2021_83_25_1_0022_00002147.tif,2021,83,83-25,1,0022,00002147,,10970,7120,3,uint8,0.1,-0.1,25832,458080.0,6143571.0,458080.0,6142859.0,459177.0,6143571.0,781064.0
O2021_83_25_1_0022_00002148.tif,2021,83,83-25,1,0022,00002148,,10970,7110,3,uint8,0.1,-0.1,25832,458079.0,6143234.0,458079.0,6142523.0,459176.0,6143234.0,779967.0
O2021_83_25_1_0022_00002149.tif,2021,83,83-25,1,0022,00002149,,10970,7110,3,uint8,0.1,-0.1,25832,458076.0,6142897.0,458076.0,6142186.0,459173.0,6142897.0,779967.0
O2021_83_25_1_0023_00001880.tif,2021,83,83-25,1,0023,00001880,,11030,7150,3,uint8,0.1,-0.1,25832,458964.0,6141488.0,458964.0,6140773.0,460067.0,6141488.0,788645.0
O2021_83_25_1_0023_00001881.tif,2021,83,83-25,1,0023,00001881,,11020,7150,3,uint8,0.1,-0.1,25832,458964.0,6141825.0,458964.0,6141110.0,460066.0,6141825.0,787930.0
O2021_83_25_1_0023_00001882.tif,2021,83,83-25,1,0023,00001882,,11030,7150,3,uint8,0.1,-0.1,25832,458963.0,6142162.0,458963.0,6141447.0,460066.0,6142162.0,788645.0
O2021_83_25_1_0023_00001883.tif,2021,83,83-25,1,0023,00001883,,11020,7150,3,uint8,0.1,-0.1,25832,458963.0,6142499.0,458963.0,6141784.0,460065.0,6142499.0,787930.0
O2021_83_25_1_0023_00001884.tif,2021,83,83-25,1,0023,00001884,,11020,7150,3,uint8,0.1,-0.1,25832,458959.0,6142835.0,458959.0,6142120.0,460061.0,6142835.0,787930.0
O2021_83_25_1_0023_00001885.tif,2021,83,83-25,1,0023,00001885,,11020,7140,3,uint8,0.1,-0.1,25832,458958.0,6143171.0,458958.0,6142457.0,460060.0,6143171.0,786828.0
O2021_83_25_1_0023_00001886.tif,2021,83,83-25,1,0023,00001886,,11020,7150,3,uint8,0.1,-0.1,25832,458956.0,6143505.0,458956.0,6142790.0,460058.0,6143505.0,787930.0
O2021_83_25_1_0023_00001887.tif,2021,83,83-25,1,0023,00001887,,11020,7150,3,uint8,0.1,-0.1,25832,458956.0,6143843.0,458956.0,6143128.0,460058.0,6143843.0,787930.0
O2021_83_25_1_0023_00001888.tif,2021,83,83-25,1,0023,00001888,,11020,7150,3,uint8,0.1,-0.1,25832,458957.0,6144179.0,458957.0,6143464.0,460059.0,6144179.0,787930.0
O2021_83_25_1_0023_00001889.tif,2021,83,83-25,1,0023,00001889,,11020,7150,3,uint8,0.1,-0.1,25832,458956.0,6144514.0,458956.0,6143799.0,460058.0,6144514.0,787930.0
O2021_83_25_1_0023_00001890.tif,2021,83,83-25,1,0023,00001890,,11010,7130,3,uint8,0.1,-0.1,25832,458956.0,6144848.0,458956.0,6144135.0,460057.0,6144848.0,785013.0
O2021_83_25_1_0023_00001891.tif,2021,83,83-25,1,0023,00001891,,11000,7150,3,uint8,0.1,-0.1,25832,458957.0,6145185.0,458957.0,6144470.0,460057.0,6145185.0,786500.0
O2021_83_25_1_0023_00001892.tif,2021,83,83-25,1,0023,00001892,,11020,7140,3,uint8,0.1,-0.1,25832,458957.0,6145520.0,458957.0,6144806.0,460059.0,6145520.0,786828.0
O2021_83_25_1_0024_00001846.tif,2021,83,83-25,1,0024,00001846,,11010,7140,3,uint8,0.1,-0.1,25832,459822.0,6145717.0,459822.0,6145003.0,460923.0,6145717.0,786114.0
O2021_83_25_1_0024_00001847.tif,2021,83,83-25,1,0024,00001847,,11030,7150,3,uint8,0.1,-0.1,25832,459820.0,6145381.0,459820.0,6144666.0,460923.0,6145381.0,788645.0
O2021_83_25_1_0024_00001848.tif,2021,83,83-25,1,0024,00001848,,11040,7160,3,uint8,0.1,-0.1,25832,459819.0,6145046.0,459819.0,6144330.0,460923.0,6145046.0,790464.0
O2021_83_25_1_0024_00001849.tif,2021,83,83-25,1,0024,00001849,,11030,7160,3,uint8,0.1,-0.1,25832,459818.0,6144709.0,459818.0,6143993.0,460921.0,6144709.0,789748.0
O2021_83_25_1_0024_00001850.tif,2021,83,83-25,1,0024,00001850,,11020,7140,3,uint8,0.1,-0.1,25832,459817.0,6144372.0,459817.0,6143658.0,460919.0,6144372.0,786828.0
O2021_83_25_1_0024_00001851.tif,2021,83,83-25,1,0024,00001851,,11020,7150,3,uint8,0.1,-0.1,25832,459814.0,6144037.0,459814.0,6143322.0,460916.0,6144037.0,787930.0
O2021_83_25_1_0024_00001852.tif,2021,83,83-25,1,0024,00001852,,11020,7150,3,uint8,0.1,-0.1,25832,459815.0,6143702.0,459815.0,6142987.0,460917.0,6143702.0,787930.0
O2021_83_25_1_0024_00001853.tif,2021,83,83-25,1,0024,00001853,,11020,7160,3,uint8,0.1,-0.1,25832,459817.0,6143365.0,459817.0,6142649.0,460919.0,6143365.0,789032.0
O2021_83_25_1_0024_00001854.tif,2021,83,83-25,1,0024,00001854,,11010,7160,3,uint8,0.1,-0.1,25832,459821.0,6143030.0,459821.0,6142314.0,460922.0,6143030.0,788316.0
O2021_83_25_1_0024_00001855.tif,2021,83,83-25,1,0024,00001855,,11020,7150,3,uint8,0.1,-0.1,25832,459821.0,6142695.0,459821.0,6141980.0,460923.0,6142695.0,787930.0
O2021_83_25_1_0024_00001856.tif,2021,83,83-25,1,0024,00001856,,11020,7150,3,uint8,0.1,-0.1,25832,459824.0,6142358.0,459824.0,6141643.0,460926.0,6142358.0,787930.0
O2021_83_25_1_0024_00001857.tif,2021,83,83-25,1,0024,00001857,,11010,7170,3,uint8,0.1,-0.1,25832,459826.0,6142023.0,459826.0,6141306.0,460927.0,6142023.0,789417.0
O2021_83_25_1_0024_00001858.tif,2021,83,83-25,1,0024,00001858,,11020,7150,3,uint8,0.1,-0.1,25832,459828.0,6141687.0,459828.0,6140972.0,460930.0,6141687.0,787930.0
O2021_83_25_1_0024_00001859.tif,2021,83,83-25,1,0024,00001859,,11010,7150,3,uint8,0.1,-0.1,25832,459831.0,6141351.0,459831.0,6140636.0,460932.0,6141351.0,787215.0
O2021_83_25_1_0024_00001860.tif,2021,83,83-25,1,0024,00001860,,11030,7160,3,uint8,0.1,-0.1,25832,459834.0,6141015.0,459834.0,6140299.0,460937.0,6141015.0,789748.0
O2021_83_25_1_0025_00001585.tif,2021,83,83-25,1,0025,00001585,,11010,7160,3,uint8,0.1,-0.1,25832,460710.0,6141086.0,460710.0,6140370.0,461811.0,6141086.0,788316.0
O2021_83_25_1_0025_00001586.tif,2021,83,83-25,1,0025,00001586,,11010,7140,3,uint8,0.1,-0.1,25832,460711.0,6141421.0,460711.0,6140707.0,461812.0,6141421.0,786114.0
O2021_83_25_1_0025_00001587.tif,2021,83,83-25,1,0025,00001587,,11020,7150,3,uint8,0.1,-0.1,25832,460709.0,6141759.0,460709.0,6141044.0,461811.0,6141759.0,787930.0
O2021_83_25_1_0025_00001588.tif,2021,83,83-25,1,0025,00001588,,11020,7140,3,uint8,0.1,-0.1,25832,460709.0,6142092.0,460709.0,6141378.0,461811.0,6142092.0,786828.0
O2021_83_25_1_0025_00001592.tif,2021,83,83-25,1,0025,00001592,,11000,7140,3,uint8,0.1,-0.1,25832,460702.0,6143434.0,460702.0,6142720.0,461802.0,6143434.0,785400.0
O2021_83_25_1_0025_00001593.tif,2021,83,83-25,1,0025,00001593,,11010,7140,3,uint8,0.1,-0.1,25832,460702.0,6143770.0,460702.0,6143056.0,461803.0,6143770.0,786114.0
O2021_83_25_1_0025_00001594.tif,2021,83,83-25,1,0025,00001594,,11010,7140,3,uint8,0.1,-0.1,25832,460706.0,6144106.0,460706.0,6143392.0,461807.0,6144106.0,786114.0
O2021_83_25_1_0025_00001595.tif,2021,83,83-25,1,0025,00001595,,11020,7140,3,uint8,0.1,-0.1,25832,460707.0,6144442.0,460707.0,6143728.0,461809.0,6144442.0,786828.0
O2021_83_25_1_0025_00001596.tif,2021,83,83-25,1,0025,00001596,,11010,7140,3,uint8,0.1,-0.1,25832,460712.0,6144777.0,460712.0,6144063.0,461813.0,6144777.0,786114.0
O2021_83_25_1_0025_00001597.tif,2021,83,83-25,1,0025,00001597,,11000,7150,3,uint8,0.1,-0.1,25832,460715.0,6145115.0,460715.0,6144400.0,461815.0,6145115.0,786500.0
O2021_83_25_1_0025_00001598.tif,2021,83,83-25,1,0025,00001598,,11010,7150,3,uint8,0.1,-0.1,25832,460715.0,6145450.0,460715.0,6144735.0,461816.0,6145450.0,787215.0
O2021_83_25_1_0026_00001205.tif,2021,83,83-25,1,0026,00001205,,11000,7180,3,uint8,0.1,-0.1,25832,461563.0,6145481.0,461563.0,6144763.0,462663.0,6145481.0,789800.0
O2021_83_25_1_0026_00001206.tif,2021,83,83-25,1,0026,00001206,,11010,7200,3,uint8,0.1,-0.1,25832,461526.0,6145145.0,461526.0,6144425.0,462627.0,6145145.0,792720.0
O2021_83_25_1_0026_00001207.tif,2021,83,83-25,1,0026,00001207,,11000,7190,3,uint8,0.1,-0.1,25832,461540.0,6144809.0,461540.0,6144090.0,462640.0,6144809.0,790900.0
O2021_83_25_1_0026_00001208.tif,2021,83,83-25,1,0026,00001208,,10990,7190,3,uint8,0.1,-0.1,25832,461561.0,6144474.0,461561.0,6143755.0,462660.0,6144474.0,790181.0
O2021_83_25_1_0026_00001209.tif,2021,83,83-25,1,0026,00001209,,10990,7190,3,uint8,0.1,-0.1,25832,461569.0,6144141.0,461569.0,6143422.0,462668.0,6144141.0,790181.0
O2021_83_25_1_0026_00001210.tif,2021,83,83-25,1,0026,00001210,,10990,7190,3,uint8,0.1,-0.1,25832,461566.0,6143805.0,461566.0,6143086.0,462665.0,6143805.0,790181.0
O2021_83_25_1_0026_00001211.tif,2021,83,83-25,1,0026,00001211,,10980,7200,3,uint8,0.1,-0.1,25832,461572.0,6143469.0,461572.0,6142749.0,462670.0,6143469.0,790560.0
O2021_83_25_1_0026_00001212.tif,2021,83,83-25,1,0026,00001212,,11000,7190,3,uint8,0.1,-0.1,25832,461570.0,6143131.0,461570.0,6142412.0,462670.0,6143131.0,790900.0
O2021_83_25_1_0026_00001213.tif,2021,83,83-25,1,0026,00001213,,10990,7200,3,uint8,0.1,-0.1,25832,461568.0,6142795.0,461568.0,6142075.0,462667.0,6142795.0,791280.0
O2021_83_25_1_0026_00001214.tif,2021,83,83-25,1,0026,00001214,,11000,7190,3,uint8,0.1,-0.1,25832,461572.0,6142458.0,461572.0,6141739.0,462672.0,6142458.0,790900.0
O2021_83_25_1_0026_00001215.tif,2021,83,83-25,1,0026,00001215,,10990,7190,3,uint8,0.1,-0.1,25832,461576.0,6142123.0,461576.0,6141404.0,462675.0,6142123.0,790181.0
O2021_83_25_1_0026_00001216.tif,2021,83,83-25,1,0026,00001216,,10990,7190,3,uint8,0.1,-0.1,25832,461577.0,6141787.0,461577.0,6141068.0,462676.0,6141787.0,790181.0
O2021_83_25_1_0027_00001527.tif,2021,83,83-25,1,0027,00001527,,10980,7180,3,uint8,0.1,-0.1,25832,462490.0,6145462.0,462490.0,6144744.0,463588.0,6145462.0,788364.0
O2021_83_25_1_0027_00001528.tif,2021,83,83-25,1,0027,00001528,,11000,7170,3,uint8,0.1,-0.1,25832,462493.0,6145125.0,462493.0,6144408.0,463593.0,6145125.0,788700.0
O2021_83_25_1_0027_00001529.tif,2021,83,83-25,1,0027,00001529,,10990,7180,3,uint8,0.1,-0.1,25832,462495.0,6144790.0,462495.0,6144072.0,463594.0,6144790.0,789082.0
O2021_83_25_1_0027_00001530.tif,2021,83,83-25,1,0027,00001530,,11000,7160,3,uint8,0.1,-0.1,25832,462494.0,6144454.0,462494.0,6143738.0,463594.0,6144454.0,787600.0
O2021_83_25_1_0027_00001531.tif,2021,83,83-25,1,0027,00001531,,10990,7180,3,uint8,0.1,-0.1,25832,462492.0,6144117.0,462492.0,6143399.0,463591.0,6144117.0,789082.0
O2021_83_25_1_0027_00001532.tif,2021,83,83-25,1,0027,00001532,,10990,7170,3,uint8,0.1,-0.1,25832,462493.0,6143780.0,462493.0,6143063.0,463592.0,6143780.0,787983.0
O2021_83_25_1_0027_00001533.tif,2021,83,83-25,1,0027,00001533,,10990,7180,3,uint8,0.1,-0.1,25832,462494.0,6143442.0,462494.0,6142724.0,463593.0,6143442.0,789082.0
O2021_83_25_1_0027_00001534.tif,2021,83,83-25,1,0027,00001534,,10990,7180,3,uint8,0.1,-0.1,25832,462494.0,6143104.0,462494.0,6142386.0,463593.0,6143104.0,789082.0
O2021_83_25_1_0027_00001535.tif,2021,83,83-25,1,0027,00001535,,10990,7180,3,uint8,0.1,-0.1,25832,462494.0,6142768.0,462494.0,6142050.0,463593.0,6142768.0,789082.0
O2021_83_25_1_0027_00001536.tif,2021,83,83-25,1,0027,00001536,,10990,7170,3,uint8,0.1,-0.1,25832,462493.0,6142430.0,462493.0,6141713.0,463592.0,6142430.0,787983.0
O2021_83_25_1_0027_00001537.tif,2021,83,83-25,1,0027,00001537,,11000,7180,3,uint8,0.1,-0.1,25832,462496.0,6142097.0,462496.0,6141379.0,463596.0,6142097.0,789800.0
O2021_83_25_1_0027_00001538.tif,2021,83,83-25,1,0027,00001538,,11000,7170,3,uint8,0.1,-0.1,25832,462496.0,6141759.0,462496.0,6141042.0,463596.0,6141759.0,788700.0
O2021_83_26_1_0012_00001773.tif,2021,83,83-26,1,0012,00001773,,10960,7090,3,uint8,0.1,-0.1,25832,478547.0,6165485.0,478547.0,6164776.0,479643.0,6165485.0,777064.0
O2021_83_26_1_0012_00001774.tif,2021,83,83-26,1,0012,00001774,,10970,7100,3,uint8,0.1,-0.1,25832,478555.0,6165817.0,478555.0,6165107.0,479652.0,6165817.0,778870.0
O2021_83_26_1_0012_00001776.tif,2021,83,83-26,1,0012,00001776,,10970,7110,3,uint8,0.1,-0.1,25832,478563.0,6166481.0,478563.0,6165770.0,479660.0,6166481.0,779967.0
O2021_83_26_1_0012_00001778.tif,2021,83,83-26,1,0012,00001778,,11000,7110,3,uint8,0.1,-0.1,25832,478561.0,6167143.0,478561.0,6166432.0,479661.0,6167143.0,782100.0
O2021_83_26_1_0012_00001780.tif,2021,83,83-26,1,0012,00001780,,10990,7100,3,uint8,0.1,-0.1,25832,478563.0,6167802.0,478563.0,6167092.0,479662.0,6167802.0,780290.0
O2021_83_26_1_0012_00001782.tif,2021,83,83-26,1,0012,00001782,,11030,4160,3,uint8,0.1,-0.1,25832,478562.0,6168314.0,478562.0,6167898.0,479665.0,6168314.0,458848.0
O2021_83_26_1_0012_00001783.tif,2021,83,83-26,1,0012,00001783,,11040,4160,3,uint8,0.1,-0.1,25832,478561.0,6168646.0,478561.0,6168230.0,479665.0,6168646.0,459264.0
O2021_83_26_1_0012_00001784.tif,2021,83,83-26,1,0012,00001784,,11040,4160,3,uint8,0.1,-0.1,25832,478558.0,6168978.0,478558.0,6168562.0,479662.0,6168978.0,459264.0
O2021_83_26_1_0012_00001785.tif,2021,83,83-26,1,0012,00001785,,11040,4160,3,uint8,0.1,-0.1,25832,478551.0,6169311.0,478551.0,6168895.0,479655.0,6169311.0,459264.0
O2021_83_26_1_0013_00001589.tif,2021,83,83-26,1,0013,00001589,,11020,4160,3,uint8,0.1,-0.1,25832,479404.0,6169257.0,479404.0,6168841.0,480506.0,6169257.0,458432.0
O2021_83_26_1_0013_00001590.tif,2021,83,83-26,1,0013,00001590,,11010,4150,3,uint8,0.1,-0.1,25832,479403.0,6168923.0,479403.0,6168508.0,480504.0,6168923.0,456915.0
O2021_83_26_1_0013_00001591.tif,2021,83,83-26,1,0013,00001591,,11010,4140,3,uint8,0.1,-0.1,25832,479401.0,6168592.0,479401.0,6168178.0,480502.0,6168592.0,455814.0
O2021_83_26_1_0013_00001592.tif,2021,83,83-26,1,0013,00001592,,11000,4150,3,uint8,0.1,-0.1,25832,479401.0,6168262.0,479401.0,6167847.0,480501.0,6168262.0,456500.0
O2021_83_26_1_0013_00001594.tif,2021,83,83-26,1,0013,00001594,,10970,7110,3,uint8,0.1,-0.1,25832,479409.0,6167752.0,479409.0,6167041.0,480506.0,6167752.0,779967.0
O2021_83_26_1_0013_00001596.tif,2021,83,83-26,1,0013,00001596,,10980,7110,3,uint8,0.1,-0.1,25832,479419.0,6167095.0,479419.0,6166384.0,480517.0,6167095.0,780678.0
O2021_83_26_1_0013_00001598.tif,2021,83,83-26,1,0013,00001598,,11020,4160,3,uint8,0.1,-0.1,25832,479425.0,6166287.0,479425.0,6165871.0,480527.0,6166287.0,458432.0
O2021_83_26_1_0013_00001599.tif,2021,83,83-26,1,0013,00001599,,11020,4150,3,uint8,0.1,-0.1,25832,479422.0,6165956.0,479422.0,6165541.0,480524.0,6165956.0,457330.0
O2021_83_26_1_0013_00001600.tif,2021,83,83-26,1,0013,00001600,,11020,4150,3,uint8,0.1,-0.1,25832,479418.0,6165625.0,479418.0,6165210.0,480520.0,6165625.0,457330.0
O2021_83_26_1_0013_00001601.tif,2021,83,83-26,1,0013,00001601,,11020,4150,3,uint8,0.1,-0.1,25832,479413.0,6165294.0,479413.0,6164879.0,480515.0,6165294.0,457330.0
O2021_83_26_1_0014_00001452.tif,2021,83,83-26,1,0014,00001452,,11030,4150,3,uint8,0.1,-0.1,25832,480280.0,6165332.0,480280.0,6164917.0,481383.0,6165332.0,457745.0
O2021_83_26_1_0014_00001453.tif,2021,83,83-26,1,0014,00001453,,11030,4160,3,uint8,0.1,-0.1,25832,480285.0,6165662.0,480285.0,6165246.0,481388.0,6165662.0,458848.0
O2021_83_26_1_0014_00001454.tif,2021,83,83-26,1,0014,00001454,,11030,4150,3,uint8,0.1,-0.1,25832,480288.0,6165990.0,480288.0,6165575.0,481391.0,6165990.0,457745.0
O2021_83_26_1_0014_00001455.tif,2021,83,83-26,1,0014,00001455,,11040,4160,3,uint8,0.1,-0.1,25832,480286.0,6166322.0,480286.0,6165906.0,481390.0,6166322.0,459264.0
O2021_83_26_1_0014_00001457.tif,2021,83,83-26,1,0014,00001457,,11010,7130,3,uint8,0.1,-0.1,25832,480287.0,6167126.0,480287.0,6166413.0,481388.0,6167126.0,785013.0
O2021_83_26_1_0014_00001459.tif,2021,83,83-26,1,0014,00001459,,11020,7140,3,uint8,0.1,-0.1,25832,480291.0,6167785.0,480291.0,6167071.0,481393.0,6167785.0,786828.0
O2021_83_26_1_0014_00001461.tif,2021,83,83-26,1,0014,00001461,,10990,7110,3,uint8,0.1,-0.1,25832,480291.0,6168440.0,480291.0,6167729.0,481390.0,6168440.0,781389.0
O2021_83_26_1_0014_00001463.tif,2021,83,83-26,1,0014,00001463,,11000,7120,3,uint8,0.1,-0.1,25832,480289.0,6169102.0,480289.0,6168390.0,481389.0,6169102.0,783200.0
O2021_83_31_1_0039_00123148.tif,2021,83,83-31,1,0039,00123148,,9150,6840,3,uint8,0.1,-0.1,25832,491020.0,6103700.0,491020.0,6103016.0,491935.0,6103700.0,625860.0
O2021_83_31_1_0039_00123154.tif,2021,83,83-31,1,0039,00123154,,9150,6840,3,uint8,0.1,-0.1,25832,491017.0,6104323.0,491017.0,6103639.0,491932.0,6104323.0,625860.0
O2021_83_31_1_0039_00123200.tif,2021,83,83-31,1,0039,00123200,,9160,6830,3,uint8,0.1,-0.1,25832,491015.0,6104945.0,491015.0,6104262.0,491931.0,6104945.0,625628.0
O2021_83_31_1_0040_00094620.tif,2021,83,83-31,1,0040,00094620,,9200,4020,3,uint8,0.1,-0.1,25832,491756.0,6103571.0,491756.0,6103169.0,492676.0,6103571.0,369840.0
O2021_83_31_1_0040_00094623.tif,2021,83,83-31,1,0040,00094623,,9200,4010,3,uint8,0.1,-0.1,25832,491758.0,6103882.0,491758.0,6103481.0,492678.0,6103882.0,368920.0
O2021_83_31_1_0040_00094626.tif,2021,83,83-31,1,0040,00094626,,9200,4020,3,uint8,0.1,-0.1,25832,491760.0,6104193.0,491760.0,6103791.0,492680.0,6104193.0,369840.0
O2021_83_31_1_0040_00094632.tif,2021,83,83-31,1,0040,00094632,,9200,6880,3,uint8,0.1,-0.1,25832,491758.0,6104959.0,491758.0,6104271.0,492678.0,6104959.0,632960.0
O2021_83_31_1_0041_00093557.tif,2021,83,83-31,1,0041,00093557,,9160,6850,3,uint8,0.1,-0.1,25832,492481.0,6104994.0,492481.0,6104309.0,493397.0,6104994.0,627460.0
O2021_83_31_1_0041_00093603.tif,2021,83,83-31,1,0041,00093603,,9160,6850,3,uint8,0.1,-0.1,25832,492482.0,6104371.0,492482.0,6103686.0,493398.0,6104371.0,627460.0
O2021_83_31_1_0041_00093609.tif,2021,83,83-31,1,0041,00093609,,9160,6850,3,uint8,0.1,-0.1,25832,492485.0,6103750.0,492485.0,6103065.0,493401.0,6103750.0,627460.0
O2021_83_31_1_0042_00092126.tif,2021,83,83-31,1,0042,00092126,,9000,6000,3,uint8,0.1,-0.1,25832,493221.0,6103082.0,493221.0,6102482.0,494121.0,6103082.0,540000.0
O2021_83_31_1_0042_00092132.tif,2021,83,83-31,1,0042,00092132,,9150,6850,3,uint8,0.1,-0.1,25832,493208.0,6103705.0,493208.0,6103020.0,494123.0,6103705.0,626775.0
O2021_83_31_1_0042_00092138.tif,2021,83,83-31,1,0042,00092138,,9150,6850,3,uint8,0.1,-0.1,25832,493211.0,6104329.0,493211.0,6103644.0,494126.0,6104329.0,626775.0
O2021_83_31_1_0042_00092144.tif,2021,83,83-31,1,0042,00092144,,9160,6850,3,uint8,0.1,-0.1,25832,493214.0,6104951.0,493214.0,6104266.0,494130.0,6104951.0,627460.0
O2021_83_31_1_0043_00091110.tif,2021,83,83-31,1,0043,00091110,,9180,4010,3,uint8,0.1,-0.1,25832,493923.0,6105128.0,493923.0,6104727.0,494841.0,6105128.0,368118.0
O2021_83_31_1_0043_00091113.tif,2021,83,83-31,1,0043,00091113,,9180,4010,3,uint8,0.1,-0.1,25832,493923.0,6104819.0,493923.0,6104418.0,494841.0,6104819.0,368118.0
O2021_83_31_1_0043_00091116.tif,2021,83,83-31,1,0043,00091116,,9180,4010,3,uint8,0.1,-0.1,25832,493923.0,6104508.0,493923.0,6104107.0,494841.0,6104508.0,368118.0
O2021_83_31_1_0043_00091119.tif,2021,83,83-31,1,0043,00091119,,9190,6860,3,uint8,0.1,-0.1,25832,493922.0,6104341.0,493922.0,6103655.0,494841.0,6104341.0,630434.0
O2021_83_31_1_0043_00091125.tif,2021,83,83-31,1,0043,00091125,,9190,6870,3,uint8,0.1,-0.1,25832,493921.0,6103721.0,493921.0,6103034.0,494840.0,6103721.0,631353.0
O2021_83_34_1_0012_00001466.tif,2021,83,83-34,1,0012,00001466,,11000,7000,3,uint8,0.1,-0.1,25832,547040.0,6100631.0,547040.0,6099931.0,548140.0,6100631.0,770000.0
O2021_83_34_1_0012_00001467.tif,2021,83,83-34,1,0012,00001467,,11000,7000,3,uint8,0.1,-0.1,25832,547043.0,6100286.0,547043.0,6099586.0,548143.0,6100286.0,770000.0
O2021_83_34_1_0012_00001468.tif,2021,83,83-34,1,0012,00001468,,11000,7000,3,uint8,0.1,-0.1,25832,547053.0,6099936.0,547053.0,6099236.0,548153.0,6099936.0,770000.0
O2021_83_34_1_0012_00001469.tif,2021,83,83-34,1,0012,00001469,,11000,7000,3,uint8,0.1,-0.1,25832,547053.0,6099597.0,547053.0,6098897.0,548153.0,6099597.0,770000.0
O2021_83_34_1_0012_00001470.tif,2021,83,83-34,1,0012,00001470,,11000,7000,3,uint8,0.1,-0.1,25832,547058.0,6099249.0,547058.0,6098549.0,548158.0,6099249.0,770000.0
O2021_83_34_1_0012_00001471.tif,2021,83,83-34,1,0012,00001471,,11000,7000,3,uint8,0.1,-0.1,25832,547053.0,6098914.0,547053.0,6098214.0,548153.0,6098914.0,770000.0
O2021_83_34_1_0013_00001606.tif,2021,83,83-34,1,0013,00001606,,11000,7000,3,uint8,0.1,-0.1,25832,547975.0,6099166.0,547975.0,6098466.0,549075.0,6099166.0,770000.0
O2021_83_34_1_0013_00001608.tif,2021,83,83-34,1,0013,00001608,,11000,7000,3,uint8,0.1,-0.1,25832,547960.0,6099861.0,547960.0,6099161.0,549060.0,6099861.0,770000.0
O2021_83_34_1_0013_00001609.tif,2021,83,83-34,1,0013,00001609,,11000,7000,3,uint8,0.1,-0.1,25832,547962.0,6100196.0,547962.0,6099496.0,549062.0,6100196.0,770000.0
O2021_83_34_1_0013_00001610.tif,2021,83,83-34,1,0013,00001610,,11000,7000,3,uint8,0.1,-0.1,25832,547963.0,6100540.0,547963.0,6099840.0,549063.0,6100540.0,770000.0
O2021_83_34_1_0014_00001642.tif,2021,83,83-34,1,0014,00001642,,11000,7000,3,uint8,0.1,-0.1,25832,548770.0,6100717.0,548770.0,6100017.0,549870.0,6100717.0,770000.0
O2021_83_34_1_0014_00001643.tif,2021,83,83-34,1,0014,00001643,,11000,7000,3,uint8,0.1,-0.1,25832,548770.0,6100378.0,548770.0,6099678.0,549870.0,6100378.0,770000.0
O2021_83_34_1_0014_00001644.tif,2021,83,83-34,1,0014,00001644,,11000,7000,3,uint8,0.1,-0.1,25832,548772.0,6100029.0,548772.0,6099329.0,549872.0,6100029.0,770000.0
O2021_83_34_1_0014_00001645.tif,2021,83,83-34,1,0014,00001645,,11000,7000,3,uint8,0.1,-0.1,25832,548774.0,6099688.0,548774.0,6098988.0,549874.0,6099688.0,770000.0
O2021_83_34_1_0014_00001646.tif,2021,83,83-34,1,0014,00001646,,11000,7000,3,uint8,0.1,-0.1,25832,548767.0,6099353.0,548767.0,6098653.0,549867.0,6099353.0,770000.0
O2021_83_34_1_0014_00001647.tif,2021,83,83-34,1,0014,00001647,,11000,7000,3,uint8,0.1,-0.1,25832,548763.0,6099011.0,548763.0,6098311.0,549863.0,6099011.0,770000.0
O2021_83_34_1_0024_00002339.tif,2021,83,83-34,1,0024,00002339,,11000,7000,3,uint8,0.1,-0.1,25832,557358.0,6093529.0,557358.0,6092829.0,558458.0,6093529.0,770000.0
O2021_83_34_1_0024_00002340.tif,2021,83,83-34,1,0024,00002340,,11000,7000,3,uint8,0.1,-0.1,25832,557357.0,6093187.0,557357.0,6092487.0,558457.0,6093187.0,770000.0
O2021_83_34_1_0024_00002341.tif,2021,83,83-34,1,0024,00002341,,11000,7000,3,uint8,0.1,-0.1,25832,557360.0,6092840.0,557360.0,6092140.0,558460.0,6092840.0,770000.0
O2021_83_34_1_0024_00002342.tif,2021,83,83-34,1,0024,00002342,,11000,7000,3,uint8,0.1,-0.1,25832,557360.0,6092499.0,557360.0,6091799.0,558460.0,6092499.0,770000.0
O2021_83_34_1_0024_00002343.tif,2021,83,83-34,1,0024,00002343,,11000,7000,3,uint8,0.1,-0.1,25832,557367.0,6092150.0,557367.0,6091450.0,558467.0,6092150.0,770000.0
O2021_83_34_1_0025_00002423.tif,2021,83,83-34,1,0025,00002423,,11000,7000,3,uint8,0.1,-0.1,25832,558318.0,6092147.0,558318.0,6091447.0,559418.0,6092147.0,770000.0
O2021_83_34_1_0025_00002424.tif,2021,83,83-34,1,0025,00002424,,11000,7000,3,uint8,0.1,-0.1,25832,558319.0,6092489.0,558319.0,6091789.0,559419.0,6092489.0,770000.0
O2021_83_34_1_0025_00002425.tif,2021,83,83-34,1,0025,00002425,,11000,7000,3,uint8,0.1,-0.1,25832,558309.0,6092843.0,558309.0,6092143.0,559409.0,6092843.0,770000.0
O2021_83_34_1_0025_00002426.tif,2021,83,83-34,1,0025,00002426,,11000,7000,3,uint8,0.1,-0.1,25832,558304.0,6093185.0,558304.0,6092485.0,559404.0,6093185.0,770000.0
O2021_83_34_1_0025_00002427.tif,2021,83,83-34,1,0025,00002427,,11000,7000,3,uint8,0.1,-0.1,25832,558304.0,6093525.0,558304.0,6092825.0,559404.0,6093525.0,770000.0
O2021_84_40_1_0028_00060903.tif,2021,84,84-40,1,0028,00060903,,8950,3910,3,uint8,0.1,-0.1,25832,711946.0,6177981.0,711946.0,6177590.0,712841.0,6177981.0,349945.0
O2021_84_40_1_0028_00060907.tif,2021,84,84-40,1,0028,00060907,,8960,3910,3,uint8,0.1,-0.1,25832,711944.0,6178297.0,711944.0,6177906.0,712840.0,6178297.0,350336.0
O2021_84_40_1_0029_00063246.tif,2021,84,84-40,1,0029,00063246,,8960,3920,3,uint8,0.1,-0.1,25832,712659.0,6178326.0,712659.0,6177934.0,713555.0,6178326.0,351232.0
O2021_84_40_1_0029_00063250.tif,2021,84,84-40,1,0029,00063250,,8960,3920,3,uint8,0.1,-0.1,25832,712661.0,6178010.0,712661.0,6177618.0,713557.0,6178010.0,351232.0
O2021_84_40_1_0029_00063254.tif,2021,84,84-40,1,0029,00063254,,8960,3920,3,uint8,0.1,-0.1,25832,712663.0,6177695.0,712663.0,6177303.0,713559.0,6177695.0,351232.0
O2021_84_40_1_0029_00063257.tif,2021,84,84-40,1,0029,00063257,,8950,3920,3,uint8,0.1,-0.1,25832,712665.0,6177381.0,712665.0,6176989.0,713560.0,6177381.0,350840.0
O2021_84_40_1_0030_00064232.tif,2021,84,84-40,1,0030,00064232,,8960,3910,3,uint8,0.1,-0.1,25832,713386.0,6177309.0,713386.0,6176918.0,714282.0,6177309.0,350336.0
O2021_84_40_1_0030_00064236.tif,2021,84,84-40,1,0030,00064236,,8950,3910,3,uint8,0.1,-0.1,25832,713386.0,6177625.0,713386.0,6177234.0,714281.0,6177625.0,349945.0
O2021_84_40_1_0030_00064240.tif,2021,84,84-40,1,0030,00064240,,8960,3910,3,uint8,0.1,-0.1,25832,713386.0,6177938.0,713386.0,6177547.0,714282.0,6177938.0,350336.0
O2021_84_40_1_0030_00064244.tif,2021,84,84-40,1,0030,00064244,,8960,3910,3,uint8,0.1,-0.1,25832,713388.0,6178255.0,713388.0,6177864.0,714284.0,6178255.0,350336.0
O2021_84_40_1_0030_00064248.tif,2021,84,84-40,1,0030,00064248,,8970,3920,3,uint8,0.1,-0.1,25832,713392.0,6178572.0,713392.0,6178180.0,714289.0,6178572.0,351624.0
O2021_84_40_1_0031_00070533.tif,2021,84,84-40,1,0031,00070533,,8960,3910,3,uint8,0.1,-0.1,25832,714097.0,6177965.0,714097.0,6177574.0,714993.0,6177965.0,350336.0
O2021_84_40_1_0031_00070536.tif,2021,84,84-40,1,0031,00070536,,8960,3920,3,uint8,0.1,-0.1,25832,714099.0,6177655.0,714099.0,6177263.0,714995.0,6177655.0,351232.0
O2021_84_40_1_0031_00070540.tif,2021,84,84-40,1,0031,00070540,,8960,3920,3,uint8,0.1,-0.1,25832,714102.0,6177346.0,714102.0,6176954.0,714998.0,6177346.0,351232.0
O2021_84_40_1_0037_00084308.tif,2021,84,84-40,1,0037,00084308,,8000,6000,3,uint8,0.1,-0.1,25832,718423.0,6177353.0,718423.0,6176753.0,719223.0,6177353.0,480000.0
O2021_84_40_1_0037_00084312.tif,2021,84,84-40,1,0037,00084312,,8000,6000,3,uint8,0.1,-0.1,25832,718422.0,6177041.0,718422.0,6176441.0,719222.0,6177041.0,480000.0
O2021_84_40_1_0037_00084316.tif,2021,84,84-40,1,0037,00084316,,8000,6000,3,uint8,0.1,-0.1,25832,718421.0,6176731.0,718421.0,6176131.0,719221.0,6176731.0,480000.0
O2021_84_40_1_0037_00084319.tif,2021,84,84-40,1,0037,00084319,,8000,6000,3,uint8,0.1,-0.1,25832,718421.0,6176420.0,718421.0,6175820.0,719221.0,6176420.0,480000.0
O2021_84_40_1_0037_00084323.tif,2021,84,84-40,1,0037,00084323,,8000,6000,3,uint8,0.1,-0.1,25832,718420.0,6176108.0,718420.0,6175508.0,719220.0,6176108.0,480000.0
O2021_84_40_1_0037_00084327.tif,2021,84,84-40,1,0037,00084327,,8000,6000,3,uint8,0.1,-0.1,25832,718420.0,6175797.0,718420.0,6175197.0,719220.0,6175797.0,480000.0
O2021_84_40_1_0037_00084331.tif,2021,84,84-40,1,0037,00084331,,8000,6000,3,uint8,0.1,-0.1,25832,718420.0,6175486.0,718420.0,6174886.0,719220.0,6175486.0,480000.0
O2021_84_40_1_0037_00084334.tif,2021,84,84-40,1,0037,00084334,,8000,6000,3,uint8,0.1,-0.1,25832,718420.0,6175177.0,718420.0,6174577.0,719220.0,6175177.0,480000.0
O2021_84_40_1_0038_00060829.tif,2021,84,84-40,1,0038,00060829,,9000,6000,3,uint8,0.1,-0.1,25832,719169.0,6175084.0,719169.0,6174484.0,720069.0,6175084.0,540000.0
O2021_84_40_1_0038_00060832.tif,2021,84,84-40,1,0038,00060832,,9000,6000,3,uint8,0.1,-0.1,25832,719167.0,6175395.0,719167.0,6174795.0,720067.0,6175395.0,540000.0
O2021_84_40_1_0038_00060835.tif,2021,84,84-40,1,0038,00060835,,9000,6000,3,uint8,0.1,-0.1,25832,719164.0,6175711.0,719164.0,6175111.0,720064.0,6175711.0,540000.0
O2021_84_40_1_0038_00060839.tif,2021,84,84-40,1,0038,00060839,,9000,6000,3,uint8,0.1,-0.1,25832,719161.0,6176023.0,719161.0,6175423.0,720061.0,6176023.0,540000.0
O2021_84_40_1_0038_00060842.tif,2021,84,84-40,1,0038,00060842,,9000,6000,3,uint8,0.1,-0.1,25832,719158.0,6176336.0,719158.0,6175736.0,720058.0,6176336.0,540000.0
O2021_84_40_1_0038_00060845.tif,2021,84,84-40,1,0038,00060845,,9000,6000,3,uint8,0.1,-0.1,25832,719155.0,6176649.0,719155.0,6176049.0,720055.0,6176649.0,540000.0
O2021_84_40_1_0038_00060852.tif,2021,84,84-40,1,0038,00060852,,9000,6000,3,uint8,0.1,-0.1,25832,719151.0,6177276.0,719151.0,6176676.0,720051.0,6177276.0,540000.0
O2021_84_40_1_0038_00060855.tif,2021,84,84-40,1,0038,00060855,,9000,6000,3,uint8,0.1,-0.1,25832,719149.0,6177587.0,719149.0,6176987.0,720049.0,6177587.0,540000.0
O2021_84_40_1_0039_00062701.tif,2021,84,84-40,1,0039,00062701,,9000,6000,3,uint8,0.1,-0.1,25832,719858.0,6177610.0,719858.0,6177010.0,720758.0,6177610.0,540000.0
O2021_84_40_1_0039_00062704.tif,2021,84,84-40,1,0039,00062704,,9000,6000,3,uint8,0.1,-0.1,25832,719861.0,6177305.0,719861.0,6176705.0,720761.0,6177305.0,540000.0
O2021_84_40_1_0039_00062707.tif,2021,84,84-40,1,0039,00062707,,9000,6000,3,uint8,0.1,-0.1,25832,719865.0,6176994.0,719865.0,6176394.0,720765.0,6176994.0,540000.0
O2021_84_40_1_0039_00062710.tif,2021,84,84-40,1,0039,00062710,,9000,6000,3,uint8,0.1,-0.1,25832,719868.0,6176686.0,719868.0,6176086.0,720768.0,6176686.0,540000.0
O2021_84_40_1_0039_00062712.tif,2021,84,84-40,1,0039,00062712,,9000,6000,3,uint8,0.1,-0.1,25832,719872.0,6176369.0,719872.0,6175769.0,720772.0,6176369.0,540000.0
O2021_84_40_1_0039_00062715.tif,2021,84,84-40,1,0039,00062715,,9000,6000,3,uint8,0.1,-0.1,25832,719874.0,6176053.0,719874.0,6175453.0,720774.0,6176053.0,540000.0
O2021_84_40_1_0039_00062718.tif,2021,84,84-40,1,0039,00062718,,9000,6000,3,uint8,0.1,-0.1,25832,719875.0,6175736.0,719875.0,6175136.0,720775.0,6175736.0,540000.0
O2021_84_40_1_0039_00062721.tif,2021,84,84-40,1,0039,00062721,,9000,6000,3,uint8,0.1,-0.1,25832,719874.0,6175420.0,719874.0,6174820.0,720774.0,6175420.0,540000.0
O2021_84_40_1_0039_00062724.tif,2021,84,84-40,1,0039,00062724,,9000,6000,3,uint8,0.1,-0.1,25832,719872.0,6175105.0,719872.0,6174505.0,720772.0,6175105.0,540000.0
O2021_84_40_1_0040_00092531.tif,2021,84,84-40,1,0040,00092531,,9000,6000,3,uint8,0.1,-0.1,25832,720601.0,6176404.0,720601.0,6175804.0,721501.0,6176404.0,540000.0
O2021_84_40_1_0040_00092534.tif,2021,84,84-40,1,0040,00092534,,9000,6000,3,uint8,0.1,-0.1,25832,720604.0,6176097.0,720604.0,6175497.0,721504.0,6176097.0,540000.0
O2021_84_40_1_0040_00092536.tif,2021,84,84-40,1,0040,00092536,,9000,6000,3,uint8,0.1,-0.1,25832,720606.0,6175787.0,720606.0,6175187.0,721506.0,6175787.0,540000.0
O2021_84_40_1_0040_00092539.tif,2021,84,84-40,1,0040,00092539,,9000,6000,3,uint8,0.1,-0.1,25832,720609.0,6175478.0,720609.0,6174878.0,721509.0,6175478.0,540000.0
O2021_84_40_1_0040_00092541.tif,2021,84,84-40,1,0040,00092541,,9000,6000,3,uint8,0.1,-0.1,25832,720611.0,6175169.0,720611.0,6174569.0,721511.0,6175169.0,540000.0
O2021_84_40_1_0041_00090719.tif,2021,84,84-40,1,0041,00090719,,9120,3980,3,uint8,0.1,-0.1,25832,721309.0,6173113.0,721309.0,6172715.0,722221.0,6173113.0,362976.0
O2021_84_40_1_0041_00090722.tif,2021,84,84-40,1,0041,00090722,,9120,3990,3,uint8,0.1,-0.1,25832,721311.0,6173422.0,721311.0,6173023.0,722223.0,6173422.0,363888.0
O2021_84_40_1_0041_00090725.tif,2021,84,84-40,1,0041,00090725,,9120,3990,3,uint8,0.1,-0.1,25832,721313.0,6173733.0,721313.0,6173334.0,722225.0,6173733.0,363888.0
O2021_84_40_1_0041_00090729.tif,2021,84,84-40,1,0041,00090729,,9130,3980,3,uint8,0.1,-0.1,25832,721314.0,6174042.0,721314.0,6173644.0,722227.0,6174042.0,363374.0
O2021_84_40_1_0041_00090732.tif,2021,84,84-40,1,0041,00090732,,9120,3980,3,uint8,0.1,-0.1,25832,721316.0,6174351.0,721316.0,6173953.0,722228.0,6174351.0,362976.0
O2021_84_40_1_0041_00090735.tif,2021,84,84-40,1,0041,00090735,,9120,3980,3,uint8,0.1,-0.1,25832,721318.0,6174661.0,721318.0,6174263.0,722230.0,6174661.0,362976.0
O2021_84_40_1_0042_00085950.tif,2021,84,84-40,1,0042,00085950,,9120,3990,3,uint8,0.1,-0.1,25832,722050.0,6175203.0,722050.0,6174804.0,722962.0,6175203.0,363888.0
O2021_84_40_1_0042_00085952.tif,2021,84,84-40,1,0042,00085952,,9120,3990,3,uint8,0.1,-0.1,25832,722050.0,6174893.0,722050.0,6174494.0,722962.0,6174893.0,363888.0
O2021_84_40_1_0042_00085955.tif,2021,84,84-40,1,0042,00085955,,9120,3990,3,uint8,0.1,-0.1,25832,722050.0,6174584.0,722050.0,6174185.0,722962.0,6174584.0,363888.0
O2021_84_40_1_0042_00085958.tif,2021,84,84-40,1,0042,00085958,,9120,3990,3,uint8,0.1,-0.1,25832,722050.0,6174277.0,722050.0,6173878.0,722962.0,6174277.0,363888.0
O2021_84_40_1_0042_00090001.tif,2021,84,84-40,1,0042,00090001,,9110,3980,3,uint8,0.1,-0.1,25832,722050.0,6173966.0,722050.0,6173568.0,722961.0,6173966.0,362578.0
O2021_84_40_1_0042_00090003.tif,2021,84,84-40,1,0042,00090003,,9110,3980,3,uint8,0.1,-0.1,25832,722050.0,6173657.0,722050.0,6173259.0,722961.0,6173657.0,362578.0
O2021_84_40_1_0042_00090006.tif,2021,84,84-40,1,0042,00090006,,9110,3980,3,uint8,0.1,-0.1,25832,722051.0,6173348.0,722051.0,6172950.0,722962.0,6173348.0,362578.0
O2021_84_40_1_0042_00090009.tif,2021,84,84-40,1,0042,00090009,,9110,3980,3,uint8,0.1,-0.1,25832,722051.0,6173030.0,722051.0,6172632.0,722962.0,6173030.0,362578.0
O2021_84_40_1_0043_00083856.tif,2021,84,84-40,1,0043,00083856,,9120,3980,3,uint8,0.1,-0.1,25832,722765.0,6174722.0,722765.0,6174324.0,723677.0,6174722.0,362976.0
O2021_84_40_1_0043_00083859.tif,2021,84,84-40,1,0043,00083859,,9120,3980,3,uint8,0.1,-0.1,25832,722762.0,6175037.0,722762.0,6174639.0,723674.0,6175037.0,362976.0
O2021_84_40_1_0043_00083902.tif,2021,84,84-40,1,0043,00083902,,9110,3980,3,uint8,0.1,-0.1,25832,722758.0,6175352.0,722758.0,6174954.0,723669.0,6175352.0,362578.0
O2021_84_40_1_0043_00083905.tif,2021,84,84-40,1,0043,00083905,,9110,3980,3,uint8,0.1,-0.1,25832,722753.0,6175666.0,722753.0,6175268.0,723664.0,6175666.0,362578.0
O2021_84_40_1_0043_00083908.tif,2021,84,84-40,1,0043,00083908,,9110,3970,3,uint8,0.1,-0.1,25832,722748.0,6175981.0,722748.0,6175584.0,723659.0,6175981.0,361667.0
O2021_84_40_1_0043_00083911.tif,2021,84,84-40,1,0043,00083911,,9110,3980,3,uint8,0.1,-0.1,25832,722744.0,6176297.0,722744.0,6175899.0,723655.0,6176297.0,362578.0
O2021_84_40_1_0043_00083914.tif,2021,84,84-40,1,0043,00083914,,9110,3980,3,uint8,0.1,-0.1,25832,722742.0,6176611.0,722742.0,6176213.0,723653.0,6176611.0,362578.0
O2021_84_40_1_0043_00083917.tif,2021,84,84-40,1,0043,00083917,,9110,3970,3,uint8,0.1,-0.1,25832,722741.0,6176928.0,722741.0,6176531.0,723652.0,6176928.0,361667.0
O2021_84_40_1_0044_00082835.tif,2021,84,84-40,1,0044,00082835,,9090,3980,3,uint8,0.1,-0.1,25832,723482.0,6176853.0,723482.0,6176455.0,724391.0,6176853.0,361782.0
O2021_84_40_1_0044_00082838.tif,2021,84,84-40,1,0044,00082838,,9090,3980,3,uint8,0.1,-0.1,25832,723482.0,6176538.0,723482.0,6176140.0,724391.0,6176538.0,361782.0
O2021_84_40_1_0044_00082841.tif,2021,84,84-40,1,0044,00082841,,9080,3970,3,uint8,0.1,-0.1,25832,723482.0,6176223.0,723482.0,6175826.0,724390.0,6176223.0,360476.0
O2021_84_40_1_0044_00082844.tif,2021,84,84-40,1,0044,00082844,,9080,3970,3,uint8,0.1,-0.1,25832,723482.0,6175908.0,723482.0,6175511.0,724390.0,6175908.0,360476.0
O2021_84_40_1_0044_00082846.tif,2021,84,84-40,1,0044,00082846,,9080,3970,3,uint8,0.1,-0.1,25832,723482.0,6175594.0,723482.0,6175197.0,724390.0,6175594.0,360476.0
O2021_84_40_1_0044_00082849.tif,2021,84,84-40,1,0044,00082849,,9080,3970,3,uint8,0.1,-0.1,25832,723483.0,6175279.0,723483.0,6174882.0,724391.0,6175279.0,360476.0
O2021_84_40_1_0044_00082852.tif,2021,84,84-40,1,0044,00082852,,9080,3970,3,uint8,0.1,-0.1,25832,723483.0,6174964.0,723483.0,6174567.0,724391.0,6174964.0,360476.0
O2021_84_40_1_0044_00082855.tif,2021,84,84-40,1,0044,00082855,,9080,3970,3,uint8,0.1,-0.1,25832,723484.0,6174649.0,723484.0,6174252.0,724392.0,6174649.0,360476.0
O2021_84_40_1_0045_00093307.tif,2021,84,84-40,1,0045,00093307,,9000,6000,3,uint8,0.1,-0.1,25832,724227.0,6174940.0,724227.0,6174340.0,725127.0,6174940.0,540000.0
O2021_84_40_1_0045_00093310.tif,2021,84,84-40,1,0045,00093310,,9160,4000,3,uint8,0.1,-0.1,25832,724211.0,6175108.0,724211.0,6174708.0,725127.0,6175108.0,366400.0
O2021_84_40_1_0045_00093313.tif,2021,84,84-40,1,0045,00093313,,9160,3990,3,uint8,0.1,-0.1,25832,724212.0,6175419.0,724212.0,6175020.0,725128.0,6175419.0,365484.0
O2021_84_40_1_0045_00093316.tif,2021,84,84-40,1,0045,00093316,,9160,3990,3,uint8,0.1,-0.1,25832,724212.0,6175730.0,724212.0,6175331.0,725128.0,6175730.0,365484.0
O2021_84_40_1_0045_00093319.tif,2021,84,84-40,1,0045,00093319,,9160,4000,3,uint8,0.1,-0.1,25832,724213.0,6176042.0,724213.0,6175642.0,725129.0,6176042.0,366400.0
O2021_84_40_1_0045_00093322.tif,2021,84,84-40,1,0045,00093322,,9160,4000,3,uint8,0.1,-0.1,25832,724214.0,6176354.0,724214.0,6175954.0,725130.0,6176354.0,366400.0
O2021_84_40_1_0045_00093325.tif,2021,84,84-40,1,0045,00093325,,9000,6000,3,uint8,0.1,-0.1,25832,724231.0,6176808.0,724231.0,6176208.0,725131.0,6176808.0,540000.0
O2021_84_40_1_0045_00093328.tif,2021,84,84-40,1,0045,00093328,,9000,6000,3,uint8,0.1,-0.1,25832,724232.0,6177119.0,724232.0,6176519.0,725132.0,6177119.0,540000.0
O2021_84_40_1_0045_00093331.tif,2021,84,84-40,1,0045,00093331,,9000,6000,3,uint8,0.1,-0.1,25832,724233.0,6177431.0,724233.0,6176831.0,725133.0,6177431.0,540000.0
O2021_84_40_1_0045_00093335.tif,2021,84,84-40,1,0045,00093335,,9000,6000,3,uint8,0.1,-0.1,25832,724234.0,6177740.0,724234.0,6177140.0,725134.0,6177740.0,540000.0
O2021_84_40_1_0047_00073801.tif,2021,84,84-40,1,0047,00073801,,9000,6000,3,uint8,0.1,-0.1,25832,724958.0,6175043.0,724958.0,6174443.0,725858.0,6175043.0,540000.0
O2021_84_40_1_0047_00073804.tif,2021,84,84-40,1,0047,00073804,,9000,6000,3,uint8,0.1,-0.1,25832,724959.0,6175359.0,724959.0,6174759.0,725859.0,6175359.0,540000.0
O2021_84_40_1_0047_00073807.tif,2021,84,84-40,1,0047,00073807,,9090,3970,3,uint8,0.1,-0.1,25832,724951.0,6175533.0,724951.0,6175136.0,725860.0,6175533.0,360873.0
O2021_84_40_1_0047_00073810.tif,2021,84,84-40,1,0047,00073810,,9090,3970,3,uint8,0.1,-0.1,25832,724952.0,6175845.0,724952.0,6175448.0,725861.0,6175845.0,360873.0
O2021_84_40_1_0047_00073813.tif,2021,84,84-40,1,0047,00073813,,9090,3970,3,uint8,0.1,-0.1,25832,724953.0,6176160.0,724953.0,6175763.0,725862.0,6176160.0,360873.0
O2021_84_40_1_0047_00073815.tif,2021,84,84-40,1,0047,00073815,,9000,6000,3,uint8,0.1,-0.1,25832,724964.0,6176616.0,724964.0,6176016.0,725864.0,6176616.0,540000.0
O2021_84_40_1_0047_00073818.tif,2021,84,84-40,1,0047,00073818,,9000,6000,3,uint8,0.1,-0.1,25832,724966.0,6176929.0,724966.0,6176329.0,725866.0,6176929.0,540000.0
O2021_84_40_1_0047_00073821.tif,2021,84,84-40,1,0047,00073821,,9000,6000,3,uint8,0.1,-0.1,25832,724967.0,6177245.0,724967.0,6176645.0,725867.0,6177245.0,540000.0
O2021_84_40_1_0047_00073824.tif,2021,84,84-40,1,0047,00073824,,9000,6000,3,uint8,0.1,-0.1,25832,724968.0,6177556.0,724968.0,6176956.0,725868.0,6177556.0,540000.0
O2021_84_40_1_0049_00072938.tif,2021,84,84-40,1,0049,00072938,,9210,4020,3,uint8,0.1,-0.1,25832,725682.0,6177561.0,725682.0,6177159.0,726603.0,6177561.0,370242.0
O2021_84_40_1_0049_00072941.tif,2021,84,84-40,1,0049,00072941,,9210,4030,3,uint8,0.1,-0.1,25832,725684.0,6177246.0,725684.0,6176843.0,726605.0,6177246.0,371163.0
O2021_84_40_1_0049_00072944.tif,2021,84,84-40,1,0049,00072944,,9210,4030,3,uint8,0.1,-0.1,25832,725686.0,6176929.0,725686.0,6176526.0,726607.0,6176929.0,371163.0
O2021_84_40_1_0049_00072947.tif,2021,84,84-40,1,0049,00072947,,9210,4020,3,uint8,0.1,-0.1,25832,725688.0,6176611.0,725688.0,6176209.0,726609.0,6176611.0,370242.0
O2021_84_40_1_0049_00072950.tif,2021,84,84-40,1,0049,00072950,,9200,4030,3,uint8,0.1,-0.1,25832,725690.0,6176295.0,725690.0,6175892.0,726610.0,6176295.0,370760.0
O2021_84_40_1_0049_00072953.tif,2021,84,84-40,1,0049,00072953,,9200,4020,3,uint8,0.1,-0.1,25832,725690.0,6175979.0,725690.0,6175577.0,726610.0,6175979.0,369840.0
O2021_84_40_1_0049_00072956.tif,2021,84,84-40,1,0049,00072956,,9210,4030,3,uint8,0.1,-0.1,25832,725688.0,6175662.0,725688.0,6175259.0,726609.0,6175662.0,371163.0
O2021_84_40_1_0049_00072959.tif,2021,84,84-40,1,0049,00072959,,9200,4020,3,uint8,0.1,-0.1,25832,725687.0,6175345.0,725687.0,6174943.0,726607.0,6175345.0,369840.0
O2021_84_40_1_0049_00073002.tif,2021,84,84-40,1,0049,00073002,,9000,6000,3,uint8,0.1,-0.1,25832,725684.0,6175084.0,725684.0,6174484.0,726584.0,6175084.0,540000.0
O2021_84_40_1_0049_00073016.tif,2021,84,84-40,1,0049,00073016,,9200,4020,3,uint8,0.1,-0.1,25832,725669.0,6173445.0,725669.0,6173043.0,726589.0,6173445.0,369840.0
O2021_84_40_1_0049_00073019.tif,2021,84,84-40,1,0049,00073019,,9210,4030,3,uint8,0.1,-0.1,25832,725668.0,6173128.0,725668.0,6172725.0,726589.0,6173128.0,371163.0
O2021_84_40_1_0049_00073022.tif,2021,84,84-40,1,0049,00073022,,9200,4020,3,uint8,0.1,-0.1,25832,725669.0,6172811.0,725669.0,6172409.0,726589.0,6172811.0,369840.0
O2021_84_40_1_0049_00073025.tif,2021,84,84-40,1,0049,00073025,,9210,4020,3,uint8,0.1,-0.1,25832,725669.0,6172495.0,725669.0,6172093.0,726590.0,6172495.0,370242.0
O2021_84_40_1_0051_00071926.tif,2021,84,84-40,1,0051,00071926,,9180,4010,3,uint8,0.1,-0.1,25832,726414.0,6170614.0,726414.0,6170213.0,727332.0,6170614.0,368118.0
O2021_84_40_1_0051_00071929.tif,2021,84,84-40,1,0051,00071929,,9180,4000,3,uint8,0.1,-0.1,25832,726417.0,6170931.0,726417.0,6170531.0,727335.0,6170931.0,367200.0
O2021_84_40_1_0051_00071932.tif,2021,84,84-40,1,0051,00071932,,9170,4000,3,uint8,0.1,-0.1,25832,726420.0,6171247.0,726420.0,6170847.0,727337.0,6171247.0,366800.0
O2021_84_40_1_0051_00071944.tif,2021,84,84-40,1,0051,00071944,,9180,4000,3,uint8,0.1,-0.1,25832,726431.0,6172514.0,726431.0,6172114.0,727349.0,6172514.0,367200.0
O2021_84_40_1_0051_00071947.tif,2021,84,84-40,1,0051,00071947,,9170,4000,3,uint8,0.1,-0.1,25832,726432.0,6172830.0,726432.0,6172430.0,727349.0,6172830.0,366800.0
O2021_84_40_1_0051_00071950.tif,2021,84,84-40,1,0051,00071950,,9180,4010,3,uint8,0.1,-0.1,25832,726430.0,6173148.0,726430.0,6172747.0,727348.0,6173148.0,368118.0
O2021_84_40_1_0051_00071953.tif,2021,84,84-40,1,0051,00071953,,9180,4010,3,uint8,0.1,-0.1,25832,726428.0,6173463.0,726428.0,6173062.0,727346.0,6173463.0,368118.0
O2021_84_40_1_0051_00072008.tif,2021,84,84-40,1,0051,00072008,,9170,4010,3,uint8,0.1,-0.1,25832,726423.0,6175049.0,726423.0,6174648.0,727340.0,6175049.0,367717.0
O2021_84_40_1_0051_00072011.tif,2021,84,84-40,1,0051,00072011,,9180,4010,3,uint8,0.1,-0.1,25832,726424.0,6175367.0,726424.0,6174966.0,727342.0,6175367.0,368118.0
O2021_84_40_1_0051_00072014.tif,2021,84,84-40,1,0051,00072014,,9170,4010,3,uint8,0.1,-0.1,25832,726427.0,6175684.0,726427.0,6175283.0,727344.0,6175684.0,367717.0
O2021_84_40_1_0051_00072017.tif,2021,84,84-40,1,0051,00072017,,9170,4010,3,uint8,0.1,-0.1,25832,726430.0,6176001.0,726430.0,6175600.0,727347.0,6176001.0,367717.0
O2021_84_40_1_0051_00072020.tif,2021,84,84-40,1,0051,00072020,,9170,4000,3,uint8,0.1,-0.1,25832,726433.0,6176317.0,726433.0,6175917.0,727350.0,6176317.0,366800.0
O2021_84_40_1_0051_00072023.tif,2021,84,84-40,1,0051,00072023,,9180,4000,3,uint8,0.1,-0.1,25832,726434.0,6176635.0,726434.0,6176235.0,727352.0,6176635.0,367200.0
O2021_84_40_1_0051_00072026.tif,2021,84,84-40,1,0051,00072026,,9170,4000,3,uint8,0.1,-0.1,25832,726434.0,6176952.0,726434.0,6176552.0,727351.0,6176952.0,366800.0
O2021_84_40_1_0051_00072029.tif,2021,84,84-40,1,0051,00072029,,9170,4010,3,uint8,0.1,-0.1,25832,726433.0,6177268.0,726433.0,6176867.0,727350.0,6177268.0,367717.0
O2021_84_40_1_0051_00072032.tif,2021,84,84-40,1,0051,00072032,,9180,4010,3,uint8,0.1,-0.1,25832,726431.0,6177586.0,726431.0,6177185.0,727349.0,6177586.0,368118.0
O2021_84_40_1_0053_00071146.tif,2021,84,84-40,1,0053,00071146,,9190,4020,3,uint8,0.1,-0.1,25832,727141.0,6176150.0,727141.0,6175748.0,728060.0,6176150.0,369438.0
O2021_84_40_1_0053_00071149.tif,2021,84,84-40,1,0053,00071149,,9200,4020,3,uint8,0.1,-0.1,25832,727141.0,6175835.0,727141.0,6175433.0,728061.0,6175835.0,369840.0
O2021_84_40_1_0053_00071152.tif,2021,84,84-40,1,0053,00071152,,9200,4020,3,uint8,0.1,-0.1,25832,727143.0,6175517.0,727143.0,6175115.0,728063.0,6175517.0,369840.0
O2021_84_40_1_0053_00071155.tif,2021,84,84-40,1,0053,00071155,,9200,4020,3,uint8,0.1,-0.1,25832,727145.0,6175202.0,727145.0,6174800.0,728065.0,6175202.0,369840.0
O2021_84_40_1_0053_00071234.tif,2021,84,84-40,1,0053,00071234,,9200,4020,3,uint8,0.1,-0.1,25832,727144.0,6171093.0,727144.0,6170691.0,728064.0,6171093.0,369840.0
O2021_84_40_1_0053_00071237.tif,2021,84,84-40,1,0053,00071237,,9190,4030,3,uint8,0.1,-0.1,25832,727146.0,6170775.0,727146.0,6170372.0,728065.0,6170775.0,370357.0
O2021_84_40_1_0053_00071240.tif,2021,84,84-40,1,0053,00071240,,9200,4030,3,uint8,0.1,-0.1,25832,727148.0,6170460.0,727148.0,6170057.0,728068.0,6170460.0,370760.0
O2021_84_41_1_0002_00153643.tif,2021,84,84-41,1,0002,00153643,,9000,6000,3,uint8,0.1,-0.1,25832,693108.0,6213092.0,693108.0,6212492.0,694008.0,6213092.0,540000.0
O2021_84_41_1_0002_00153648.tif,2021,84,84-41,1,0002,00153648,,9000,6000,3,uint8,0.1,-0.1,25832,693111.0,6213403.0,693111.0,6212803.0,694011.0,6213403.0,540000.0
O2021_84_41_1_0002_00153653.tif,2021,84,84-41,1,0002,00153653,,9000,6000,3,uint8,0.1,-0.1,25832,693108.0,6213714.0,693108.0,6213114.0,694008.0,6213714.0,540000.0
O2021_84_41_1_0002_00153658.tif,2021,84,84-41,1,0002,00153658,,9000,6000,3,uint8,0.1,-0.1,25832,693108.0,6214025.0,693108.0,6213425.0,694008.0,6214025.0,540000.0
O2021_84_41_1_0002_00153704.tif,2021,84,84-41,1,0002,00153704,,9000,6000,3,uint8,0.1,-0.1,25832,693107.0,6214337.0,693107.0,6213737.0,694007.0,6214337.0,540000.0
O2021_84_41_1_0002_00153709.tif,2021,84,84-41,1,0002,00153709,,9000,6000,3,uint8,0.1,-0.1,25832,693109.0,6214648.0,693109.0,6214048.0,694009.0,6214648.0,540000.0
O2021_84_41_1_0003_00074400.tif,2021,84,84-41,1,0003,00074400,,9200,4050,3,uint8,0.1,-0.1,25832,693825.0,6219913.0,693825.0,6219508.0,694745.0,6219913.0,372600.0
O2021_84_41_1_0003_00074510.tif,2021,84,84-41,1,0003,00074510,,9000,6000,3,uint8,0.1,-0.1,25832,693844.0,6214382.0,693844.0,6213782.0,694744.0,6214382.0,540000.0
O2021_84_41_1_0003_00074514.tif,2021,84,84-41,1,0003,00074514,,9000,6000,3,uint8,0.1,-0.1,25832,693841.0,6214072.0,693841.0,6213472.0,694741.0,6214072.0,540000.0
O2021_84_41_1_0003_00074518.tif,2021,84,84-41,1,0003,00074518,,9000,6000,3,uint8,0.1,-0.1,25832,693840.0,6213763.0,693840.0,6213163.0,694740.0,6213763.0,540000.0
O2021_84_41_1_0003_00074522.tif,2021,84,84-41,1,0003,00074522,,9000,6000,3,uint8,0.1,-0.1,25832,693837.0,6213452.0,693837.0,6212852.0,694737.0,6213452.0,540000.0
O2021_84_41_1_0003_00074526.tif,2021,84,84-41,1,0003,00074526,,9000,6000,3,uint8,0.1,-0.1,25832,693836.0,6213143.0,693836.0,6212543.0,694736.0,6213143.0,540000.0
O2021_84_41_1_0004_00144032.tif,2021,84,84-41,1,0004,00144032,,9000,6000,3,uint8,0.1,-0.1,25832,694586.0,6214476.0,694586.0,6213876.0,695486.0,6214476.0,540000.0
O2021_84_41_1_0004_00144040.tif,2021,84,84-41,1,0004,00144040,,9000,6000,3,uint8,0.1,-0.1,25832,694587.0,6213855.0,694587.0,6213255.0,695487.0,6213855.0,540000.0
O2021_84_41_1_0004_00144044.tif,2021,84,84-41,1,0004,00144044,,9000,6000,3,uint8,0.1,-0.1,25832,694589.0,6213545.0,694589.0,6212945.0,695489.0,6213545.0,540000.0
O2021_84_41_1_0004_00144051.tif,2021,84,84-41,1,0004,00144051,,9000,6000,3,uint8,0.1,-0.1,25832,694596.0,6212926.0,694596.0,6212326.0,695496.0,6212926.0,540000.0
O2021_84_41_1_0016_00095357.tif,2021,84,84-41,1,0016,00095357,,9000,6000,3,uint8,0.1,-0.1,25832,703329.0,6213022.0,703329.0,6212422.0,704229.0,6213022.0,540000.0
O2021_84_41_1_0016_00095402.tif,2021,84,84-41,1,0016,00095402,,9000,6000,3,uint8,0.1,-0.1,25832,703328.0,6213332.0,703328.0,6212732.0,704228.0,6213332.0,540000.0
O2021_84_41_1_0016_00095407.tif,2021,84,84-41,1,0016,00095407,,9000,6000,3,uint8,0.1,-0.1,25832,703327.0,6213641.0,703327.0,6213041.0,704227.0,6213641.0,540000.0
O2021_84_41_1_0016_00095412.tif,2021,84,84-41,1,0016,00095412,,9000,6000,3,uint8,0.1,-0.1,25832,703327.0,6213953.0,703327.0,6213353.0,704227.0,6213953.0,540000.0
O2021_84_41_1_0016_00095417.tif,2021,84,84-41,1,0016,00095417,,9000,6000,3,uint8,0.1,-0.1,25832,703329.0,6214262.0,703329.0,6213662.0,704229.0,6214262.0,540000.0
O2021_84_41_1_0016_00095423.tif,2021,84,84-41,1,0016,00095423,,9000,6000,3,uint8,0.1,-0.1,25832,703332.0,6214570.0,703332.0,6213970.0,704232.0,6214570.0,540000.0
O2021_84_41_1_0017_00100324.tif,2021,84,84-41,1,0017,00100324,,9000,6000,3,uint8,0.1,-0.1,25832,704031.0,6214463.0,704031.0,6213863.0,704931.0,6214463.0,540000.0
O2021_84_41_1_0017_00100328.tif,2021,84,84-41,1,0017,00100328,,9000,6000,3,uint8,0.1,-0.1,25832,704029.0,6214152.0,704029.0,6213552.0,704929.0,6214152.0,540000.0
O2021_84_41_1_0017_00100331.tif,2021,84,84-41,1,0017,00100331,,9000,6000,3,uint8,0.1,-0.1,25832,704027.0,6213838.0,704027.0,6213238.0,704927.0,6213838.0,540000.0
O2021_84_41_1_0017_00100335.tif,2021,84,84-41,1,0017,00100335,,9000,6000,3,uint8,0.1,-0.1,25832,704024.0,6213530.0,704024.0,6212930.0,704924.0,6213530.0,540000.0
O2021_84_41_1_0017_00100339.tif,2021,84,84-41,1,0017,00100339,,9000,6000,3,uint8,0.1,-0.1,25832,704022.0,6213216.0,704022.0,6212616.0,704922.0,6213216.0,540000.0
O2021_84_41_1_0017_00100343.tif,2021,84,84-41,1,0017,00100343,,9000,6000,3,uint8,0.1,-0.1,25832,704021.0,6212905.0,704021.0,6212305.0,704921.0,6212905.0,540000.0
O2021_84_41_1_0018_00103147.tif,2021,84,84-41,1,0018,00103147,,9000,6000,3,uint8,0.1,-0.1,25832,704746.0,6213242.0,704746.0,6212642.0,705646.0,6213242.0,540000.0
O2021_84_41_1_0018_00103152.tif,2021,84,84-41,1,0018,00103152,,9000,6000,3,uint8,0.1,-0.1,25832,704748.0,6213553.0,704748.0,6212953.0,705648.0,6213553.0,540000.0
O2021_84_41_1_0018_00103157.tif,2021,84,84-41,1,0018,00103157,,9000,6000,3,uint8,0.1,-0.1,25832,704749.0,6213863.0,704749.0,6213263.0,705649.0,6213863.0,540000.0
O2021_84_41_1_0018_00103203.tif,2021,84,84-41,1,0018,00103203,,9000,6000,3,uint8,0.1,-0.1,25832,704751.0,6214175.0,704751.0,6213575.0,705651.0,6214175.0,540000.0
O2021_84_41_1_0018_00103208.tif,2021,84,84-41,1,0018,00103208,,9000,6000,3,uint8,0.1,-0.1,25832,704754.0,6214482.0,704754.0,6213882.0,705654.0,6214482.0,540000.0
O2021_84_42_1_0031_00000789.tif,2021,84,84-42,1,0031,00000789,,11000,7000,3,uint8,0.1,-0.1,25832,693059.0,6214632.0,693059.0,6213932.0,694159.0,6214632.0,770000.0
O2021_84_42_1_0031_00000790.tif,2021,84,84-42,1,0031,00000790,,11000,7000,3,uint8,0.1,-0.1,25832,693049.0,6214303.0,693049.0,6213603.0,694149.0,6214303.0,770000.0
O2021_84_42_1_0031_00000791.tif,2021,84,84-42,1,0031,00000791,,11000,7000,3,uint8,0.1,-0.1,25832,693058.0,6213954.0,693058.0,6213254.0,694158.0,6213954.0,770000.0
O2021_84_42_1_0031_00000792.tif,2021,84,84-42,1,0031,00000792,,11000,7000,3,uint8,0.1,-0.1,25832,693064.0,6213604.0,693064.0,6212904.0,694164.0,6213604.0,770000.0
O2021_84_42_1_0031_00000793.tif,2021,84,84-42,1,0031,00000793,,11000,7000,3,uint8,0.1,-0.1,25832,693070.0,6213255.0,693070.0,6212555.0,694170.0,6213255.0,770000.0
O2021_84_42_1_0031_00000794.tif,2021,84,84-42,1,0031,00000794,,11000,7000,3,uint8,0.1,-0.1,25832,693077.0,6212910.0,693077.0,6212210.0,694177.0,6212910.0,770000.0
O2021_84_42_1_0032_00000741.tif,2021,84,84-42,1,0032,00000741,,11000,7000,3,uint8,0.1,-0.1,25832,693976.0,6213074.0,693976.0,6212374.0,695076.0,6213074.0,770000.0
O2021_84_42_1_0032_00000742.tif,2021,84,84-42,1,0032,00000742,,11000,7000,3,uint8,0.1,-0.1,25832,693976.0,6213418.0,693976.0,6212718.0,695076.0,6213418.0,770000.0
O2021_84_42_1_0032_00000743.tif,2021,84,84-42,1,0032,00000743,,11000,7000,3,uint8,0.1,-0.1,25832,693963.0,6213768.0,693963.0,6213068.0,695063.0,6213768.0,770000.0
O2021_84_42_1_0032_00000744.tif,2021,84,84-42,1,0032,00000744,,11000,7000,3,uint8,0.1,-0.1,25832,693958.0,6214111.0,693958.0,6213411.0,695058.0,6214111.0,770000.0
O2021_84_42_1_0032_00000745.tif,2021,84,84-42,1,0032,00000745,,11000,7000,3,uint8,0.1,-0.1,25832,693945.0,6214457.0,693945.0,6213757.0,695045.0,6214457.0,770000.0
O2021_84_42_1_0032_00000746.tif,2021,84,84-42,1,0032,00000746,,11000,7000,3,uint8,0.1,-0.1,25832,693930.0,6214797.0,693930.0,6214097.0,695030.0,6214797.0,770000.0
O2021_84_42_1_0033_00000546.tif,2021,84,84-42,1,0033,00000546,,11000,7000,3,uint8,0.1,-0.1,25832,694750.0,6214500.0,694750.0,6213800.0,695850.0,6214500.0,770000.0
O2021_84_42_1_0033_00000547.tif,2021,84,84-42,1,0033,00000547,,11000,7000,3,uint8,0.1,-0.1,25832,694750.0,6214157.0,694750.0,6213457.0,695850.0,6214157.0,770000.0
O2021_84_42_1_0033_00000548.tif,2021,84,84-42,1,0033,00000548,,11000,7000,3,uint8,0.1,-0.1,25832,694748.0,6213809.0,694748.0,6213109.0,695848.0,6213809.0,770000.0
O2021_84_42_1_0033_00000549.tif,2021,84,84-42,1,0033,00000549,,11000,7000,3,uint8,0.1,-0.1,25832,694743.0,6213470.0,694743.0,6212770.0,695843.0,6213470.0,770000.0
O2021_84_42_1_0033_00000550.tif,2021,84,84-42,1,0033,00000550,,11000,7000,3,uint8,0.1,-0.1,25832,694742.0,6213128.0,694742.0,6212428.0,695842.0,6213128.0,770000.0
O2023_82_24_1_0002_00001655.tif,2023,82,82-24,1,0002,00001655,,18060,12300,3,uint8,0.1,-0.1,25832,562467.0,6180043.0,562467.0,6178813.0,564273.0,6180043.0,2221380.0
O2023_82_24_1_0002_00001656.tif,2023,82,82-24,1,0002,00001656,,18090,12310,3,uint8,0.1,-0.1,25832,562467.0,6180611.0,562467.0,6179380.0,564276.0,6180611.0,2226879.0
O2023_82_24_1_0002_00001657.tif,2023,82,82-24,1,0002,00001657,,18060,12330,3,uint8,0.1,-0.1,25832,562469.0,6181179.0,562469.0,6179946.0,564275.0,6181179.0,2226798.0
O2023_82_24_1_0002_00001658.tif,2023,82,82-24,1,0002,00001658,,18090,12230,3,uint8,0.1,-0.1,25832,562467.0,6181742.0,562467.0,6180519.0,564276.0,6181742.0,2212407.0
O2023_82_24_1_0003_00001620.tif,2023,82,82-24,1,0003,00001620,,18160,12120,3,uint8,0.1,-0.1,25832,563655.0,6181980.0,563655.0,6180768.0,565471.0,6181980.0,2200992.0
O2023_82_24_1_0003_00001621.tif,2023,82,82-24,1,0003,00001621,,18100,12210,3,uint8,0.1,-0.1,25832,563657.0,6181415.0,563657.0,6180194.0,565467.0,6181415.0,2210010.0
O2023_82_24_1_0003_00001622.tif,2023,82,82-24,1,0003,00001622,,18050,12330,3,uint8,0.1,-0.1,25832,563657.0,6180852.0,563657.0,6179619.0,565462.0,6180852.0,2225565.0
O2023_82_24_1_0003_00001623.tif,2023,82,82-24,1,0003,00001623,,18130,12200,3,uint8,0.1,-0.1,25832,563652.0,6180280.0,563652.0,6179060.0,565465.0,6180280.0,2211860.0
O2023_82_24_1_0003_00001624.tif,2023,82,82-24,1,0003,00001624,,18080,12260,3,uint8,0.1,-0.1,25832,563651.0,6179714.0,563651.0,6178488.0,565459.0,6179714.0,2216608.0
O2023_82_24_1_0005_00001331.tif,2023,82,82-24,1,0005,00001331,,17940,12380,3,uint8,0.1,-0.1,25832,566128.0,6219588.0,566128.0,6218350.0,567922.0,6219588.0,2220972.0
O2023_82_24_1_0005_00001332.tif,2023,82,82-24,1,0005,00001332,,18130,12120,3,uint8,0.1,-0.1,25832,566122.0,6219027.0,566122.0,6217815.0,567935.0,6219027.0,2197356.0
O2023_82_24_1_0005_00001333.tif,2023,82,82-24,1,0005,00001333,,18140,12080,3,uint8,0.1,-0.1,25832,566126.0,6218476.0,566126.0,6217268.0,567940.0,6218476.0,2191312.0
O2023_82_24_1_0006_00001276.tif,2023,82,82-24,1,0006,00001276,,18020,12330,3,uint8,0.1,-0.1,25832,567333.0,6218503.0,567333.0,6217270.0,569135.0,6218503.0,2221866.0
O2023_82_24_1_0006_00001277.tif,2023,82,82-24,1,0006,00001277,,18020,12270,3,uint8,0.1,-0.1,25832,567333.0,6219050.0,567333.0,6217823.0,569135.0,6219050.0,2211054.0
O2023_82_24_1_0006_00001278.tif,2023,82,82-24,1,0006,00001278,,18080,12170,3,uint8,0.1,-0.1,25832,567327.0,6219595.0,567327.0,6218378.0,569135.0,6219595.0,2200336.0
O2023_82_24_1_0007_00000009.tif,2023,82,82-24,1,0007,00000009,,18040,12260,3,uint8,0.1,-0.1,25832,568549.0,6229659.0,568549.0,6228433.0,570353.0,6229659.0,2211704.0
O2023_82_24_1_0007_00000010.tif,2023,82,82-24,1,0007,00000010,,18060,12210,3,uint8,0.1,-0.1,25832,568546.0,6229106.0,568546.0,6227885.0,570352.0,6229106.0,2205126.0
O2023_82_24_1_0007_00000011.tif,2023,82,82-24,1,0007,00000011,,18080,12220,3,uint8,0.1,-0.1,25832,568548.0,6228554.0,568548.0,6227332.0,570356.0,6228554.0,2209376.0
O2023_82_24_1_0007_00000012.tif,2023,82,82-24,1,0007,00000012,,17990,12330,3,uint8,0.1,-0.1,25832,568551.0,6228010.0,568551.0,6226777.0,570350.0,6228010.0,2218167.0
O2023_82_24_1_0007_00000013.tif,2023,82,82-24,1,0007,00000013,,18060,12210,3,uint8,0.1,-0.1,25832,568542.0,6227454.0,568542.0,6226233.0,570348.0,6227454.0,2205126.0
O2023_82_24_1_0007_00000014.tif,2023,82,82-24,1,0007,00000014,,18060,12180,3,uint8,0.1,-0.1,25832,568539.0,6226900.0,568539.0,6225682.0,570345.0,6226900.0,2199708.0
O2023_82_24_1_0007_00000019.tif,2023,82,82-24,1,0007,00000019,,18060,12260,3,uint8,0.1,-0.1,25832,568540.0,6224138.0,568540.0,6222912.0,570346.0,6224138.0,2214156.0
O2023_82_24_1_0007_00000020.tif,2023,82,82-24,1,0007,00000020,,18110,12160,3,uint8,0.1,-0.1,25832,568537.0,6223576.0,568537.0,6222360.0,570348.0,6223576.0,2202176.0
O2023_82_24_1_0008_00000181.tif,2023,82,82-24,1,0008,00000181,,18060,12220,3,uint8,0.1,-0.1,25832,569747.0,6222396.0,569747.0,6221174.0,571553.0,6222396.0,2206932.0
O2023_82_24_1_0008_00000182.tif,2023,82,82-24,1,0008,00000182,,17990,12320,3,uint8,0.1,-0.1,25832,569748.0,6222965.0,569748.0,6221733.0,571547.0,6222965.0,2216368.0
O2023_82_24_1_0008_00000183.tif,2023,82,82-24,1,0008,00000183,,18210,12010,3,uint8,0.1,-0.1,25832,569736.0,6223518.0,569736.0,6222317.0,571557.0,6223518.0,2187021.0
O2023_82_24_1_0008_00000184.tif,2023,82,82-24,1,0008,00000184,,18030,12290,3,uint8,0.1,-0.1,25832,569744.0,6224089.0,569744.0,6222860.0,571547.0,6224089.0,2215887.0
O2023_82_24_1_0008_00000189.tif,2023,82,82-24,1,0008,00000189,,18120,12230,3,uint8,0.1,-0.1,25832,569747.0,6226849.0,569747.0,6225626.0,571559.0,6226849.0,2216076.0
O2023_82_24_1_0008_00000190.tif,2023,82,82-24,1,0008,00000190,,18110,12200,3,uint8,0.1,-0.1,25832,569750.0,6227398.0,569750.0,6226178.0,571561.0,6227398.0,2209420.0
O2023_82_24_1_0008_00000191.tif,2023,82,82-24,1,0008,00000191,,18050,12250,3,uint8,0.1,-0.1,25832,569755.0,6227952.0,569755.0,6226727.0,571560.0,6227952.0,2211125.0
O2023_82_24_1_0008_00000192.tif,2023,82,82-24,1,0008,00000192,,18080,12220,3,uint8,0.1,-0.1,25832,569758.0,6228499.0,569758.0,6227277.0,571566.0,6228499.0,2209376.0
O2023_82_24_1_0008_00000193.tif,2023,82,82-24,1,0008,00000193,,17930,12450,3,uint8,0.1,-0.1,25832,569773.0,6229064.0,569773.0,6227819.0,571566.0,6229064.0,2232285.0
O2023_82_24_1_0008_00000194.tif,2023,82,82-24,1,0008,00000194,,18000,12340,3,uint8,0.1,-0.1,25832,569769.0,6229608.0,569769.0,6228374.0,571569.0,6229608.0,2221200.0
O2023_82_24_1_0009_00000223.tif,2023,82,82-24,1,0009,00000223,,18010,12240,3,uint8,0.1,-0.1,25832,570953.0,6223288.0,570953.0,6222064.0,572754.0,6223288.0,2204424.0
O2023_82_24_1_0009_00000224.tif,2023,82,82-24,1,0009,00000224,,18010,12250,3,uint8,0.1,-0.1,25832,570950.0,6222723.0,570950.0,6221498.0,572751.0,6222723.0,2206225.0
O2023_82_24_1_0009_00000257.tif,2023,82,82-24,1,0009,00000257,,18030,12180,3,uint8,0.1,-0.1,25832,570908.0,6204469.0,570908.0,6203251.0,572711.0,6204469.0,2196054.0
O2023_82_24_1_0009_00000258.tif,2023,82,82-24,1,0009,00000258,,17970,12250,3,uint8,0.1,-0.1,25832,570909.0,6203912.0,570909.0,6202687.0,572706.0,6203912.0,2201325.0
O2023_82_24_1_0010_00000354.tif,2023,82,82-24,1,0010,00000354,,18080,12190,3,uint8,0.1,-0.1,25832,572149.0,6224155.0,572149.0,6222936.0,573957.0,6224155.0,2203952.0
O2023_82_24_1_0010_00000355.tif,2023,82,82-24,1,0010,00000355,,18110,12140,3,uint8,0.1,-0.1,25832,572151.0,6224713.0,572151.0,6223499.0,573962.0,6224713.0,2198554.0
O2023_82_24_1_0011_00000390.tif,2023,82,82-24,1,0011,00000390,,18010,12120,3,uint8,0.1,-0.1,25832,573344.0,6224961.0,573344.0,6223749.0,575145.0,6224961.0,2182812.0
O2023_82_24_1_0011_00000391.tif,2023,82,82-24,1,0011,00000391,,18060,12040,3,uint8,0.1,-0.1,25832,573345.0,6224398.0,573345.0,6223194.0,575151.0,6224398.0,2174424.0
O2023_82_24_1_0011_00000392.tif,2023,82,82-24,1,0011,00000392,,18010,12140,3,uint8,0.1,-0.1,25832,573347.0,6223837.0,573347.0,6222623.0,575148.0,6223837.0,2186414.0
O2023_82_24_1_0011_00000393.tif,2023,82,82-24,1,0011,00000393,,17920,12260,3,uint8,0.1,-0.1,25832,573351.0,6223281.0,573351.0,6222055.0,575143.0,6223281.0,2196992.0
O2023_82_24_1_0011_00000394.tif,2023,82,82-24,1,0011,00000394,,17980,12160,3,uint8,0.1,-0.1,25832,573345.0,6222713.0,573345.0,6221497.0,575143.0,6222713.0,2186368.0
O2023_82_24_1_0011_00000395.tif,2023,82,82-24,1,0011,00000395,,17960,12160,3,uint8,0.1,-0.1,25832,573346.0,6222151.0,573346.0,6220935.0,575142.0,6222151.0,2183936.0
O2023_82_24_1_0011_00000396.tif,2023,82,82-24,1,0011,00000396,,17990,12100,3,uint8,0.1,-0.1,25832,573342.0,6221592.0,573342.0,6220382.0,575141.0,6221592.0,2176790.0
O2023_82_24_1_0012_00000536.tif,2023,82,82-24,1,0012,00000536,,17940,12190,3,uint8,0.1,-0.1,25832,574536.0,6221579.0,574536.0,6220360.0,576330.0,6221579.0,2186886.0
O2023_82_24_1_0012_00000537.tif,2023,82,82-24,1,0012,00000537,,17900,12260,3,uint8,0.1,-0.1,25832,574541.0,6222139.0,574541.0,6220913.0,576331.0,6222139.0,2194540.0
O2023_82_24_1_0012_00000538.tif,2023,82,82-24,1,0012,00000538,,17960,12180,3,uint8,0.1,-0.1,25832,574542.0,6222693.0,574542.0,6221475.0,576338.0,6222693.0,2187528.0
O2023_82_24_1_0012_00000539.tif,2023,82,82-24,1,0012,00000539,,17970,12150,3,uint8,0.1,-0.1,25832,574539.0,6223254.0,574539.0,6222039.0,576336.0,6223254.0,2183355.0
O2023_82_24_1_0012_00000540.tif,2023,82,82-24,1,0012,00000540,,18000,12100,3,uint8,0.1,-0.1,25832,574538.0,6223813.0,574538.0,6222603.0,576338.0,6223813.0,2178000.0
O2023_82_24_1_0012_00000541.tif,2023,82,82-24,1,0012,00000541,,17870,12290,3,uint8,0.1,-0.1,25832,574548.0,6224383.0,574548.0,6223154.0,576335.0,6224383.0,2196223.0
O2023_82_24_1_0012_00000542.tif,2023,82,82-24,1,0012,00000542,,17980,12100,3,uint8,0.1,-0.1,25832,574546.0,6224934.0,574546.0,6223724.0,576344.0,6224934.0,2175580.0
O2023_82_24_1_0012_00000543.tif,2023,82,82-24,1,0012,00000543,,17850,12260,3,uint8,0.1,-0.1,25832,574552.0,6225502.0,574552.0,6224276.0,576337.0,6225502.0,2188410.0
O2023_82_24_1_0013_00000574.tif,2023,82,82-24,1,0013,00000574,,17780,12130,3,uint8,0.1,-0.1,25832,575741.0,6225547.0,575741.0,6224334.0,577519.0,6225547.0,2156714.0
O2023_82_24_1_0013_00000575.tif,2023,82,82-24,1,0013,00000575,,17830,12070,3,uint8,0.1,-0.1,25832,575737.0,6224982.0,575737.0,6223775.0,577520.0,6224982.0,2152081.0
O2023_82_24_1_0013_00000576.tif,2023,82,82-24,1,0013,00000576,,17740,12220,3,uint8,0.1,-0.1,25832,575742.0,6224425.0,575742.0,6223203.0,577516.0,6224425.0,2167828.0
O2023_82_24_1_0013_00000577.tif,2023,82,82-24,1,0013,00000577,,17850,12100,3,uint8,0.1,-0.1,25832,575735.0,6223856.0,575735.0,6222646.0,577520.0,6223856.0,2159850.0
O2023_82_24_1_0013_00000578.tif,2023,82,82-24,1,0013,00000578,,18020,11870,3,uint8,0.1,-0.1,25832,575731.0,6223282.0,575731.0,6222095.0,577533.0,6223282.0,2138974.0
O2023_82_24_1_0013_00000579.tif,2023,82,82-24,1,0013,00000579,,17930,12040,3,uint8,0.1,-0.1,25832,575735.0,6222727.0,575735.0,6221523.0,577528.0,6222727.0,2158772.0
O2023_82_24_1_0013_00000580.tif,2023,82,82-24,1,0013,00000580,,17850,12120,3,uint8,0.1,-0.1,25832,575737.0,6222169.0,575737.0,6220957.0,577522.0,6222169.0,2163420.0
O2023_82_24_1_0014_00000743.tif,2023,82,82-24,1,0014,00000743,,17790,12110,3,uint8,0.1,-0.1,25832,576952.0,6222666.0,576952.0,6221455.0,578731.0,6222666.0,2154369.0
O2023_82_24_1_0014_00000744.tif,2023,82,82-24,1,0014,00000744,,17820,12120,3,uint8,0.1,-0.1,25832,576953.0,6223229.0,576953.0,6222017.0,578735.0,6223229.0,2159784.0
O2023_82_24_1_0014_00000745.tif,2023,82,82-24,1,0014,00000745,,17880,12060,3,uint8,0.1,-0.1,25832,576951.0,6223790.0,576951.0,6222584.0,578739.0,6223790.0,2156328.0
O2023_82_24_1_0014_00000746.tif,2023,82,82-24,1,0014,00000746,,17770,12130,3,uint8,0.1,-0.1,25832,576955.0,6224355.0,576955.0,6223142.0,578732.0,6224355.0,2155501.0
O2023_82_24_1_0014_00000747.tif,2023,82,82-24,1,0014,00000747,,17800,12050,3,uint8,0.1,-0.1,25832,576954.0,6224913.0,576954.0,6223708.0,578734.0,6224913.0,2144900.0
O2023_82_24_1_0014_00000748.tif,2023,82,82-24,1,0014,00000748,,17690,12180,3,uint8,0.1,-0.1,25832,576964.0,6225483.0,576964.0,6224265.0,578733.0,6225483.0,2154642.0
O2023_82_24_1_0016_00000874.tif,2023,82,82-24,1,0016,00000874,,17750,12000,3,uint8,0.1,-0.1,25832,579305.0,6180088.0,579305.0,6178888.0,581080.0,6180088.0,2130000.0
O2023_82_24_1_0016_00000875.tif,2023,82,82-24,1,0016,00000875,,17740,12000,3,uint8,0.1,-0.1,25832,579306.0,6180648.0,579306.0,6179448.0,581080.0,6180648.0,2128800.0
O2023_82_24_1_0017_00001064.tif,2023,82,82-24,1,0017,00001064,,17740,12010,3,uint8,0.1,-0.1,25832,580540.0,6180721.0,580540.0,6179520.0,582314.0,6180721.0,2130574.0
O2023_82_24_1_0017_00001065.tif,2023,82,82-24,1,0017,00001065,,17820,11870,3,uint8,0.1,-0.1,25832,580536.0,6180154.0,580536.0,6178967.0,582318.0,6180154.0,2115234.0
O2023_82_24_1_0017_00001066.tif,2023,82,82-24,1,0017,00001066,,17730,11990,3,uint8,0.1,-0.1,25832,580539.0,6179601.0,580539.0,6178402.0,582312.0,6179601.0,2125827.0
O2023_84_40_1_0125_00092510.tif,2023,84,84-40,1,0125,00092510,,9710,7210,3,uint8,0.1,-0.1,25832,711180.0,6189581.0,711180.0,6188860.0,712151.0,6189581.0,700091.0
O2023_84_40_1_0125_00092514.tif,2023,84,84-40,1,0125,00092514,,9710,7210,3,uint8,0.1,-0.1,25832,711178.0,6189254.0,711178.0,6188533.0,712149.0,6189254.0,700091.0
O2023_84_40_1_0125_00092517.tif,2023,84,84-40,1,0125,00092517,,9710,7210,3,uint8,0.1,-0.1,25832,711177.0,6188931.0,711177.0,6188210.0,712148.0,6188931.0,700091.0
O2023_84_40_1_0125_00092520.tif,2023,84,84-40,1,0125,00092520,,9710,7200,3,uint8,0.1,-0.1,25832,711175.0,6188606.0,711175.0,6187886.0,712146.0,6188606.0,699120.0
O2023_84_40_1_0125_00092524.tif,2023,84,84-40,1,0125,00092524,,9710,7210,3,uint8,0.1,-0.1,25832,711174.0,6188280.0,711174.0,6187559.0,712145.0,6188280.0,700091.0
O2023_84_40_1_0125_00092527.tif,2023,84,84-40,1,0125,00092527,,9710,7210,3,uint8,0.1,-0.1,25832,711172.0,6187956.0,711172.0,6187235.0,712143.0,6187956.0,700091.0
O2023_84_40_1_0125_00092530.tif,2023,84,84-40,1,0125,00092530,,9710,7210,3,uint8,0.1,-0.1,25832,711171.0,6187632.0,711171.0,6186911.0,712142.0,6187632.0,700091.0
O2023_84_40_1_0125_00092534.tif,2023,84,84-40,1,0125,00092534,,9710,7210,3,uint8,0.1,-0.1,25832,711170.0,6187307.0,711170.0,6186586.0,712141.0,6187307.0,700091.0
O2023_84_40_1_0125_00092537.tif,2023,84,84-40,1,0125,00092537,,9710,7210,3,uint8,0.1,-0.1,25832,711169.0,6186982.0,711169.0,6186261.0,712140.0,6186982.0,700091.0
O2023_84_40_1_0125_00092541.tif,2023,84,84-40,1,0125,00092541,,9720,7210,3,uint8,0.1,-0.1,25832,711167.0,6186658.0,711167.0,6185937.0,712139.0,6186658.0,700812.0
O2023_84_40_1_0125_00092544.tif,2023,84,84-40,1,0125,00092544,,9720,7220,3,uint8,0.1,-0.1,25832,711165.0,6186333.0,711165.0,6185611.0,712137.0,6186333.0,701784.0
O2023_84_40_1_0125_00092547.tif,2023,84,84-40,1,0125,00092547,,9730,7210,3,uint8,0.1,-0.1,25832,711163.0,6186008.0,711163.0,6185287.0,712136.0,6186008.0,701533.0
O2023_84_40_1_0125_00092551.tif,2023,84,84-40,1,0125,00092551,,9710,7220,3,uint8,0.1,-0.1,25832,711162.0,6185683.0,711162.0,6184961.0,712133.0,6185683.0,701062.0
O2023_84_40_1_0125_00092554.tif,2023,84,84-40,1,0125,00092554,,9720,7220,3,uint8,0.1,-0.1,25832,711159.0,6185356.0,711159.0,6184634.0,712131.0,6185356.0,701784.0
O2023_84_40_1_0125_00092557.tif,2023,84,84-40,1,0125,00092557,,9710,7210,3,uint8,0.1,-0.1,25832,711157.0,6185027.0,711157.0,6184306.0,712128.0,6185027.0,700091.0
O2023_84_40_1_0126_00090902.tif,2023,84,84-40,1,0126,00090902,,9700,7220,3,uint8,0.1,-0.1,25832,711910.0,6185123.0,711910.0,6184401.0,712880.0,6185123.0,700340.0
O2023_84_40_1_0126_00090905.tif,2023,84,84-40,1,0126,00090905,,9700,7220,3,uint8,0.1,-0.1,25832,711914.0,6185448.0,711914.0,6184726.0,712884.0,6185448.0,700340.0
O2023_84_40_1_0126_00090908.tif,2023,84,84-40,1,0126,00090908,,9700,7220,3,uint8,0.1,-0.1,25832,711918.0,6185777.0,711918.0,6185055.0,712888.0,6185777.0,700340.0
O2023_84_40_1_0126_00090911.tif,2023,84,84-40,1,0126,00090911,,9690,7220,3,uint8,0.1,-0.1,25832,711922.0,6186101.0,711922.0,6185379.0,712891.0,6186101.0,699618.0
O2023_84_40_1_0126_00090914.tif,2023,84,84-40,1,0126,00090914,,9690,7220,3,uint8,0.1,-0.1,25832,711924.0,6186427.0,711924.0,6185705.0,712893.0,6186427.0,699618.0
O2023_84_40_1_0126_00090917.tif,2023,84,84-40,1,0126,00090917,,9690,7210,3,uint8,0.1,-0.1,25832,711925.0,6186753.0,711925.0,6186032.0,712894.0,6186753.0,698649.0
O2023_84_40_1_0126_00090919.tif,2023,84,84-40,1,0126,00090919,,9690,7210,3,uint8,0.1,-0.1,25832,711923.0,6187081.0,711923.0,6186360.0,712892.0,6187081.0,698649.0
O2023_84_40_1_0126_00090922.tif,2023,84,84-40,1,0126,00090922,,9690,7220,3,uint8,0.1,-0.1,25832,711920.0,6187406.0,711920.0,6186684.0,712889.0,6187406.0,699618.0
O2023_84_40_1_0126_00090925.tif,2023,84,84-40,1,0126,00090925,,9700,7220,3,uint8,0.1,-0.1,25832,711914.0,6187732.0,711914.0,6187010.0,712884.0,6187732.0,700340.0
O2023_84_40_1_0126_00090928.tif,2023,84,84-40,1,0126,00090928,,9700,7220,3,uint8,0.1,-0.1,25832,711909.0,6188056.0,711909.0,6187334.0,712879.0,6188056.0,700340.0
O2023_84_40_1_0126_00090931.tif,2023,84,84-40,1,0126,00090931,,9690,7220,3,uint8,0.1,-0.1,25832,711904.0,6188382.0,711904.0,6187660.0,712873.0,6188382.0,699618.0
O2023_84_40_1_0126_00090934.tif,2023,84,84-40,1,0126,00090934,,9700,7220,3,uint8,0.1,-0.1,25832,711899.0,6188706.0,711899.0,6187984.0,712869.0,6188706.0,700340.0
O2023_84_40_1_0126_00090937.tif,2023,84,84-40,1,0126,00090937,,9690,7220,3,uint8,0.1,-0.1,25832,711895.0,6189030.0,711895.0,6188308.0,712864.0,6189030.0,699618.0
O2023_84_40_1_0126_00090940.tif,2023,84,84-40,1,0126,00090940,,9700,7220,3,uint8,0.1,-0.1,25832,711892.0,6189354.0,711892.0,6188632.0,712862.0,6189354.0,700340.0
O2023_84_40_1_0126_00090943.tif,2023,84,84-40,1,0126,00090943,,9700,7220,3,uint8,0.1,-0.1,25832,711891.0,6189678.0,711891.0,6188956.0,712861.0,6189678.0,700340.0
O2023_84_40_1_0127_00085814.tif,2023,84,84-40,1,0127,00085814,,9670,7180,3,uint8,0.1,-0.1,25832,712652.0,6189601.0,712652.0,6188883.0,713619.0,6189601.0,694306.0
O2023_84_40_1_0127_00085817.tif,2023,84,84-40,1,0127,00085817,,9660,7170,3,uint8,0.1,-0.1,25832,712652.0,6189276.0,712652.0,6188559.0,713618.0,6189276.0,692622.0
O2023_84_40_1_0127_00085820.tif,2023,84,84-40,1,0127,00085820,,9660,7180,3,uint8,0.1,-0.1,25832,712652.0,6188953.0,712652.0,6188235.0,713618.0,6188953.0,693588.0
O2023_84_40_1_0127_00085824.tif,2023,84,84-40,1,0127,00085824,,9660,7170,3,uint8,0.1,-0.1,25832,712652.0,6188629.0,712652.0,6187912.0,713618.0,6188629.0,692622.0
O2023_84_40_1_0127_00085827.tif,2023,84,84-40,1,0127,00085827,,9660,7180,3,uint8,0.1,-0.1,25832,712653.0,6188304.0,712653.0,6187586.0,713619.0,6188304.0,693588.0
O2023_84_40_1_0127_00085831.tif,2023,84,84-40,1,0127,00085831,,9670,7180,3,uint8,0.1,-0.1,25832,712653.0,6187981.0,712653.0,6187263.0,713620.0,6187981.0,694306.0
O2023_84_40_1_0127_00085834.tif,2023,84,84-40,1,0127,00085834,,9670,7190,3,uint8,0.1,-0.1,25832,712653.0,6187656.0,712653.0,6186937.0,713620.0,6187656.0,695273.0
O2023_84_40_1_0127_00085837.tif,2023,84,84-40,1,0127,00085837,,9670,7180,3,uint8,0.1,-0.1,25832,712653.0,6187331.0,712653.0,6186613.0,713620.0,6187331.0,694306.0
O2023_84_40_1_0127_00085841.tif,2023,84,84-40,1,0127,00085841,,9660,7180,3,uint8,0.1,-0.1,25832,712653.0,6187006.0,712653.0,6186288.0,713619.0,6187006.0,693588.0
O2023_84_40_1_0127_00085844.tif,2023,84,84-40,1,0127,00085844,,9660,7170,3,uint8,0.1,-0.1,25832,712652.0,6186681.0,712652.0,6185964.0,713618.0,6186681.0,692622.0
O2023_84_40_1_0127_00085848.tif,2023,84,84-40,1,0127,00085848,,9660,7180,3,uint8,0.1,-0.1,25832,712652.0,6186354.0,712652.0,6185636.0,713618.0,6186354.0,693588.0
O2023_84_40_1_0127_00085851.tif,2023,84,84-40,1,0127,00085851,,9660,7180,3,uint8,0.1,-0.1,25832,712655.0,6186030.0,712655.0,6185312.0,713621.0,6186030.0,693588.0
O2023_84_40_1_0127_00085854.tif,2023,84,84-40,1,0127,00085854,,9670,7170,3,uint8,0.1,-0.1,25832,712660.0,6185706.0,712660.0,6184989.0,713627.0,6185706.0,693339.0
O2023_84_40_1_0127_00085858.tif,2023,84,84-40,1,0127,00085858,,9670,7180,3,uint8,0.1,-0.1,25832,712667.0,6185375.0,712667.0,6184657.0,713634.0,6185375.0,694306.0
O2023_84_40_1_0127_00085901.tif,2023,84,84-40,1,0127,00085901,,9670,7180,3,uint8,0.1,-0.1,25832,712675.0,6185049.0,712675.0,6184331.0,713642.0,6185049.0,694306.0
O2023_84_40_1_0132_00074525.tif,2023,84,84-40,1,0132,00074525,,9750,7260,3,uint8,0.1,-0.1,25832,716435.0,6167054.0,716435.0,6166328.0,717410.0,6167054.0,707850.0
O2023_84_40_1_0132_00074528.tif,2023,84,84-40,1,0132,00074528,,9750,7250,3,uint8,0.1,-0.1,25832,716442.0,6167395.0,716442.0,6166670.0,717417.0,6167395.0,706875.0
O2023_84_40_1_0132_00074531.tif,2023,84,84-40,1,0132,00074531,,9750,7250,3,uint8,0.1,-0.1,25832,716449.0,6167734.0,716449.0,6167009.0,717424.0,6167734.0,706875.0
O2023_84_40_1_0132_00074534.tif,2023,84,84-40,1,0132,00074534,,9750,7250,3,uint8,0.1,-0.1,25832,716452.0,6168072.0,716452.0,6167347.0,717427.0,6168072.0,706875.0
O2023_84_40_1_0132_00074537.tif,2023,84,84-40,1,0132,00074537,,9750,7250,3,uint8,0.1,-0.1,25832,716452.0,6168409.0,716452.0,6167684.0,717427.0,6168409.0,706875.0
O2023_84_40_1_0132_00074540.tif,2023,84,84-40,1,0132,00074540,,9740,7250,3,uint8,0.1,-0.1,25832,716450.0,6168748.0,716450.0,6168023.0,717424.0,6168748.0,706150.0
O2023_84_40_1_0132_00074543.tif,2023,84,84-40,1,0132,00074543,,9750,7250,3,uint8,0.1,-0.1,25832,716446.0,6169086.0,716446.0,6168361.0,717421.0,6169086.0,706875.0
O2023_84_40_1_0132_00074546.tif,2023,84,84-40,1,0132,00074546,,9740,7250,3,uint8,0.1,-0.1,25832,716445.0,6169425.0,716445.0,6168700.0,717419.0,6169425.0,706150.0
O2023_84_40_1_0132_00074549.tif,2023,84,84-40,1,0132,00074549,,9740,7250,3,uint8,0.1,-0.1,25832,716446.0,6169763.0,716446.0,6169038.0,717420.0,6169763.0,706150.0
O2023_84_40_1_0133_00074111.tif,2023,84,84-40,1,0133,00074111,,9720,7220,3,uint8,0.1,-0.1,25832,717162.0,6169599.0,717162.0,6168877.0,718134.0,6169599.0,701784.0
O2023_84_40_1_0133_00074114.tif,2023,84,84-40,1,0133,00074114,,9720,7210,3,uint8,0.1,-0.1,25832,717169.0,6169262.0,717169.0,6168541.0,718141.0,6169262.0,700812.0
O2023_84_40_1_0133_00074118.tif,2023,84,84-40,1,0133,00074118,,9720,7210,3,uint8,0.1,-0.1,25832,717171.0,6168922.0,717171.0,6168201.0,718143.0,6168922.0,700812.0
O2023_84_40_1_0133_00074121.tif,2023,84,84-40,1,0133,00074121,,9720,7200,3,uint8,0.1,-0.1,25832,717171.0,6168583.0,717171.0,6167863.0,718143.0,6168583.0,699840.0
O2023_84_40_1_0133_00074125.tif,2023,84,84-40,1,0133,00074125,,9720,7210,3,uint8,0.1,-0.1,25832,717169.0,6168247.0,717169.0,6167526.0,718141.0,6168247.0,700812.0
O2023_84_40_1_0133_00074128.tif,2023,84,84-40,1,0133,00074128,,9720,7200,3,uint8,0.1,-0.1,25832,717167.0,6167906.0,717167.0,6167186.0,718139.0,6167906.0,699840.0
O2023_84_40_1_0133_00074132.tif,2023,84,84-40,1,0133,00074132,,9720,7200,3,uint8,0.1,-0.1,25832,717164.0,6167567.0,717164.0,6166847.0,718136.0,6167567.0,699840.0
O2023_84_40_1_0133_00074135.tif,2023,84,84-40,1,0133,00074135,,9710,7210,3,uint8,0.1,-0.1,25832,717163.0,6167228.0,717163.0,6166507.0,718134.0,6167228.0,700091.0
O2023_84_40_1_0134_00071843.tif,2023,84,84-40,1,0134,00071843,,9760,7260,3,uint8,0.1,-0.1,25832,717885.0,6167093.0,717885.0,6166367.0,718861.0,6167093.0,708576.0
O2023_84_40_1_0134_00071846.tif,2023,84,84-40,1,0134,00071846,,9750,7260,3,uint8,0.1,-0.1,25832,717884.0,6167434.0,717884.0,6166708.0,718859.0,6167434.0,707850.0
O2023_84_40_1_0134_00071849.tif,2023,84,84-40,1,0134,00071849,,9760,7260,3,uint8,0.1,-0.1,25832,717883.0,6167773.0,717883.0,6167047.0,718859.0,6167773.0,708576.0
O2023_84_40_1_0134_00071852.tif,2023,84,84-40,1,0134,00071852,,9760,7250,3,uint8,0.1,-0.1,25832,717884.0,6168109.0,717884.0,6167384.0,718860.0,6168109.0,707600.0
O2023_84_40_1_0134_00071855.tif,2023,84,84-40,1,0134,00071855,,9750,7260,3,uint8,0.1,-0.1,25832,717885.0,6168449.0,717885.0,6167723.0,718860.0,6168449.0,707850.0
O2023_84_40_1_0134_00071859.tif,2023,84,84-40,1,0134,00071859,,9750,7250,3,uint8,0.1,-0.1,25832,717886.0,6168786.0,717886.0,6168061.0,718861.0,6168786.0,706875.0
O2023_84_40_1_0134_00071902.tif,2023,84,84-40,1,0134,00071902,,9750,7250,3,uint8,0.1,-0.1,25832,717886.0,6169126.0,717886.0,6168401.0,718861.0,6169126.0,706875.0
O2023_84_40_1_0134_00071905.tif,2023,84,84-40,1,0134,00071905,,9750,7250,3,uint8,0.1,-0.1,25832,717886.0,6169462.0,717886.0,6168737.0,718861.0,6169462.0,706875.0
O2023_84_40_1_0135_00071423.tif,2023,84,84-40,1,0135,00071423,,9730,7220,3,uint8,0.1,-0.1,25832,718609.0,6169460.0,718609.0,6168738.0,719582.0,6169460.0,702506.0
O2023_84_40_1_0135_00071426.tif,2023,84,84-40,1,0135,00071426,,9730,7220,3,uint8,0.1,-0.1,25832,718616.0,6169123.0,718616.0,6168401.0,719589.0,6169123.0,702506.0
O2023_84_40_1_0135_00071430.tif,2023,84,84-40,1,0135,00071430,,9730,7230,3,uint8,0.1,-0.1,25832,718625.0,6168785.0,718625.0,6168062.0,719598.0,6168785.0,703479.0
O2023_84_40_1_0135_00071433.tif,2023,84,84-40,1,0135,00071433,,9730,7230,3,uint8,0.1,-0.1,25832,718635.0,6168449.0,718635.0,6167726.0,719608.0,6168449.0,703479.0
O2023_84_40_1_0135_00071437.tif,2023,84,84-40,1,0135,00071437,,9730,7230,3,uint8,0.1,-0.1,25832,718643.0,6168114.0,718643.0,6167391.0,719616.0,6168114.0,703479.0
O2023_84_40_1_0135_00071440.tif,2023,84,84-40,1,0135,00071440,,9740,7230,3,uint8,0.1,-0.1,25832,718646.0,6167777.0,718646.0,6167054.0,719620.0,6167777.0,704202.0
O2023_84_40_1_0135_00071444.tif,2023,84,84-40,1,0135,00071444,,9740,7220,3,uint8,0.1,-0.1,25832,718645.0,6167436.0,718645.0,6166714.0,719619.0,6167436.0,703228.0
O2023_84_40_1_0135_00071447.tif,2023,84,84-40,1,0135,00071447,,9730,7220,3,uint8,0.1,-0.1,25832,718643.0,6167100.0,718643.0,6166378.0,719616.0,6167100.0,702506.0
O2023_84_40_1_0136_00065220.tif,2023,84,84-40,1,0136,00065220,,9720,7230,3,uint8,0.1,-0.1,25832,719394.0,6167019.0,719394.0,6166296.0,720366.0,6167019.0,702756.0
O2023_84_40_1_0136_00065223.tif,2023,84,84-40,1,0136,00065223,,9720,7230,3,uint8,0.1,-0.1,25832,719398.0,6167359.0,719398.0,6166636.0,720370.0,6167359.0,702756.0
O2023_84_40_1_0136_00065226.tif,2023,84,84-40,1,0136,00065226,,9720,7230,3,uint8,0.1,-0.1,25832,719402.0,6167698.0,719402.0,6166975.0,720374.0,6167698.0,702756.0
O2023_84_40_1_0136_00065229.tif,2023,84,84-40,1,0136,00065229,,9720,7230,3,uint8,0.1,-0.1,25832,719405.0,6168035.0,719405.0,6167312.0,720377.0,6168035.0,702756.0
O2023_84_40_1_0136_00065232.tif,2023,84,84-40,1,0136,00065232,,9720,7220,3,uint8,0.1,-0.1,25832,719407.0,6168374.0,719407.0,6167652.0,720379.0,6168374.0,701784.0
O2023_84_40_1_0136_00065235.tif,2023,84,84-40,1,0136,00065235,,9720,7220,3,uint8,0.1,-0.1,25832,719407.0,6168712.0,719407.0,6167990.0,720379.0,6168712.0,701784.0
O2023_84_40_1_0136_00065238.tif,2023,84,84-40,1,0136,00065238,,9720,7220,3,uint8,0.1,-0.1,25832,719404.0,6169049.0,719404.0,6168327.0,720376.0,6169049.0,701784.0
O2023_84_40_1_0136_00065241.tif,2023,84,84-40,1,0136,00065241,,9720,7220,3,uint8,0.1,-0.1,25832,719399.0,6169387.0,719399.0,6168665.0,720371.0,6169387.0,701784.0
O2023_84_40_1_0136_00065244.tif,2023,84,84-40,1,0136,00065244,,9720,7220,3,uint8,0.1,-0.1,25832,719394.0,6169724.0,719394.0,6169002.0,720366.0,6169724.0,701784.0
O2023_84_40_1_0137_00063931.tif,2023,84,84-40,1,0137,00063931,,9670,7180,3,uint8,0.1,-0.1,25832,720132.0,6215727.0,720132.0,6215009.0,721099.0,6215727.0,694306.0
O2023_84_40_1_0137_00063934.tif,2023,84,84-40,1,0137,00063934,,9660,7180,3,uint8,0.1,-0.1,25832,720132.0,6215402.0,720132.0,6214684.0,721098.0,6215402.0,693588.0
O2023_84_40_1_0137_00063937.tif,2023,84,84-40,1,0137,00063937,,9660,7190,3,uint8,0.1,-0.1,25832,720132.0,6215078.0,720132.0,6214359.0,721098.0,6215078.0,694554.0
O2023_84_40_1_0137_00063940.tif,2023,84,84-40,1,0137,00063940,,9660,7180,3,uint8,0.1,-0.1,25832,720131.0,6214752.0,720131.0,6214034.0,721097.0,6214752.0,693588.0
O2023_84_40_1_0137_00063944.tif,2023,84,84-40,1,0137,00063944,,9660,7180,3,uint8,0.1,-0.1,25832,720130.0,6214429.0,720130.0,6213711.0,721096.0,6214429.0,693588.0
O2023_84_40_1_0137_00063947.tif,2023,84,84-40,1,0137,00063947,,9660,7180,3,uint8,0.1,-0.1,25832,720129.0,6214103.0,720129.0,6213385.0,721095.0,6214103.0,693588.0
O2023_84_40_1_0137_00063950.tif,2023,84,84-40,1,0137,00063950,,9670,7180,3,uint8,0.1,-0.1,25832,720127.0,6213779.0,720127.0,6213061.0,721094.0,6213779.0,694306.0
O2023_84_40_1_0137_00063954.tif,2023,84,84-40,1,0137,00063954,,9660,7180,3,uint8,0.1,-0.1,25832,720126.0,6213454.0,720126.0,6212736.0,721092.0,6213454.0,693588.0
O2023_84_40_1_0137_00063957.tif,2023,84,84-40,1,0137,00063957,,9660,7180,3,uint8,0.1,-0.1,25832,720124.0,6213130.0,720124.0,6212412.0,721090.0,6213130.0,693588.0
O2023_84_40_1_0137_00064724.tif,2023,84,84-40,1,0137,00064724,,9690,7200,3,uint8,0.1,-0.1,25832,720132.0,6169622.0,720132.0,6168902.0,721101.0,6169622.0,697680.0
O2023_84_40_1_0137_00064727.tif,2023,84,84-40,1,0137,00064727,,9690,7190,3,uint8,0.1,-0.1,25832,720134.0,6169291.0,720134.0,6168572.0,721103.0,6169291.0,696711.0
O2023_84_40_1_0137_00064731.tif,2023,84,84-40,1,0137,00064731,,9690,7190,3,uint8,0.1,-0.1,25832,720136.0,6168958.0,720136.0,6168239.0,721105.0,6168958.0,696711.0
O2023_84_40_1_0137_00064734.tif,2023,84,84-40,1,0137,00064734,,9690,7190,3,uint8,0.1,-0.1,25832,720138.0,6168629.0,720138.0,6167910.0,721107.0,6168629.0,696711.0
O2023_84_40_1_0137_00064738.tif,2023,84,84-40,1,0137,00064738,,9690,7190,3,uint8,0.1,-0.1,25832,720139.0,6168296.0,720139.0,6167577.0,721108.0,6168296.0,696711.0
O2023_84_40_1_0137_00064741.tif,2023,84,84-40,1,0137,00064741,,9690,7200,3,uint8,0.1,-0.1,25832,720139.0,6167964.0,720139.0,6167244.0,721108.0,6167964.0,697680.0
O2023_84_40_1_0137_00064744.tif,2023,84,84-40,1,0137,00064744,,9690,7190,3,uint8,0.1,-0.1,25832,720136.0,6167626.0,720136.0,6166907.0,721105.0,6167626.0,696711.0
O2023_84_40_1_0137_00064748.tif,2023,84,84-40,1,0137,00064748,,9690,7190,3,uint8,0.1,-0.1,25832,720133.0,6167284.0,720133.0,6166565.0,721102.0,6167284.0,696711.0
O2023_84_40_1_0137_00064751.tif,2023,84,84-40,1,0137,00064751,,9690,7200,3,uint8,0.1,-0.1,25832,720130.0,6166946.0,720130.0,6166226.0,721099.0,6166946.0,697680.0
O2023_84_40_1_0138_00062503.tif,2023,84,84-40,1,0138,00062503,,9730,7240,3,uint8,0.1,-0.1,25832,720853.0,6167021.0,720853.0,6166297.0,721826.0,6167021.0,704452.0
O2023_84_40_1_0138_00062506.tif,2023,84,84-40,1,0138,00062506,,9740,7240,3,uint8,0.1,-0.1,25832,720856.0,6167359.0,720856.0,6166635.0,721830.0,6167359.0,705176.0
O2023_84_40_1_0138_00062510.tif,2023,84,84-40,1,0138,00062510,,9740,7250,3,uint8,0.1,-0.1,25832,720859.0,6167700.0,720859.0,6166975.0,721833.0,6167700.0,706150.0
O2023_84_40_1_0138_00062513.tif,2023,84,84-40,1,0138,00062513,,9740,7250,3,uint8,0.1,-0.1,25832,720860.0,6168037.0,720860.0,6167312.0,721834.0,6168037.0,706150.0
O2023_84_40_1_0138_00062516.tif,2023,84,84-40,1,0138,00062516,,9740,7250,3,uint8,0.1,-0.1,25832,720861.0,6168378.0,720861.0,6167653.0,721835.0,6168378.0,706150.0
O2023_84_40_1_0138_00062519.tif,2023,84,84-40,1,0138,00062519,,9740,7240,3,uint8,0.1,-0.1,25832,720862.0,6168714.0,720862.0,6167990.0,721836.0,6168714.0,705176.0
O2023_84_40_1_0138_00062522.tif,2023,84,84-40,1,0138,00062522,,9740,7250,3,uint8,0.1,-0.1,25832,720864.0,6169052.0,720864.0,6168327.0,721838.0,6169052.0,706150.0
O2023_84_40_1_0138_00062526.tif,2023,84,84-40,1,0138,00062526,,9740,7240,3,uint8,0.1,-0.1,25832,720866.0,6169390.0,720866.0,6168666.0,721840.0,6169390.0,705176.0
O2023_84_40_1_0138_00062529.tif,2023,84,84-40,1,0138,00062529,,9740,7250,3,uint8,0.1,-0.1,25832,720869.0,6169725.0,720869.0,6169000.0,721843.0,6169725.0,706150.0
O2023_84_40_1_0138_00063215.tif,2023,84,84-40,1,0138,00063215,,9700,7230,3,uint8,0.1,-0.1,25832,720891.0,6213178.0,720891.0,6212455.0,721861.0,6213178.0,701310.0
O2023_84_40_1_0138_00063218.tif,2023,84,84-40,1,0138,00063218,,9700,7220,3,uint8,0.1,-0.1,25832,720886.0,6213506.0,720886.0,6212784.0,721856.0,6213506.0,700340.0
O2023_84_40_1_0138_00063221.tif,2023,84,84-40,1,0138,00063221,,9690,7220,3,uint8,0.1,-0.1,25832,720880.0,6213828.0,720880.0,6213106.0,721849.0,6213828.0,699618.0
O2023_84_40_1_0138_00063224.tif,2023,84,84-40,1,0138,00063224,,9700,7220,3,uint8,0.1,-0.1,25832,720874.0,6214153.0,720874.0,6213431.0,721844.0,6214153.0,700340.0
O2023_84_40_1_0138_00063227.tif,2023,84,84-40,1,0138,00063227,,9700,7220,3,uint8,0.1,-0.1,25832,720870.0,6214477.0,720870.0,6213755.0,721840.0,6214477.0,700340.0
O2023_84_40_1_0138_00063230.tif,2023,84,84-40,1,0138,00063230,,9700,7220,3,uint8,0.1,-0.1,25832,720868.0,6214801.0,720868.0,6214079.0,721838.0,6214801.0,700340.0
O2023_84_40_1_0138_00063233.tif,2023,84,84-40,1,0138,00063233,,9690,7220,3,uint8,0.1,-0.1,25832,720868.0,6215122.0,720868.0,6214400.0,721837.0,6215122.0,699618.0
O2023_84_40_1_0138_00063236.tif,2023,84,84-40,1,0138,00063236,,9690,7220,3,uint8,0.1,-0.1,25832,720867.0,6215443.0,720867.0,6214721.0,721836.0,6215443.0,699618.0
O2023_84_40_1_0138_00063239.tif,2023,84,84-40,1,0138,00063239,,9690,7220,3,uint8,0.1,-0.1,25832,720866.0,6215765.0,720866.0,6215043.0,721835.0,6215765.0,699618.0
O2023_84_40_1_0139_00061152.tif,2023,84,84-40,1,0139,00061152,,9700,7210,3,uint8,0.1,-0.1,25832,721660.0,6215656.0,721660.0,6214935.0,722630.0,6215656.0,699370.0
O2023_84_40_1_0139_00061156.tif,2023,84,84-40,1,0139,00061156,,9700,7220,3,uint8,0.1,-0.1,25832,721659.0,6215331.0,721659.0,6214609.0,722629.0,6215331.0,700340.0
O2023_84_40_1_0139_00061159.tif,2023,84,84-40,1,0139,00061159,,9710,7220,3,uint8,0.1,-0.1,25832,721657.0,6215009.0,721657.0,6214287.0,722628.0,6215009.0,701062.0
O2023_84_40_1_0139_00061202.tif,2023,84,84-40,1,0139,00061202,,9710,7220,3,uint8,0.1,-0.1,25832,721656.0,6214684.0,721656.0,6213962.0,722627.0,6214684.0,701062.0
O2023_84_40_1_0139_00061206.tif,2023,84,84-40,1,0139,00061206,,9710,7220,3,uint8,0.1,-0.1,25832,721655.0,6214356.0,721655.0,6213634.0,722626.0,6214356.0,701062.0
O2023_84_40_1_0139_00061209.tif,2023,84,84-40,1,0139,00061209,,9710,7220,3,uint8,0.1,-0.1,25832,721654.0,6214029.0,721654.0,6213307.0,722625.0,6214029.0,701062.0
O2023_84_40_1_0139_00061213.tif,2023,84,84-40,1,0139,00061213,,9710,7220,3,uint8,0.1,-0.1,25832,721653.0,6213702.0,721653.0,6212980.0,722624.0,6213702.0,701062.0
O2023_84_40_1_0139_00061216.tif,2023,84,84-40,1,0139,00061216,,9700,7220,3,uint8,0.1,-0.1,25832,721652.0,6213372.0,721652.0,6212650.0,722622.0,6213372.0,700340.0
O2023_84_40_1_0139_00061220.tif,2023,84,84-40,1,0139,00061220,,9710,7220,3,uint8,0.1,-0.1,25832,721651.0,6213043.0,721651.0,6212321.0,722622.0,6213043.0,701062.0
O2023_84_40_1_0140_00055833.tif,2023,84,84-40,1,0140,00055833,,9750,7260,3,uint8,0.1,-0.1,25832,722361.0,6171262.0,722361.0,6170536.0,723336.0,6171262.0,707850.0
O2023_84_40_1_0140_00055836.tif,2023,84,84-40,1,0140,00055836,,9740,7260,3,uint8,0.1,-0.1,25832,722361.0,6171600.0,722361.0,6170874.0,723335.0,6171600.0,707124.0
O2023_84_40_1_0140_00055839.tif,2023,84,84-40,1,0140,00055839,,9740,7250,3,uint8,0.1,-0.1,25832,722362.0,6171938.0,722362.0,6171213.0,723336.0,6171938.0,706150.0
O2023_84_40_1_0140_00055842.tif,2023,84,84-40,1,0140,00055842,,9740,7250,3,uint8,0.1,-0.1,25832,722364.0,6172275.0,722364.0,6171550.0,723338.0,6172275.0,706150.0
O2023_84_40_1_0140_00055845.tif,2023,84,84-40,1,0140,00055845,,9740,7250,3,uint8,0.1,-0.1,25832,722366.0,6172613.0,722366.0,6171888.0,723340.0,6172613.0,706150.0
O2023_84_40_1_0140_00055848.tif,2023,84,84-40,1,0140,00055848,,9740,7250,3,uint8,0.1,-0.1,25832,722367.0,6172950.0,722367.0,6172225.0,723341.0,6172950.0,706150.0
O2023_84_40_1_0140_00055852.tif,2023,84,84-40,1,0140,00055852,,9740,7250,3,uint8,0.1,-0.1,25832,722367.0,6173289.0,722367.0,6172564.0,723341.0,6173289.0,706150.0
O2023_84_40_1_0140_00055855.tif,2023,84,84-40,1,0140,00055855,,9750,7260,3,uint8,0.1,-0.1,25832,722367.0,6173624.0,722367.0,6172898.0,723342.0,6173624.0,707850.0
O2023_84_40_1_0140_00055858.tif,2023,84,84-40,1,0140,00055858,,9750,7260,3,uint8,0.1,-0.1,25832,722368.0,6173961.0,722368.0,6173235.0,723343.0,6173961.0,707850.0
O2023_84_40_1_0140_00055901.tif,2023,84,84-40,1,0140,00055901,,9750,7260,3,uint8,0.1,-0.1,25832,722369.0,6174298.0,722369.0,6173572.0,723344.0,6174298.0,707850.0
O2023_84_40_1_0140_00055904.tif,2023,84,84-40,1,0140,00055904,,9740,7250,3,uint8,0.1,-0.1,25832,722371.0,6174633.0,722371.0,6173908.0,723345.0,6174633.0,706150.0
O2023_84_40_1_0140_00055907.tif,2023,84,84-40,1,0140,00055907,,9750,7260,3,uint8,0.1,-0.1,25832,722372.0,6174969.0,722372.0,6174243.0,723347.0,6174969.0,707850.0
O2023_84_40_1_0140_00055910.tif,2023,84,84-40,1,0140,00055910,,9750,7260,3,uint8,0.1,-0.1,25832,722374.0,6175305.0,722374.0,6174579.0,723349.0,6175305.0,707850.0
O2023_84_40_1_0140_00055913.tif,2023,84,84-40,1,0140,00055913,,9750,7260,3,uint8,0.1,-0.1,25832,722375.0,6175640.0,722375.0,6174914.0,723350.0,6175640.0,707850.0
O2023_84_40_1_0140_00060451.tif,2023,84,84-40,1,0140,00060451,,9720,7250,3,uint8,0.1,-0.1,25832,722360.0,6213086.0,722360.0,6212361.0,723332.0,6213086.0,704700.0
O2023_84_40_1_0140_00060454.tif,2023,84,84-40,1,0140,00060454,,9730,7250,3,uint8,0.1,-0.1,25832,722359.0,6213414.0,722359.0,6212689.0,723332.0,6213414.0,705425.0
O2023_84_40_1_0140_00060457.tif,2023,84,84-40,1,0140,00060457,,9720,7250,3,uint8,0.1,-0.1,25832,722359.0,6213744.0,722359.0,6213019.0,723331.0,6213744.0,704700.0
O2023_84_40_1_0140_00060500.tif,2023,84,84-40,1,0140,00060500,,9720,7250,3,uint8,0.1,-0.1,25832,722358.0,6214072.0,722358.0,6213347.0,723330.0,6214072.0,704700.0
O2023_84_40_1_0140_00060503.tif,2023,84,84-40,1,0140,00060503,,9710,7250,3,uint8,0.1,-0.1,25832,722358.0,6214399.0,722358.0,6213674.0,723329.0,6214399.0,703975.0
O2023_84_40_1_0140_00060506.tif,2023,84,84-40,1,0140,00060506,,9710,7240,3,uint8,0.1,-0.1,25832,722358.0,6214725.0,722358.0,6214001.0,723329.0,6214725.0,703004.0
O2023_84_40_1_0140_00060509.tif,2023,84,84-40,1,0140,00060509,,9710,7240,3,uint8,0.1,-0.1,25832,722358.0,6215052.0,722358.0,6214328.0,723329.0,6215052.0,703004.0
O2023_84_40_1_0140_00060512.tif,2023,84,84-40,1,0140,00060512,,9710,7240,3,uint8,0.1,-0.1,25832,722359.0,6215378.0,722359.0,6214654.0,723330.0,6215378.0,703004.0
O2023_84_40_1_0140_00060515.tif,2023,84,84-40,1,0140,00060515,,9720,7250,3,uint8,0.1,-0.1,25832,722359.0,6215702.0,722359.0,6214977.0,723331.0,6215702.0,704700.0
O2023_84_40_1_0141_00115827.tif,2023,84,84-40,1,0141,00115827,,9660,7190,3,uint8,0.1,-0.1,25832,723154.0,6215452.0,723154.0,6214733.0,724120.0,6215452.0,694554.0
O2023_84_40_1_0141_00115830.tif,2023,84,84-40,1,0141,00115830,,9660,7180,3,uint8,0.1,-0.1,25832,723153.0,6215125.0,723153.0,6214407.0,724119.0,6215125.0,693588.0
O2023_84_40_1_0141_00115833.tif,2023,84,84-40,1,0141,00115833,,9660,7180,3,uint8,0.1,-0.1,25832,723152.0,6214796.0,723152.0,6214078.0,724118.0,6214796.0,693588.0
O2023_84_40_1_0141_00115836.tif,2023,84,84-40,1,0141,00115836,,9660,7180,3,uint8,0.1,-0.1,25832,723151.0,6214469.0,723151.0,6213751.0,724117.0,6214469.0,693588.0
O2023_84_40_1_0141_00115839.tif,2023,84,84-40,1,0141,00115839,,9650,7180,3,uint8,0.1,-0.1,25832,723151.0,6214141.0,723151.0,6213423.0,724116.0,6214141.0,692870.0
O2023_84_40_1_0141_00115842.tif,2023,84,84-40,1,0141,00115842,,9650,7170,3,uint8,0.1,-0.1,25832,723150.0,6213811.0,723150.0,6213094.0,724115.0,6213811.0,691905.0
O2023_84_40_1_0141_00115845.tif,2023,84,84-40,1,0141,00115845,,9650,7180,3,uint8,0.1,-0.1,25832,723151.0,6213483.0,723151.0,6212765.0,724116.0,6213483.0,692870.0
O2023_84_40_1_0141_00115849.tif,2023,84,84-40,1,0141,00115849,,9660,7180,3,uint8,0.1,-0.1,25832,723151.0,6213153.0,723151.0,6212435.0,724117.0,6213153.0,693588.0
O2023_84_40_1_0141_00120446.tif,2023,84,84-40,1,0141,00120446,,9630,7160,3,uint8,0.1,-0.1,25832,723161.0,6175565.0,723161.0,6174849.0,724124.0,6175565.0,689508.0
O2023_84_40_1_0141_00120449.tif,2023,84,84-40,1,0141,00120449,,9640,7160,3,uint8,0.1,-0.1,25832,723150.0,6175232.0,723150.0,6174516.0,724114.0,6175232.0,690224.0
O2023_84_40_1_0141_00120452.tif,2023,84,84-40,1,0141,00120452,,9640,7150,3,uint8,0.1,-0.1,25832,723138.0,6174895.0,723138.0,6174180.0,724102.0,6174895.0,689260.0
O2023_84_40_1_0141_00120456.tif,2023,84,84-40,1,0141,00120456,,9630,7160,3,uint8,0.1,-0.1,25832,723127.0,6174558.0,723127.0,6173842.0,724090.0,6174558.0,689508.0
O2023_84_40_1_0141_00120459.tif,2023,84,84-40,1,0141,00120459,,9640,7160,3,uint8,0.1,-0.1,25832,723115.0,6174221.0,723115.0,6173505.0,724079.0,6174221.0,690224.0
O2023_84_40_1_0141_00120502.tif,2023,84,84-40,1,0141,00120502,,9640,7160,3,uint8,0.1,-0.1,25832,723107.0,6173883.0,723107.0,6173167.0,724071.0,6173883.0,690224.0
O2023_84_40_1_0141_00120505.tif,2023,84,84-40,1,0141,00120505,,9640,7160,3,uint8,0.1,-0.1,25832,723106.0,6173546.0,723106.0,6172830.0,724070.0,6173546.0,690224.0
O2023_84_40_1_0141_00120508.tif,2023,84,84-40,1,0141,00120508,,9640,7160,3,uint8,0.1,-0.1,25832,723109.0,6173212.0,723109.0,6172496.0,724073.0,6173212.0,690224.0
O2023_84_40_1_0141_00120512.tif,2023,84,84-40,1,0141,00120512,,9650,7160,3,uint8,0.1,-0.1,25832,723115.0,6172875.0,723115.0,6172159.0,724080.0,6172875.0,690940.0
O2023_84_40_1_0141_00120515.tif,2023,84,84-40,1,0141,00120515,,9640,7160,3,uint8,0.1,-0.1,25832,723123.0,6172538.0,723123.0,6171822.0,724087.0,6172538.0,690224.0
O2023_84_40_1_0141_00120518.tif,2023,84,84-40,1,0141,00120518,,9640,7160,3,uint8,0.1,-0.1,25832,723132.0,6172202.0,723132.0,6171486.0,724096.0,6172202.0,690224.0
O2023_84_40_1_0141_00120521.tif,2023,84,84-40,1,0141,00120521,,9640,7160,3,uint8,0.1,-0.1,25832,723141.0,6171865.0,723141.0,6171149.0,724105.0,6171865.0,690224.0
O2023_84_40_1_0141_00120524.tif,2023,84,84-40,1,0141,00120524,,9640,7150,3,uint8,0.1,-0.1,25832,723151.0,6171528.0,723151.0,6170813.0,724115.0,6171528.0,689260.0
O2023_84_40_1_0141_00120528.tif,2023,84,84-40,1,0141,00120528,,9640,7150,3,uint8,0.1,-0.1,25832,723161.0,6171189.0,723161.0,6170474.0,724125.0,6171189.0,689260.0
O2023_84_40_1_0142_00114646.tif,2023,84,84-40,1,0142,00114646,,9650,7190,3,uint8,0.1,-0.1,25832,723899.0,6171237.0,723899.0,6170518.0,724864.0,6171237.0,693835.0
O2023_84_40_1_0142_00114648.tif,2023,84,84-40,1,0142,00114648,,9660,7180,3,uint8,0.1,-0.1,25832,723898.0,6171572.0,723898.0,6170854.0,724864.0,6171572.0,693588.0
O2023_84_40_1_0142_00114651.tif,2023,84,84-40,1,0142,00114651,,9650,7180,3,uint8,0.1,-0.1,25832,723898.0,6171905.0,723898.0,6171187.0,724863.0,6171905.0,692870.0
O2023_84_40_1_0142_00114654.tif,2023,84,84-40,1,0142,00114654,,9650,7180,3,uint8,0.1,-0.1,25832,723897.0,6172240.0,723897.0,6171522.0,724862.0,6172240.0,692870.0
O2023_84_40_1_0142_00114656.tif,2023,84,84-40,1,0142,00114656,,9650,7180,3,uint8,0.1,-0.1,25832,723896.0,6172575.0,723896.0,6171857.0,724861.0,6172575.0,692870.0
O2023_84_40_1_0142_00114659.tif,2023,84,84-40,1,0142,00114659,,9650,7180,3,uint8,0.1,-0.1,25832,723896.0,6172910.0,723896.0,6172192.0,724861.0,6172910.0,692870.0
O2023_84_40_1_0142_00114702.tif,2023,84,84-40,1,0142,00114702,,9650,7180,3,uint8,0.1,-0.1,25832,723895.0,6173244.0,723895.0,6172526.0,724860.0,6173244.0,692870.0
O2023_84_40_1_0142_00114704.tif,2023,84,84-40,1,0142,00114704,,9650,7180,3,uint8,0.1,-0.1,25832,723894.0,6173577.0,723894.0,6172859.0,724859.0,6173577.0,692870.0
O2023_84_40_1_0142_00114707.tif,2023,84,84-40,1,0142,00114707,,9650,7180,3,uint8,0.1,-0.1,25832,723894.0,6173915.0,723894.0,6173197.0,724859.0,6173915.0,692870.0
O2023_84_40_1_0142_00114710.tif,2023,84,84-40,1,0142,00114710,,9650,7180,3,uint8,0.1,-0.1,25832,723893.0,6174249.0,723893.0,6173531.0,724858.0,6174249.0,692870.0
O2023_84_40_1_0142_00114712.tif,2023,84,84-40,1,0142,00114712,,9650,7180,3,uint8,0.1,-0.1,25832,723893.0,6174583.0,723893.0,6173865.0,724858.0,6174583.0,692870.0
O2023_84_40_1_0142_00114715.tif,2023,84,84-40,1,0142,00114715,,9650,7180,3,uint8,0.1,-0.1,25832,723893.0,6174918.0,723893.0,6174200.0,724858.0,6174918.0,692870.0
O2023_84_40_1_0142_00114718.tif,2023,84,84-40,1,0142,00114718,,9650,7180,3,uint8,0.1,-0.1,25832,723893.0,6175252.0,723893.0,6174534.0,724858.0,6175252.0,692870.0
O2023_84_40_1_0142_00114720.tif,2023,84,84-40,1,0142,00114720,,9650,7180,3,uint8,0.1,-0.1,25832,723893.0,6175587.0,723893.0,6174869.0,724858.0,6175587.0,692870.0
O2023_84_40_1_0142_00115228.tif,2023,84,84-40,1,0142,00115228,,9650,7190,3,uint8,0.1,-0.1,25832,723900.0,6213095.0,723900.0,6212376.0,724865.0,6213095.0,693835.0
O2023_84_40_1_0142_00115230.tif,2023,84,84-40,1,0142,00115230,,9660,7190,3,uint8,0.1,-0.1,25832,723902.0,6213427.0,723902.0,6212708.0,724868.0,6213427.0,694554.0
O2023_84_40_1_0142_00115233.tif,2023,84,84-40,1,0142,00115233,,9650,7190,3,uint8,0.1,-0.1,25832,723903.0,6213760.0,723903.0,6213041.0,724868.0,6213760.0,693835.0
O2023_84_40_1_0142_00115236.tif,2023,84,84-40,1,0142,00115236,,9650,7190,3,uint8,0.1,-0.1,25832,723902.0,6214091.0,723902.0,6213372.0,724867.0,6214091.0,693835.0
O2023_84_40_1_0142_00115239.tif,2023,84,84-40,1,0142,00115239,,9650,7190,3,uint8,0.1,-0.1,25832,723901.0,6214421.0,723901.0,6213702.0,724866.0,6214421.0,693835.0
O2023_84_40_1_0142_00115241.tif,2023,84,84-40,1,0142,00115241,,9650,7190,3,uint8,0.1,-0.1,25832,723900.0,6214752.0,723900.0,6214033.0,724865.0,6214752.0,693835.0
O2023_84_40_1_0142_00115244.tif,2023,84,84-40,1,0142,00115244,,9650,7190,3,uint8,0.1,-0.1,25832,723898.0,6215083.0,723898.0,6214364.0,724863.0,6215083.0,693835.0
O2023_84_40_1_0142_00115247.tif,2023,84,84-40,1,0142,00115247,,9650,7190,3,uint8,0.1,-0.1,25832,723896.0,6215414.0,723896.0,6214695.0,724861.0,6215414.0,693835.0
O2023_84_40_1_0142_00115249.tif,2023,84,84-40,1,0142,00115249,,9640,7190,3,uint8,0.1,-0.1,25832,723895.0,6215745.0,723895.0,6215026.0,724859.0,6215745.0,693116.0
O2023_84_40_1_0143_00113256.tif,2023,84,84-40,1,0143,00113256,,9670,7180,3,uint8,0.1,-0.1,25832,724637.0,6215577.0,724637.0,6214859.0,725604.0,6215577.0,694306.0
O2023_84_40_1_0143_00113259.tif,2023,84,84-40,1,0143,00113259,,9680,7190,3,uint8,0.1,-0.1,25832,724641.0,6215245.0,724641.0,6214526.0,725609.0,6215245.0,695992.0
O2023_84_40_1_0143_00113302.tif,2023,84,84-40,1,0143,00113302,,9670,7190,3,uint8,0.1,-0.1,25832,724646.0,6214915.0,724646.0,6214196.0,725613.0,6214915.0,695273.0
O2023_84_40_1_0143_00113306.tif,2023,84,84-40,1,0143,00113306,,9670,7180,3,uint8,0.1,-0.1,25832,724652.0,6214582.0,724652.0,6213864.0,725619.0,6214582.0,694306.0
O2023_84_40_1_0143_00113309.tif,2023,84,84-40,1,0143,00113309,,9660,7190,3,uint8,0.1,-0.1,25832,724658.0,6214254.0,724658.0,6213535.0,725624.0,6214254.0,694554.0
O2023_84_40_1_0143_00113312.tif,2023,84,84-40,1,0143,00113312,,9660,7190,3,uint8,0.1,-0.1,25832,724664.0,6213923.0,724664.0,6213204.0,725630.0,6213923.0,694554.0
O2023_84_40_1_0143_00113315.tif,2023,84,84-40,1,0143,00113315,,9670,7190,3,uint8,0.1,-0.1,25832,724669.0,6213591.0,724669.0,6212872.0,725636.0,6213591.0,695273.0
O2023_84_40_1_0143_00113318.tif,2023,84,84-40,1,0143,00113318,,9660,7190,3,uint8,0.1,-0.1,25832,724675.0,6213261.0,724675.0,6212542.0,725641.0,6213261.0,694554.0
O2023_84_40_1_0143_00113917.tif,2023,84,84-40,1,0143,00113917,,9650,7160,3,uint8,0.1,-0.1,25832,724686.0,6175768.0,724686.0,6175052.0,725651.0,6175768.0,690940.0
O2023_84_40_1_0143_00113921.tif,2023,84,84-40,1,0143,00113921,,9650,7160,3,uint8,0.1,-0.1,25832,724681.0,6175434.0,724681.0,6174718.0,725646.0,6175434.0,690940.0
O2023_84_40_1_0143_00113924.tif,2023,84,84-40,1,0143,00113924,,9650,7170,3,uint8,0.1,-0.1,25832,724675.0,6175097.0,724675.0,6174380.0,725640.0,6175097.0,691905.0
O2023_84_40_1_0143_00113927.tif,2023,84,84-40,1,0143,00113927,,9650,7160,3,uint8,0.1,-0.1,25832,724670.0,6174763.0,724670.0,6174047.0,725635.0,6174763.0,690940.0
O2023_84_40_1_0143_00113930.tif,2023,84,84-40,1,0143,00113930,,9650,7170,3,uint8,0.1,-0.1,25832,724666.0,6174428.0,724666.0,6173711.0,725631.0,6174428.0,691905.0
O2023_84_40_1_0143_00113933.tif,2023,84,84-40,1,0143,00113933,,9650,7170,3,uint8,0.1,-0.1,25832,724661.0,6174090.0,724661.0,6173373.0,725626.0,6174090.0,691905.0
O2023_84_40_1_0143_00113937.tif,2023,84,84-40,1,0143,00113937,,9650,7170,3,uint8,0.1,-0.1,25832,724656.0,6173757.0,724656.0,6173040.0,725621.0,6173757.0,691905.0
O2023_84_40_1_0143_00113940.tif,2023,84,84-40,1,0143,00113940,,9650,7170,3,uint8,0.1,-0.1,25832,724652.0,6173420.0,724652.0,6172703.0,725617.0,6173420.0,691905.0
O2023_84_40_1_0143_00113943.tif,2023,84,84-40,1,0143,00113943,,9660,7170,3,uint8,0.1,-0.1,25832,724648.0,6173084.0,724648.0,6172367.0,725614.0,6173084.0,692622.0
O2023_84_40_1_0143_00113946.tif,2023,84,84-40,1,0143,00113946,,9660,7170,3,uint8,0.1,-0.1,25832,724644.0,6172749.0,724644.0,6172032.0,725610.0,6172749.0,692622.0
O2023_84_40_1_0143_00113950.tif,2023,84,84-40,1,0143,00113950,,9660,7170,3,uint8,0.1,-0.1,25832,724641.0,6172413.0,724641.0,6171696.0,725607.0,6172413.0,692622.0
O2023_84_40_1_0143_00113953.tif,2023,84,84-40,1,0143,00113953,,9650,7170,3,uint8,0.1,-0.1,25832,724641.0,6172078.0,724641.0,6171361.0,725606.0,6172078.0,691905.0
O2023_84_40_1_0143_00113956.tif,2023,84,84-40,1,0143,00113956,,9650,7160,3,uint8,0.1,-0.1,25832,724642.0,6171742.0,724642.0,6171026.0,725607.0,6171742.0,690940.0
O2023_84_40_1_0143_00113959.tif,2023,84,84-40,1,0143,00113959,,9640,7160,3,uint8,0.1,-0.1,25832,724645.0,6171405.0,724645.0,6170689.0,725609.0,6171405.0,690224.0
O2023_84_40_1_0143_00114002.tif,2023,84,84-40,1,0143,00114002,,9650,7150,3,uint8,0.1,-0.1,25832,724648.0,6171071.0,724648.0,6170356.0,725613.0,6171071.0,689975.0
O2023_84_40_1_0144_00111213.tif,2023,84,84-40,1,0144,00111213,,9700,7220,3,uint8,0.1,-0.1,25832,725412.0,6171052.0,725412.0,6170330.0,726382.0,6171052.0,700340.0
O2023_84_40_1_0144_00111216.tif,2023,84,84-40,1,0144,00111216,,9700,7220,3,uint8,0.1,-0.1,25832,725414.0,6171387.0,725414.0,6170665.0,726384.0,6171387.0,700340.0
O2023_84_40_1_0144_00111219.tif,2023,84,84-40,1,0144,00111219,,9700,7220,3,uint8,0.1,-0.1,25832,725417.0,6171722.0,725417.0,6171000.0,726387.0,6171722.0,700340.0
O2023_84_40_1_0144_00111221.tif,2023,84,84-40,1,0144,00111221,,9700,7210,3,uint8,0.1,-0.1,25832,725421.0,6172057.0,725421.0,6171336.0,726391.0,6172057.0,699370.0
O2023_84_40_1_0144_00111224.tif,2023,84,84-40,1,0144,00111224,,9700,7220,3,uint8,0.1,-0.1,25832,725424.0,6172392.0,725424.0,6171670.0,726394.0,6172392.0,700340.0
O2023_84_40_1_0144_00111226.tif,2023,84,84-40,1,0144,00111226,,9700,7220,3,uint8,0.1,-0.1,25832,725427.0,6172727.0,725427.0,6172005.0,726397.0,6172727.0,700340.0
O2023_84_40_1_0144_00111229.tif,2023,84,84-40,1,0144,00111229,,9700,7220,3,uint8,0.1,-0.1,25832,725427.0,6173062.0,725427.0,6172340.0,726397.0,6173062.0,700340.0
O2023_84_40_1_0144_00111232.tif,2023,84,84-40,1,0144,00111232,,9700,7220,3,uint8,0.1,-0.1,25832,725427.0,6173400.0,725427.0,6172678.0,726397.0,6173400.0,700340.0
O2023_84_40_1_0144_00111234.tif,2023,84,84-40,1,0144,00111234,,9700,7220,3,uint8,0.1,-0.1,25832,725426.0,6173734.0,725426.0,6173012.0,726396.0,6173734.0,700340.0
O2023_84_40_1_0144_00111237.tif,2023,84,84-40,1,0144,00111237,,9700,7210,3,uint8,0.1,-0.1,25832,725424.0,6174071.0,725424.0,6173350.0,726394.0,6174071.0,699370.0
O2023_84_40_1_0144_00111240.tif,2023,84,84-40,1,0144,00111240,,9700,7220,3,uint8,0.1,-0.1,25832,725422.0,6174404.0,725422.0,6173682.0,726392.0,6174404.0,700340.0
O2023_84_40_1_0144_00111242.tif,2023,84,84-40,1,0144,00111242,,9690,7210,3,uint8,0.1,-0.1,25832,725421.0,6174738.0,725421.0,6174017.0,726390.0,6174738.0,698649.0
O2023_84_40_1_0144_00111245.tif,2023,84,84-40,1,0144,00111245,,9690,7210,3,uint8,0.1,-0.1,25832,725419.0,6175074.0,725419.0,6174353.0,726388.0,6175074.0,698649.0
O2023_84_40_1_0144_00111248.tif,2023,84,84-40,1,0144,00111248,,9690,7210,3,uint8,0.1,-0.1,25832,725417.0,6175412.0,725417.0,6174691.0,726386.0,6175412.0,698649.0
O2023_84_40_1_0144_00111250.tif,2023,84,84-40,1,0144,00111250,,9700,7210,3,uint8,0.1,-0.1,25832,725414.0,6175744.0,725414.0,6175023.0,726384.0,6175744.0,699370.0
O2023_84_40_1_0146_00110502.tif,2023,84,84-40,1,0146,00110502,,9700,7200,3,uint8,0.1,-0.1,25832,726194.0,6175776.0,726194.0,6175056.0,727164.0,6175776.0,698400.0
O2023_84_40_1_0146_00110505.tif,2023,84,84-40,1,0146,00110505,,9700,7210,3,uint8,0.1,-0.1,25832,726192.0,6175439.0,726192.0,6174718.0,727162.0,6175439.0,699370.0
O2023_84_40_1_0146_00110508.tif,2023,84,84-40,1,0146,00110508,,9700,7210,3,uint8,0.1,-0.1,25832,726190.0,6175104.0,726190.0,6174383.0,727160.0,6175104.0,699370.0
O2023_84_40_1_0146_00110512.tif,2023,84,84-40,1,0146,00110512,,9700,7210,3,uint8,0.1,-0.1,25832,726189.0,6174768.0,726189.0,6174047.0,727159.0,6174768.0,699370.0
O2023_84_40_1_0146_00110515.tif,2023,84,84-40,1,0146,00110515,,9700,7210,3,uint8,0.1,-0.1,25832,726188.0,6174431.0,726188.0,6173710.0,727158.0,6174431.0,699370.0
O2023_84_40_1_0146_00110518.tif,2023,84,84-40,1,0146,00110518,,9700,7210,3,uint8,0.1,-0.1,25832,726187.0,6174095.0,726187.0,6173374.0,727157.0,6174095.0,699370.0
O2023_84_40_1_0146_00110521.tif,2023,84,84-40,1,0146,00110521,,9700,7210,3,uint8,0.1,-0.1,25832,726186.0,6173759.0,726186.0,6173038.0,727156.0,6173759.0,699370.0
O2023_84_40_1_0146_00110524.tif,2023,84,84-40,1,0146,00110524,,9700,7210,3,uint8,0.1,-0.1,25832,726186.0,6173425.0,726186.0,6172704.0,727156.0,6173425.0,699370.0
O2023_84_40_1_0146_00110528.tif,2023,84,84-40,1,0146,00110528,,9700,7210,3,uint8,0.1,-0.1,25832,726186.0,6173087.0,726186.0,6172366.0,727156.0,6173087.0,699370.0
O2023_84_40_1_0146_00110531.tif,2023,84,84-40,1,0146,00110531,,9690,7210,3,uint8,0.1,-0.1,25832,726187.0,6172750.0,726187.0,6172029.0,727156.0,6172750.0,698649.0
O2023_84_40_1_0146_00110534.tif,2023,84,84-40,1,0146,00110534,,9700,7210,3,uint8,0.1,-0.1,25832,726187.0,6172416.0,726187.0,6171695.0,727157.0,6172416.0,699370.0
O2023_84_40_1_0146_00110537.tif,2023,84,84-40,1,0146,00110537,,9700,7210,3,uint8,0.1,-0.1,25832,726188.0,6172078.0,726188.0,6171357.0,727158.0,6172078.0,699370.0
O2023_84_40_1_0146_00110541.tif,2023,84,84-40,1,0146,00110541,,9700,7210,3,uint8,0.1,-0.1,25832,726190.0,6171742.0,726190.0,6171021.0,727160.0,6171742.0,699370.0
O2023_84_40_1_0146_00110544.tif,2023,84,84-40,1,0146,00110544,,9700,7210,3,uint8,0.1,-0.1,25832,726191.0,6171406.0,726191.0,6170685.0,727161.0,6171406.0,699370.0
O2023_84_40_1_0146_00110547.tif,2023,84,84-40,1,0146,00110547,,9700,7210,3,uint8,0.1,-0.1,25832,726193.0,6171070.0,726193.0,6170349.0,727163.0,6171070.0,699370.0
O2023_84_40_1_0148_00105604.tif,2023,84,84-40,1,0148,00105604,,9600,7140,3,uint8,0.1,-0.1,25832,726972.0,6171114.0,726972.0,6170400.0,727932.0,6171114.0,685440.0
O2023_84_40_1_0148_00105607.tif,2023,84,84-40,1,0148,00105607,,9590,7140,3,uint8,0.1,-0.1,25832,726973.0,6171453.0,726973.0,6170739.0,727932.0,6171453.0,684726.0
O2023_84_40_1_0148_00105610.tif,2023,84,84-40,1,0148,00105610,,9600,7140,3,uint8,0.1,-0.1,25832,726974.0,6171791.0,726974.0,6171077.0,727934.0,6171791.0,685440.0
O2023_84_40_1_0148_00105613.tif,2023,84,84-40,1,0148,00105613,,9600,7140,3,uint8,0.1,-0.1,25832,726976.0,6172128.0,726976.0,6171414.0,727936.0,6172128.0,685440.0
O2023_84_40_1_0148_00105615.tif,2023,84,84-40,1,0148,00105615,,9590,7140,3,uint8,0.1,-0.1,25832,726979.0,6172466.0,726979.0,6171752.0,727938.0,6172466.0,684726.0
O2023_84_40_1_0148_00105618.tif,2023,84,84-40,1,0148,00105618,,9590,7140,3,uint8,0.1,-0.1,25832,726981.0,6172803.0,726981.0,6172089.0,727940.0,6172803.0,684726.0
O2023_84_40_1_0148_00105621.tif,2023,84,84-40,1,0148,00105621,,9590,7140,3,uint8,0.1,-0.1,25832,726984.0,6173142.0,726984.0,6172428.0,727943.0,6173142.0,684726.0
O2023_84_40_1_0148_00105623.tif,2023,84,84-40,1,0148,00105623,,9590,7140,3,uint8,0.1,-0.1,25832,726987.0,6173478.0,726987.0,6172764.0,727946.0,6173478.0,684726.0
O2023_84_40_1_0148_00105626.tif,2023,84,84-40,1,0148,00105626,,9590,7130,3,uint8,0.1,-0.1,25832,726989.0,6173815.0,726989.0,6173102.0,727948.0,6173815.0,683767.0
O2023_84_40_1_0148_00105629.tif,2023,84,84-40,1,0148,00105629,,9590,7140,3,uint8,0.1,-0.1,25832,726992.0,6174153.0,726992.0,6173439.0,727951.0,6174153.0,684726.0
O2023_84_40_1_0148_00105631.tif,2023,84,84-40,1,0148,00105631,,9590,7140,3,uint8,0.1,-0.1,25832,726994.0,6174490.0,726994.0,6173776.0,727953.0,6174490.0,684726.0
O2023_84_40_1_0148_00105634.tif,2023,84,84-40,1,0148,00105634,,9590,7140,3,uint8,0.1,-0.1,25832,726996.0,6174825.0,726996.0,6174111.0,727955.0,6174825.0,684726.0
O2023_84_40_1_0148_00105637.tif,2023,84,84-40,1,0148,00105637,,9600,7140,3,uint8,0.1,-0.1,25832,726997.0,6175164.0,726997.0,6174450.0,727957.0,6175164.0,685440.0
O2023_84_40_1_0148_00105639.tif,2023,84,84-40,1,0148,00105639,,9590,7130,3,uint8,0.1,-0.1,25832,726999.0,6175499.0,726999.0,6174786.0,727958.0,6175499.0,683767.0
O2023_84_40_1_0151_00104015.tif,2023,84,84-40,1,0151,00104015,,9660,7180,3,uint8,0.1,-0.1,25832,728573.0,6169067.0,728573.0,6168349.0,729539.0,6169067.0,693588.0
O2023_84_40_1_0151_00104018.tif,2023,84,84-40,1,0151,00104018,,9650,7180,3,uint8,0.1,-0.1,25832,728579.0,6169402.0,728579.0,6168684.0,729544.0,6169402.0,692870.0
O2023_84_40_1_0151_00104021.tif,2023,84,84-40,1,0151,00104021,,9650,7190,3,uint8,0.1,-0.1,25832,728583.0,6169742.0,728583.0,6169023.0,729548.0,6169742.0,693835.0
O2023_84_40_1_0151_00104024.tif,2023,84,84-40,1,0151,00104024,,9650,7190,3,uint8,0.1,-0.1,25832,728585.0,6170078.0,728585.0,6169359.0,729550.0,6170078.0,693835.0
O2023_84_40_1_0151_00104027.tif,2023,84,84-40,1,0151,00104027,,9660,7180,3,uint8,0.1,-0.1,25832,728584.0,6170416.0,728584.0,6169698.0,729550.0,6170416.0,693588.0
O2023_84_40_1_0151_00104030.tif,2023,84,84-40,1,0151,00104030,,9650,7180,3,uint8,0.1,-0.1,25832,728581.0,6170755.0,728581.0,6170037.0,729546.0,6170755.0,692870.0
O2023_84_40_1_0151_00104033.tif,2023,84,84-40,1,0151,00104033,,9650,7180,3,uint8,0.1,-0.1,25832,728577.0,6171090.0,728577.0,6170372.0,729542.0,6171090.0,692870.0
O2023_84_40_1_0151_00104036.tif,2023,84,84-40,1,0151,00104036,,9650,7190,3,uint8,0.1,-0.1,25832,728574.0,6171428.0,728574.0,6170709.0,729539.0,6171428.0,693835.0
O2023_84_40_1_0151_00104039.tif,2023,84,84-40,1,0151,00104039,,9650,7180,3,uint8,0.1,-0.1,25832,728574.0,6171763.0,728574.0,6171045.0,729539.0,6171763.0,692870.0
O2023_84_40_1_0152_00103337.tif,2023,84,84-40,1,0152,00103337,,9620,7160,3,uint8,0.1,-0.1,25832,729323.0,6171756.0,729323.0,6171040.0,730285.0,6171756.0,688792.0
O2023_84_40_1_0152_00103340.tif,2023,84,84-40,1,0152,00103340,,9620,7150,3,uint8,0.1,-0.1,25832,729323.0,6171418.0,729323.0,6170703.0,730285.0,6171418.0,687830.0
O2023_84_40_1_0152_00103343.tif,2023,84,84-40,1,0152,00103343,,9620,7150,3,uint8,0.1,-0.1,25832,729324.0,6171079.0,729324.0,6170364.0,730286.0,6171079.0,687830.0
O2023_84_40_1_0152_00103347.tif,2023,84,84-40,1,0152,00103347,,9620,7160,3,uint8,0.1,-0.1,25832,729324.0,6170744.0,729324.0,6170028.0,730286.0,6170744.0,688792.0
O2023_84_40_1_0152_00103350.tif,2023,84,84-40,1,0152,00103350,,9620,7150,3,uint8,0.1,-0.1,25832,729325.0,6170405.0,729325.0,6169690.0,730287.0,6170405.0,687830.0
O2023_84_40_1_0152_00103353.tif,2023,84,84-40,1,0152,00103353,,9630,7160,3,uint8,0.1,-0.1,25832,729325.0,6170069.0,729325.0,6169353.0,730288.0,6170069.0,689508.0
O2023_84_40_1_0152_00103356.tif,2023,84,84-40,1,0152,00103356,,9620,7150,3,uint8,0.1,-0.1,25832,729326.0,6169732.0,729326.0,6169017.0,730288.0,6169732.0,687830.0
O2023_84_40_1_0152_00103400.tif,2023,84,84-40,1,0152,00103400,,9620,7150,3,uint8,0.1,-0.1,25832,729327.0,6169393.0,729327.0,6168678.0,730289.0,6169393.0,687830.0
O2023_84_40_1_0152_00103403.tif,2023,84,84-40,1,0152,00103403,,9610,7150,3,uint8,0.1,-0.1,25832,729329.0,6169057.0,729329.0,6168342.0,730290.0,6169057.0,687115.0
O2023_84_40_1_0153_00102506.tif,2023,84,84-40,1,0153,00102506,,9650,7180,3,uint8,0.1,-0.1,25832,730110.0,6169050.0,730110.0,6168332.0,731075.0,6169050.0,692870.0
O2023_84_40_1_0153_00102509.tif,2023,84,84-40,1,0153,00102509,,9660,7190,3,uint8,0.1,-0.1,25832,730105.0,6169387.0,730105.0,6168668.0,731071.0,6169387.0,694554.0
O2023_84_40_1_0153_00102512.tif,2023,84,84-40,1,0153,00102512,,9660,7180,3,uint8,0.1,-0.1,25832,730101.0,6169725.0,730101.0,6169007.0,731067.0,6169725.0,693588.0
O2023_84_40_1_0153_00102515.tif,2023,84,84-40,1,0153,00102515,,9650,7180,3,uint8,0.1,-0.1,25832,730100.0,6170064.0,730100.0,6169346.0,731065.0,6170064.0,692870.0
O2023_84_40_1_0153_00102518.tif,2023,84,84-40,1,0153,00102518,,9650,7180,3,uint8,0.1,-0.1,25832,730102.0,6170400.0,730102.0,6169682.0,731067.0,6170400.0,692870.0
O2023_84_40_1_0153_00102521.tif,2023,84,84-40,1,0153,00102521,,9650,7180,3,uint8,0.1,-0.1,25832,730107.0,6170739.0,730107.0,6170021.0,731072.0,6170739.0,692870.0
O2023_84_40_1_0153_00102524.tif,2023,84,84-40,1,0153,00102524,,9650,7170,3,uint8,0.1,-0.1,25832,730114.0,6171072.0,730114.0,6170355.0,731079.0,6171072.0,691905.0
O2023_84_40_1_0153_00102527.tif,2023,84,84-40,1,0153,00102527,,9640,7180,3,uint8,0.1,-0.1,25832,730121.0,6171413.0,730121.0,6170695.0,731085.0,6171413.0,692152.0
O2023_84_40_1_0153_00102530.tif,2023,84,84-40,1,0153,00102530,,9650,7170,3,uint8,0.1,-0.1,25832,730125.0,6171748.0,730125.0,6171031.0,731090.0,6171748.0,691905.0
O2023_84_40_1_0154_00101834.tif,2023,84,84-40,1,0154,00101834,,9750,7250,3,uint8,0.1,-0.1,25832,730824.0,6171626.0,730824.0,6170901.0,731799.0,6171626.0,706875.0
O2023_84_40_1_0154_00101837.tif,2023,84,84-40,1,0154,00101837,,9750,7240,3,uint8,0.1,-0.1,25832,730830.0,6171288.0,730830.0,6170564.0,731805.0,6171288.0,705900.0
O2023_84_40_1_0154_00101840.tif,2023,84,84-40,1,0154,00101840,,9750,7240,3,uint8,0.1,-0.1,25832,730838.0,6170949.0,730838.0,6170225.0,731813.0,6170949.0,705900.0
O2023_84_40_1_0154_00101843.tif,2023,84,84-40,1,0154,00101843,,9750,7250,3,uint8,0.1,-0.1,25832,730846.0,6170612.0,730846.0,6169887.0,731821.0,6170612.0,706875.0
O2023_84_40_1_0154_00101846.tif,2023,84,84-40,1,0154,00101846,,9750,7250,3,uint8,0.1,-0.1,25832,730856.0,6170273.0,730856.0,6169548.0,731831.0,6170273.0,706875.0
O2023_84_40_1_0154_00101850.tif,2023,84,84-40,1,0154,00101850,,9750,7240,3,uint8,0.1,-0.1,25832,730865.0,6169935.0,730865.0,6169211.0,731840.0,6169935.0,705900.0
O2023_84_40_1_0154_00101853.tif,2023,84,84-40,1,0154,00101853,,9750,7240,3,uint8,0.1,-0.1,25832,730875.0,6169597.0,730875.0,6168873.0,731850.0,6169597.0,705900.0
O2023_84_40_1_0154_00101856.tif,2023,84,84-40,1,0154,00101856,,9750,7250,3,uint8,0.1,-0.1,25832,730889.0,6169259.0,730889.0,6168534.0,731864.0,6169259.0,706875.0
O2023_84_40_1_0206_00115131.tif,2023,84,84-40,1,0206,00115131,,7710,5730,3,uint8,0.1,-0.1,25832,722617.0,6175493.0,722617.0,6174920.0,723388.0,6175493.0,441783.0
O2023_84_40_1_0206_00115134.tif,2023,84,84-40,1,0206,00115134,,7710,5730,3,uint8,0.1,-0.1,25832,722616.0,6175227.0,722616.0,6174654.0,723387.0,6175227.0,441783.0
O2023_84_40_1_0206_00115137.tif,2023,84,84-40,1,0206,00115137,,7710,5730,3,uint8,0.1,-0.1,25832,722615.0,6174958.0,722615.0,6174385.0,723386.0,6174958.0,441783.0
O2023_84_40_1_0206_00115139.tif,2023,84,84-40,1,0206,00115139,,7710,5730,3,uint8,0.1,-0.1,25832,722614.0,6174687.0,722614.0,6174114.0,723385.0,6174687.0,441783.0
O2023_84_40_1_0206_00115142.tif,2023,84,84-40,1,0206,00115142,,7710,5730,3,uint8,0.1,-0.1,25832,722613.0,6174418.0,722613.0,6173845.0,723384.0,6174418.0,441783.0
O2023_84_40_1_0206_00115144.tif,2023,84,84-40,1,0206,00115144,,7710,5730,3,uint8,0.1,-0.1,25832,722612.0,6174151.0,722612.0,6173578.0,723383.0,6174151.0,441783.0
O2023_84_40_1_0206_00115147.tif,2023,84,84-40,1,0206,00115147,,7700,5730,3,uint8,0.1,-0.1,25832,722612.0,6173881.0,722612.0,6173308.0,723382.0,6173881.0,441210.0
O2023_84_40_1_0206_00115149.tif,2023,84,84-40,1,0206,00115149,,7700,5730,3,uint8,0.1,-0.1,25832,722611.0,6173610.0,722611.0,6173037.0,723381.0,6173610.0,441210.0
O2023_84_40_1_0206_00115152.tif,2023,84,84-40,1,0206,00115152,,7700,5730,3,uint8,0.1,-0.1,25832,722610.0,6173341.0,722610.0,6172768.0,723380.0,6173341.0,441210.0
O2023_84_40_1_0206_00115155.tif,2023,84,84-40,1,0206,00115155,,7710,5730,3,uint8,0.1,-0.1,25832,722608.0,6173073.0,722608.0,6172500.0,723379.0,6173073.0,441783.0
O2023_84_40_1_0206_00115157.tif,2023,84,84-40,1,0206,00115157,,7700,5730,3,uint8,0.1,-0.1,25832,722605.0,6172802.0,722605.0,6172229.0,723375.0,6172802.0,441210.0
O2023_84_40_1_0206_00115200.tif,2023,84,84-40,1,0206,00115200,,7700,5730,3,uint8,0.1,-0.1,25832,722600.0,6172532.0,722600.0,6171959.0,723370.0,6172532.0,441210.0
O2023_84_40_1_0206_00115202.tif,2023,84,84-40,1,0206,00115202,,7700,5720,3,uint8,0.1,-0.1,25832,722594.0,6172262.0,722594.0,6171690.0,723364.0,6172262.0,440440.0
O2023_84_40_1_0206_00115205.tif,2023,84,84-40,1,0206,00115205,,7700,5720,3,uint8,0.1,-0.1,25832,722588.0,6171995.0,722588.0,6171423.0,723358.0,6171995.0,440440.0
O2023_84_40_1_0206_00115207.tif,2023,84,84-40,1,0206,00115207,,7700,5730,3,uint8,0.1,-0.1,25832,722583.0,6171723.0,722583.0,6171150.0,723353.0,6171723.0,441210.0
O2023_84_40_1_0206_00115210.tif,2023,84,84-40,1,0206,00115210,,7700,5730,3,uint8,0.1,-0.1,25832,722580.0,6171457.0,722580.0,6170884.0,723350.0,6171457.0,441210.0
O2023_84_40_1_0206_00115213.tif,2023,84,84-40,1,0206,00115213,,7710,5730,3,uint8,0.1,-0.1,25832,722577.0,6171186.0,722577.0,6170613.0,723348.0,6171186.0,441783.0
O2023_84_40_1_0207_00114420.tif,2023,84,84-40,1,0207,00114420,,7770,5780,3,uint8,0.1,-0.1,25832,723217.0,6171184.0,723217.0,6170606.0,723994.0,6171184.0,449106.0
O2023_84_40_1_0207_00114422.tif,2023,84,84-40,1,0207,00114422,,7770,5780,3,uint8,0.1,-0.1,25832,723216.0,6171453.0,723216.0,6170875.0,723993.0,6171453.0,449106.0
O2023_84_40_1_0207_00114425.tif,2023,84,84-40,1,0207,00114425,,7770,5780,3,uint8,0.1,-0.1,25832,723214.0,6171722.0,723214.0,6171144.0,723991.0,6171722.0,449106.0
O2023_84_40_1_0207_00114427.tif,2023,84,84-40,1,0207,00114427,,7770,5780,3,uint8,0.1,-0.1,25832,723213.0,6171995.0,723213.0,6171417.0,723990.0,6171995.0,449106.0
O2023_84_40_1_0207_00114430.tif,2023,84,84-40,1,0207,00114430,,7770,5770,3,uint8,0.1,-0.1,25832,723211.0,6172263.0,723211.0,6171686.0,723988.0,6172263.0,448329.0
O2023_84_40_1_0207_00114432.tif,2023,84,84-40,1,0207,00114432,,7760,5780,3,uint8,0.1,-0.1,25832,723210.0,6172532.0,723210.0,6171954.0,723986.0,6172532.0,448528.0
O2023_84_40_1_0207_00114435.tif,2023,84,84-40,1,0207,00114435,,7770,5780,3,uint8,0.1,-0.1,25832,723208.0,6172802.0,723208.0,6172224.0,723985.0,6172802.0,449106.0
O2023_84_40_1_0207_00114437.tif,2023,84,84-40,1,0207,00114437,,7760,5780,3,uint8,0.1,-0.1,25832,723207.0,6173073.0,723207.0,6172495.0,723983.0,6173073.0,448528.0
O2023_84_40_1_0207_00114440.tif,2023,84,84-40,1,0207,00114440,,7760,5770,3,uint8,0.1,-0.1,25832,723205.0,6173342.0,723205.0,6172765.0,723981.0,6173342.0,447752.0
O2023_84_40_1_0207_00114442.tif,2023,84,84-40,1,0207,00114442,,7760,5780,3,uint8,0.1,-0.1,25832,723204.0,6173611.0,723204.0,6173033.0,723980.0,6173611.0,448528.0
O2023_84_40_1_0207_00114444.tif,2023,84,84-40,1,0207,00114444,,7760,5770,3,uint8,0.1,-0.1,25832,723202.0,6173880.0,723202.0,6173303.0,723978.0,6173880.0,447752.0
O2023_84_40_1_0207_00114447.tif,2023,84,84-40,1,0207,00114447,,7760,5770,3,uint8,0.1,-0.1,25832,723201.0,6174151.0,723201.0,6173574.0,723977.0,6174151.0,447752.0
O2023_84_40_1_0207_00114449.tif,2023,84,84-40,1,0207,00114449,,7750,5770,3,uint8,0.1,-0.1,25832,723201.0,6174420.0,723201.0,6173843.0,723976.0,6174420.0,447175.0
O2023_84_40_1_0207_00114452.tif,2023,84,84-40,1,0207,00114452,,7760,5770,3,uint8,0.1,-0.1,25832,723200.0,6174691.0,723200.0,6174114.0,723976.0,6174691.0,447752.0
O2023_84_40_1_0207_00114454.tif,2023,84,84-40,1,0207,00114454,,7760,5770,3,uint8,0.1,-0.1,25832,723200.0,6174958.0,723200.0,6174381.0,723976.0,6174958.0,447752.0
O2023_84_40_1_0207_00114457.tif,2023,84,84-40,1,0207,00114457,,7750,5770,3,uint8,0.1,-0.1,25832,723200.0,6175229.0,723200.0,6174652.0,723975.0,6175229.0,447175.0
O2023_84_40_1_0207_00114459.tif,2023,84,84-40,1,0207,00114459,,7750,5770,3,uint8,0.1,-0.1,25832,723200.0,6175497.0,723200.0,6174920.0,723975.0,6175497.0,447175.0
O2023_84_40_1_0208_00114015.tif,2023,84,84-40,1,0208,00114015,,7710,5740,3,uint8,0.1,-0.1,25832,723831.0,6175492.0,723831.0,6174918.0,724602.0,6175492.0,442554.0
O2023_84_40_1_0208_00114018.tif,2023,84,84-40,1,0208,00114018,,7710,5740,3,uint8,0.1,-0.1,25832,723830.0,6175222.0,723830.0,6174648.0,724601.0,6175222.0,442554.0
O2023_84_40_1_0208_00114021.tif,2023,84,84-40,1,0208,00114021,,7720,5740,3,uint8,0.1,-0.1,25832,723829.0,6174954.0,723829.0,6174380.0,724601.0,6174954.0,443128.0
O2023_84_40_1_0208_00114023.tif,2023,84,84-40,1,0208,00114023,,7720,5740,3,uint8,0.1,-0.1,25832,723828.0,6174686.0,723828.0,6174112.0,724600.0,6174686.0,443128.0
O2023_84_40_1_0208_00114026.tif,2023,84,84-40,1,0208,00114026,,7720,5740,3,uint8,0.1,-0.1,25832,723828.0,6174416.0,723828.0,6173842.0,724600.0,6174416.0,443128.0
O2023_84_40_1_0208_00114028.tif,2023,84,84-40,1,0208,00114028,,7720,5740,3,uint8,0.1,-0.1,25832,723827.0,6174150.0,723827.0,6173576.0,724599.0,6174150.0,443128.0
O2023_84_40_1_0208_00114031.tif,2023,84,84-40,1,0208,00114031,,7710,5740,3,uint8,0.1,-0.1,25832,723827.0,6173879.0,723827.0,6173305.0,724598.0,6173879.0,442554.0
O2023_84_40_1_0208_00114034.tif,2023,84,84-40,1,0208,00114034,,7720,5740,3,uint8,0.1,-0.1,25832,723826.0,6173610.0,723826.0,6173036.0,724598.0,6173610.0,443128.0
O2023_84_40_1_0208_00114036.tif,2023,84,84-40,1,0208,00114036,,7720,5740,3,uint8,0.1,-0.1,25832,723825.0,6173342.0,723825.0,6172768.0,724597.0,6173342.0,443128.0
O2023_84_40_1_0208_00114039.tif,2023,84,84-40,1,0208,00114039,,7710,5740,3,uint8,0.1,-0.1,25832,723825.0,6173073.0,723825.0,6172499.0,724596.0,6173073.0,442554.0
O2023_84_40_1_0208_00114041.tif,2023,84,84-40,1,0208,00114041,,7720,5740,3,uint8,0.1,-0.1,25832,723824.0,6172803.0,723824.0,6172229.0,724596.0,6172803.0,443128.0
O2023_84_40_1_0208_00114044.tif,2023,84,84-40,1,0208,00114044,,7720,5740,3,uint8,0.1,-0.1,25832,723823.0,6172535.0,723823.0,6171961.0,724595.0,6172535.0,443128.0
O2023_84_40_1_0208_00114047.tif,2023,84,84-40,1,0208,00114047,,7720,5740,3,uint8,0.1,-0.1,25832,723822.0,6172268.0,723822.0,6171694.0,724594.0,6172268.0,443128.0
O2023_84_40_1_0208_00114049.tif,2023,84,84-40,1,0208,00114049,,7720,5740,3,uint8,0.1,-0.1,25832,723821.0,6171997.0,723821.0,6171423.0,724593.0,6171997.0,443128.0
O2023_84_40_1_0208_00114052.tif,2023,84,84-40,1,0208,00114052,,7710,5740,3,uint8,0.1,-0.1,25832,723821.0,6171729.0,723821.0,6171155.0,724592.0,6171729.0,442554.0
O2023_84_40_1_0208_00114054.tif,2023,84,84-40,1,0208,00114054,,7720,5740,3,uint8,0.1,-0.1,25832,723822.0,6171459.0,723822.0,6170885.0,724594.0,6171459.0,443128.0
O2023_84_40_1_0208_00114057.tif,2023,84,84-40,1,0208,00114057,,7710,5740,3,uint8,0.1,-0.1,25832,723825.0,6171188.0,723825.0,6170614.0,724596.0,6171188.0,442554.0
O2023_84_40_1_0209_00113321.tif,2023,84,84-40,1,0209,00113321,,7770,5780,3,uint8,0.1,-0.1,25832,724433.0,6171189.0,724433.0,6170611.0,725210.0,6171189.0,449106.0
O2023_84_40_1_0209_00113323.tif,2023,84,84-40,1,0209,00113323,,7770,5780,3,uint8,0.1,-0.1,25832,724428.0,6171459.0,724428.0,6170881.0,725205.0,6171459.0,449106.0
O2023_84_40_1_0209_00113326.tif,2023,84,84-40,1,0209,00113326,,7770,5780,3,uint8,0.1,-0.1,25832,724425.0,6171728.0,724425.0,6171150.0,725202.0,6171728.0,449106.0
O2023_84_40_1_0209_00113328.tif,2023,84,84-40,1,0209,00113328,,7770,5780,3,uint8,0.1,-0.1,25832,724426.0,6171994.0,724426.0,6171416.0,725203.0,6171994.0,449106.0
O2023_84_40_1_0209_00113331.tif,2023,84,84-40,1,0209,00113331,,7770,5770,3,uint8,0.1,-0.1,25832,724430.0,6172259.0,724430.0,6171682.0,725207.0,6172259.0,448329.0
O2023_84_40_1_0209_00113333.tif,2023,84,84-40,1,0209,00113333,,7770,5770,3,uint8,0.1,-0.1,25832,724437.0,6172528.0,724437.0,6171951.0,725214.0,6172528.0,448329.0
O2023_84_40_1_0209_00113335.tif,2023,84,84-40,1,0209,00113335,,7770,5780,3,uint8,0.1,-0.1,25832,724444.0,6172796.0,724444.0,6172218.0,725221.0,6172796.0,449106.0
O2023_84_40_1_0209_00113338.tif,2023,84,84-40,1,0209,00113338,,7760,5780,3,uint8,0.1,-0.1,25832,724451.0,6173065.0,724451.0,6172487.0,725227.0,6173065.0,448528.0
O2023_84_40_1_0209_00113340.tif,2023,84,84-40,1,0209,00113340,,7760,5770,3,uint8,0.1,-0.1,25832,724456.0,6173329.0,724456.0,6172752.0,725232.0,6173329.0,447752.0
O2023_84_40_1_0209_00113343.tif,2023,84,84-40,1,0209,00113343,,7760,5780,3,uint8,0.1,-0.1,25832,724458.0,6173600.0,724458.0,6173022.0,725234.0,6173600.0,448528.0
O2023_84_40_1_0209_00113345.tif,2023,84,84-40,1,0209,00113345,,7760,5770,3,uint8,0.1,-0.1,25832,724459.0,6173866.0,724459.0,6173289.0,725235.0,6173866.0,447752.0
O2023_84_40_1_0209_00113348.tif,2023,84,84-40,1,0209,00113348,,7760,5770,3,uint8,0.1,-0.1,25832,724458.0,6174134.0,724458.0,6173557.0,725234.0,6174134.0,447752.0
O2023_84_40_1_0209_00113350.tif,2023,84,84-40,1,0209,00113350,,7760,5770,3,uint8,0.1,-0.1,25832,724456.0,6174402.0,724456.0,6173825.0,725232.0,6174402.0,447752.0
O2023_84_40_1_0209_00113352.tif,2023,84,84-40,1,0209,00113352,,7750,5770,3,uint8,0.1,-0.1,25832,724454.0,6174666.0,724454.0,6174089.0,725229.0,6174666.0,447175.0
O2023_84_40_1_0209_00113355.tif,2023,84,84-40,1,0209,00113355,,7760,5770,3,uint8,0.1,-0.1,25832,724451.0,6174934.0,724451.0,6174357.0,725227.0,6174934.0,447752.0
O2023_84_40_1_0209_00113357.tif,2023,84,84-40,1,0209,00113357,,7760,5770,3,uint8,0.1,-0.1,25832,724448.0,6175203.0,724448.0,6174626.0,725224.0,6175203.0,447752.0
O2023_84_40_1_0209_00113400.tif,2023,84,84-40,1,0209,00113400,,7750,5760,3,uint8,0.1,-0.1,25832,724446.0,6175470.0,724446.0,6174894.0,725221.0,6175470.0,446400.0
O2023_84_40_1_0210_00112921.tif,2023,84,84-40,1,0210,00112921,,7730,5750,3,uint8,0.1,-0.1,25832,725088.0,6175482.0,725088.0,6174907.0,725861.0,6175482.0,444475.0
O2023_84_40_1_0210_00112923.tif,2023,84,84-40,1,0210,00112923,,7740,5750,3,uint8,0.1,-0.1,25832,725086.0,6175211.0,725086.0,6174636.0,725860.0,6175211.0,445050.0
O2023_84_40_1_0210_00112926.tif,2023,84,84-40,1,0210,00112926,,7730,5740,3,uint8,0.1,-0.1,25832,725085.0,6174946.0,725085.0,6174372.0,725858.0,6174946.0,443702.0
O2023_84_40_1_0210_00112929.tif,2023,84,84-40,1,0210,00112929,,7730,5740,3,uint8,0.1,-0.1,25832,725084.0,6174677.0,725084.0,6174103.0,725857.0,6174677.0,443702.0
O2023_84_40_1_0210_00112931.tif,2023,84,84-40,1,0210,00112931,,7730,5740,3,uint8,0.1,-0.1,25832,725083.0,6174408.0,725083.0,6173834.0,725856.0,6174408.0,443702.0
O2023_84_40_1_0210_00112934.tif,2023,84,84-40,1,0210,00112934,,7730,5750,3,uint8,0.1,-0.1,25832,725083.0,6174139.0,725083.0,6173564.0,725856.0,6174139.0,444475.0
O2023_84_40_1_0210_00112936.tif,2023,84,84-40,1,0210,00112936,,7730,5750,3,uint8,0.1,-0.1,25832,725083.0,6173873.0,725083.0,6173298.0,725856.0,6173873.0,444475.0
O2023_84_40_1_0210_00112939.tif,2023,84,84-40,1,0210,00112939,,7720,5740,3,uint8,0.1,-0.1,25832,725084.0,6173603.0,725084.0,6173029.0,725856.0,6173603.0,443128.0
O2023_84_40_1_0210_00112942.tif,2023,84,84-40,1,0210,00112942,,7730,5740,3,uint8,0.1,-0.1,25832,725084.0,6173334.0,725084.0,6172760.0,725857.0,6173334.0,443702.0
O2023_84_40_1_0210_00112944.tif,2023,84,84-40,1,0210,00112944,,7720,5750,3,uint8,0.1,-0.1,25832,725085.0,6173070.0,725085.0,6172495.0,725857.0,6173070.0,443900.0
O2023_84_40_1_0210_00112947.tif,2023,84,84-40,1,0210,00112947,,7730,5740,3,uint8,0.1,-0.1,25832,725085.0,6172800.0,725085.0,6172226.0,725858.0,6172800.0,443702.0
O2023_84_40_1_0210_00112949.tif,2023,84,84-40,1,0210,00112949,,7720,5740,3,uint8,0.1,-0.1,25832,725086.0,6172529.0,725086.0,6171955.0,725858.0,6172529.0,443128.0
O2023_84_40_1_0210_00112952.tif,2023,84,84-40,1,0210,00112952,,7730,5740,3,uint8,0.1,-0.1,25832,725086.0,6172263.0,725086.0,6171689.0,725859.0,6172263.0,443702.0
O2023_84_40_1_0210_00112955.tif,2023,84,84-40,1,0210,00112955,,7720,5740,3,uint8,0.1,-0.1,25832,725086.0,6171996.0,725086.0,6171422.0,725858.0,6171996.0,443128.0
O2023_84_40_1_0210_00112957.tif,2023,84,84-40,1,0210,00112957,,7730,5750,3,uint8,0.1,-0.1,25832,725085.0,6171725.0,725085.0,6171150.0,725858.0,6171725.0,444475.0
O2023_84_40_1_0210_00113000.tif,2023,84,84-40,1,0210,00113000,,7730,5750,3,uint8,0.1,-0.1,25832,725084.0,6171457.0,725084.0,6170882.0,725857.0,6171457.0,444475.0
O2023_84_40_1_0210_00113002.tif,2023,84,84-40,1,0210,00113002,,7730,5740,3,uint8,0.1,-0.1,25832,725083.0,6171189.0,725083.0,6170615.0,725856.0,6171189.0,443702.0
O2023_84_40_1_0211_00112232.tif,2023,84,84-40,1,0211,00112232,,7800,5790,3,uint8,0.1,-0.1,25832,725706.0,6171386.0,725706.0,6170807.0,726486.0,6171386.0,451620.0
O2023_84_40_1_0211_00112235.tif,2023,84,84-40,1,0211,00112235,,7790,5800,3,uint8,0.1,-0.1,25832,725707.0,6171657.0,725707.0,6171077.0,726486.0,6171657.0,451820.0
O2023_84_40_1_0211_00112237.tif,2023,84,84-40,1,0211,00112237,,7790,5790,3,uint8,0.1,-0.1,25832,725707.0,6171928.0,725707.0,6171349.0,726486.0,6171928.0,451041.0
O2023_84_40_1_0211_00112240.tif,2023,84,84-40,1,0211,00112240,,7790,5800,3,uint8,0.1,-0.1,25832,725707.0,6172197.0,725707.0,6171617.0,726486.0,6172197.0,451820.0
O2023_84_40_1_0211_00112242.tif,2023,84,84-40,1,0211,00112242,,7800,5800,3,uint8,0.1,-0.1,25832,725707.0,6172465.0,725707.0,6171885.0,726487.0,6172465.0,452400.0
O2023_84_40_1_0211_00112245.tif,2023,84,84-40,1,0211,00112245,,7790,5790,3,uint8,0.1,-0.1,25832,725708.0,6172736.0,725708.0,6172157.0,726487.0,6172736.0,451041.0
O2023_84_40_1_0211_00112247.tif,2023,84,84-40,1,0211,00112247,,7780,5790,3,uint8,0.1,-0.1,25832,725709.0,6173004.0,725709.0,6172425.0,726487.0,6173004.0,450462.0
O2023_84_40_1_0211_00112250.tif,2023,84,84-40,1,0211,00112250,,7780,5790,3,uint8,0.1,-0.1,25832,725710.0,6173276.0,725710.0,6172697.0,726488.0,6173276.0,450462.0
O2023_84_40_1_0211_00112252.tif,2023,84,84-40,1,0211,00112252,,7780,5790,3,uint8,0.1,-0.1,25832,725711.0,6173543.0,725711.0,6172964.0,726489.0,6173543.0,450462.0
O2023_84_40_1_0211_00112254.tif,2023,84,84-40,1,0211,00112254,,7790,5790,3,uint8,0.1,-0.1,25832,725712.0,6173810.0,725712.0,6173231.0,726491.0,6173810.0,451041.0
O2023_84_40_1_0211_00112257.tif,2023,84,84-40,1,0211,00112257,,7780,5800,3,uint8,0.1,-0.1,25832,725715.0,6174083.0,725715.0,6173503.0,726493.0,6174083.0,451240.0
O2023_84_40_1_0211_00112259.tif,2023,84,84-40,1,0211,00112259,,7790,5790,3,uint8,0.1,-0.1,25832,725717.0,6174351.0,725717.0,6173772.0,726496.0,6174351.0,451041.0
O2023_84_40_1_0211_00112302.tif,2023,84,84-40,1,0211,00112302,,7790,5790,3,uint8,0.1,-0.1,25832,725720.0,6174622.0,725720.0,6174043.0,726499.0,6174622.0,451041.0
O2023_84_40_1_0211_00112304.tif,2023,84,84-40,1,0211,00112304,,7780,5790,3,uint8,0.1,-0.1,25832,725722.0,6174891.0,725722.0,6174312.0,726500.0,6174891.0,450462.0
O2023_84_40_1_0211_00112306.tif,2023,84,84-40,1,0211,00112306,,7780,5790,3,uint8,0.1,-0.1,25832,725722.0,6175157.0,725722.0,6174578.0,726500.0,6175157.0,450462.0
O2023_84_40_1_0211_00112309.tif,2023,84,84-40,1,0211,00112309,,7780,5780,3,uint8,0.1,-0.1,25832,725721.0,6175425.0,725721.0,6174847.0,726499.0,6175425.0,449684.0
O2023_84_41_1_0113_00115708.tif,2023,84,84-41,1,0113,00115708,,9760,7250,3,uint8,0.1,-0.1,25832,702214.0,6227672.0,702214.0,6226947.0,703190.0,6227672.0,707600.0
O2023_84_41_1_0113_00115711.tif,2023,84,84-41,1,0113,00115711,,9750,7260,3,uint8,0.1,-0.1,25832,702214.0,6227338.0,702214.0,6226612.0,703189.0,6227338.0,707850.0
O2023_84_41_1_0113_00115714.tif,2023,84,84-41,1,0113,00115714,,9750,7250,3,uint8,0.1,-0.1,25832,702215.0,6227006.0,702215.0,6226281.0,703190.0,6227006.0,706875.0
O2023_84_41_1_0113_00115717.tif,2023,84,84-41,1,0113,00115717,,9760,7250,3,uint8,0.1,-0.1,25832,702217.0,6226670.0,702217.0,6225945.0,703193.0,6226670.0,707600.0
O2023_84_41_1_0113_00115720.tif,2023,84,84-41,1,0113,00115720,,9760,7260,3,uint8,0.1,-0.1,25832,702220.0,6226337.0,702220.0,6225611.0,703196.0,6226337.0,708576.0
O2023_84_41_1_0113_00115723.tif,2023,84,84-41,1,0113,00115723,,9750,7250,3,uint8,0.1,-0.1,25832,702224.0,6226001.0,702224.0,6225276.0,703199.0,6226001.0,706875.0
O2023_84_41_1_0113_00115727.tif,2023,84,84-41,1,0113,00115727,,9760,7250,3,uint8,0.1,-0.1,25832,702225.0,6225668.0,702225.0,6224943.0,703201.0,6225668.0,707600.0
O2023_84_41_1_0113_00115730.tif,2023,84,84-41,1,0113,00115730,,9750,7250,3,uint8,0.1,-0.1,25832,702225.0,6225333.0,702225.0,6224608.0,703200.0,6225333.0,706875.0
O2023_84_41_1_0113_00115733.tif,2023,84,84-41,1,0113,00115733,,9750,7250,3,uint8,0.1,-0.1,25832,702222.0,6224999.0,702222.0,6224274.0,703197.0,6224999.0,706875.0
O2023_84_41_1_0113_00115736.tif,2023,84,84-41,1,0113,00115736,,9760,7250,3,uint8,0.1,-0.1,25832,702218.0,6224665.0,702218.0,6223940.0,703194.0,6224665.0,707600.0
O2023_84_41_1_0113_00115739.tif,2023,84,84-41,1,0113,00115739,,9770,7260,3,uint8,0.1,-0.1,25832,702214.0,6224331.0,702214.0,6223605.0,703191.0,6224331.0,709302.0
O2023_84_41_1_0113_00115742.tif,2023,84,84-41,1,0113,00115742,,9770,7270,3,uint8,0.1,-0.1,25832,702212.0,6223997.0,702212.0,6223270.0,703189.0,6223997.0,710279.0
O2023_84_41_1_0113_00115745.tif,2023,84,84-41,1,0113,00115745,,9770,7270,3,uint8,0.1,-0.1,25832,702212.0,6223664.0,702212.0,6222937.0,703189.0,6223664.0,710279.0
O2023_84_41_1_0113_00115748.tif,2023,84,84-41,1,0113,00115748,,9770,7260,3,uint8,0.1,-0.1,25832,702213.0,6223328.0,702213.0,6222602.0,703190.0,6223328.0,709302.0
O2023_84_41_1_0113_00115751.tif,2023,84,84-41,1,0113,00115751,,9760,7260,3,uint8,0.1,-0.1,25832,702214.0,6222995.0,702214.0,6222269.0,703190.0,6222995.0,708576.0
O2023_84_41_1_0114_00141341.tif,2023,84,84-41,1,0114,00141341,,9770,7260,3,uint8,0.1,-0.1,25832,703047.0,6227673.0,703047.0,6226947.0,704024.0,6227673.0,709302.0
O2023_84_41_1_0114_00141345.tif,2023,84,84-41,1,0114,00141345,,9750,7250,3,uint8,0.1,-0.1,25832,702988.0,6227333.0,702988.0,6226608.0,703963.0,6227333.0,706875.0
O2023_84_41_1_0114_00141348.tif,2023,84,84-41,1,0114,00141348,,9770,7260,3,uint8,0.1,-0.1,25832,702977.0,6227002.0,702977.0,6226276.0,703954.0,6227002.0,709302.0
O2023_84_41_1_0114_00141352.tif,2023,84,84-41,1,0114,00141352,,9770,7270,3,uint8,0.1,-0.1,25832,702974.0,6226670.0,702974.0,6225943.0,703951.0,6226670.0,710279.0
O2023_84_41_1_0114_00141356.tif,2023,84,84-41,1,0114,00141356,,9770,7260,3,uint8,0.1,-0.1,25832,702972.0,6226336.0,702972.0,6225610.0,703949.0,6226336.0,709302.0
O2023_84_41_1_0114_00141359.tif,2023,84,84-41,1,0114,00141359,,9760,7270,3,uint8,0.1,-0.1,25832,702971.0,6226005.0,702971.0,6225278.0,703947.0,6226005.0,709552.0
O2023_84_41_1_0114_00141403.tif,2023,84,84-41,1,0114,00141403,,9780,7270,3,uint8,0.1,-0.1,25832,702968.0,6225674.0,702968.0,6224947.0,703946.0,6225674.0,711006.0
O2023_84_41_1_0114_00141406.tif,2023,84,84-41,1,0114,00141406,,9780,7270,3,uint8,0.1,-0.1,25832,702966.0,6225341.0,702966.0,6224614.0,703944.0,6225341.0,711006.0
O2023_84_41_1_0114_00141410.tif,2023,84,84-41,1,0114,00141410,,9780,7270,3,uint8,0.1,-0.1,25832,702964.0,6225007.0,702964.0,6224280.0,703942.0,6225007.0,711006.0
O2023_84_41_1_0114_00141414.tif,2023,84,84-41,1,0114,00141414,,9780,7280,3,uint8,0.1,-0.1,25832,702964.0,6224673.0,702964.0,6223945.0,703942.0,6224673.0,711984.0
O2023_84_41_1_0114_00141417.tif,2023,84,84-41,1,0114,00141417,,9780,7280,3,uint8,0.1,-0.1,25832,702964.0,6224339.0,702964.0,6223611.0,703942.0,6224339.0,711984.0
O2023_84_41_1_0114_00141421.tif,2023,84,84-41,1,0114,00141421,,9780,7270,3,uint8,0.1,-0.1,25832,702966.0,6224004.0,702966.0,6223277.0,703944.0,6224004.0,711006.0
O2023_84_41_1_0114_00141425.tif,2023,84,84-41,1,0114,00141425,,9770,7270,3,uint8,0.1,-0.1,25832,702969.0,6223671.0,702969.0,6222944.0,703946.0,6223671.0,710279.0
O2023_84_41_1_0114_00141428.tif,2023,84,84-41,1,0114,00141428,,9780,7280,3,uint8,0.1,-0.1,25832,702972.0,6223336.0,702972.0,6222608.0,703950.0,6223336.0,711984.0
O2023_84_41_1_0114_00141432.tif,2023,84,84-41,1,0114,00141432,,9780,7270,3,uint8,0.1,-0.1,25832,702977.0,6223001.0,702977.0,6222274.0,703955.0,6223001.0,711006.0
O2023_84_41_1_0115_00143928.tif,2023,84,84-41,1,0115,00143928,,9770,7280,3,uint8,0.1,-0.1,25832,703712.0,6223261.0,703712.0,6222533.0,704689.0,6223261.0,711256.0
O2023_84_41_1_0115_00143932.tif,2023,84,84-41,1,0115,00143932,,9770,7280,3,uint8,0.1,-0.1,25832,703711.0,6223597.0,703711.0,6222869.0,704688.0,6223597.0,711256.0
O2023_84_41_1_0115_00143935.tif,2023,84,84-41,1,0115,00143935,,9760,7270,3,uint8,0.1,-0.1,25832,703712.0,6223930.0,703712.0,6223203.0,704688.0,6223930.0,709552.0
O2023_84_41_1_0115_00143938.tif,2023,84,84-41,1,0115,00143938,,9770,7280,3,uint8,0.1,-0.1,25832,703714.0,6224265.0,703714.0,6223537.0,704691.0,6224265.0,711256.0
O2023_84_41_1_0115_00143942.tif,2023,84,84-41,1,0115,00143942,,9770,7280,3,uint8,0.1,-0.1,25832,703717.0,6224600.0,703717.0,6223872.0,704694.0,6224600.0,711256.0
O2023_84_41_1_0115_00143945.tif,2023,84,84-41,1,0115,00143945,,9770,7280,3,uint8,0.1,-0.1,25832,703722.0,6224934.0,703722.0,6224206.0,704699.0,6224934.0,711256.0
O2023_84_41_1_0115_00143948.tif,2023,84,84-41,1,0115,00143948,,9760,7280,3,uint8,0.1,-0.1,25832,703727.0,6225266.0,703727.0,6224538.0,704703.0,6225266.0,710528.0
O2023_84_41_1_0115_00143952.tif,2023,84,84-41,1,0115,00143952,,9760,7280,3,uint8,0.1,-0.1,25832,703729.0,6225600.0,703729.0,6224872.0,704705.0,6225600.0,710528.0
O2023_84_41_1_0115_00143955.tif,2023,84,84-41,1,0115,00143955,,9760,7270,3,uint8,0.1,-0.1,25832,703730.0,6225931.0,703730.0,6225204.0,704706.0,6225931.0,709552.0
O2023_84_41_1_0115_00143958.tif,2023,84,84-41,1,0115,00143958,,9760,7280,3,uint8,0.1,-0.1,25832,703731.0,6226270.0,703731.0,6225542.0,704707.0,6226270.0,710528.0
O2023_84_41_1_0115_00144002.tif,2023,84,84-41,1,0115,00144002,,9760,7270,3,uint8,0.1,-0.1,25832,703731.0,6226613.0,703731.0,6225886.0,704707.0,6226613.0,709552.0
O2023_84_41_1_0115_00144005.tif,2023,84,84-41,1,0115,00144005,,9770,7290,3,uint8,0.1,-0.1,25832,703732.0,6226954.0,703732.0,6226225.0,704709.0,6226954.0,712233.0
O2023_84_41_1_0115_00144009.tif,2023,84,84-41,1,0115,00144009,,9770,7280,3,uint8,0.1,-0.1,25832,703731.0,6227294.0,703731.0,6226566.0,704708.0,6227294.0,711256.0
O2023_84_41_1_0115_00144012.tif,2023,84,84-41,1,0115,00144012,,9750,7270,3,uint8,0.1,-0.1,25832,703733.0,6227634.0,703733.0,6226907.0,704708.0,6227634.0,708825.0
O2023_84_41_1_0116_00144453.tif,2023,84,84-41,1,0116,00144453,,9750,7260,3,uint8,0.1,-0.1,25832,704487.0,6227602.0,704487.0,6226876.0,705462.0,6227602.0,707850.0
O2023_84_41_1_0116_00144457.tif,2023,84,84-41,1,0116,00144457,,9760,7260,3,uint8,0.1,-0.1,25832,704478.0,6227268.0,704478.0,6226542.0,705454.0,6227268.0,708576.0
O2023_84_41_1_0116_00144501.tif,2023,84,84-41,1,0116,00144501,,9760,7260,3,uint8,0.1,-0.1,25832,704470.0,6226935.0,704470.0,6226209.0,705446.0,6226935.0,708576.0
O2023_84_41_1_0116_00144504.tif,2023,84,84-41,1,0116,00144504,,9770,7270,3,uint8,0.1,-0.1,25832,704464.0,6226599.0,704464.0,6225872.0,705441.0,6226599.0,710279.0
O2023_84_41_1_0116_00144508.tif,2023,84,84-41,1,0116,00144508,,9770,7270,3,uint8,0.1,-0.1,25832,704458.0,6226265.0,704458.0,6225538.0,705435.0,6226265.0,710279.0
O2023_84_41_1_0116_00144512.tif,2023,84,84-41,1,0116,00144512,,9770,7270,3,uint8,0.1,-0.1,25832,704456.0,6225930.0,704456.0,6225203.0,705433.0,6225930.0,710279.0
O2023_84_41_1_0116_00144515.tif,2023,84,84-41,1,0116,00144515,,9760,7270,3,uint8,0.1,-0.1,25832,704458.0,6225595.0,704458.0,6224868.0,705434.0,6225595.0,709552.0
O2023_84_41_1_0116_00144519.tif,2023,84,84-41,1,0116,00144519,,9760,7260,3,uint8,0.1,-0.1,25832,704464.0,6225259.0,704464.0,6224533.0,705440.0,6225259.0,708576.0
O2023_84_41_1_0116_00144523.tif,2023,84,84-41,1,0116,00144523,,9760,7260,3,uint8,0.1,-0.1,25832,704472.0,6224925.0,704472.0,6224199.0,705448.0,6224925.0,708576.0
O2023_84_41_1_0116_00144526.tif,2023,84,84-41,1,0116,00144526,,9760,7270,3,uint8,0.1,-0.1,25832,704482.0,6224589.0,704482.0,6223862.0,705458.0,6224589.0,709552.0
O2023_84_41_1_0116_00144530.tif,2023,84,84-41,1,0116,00144530,,9770,7270,3,uint8,0.1,-0.1,25832,704489.0,6224254.0,704489.0,6223527.0,705466.0,6224254.0,710279.0
O2023_84_41_1_0116_00144534.tif,2023,84,84-41,1,0116,00144534,,9770,7270,3,uint8,0.1,-0.1,25832,704494.0,6223918.0,704494.0,6223191.0,705471.0,6223918.0,710279.0
O2023_84_41_1_0116_00144538.tif,2023,84,84-41,1,0116,00144538,,9780,7270,3,uint8,0.1,-0.1,25832,704495.0,6223583.0,704495.0,6222856.0,705473.0,6223583.0,711006.0
O2023_84_41_1_0116_00144541.tif,2023,84,84-41,1,0116,00144541,,9780,7260,3,uint8,0.1,-0.1,25832,704495.0,6223247.0,704495.0,6222521.0,705473.0,6223247.0,710028.0
O2023_84_41_1_0117_00150857.tif,2023,84,84-41,1,0117,00150857,,9750,7270,3,uint8,0.1,-0.1,25832,705222.0,6223062.0,705222.0,6222335.0,706197.0,6223062.0,708825.0
O2023_84_41_1_0117_00150900.tif,2023,84,84-41,1,0117,00150900,,9750,7270,3,uint8,0.1,-0.1,25832,705223.0,6223396.0,705223.0,6222669.0,706198.0,6223396.0,708825.0
O2023_84_41_1_0117_00150903.tif,2023,84,84-41,1,0117,00150903,,9750,7280,3,uint8,0.1,-0.1,25832,705225.0,6223731.0,705225.0,6223003.0,706200.0,6223731.0,709800.0
O2023_84_41_1_0117_00150907.tif,2023,84,84-41,1,0117,00150907,,9760,7280,3,uint8,0.1,-0.1,25832,705227.0,6224065.0,705227.0,6223337.0,706203.0,6224065.0,710528.0
O2023_84_41_1_0117_00150910.tif,2023,84,84-41,1,0117,00150910,,9760,7280,3,uint8,0.1,-0.1,25832,705229.0,6224398.0,705229.0,6223670.0,706205.0,6224398.0,710528.0
O2023_84_41_1_0117_00150913.tif,2023,84,84-41,1,0117,00150913,,9760,7280,3,uint8,0.1,-0.1,25832,705232.0,6224733.0,705232.0,6224005.0,706208.0,6224733.0,710528.0
O2023_84_41_1_0117_00150916.tif,2023,84,84-41,1,0117,00150916,,9750,7270,3,uint8,0.1,-0.1,25832,705236.0,6225066.0,705236.0,6224339.0,706211.0,6225066.0,708825.0
O2023_84_41_1_0117_00150919.tif,2023,84,84-41,1,0117,00150919,,9750,7270,3,uint8,0.1,-0.1,25832,705237.0,6225401.0,705237.0,6224674.0,706212.0,6225401.0,708825.0
O2023_84_41_1_0117_00150922.tif,2023,84,84-41,1,0117,00150922,,9740,7260,3,uint8,0.1,-0.1,25832,705237.0,6225735.0,705237.0,6225009.0,706211.0,6225735.0,707124.0
O2023_84_41_1_0117_00150925.tif,2023,84,84-41,1,0117,00150925,,9740,7260,3,uint8,0.1,-0.1,25832,705236.0,6226069.0,705236.0,6225343.0,706210.0,6226069.0,707124.0
O2023_84_41_1_0117_00150928.tif,2023,84,84-41,1,0117,00150928,,9750,7260,3,uint8,0.1,-0.1,25832,705234.0,6226402.0,705234.0,6225676.0,706209.0,6226402.0,707850.0
O2023_84_41_1_0117_00150931.tif,2023,84,84-41,1,0117,00150931,,9740,7260,3,uint8,0.1,-0.1,25832,705234.0,6226735.0,705234.0,6226009.0,706208.0,6226735.0,707124.0
O2023_84_41_1_0117_00150935.tif,2023,84,84-41,1,0117,00150935,,9750,7280,3,uint8,0.1,-0.1,25832,705235.0,6227070.0,705235.0,6226342.0,706210.0,6227070.0,709800.0
O2023_84_41_1_0117_00150938.tif,2023,84,84-41,1,0117,00150938,,9760,7280,3,uint8,0.1,-0.1,25832,705237.0,6227403.0,705237.0,6226675.0,706213.0,6227403.0,710528.0
O2023_84_41_1_0117_00150941.tif,2023,84,84-41,1,0117,00150941,,9760,7270,3,uint8,0.1,-0.1,25832,705241.0,6227738.0,705241.0,6227011.0,706217.0,6227738.0,709552.0
O2023_84_41_1_0118_00151348.tif,2023,84,84-41,1,0118,00151348,,9800,7290,3,uint8,0.1,-0.1,25832,705960.0,6227548.0,705960.0,6226819.0,706940.0,6227548.0,714420.0
O2023_84_41_1_0118_00151351.tif,2023,84,84-41,1,0118,00151351,,9800,7290,3,uint8,0.1,-0.1,25832,705962.0,6227207.0,705962.0,6226478.0,706942.0,6227207.0,714420.0
O2023_84_41_1_0118_00151355.tif,2023,84,84-41,1,0118,00151355,,9800,7300,3,uint8,0.1,-0.1,25832,705965.0,6226866.0,705965.0,6226136.0,706945.0,6226866.0,715400.0
O2023_84_41_1_0118_00151358.tif,2023,84,84-41,1,0118,00151358,,9810,7300,3,uint8,0.1,-0.1,25832,705968.0,6226527.0,705968.0,6225797.0,706949.0,6226527.0,716130.0
O2023_84_41_1_0118_00151402.tif,2023,84,84-41,1,0118,00151402,,9810,7300,3,uint8,0.1,-0.1,25832,705972.0,6226186.0,705972.0,6225456.0,706953.0,6226186.0,716130.0
O2023_84_41_1_0118_00151405.tif,2023,84,84-41,1,0118,00151405,,9810,7300,3,uint8,0.1,-0.1,25832,705976.0,6225845.0,705976.0,6225115.0,706957.0,6225845.0,716130.0
O2023_84_41_1_0118_00151409.tif,2023,84,84-41,1,0118,00151409,,9810,7300,3,uint8,0.1,-0.1,25832,705978.0,6225513.0,705978.0,6224783.0,706959.0,6225513.0,716130.0
O2023_84_41_1_0118_00151412.tif,2023,84,84-41,1,0118,00151412,,9800,7290,3,uint8,0.1,-0.1,25832,705979.0,6225180.0,705979.0,6224451.0,706959.0,6225180.0,714420.0
O2023_84_41_1_0118_00151415.tif,2023,84,84-41,1,0118,00151415,,9800,7290,3,uint8,0.1,-0.1,25832,705980.0,6224849.0,705980.0,6224120.0,706960.0,6224849.0,714420.0
O2023_84_41_1_0118_00151419.tif,2023,84,84-41,1,0118,00151419,,9800,7300,3,uint8,0.1,-0.1,25832,705981.0,6224518.0,705981.0,6223788.0,706961.0,6224518.0,715400.0
O2023_84_41_1_0118_00151422.tif,2023,84,84-41,1,0118,00151422,,9790,7290,3,uint8,0.1,-0.1,25832,705983.0,6224185.0,705983.0,6223456.0,706962.0,6224185.0,713691.0
O2023_84_41_1_0118_00151425.tif,2023,84,84-41,1,0118,00151425,,9780,7280,3,uint8,0.1,-0.1,25832,705982.0,6223852.0,705982.0,6223124.0,706960.0,6223852.0,711984.0
O2023_84_41_1_0118_00151429.tif,2023,84,84-41,1,0118,00151429,,9780,7270,3,uint8,0.1,-0.1,25832,705979.0,6223520.0,705979.0,6222793.0,706957.0,6223520.0,711006.0
O2023_84_41_1_0118_00151432.tif,2023,84,84-41,1,0118,00151432,,9780,7280,3,uint8,0.1,-0.1,25832,705976.0,6223188.0,705976.0,6222460.0,706954.0,6223188.0,711984.0
O2023_84_41_1_0118_00152135.tif,2023,84,84-41,1,0118,00152135,,9750,7230,3,uint8,0.1,-0.1,25832,705981.0,6180727.0,705981.0,6180004.0,706956.0,6180727.0,704925.0
O2023_84_41_1_0118_00152138.tif,2023,84,84-41,1,0118,00152138,,9750,7240,3,uint8,0.1,-0.1,25832,705981.0,6180397.0,705981.0,6179673.0,706956.0,6180397.0,705900.0
O2023_84_41_1_0118_00152142.tif,2023,84,84-41,1,0118,00152142,,9740,7240,3,uint8,0.1,-0.1,25832,705981.0,6180067.0,705981.0,6179343.0,706955.0,6180067.0,705176.0
O2023_84_41_1_0118_00152145.tif,2023,84,84-41,1,0118,00152145,,9750,7240,3,uint8,0.1,-0.1,25832,705980.0,6179738.0,705980.0,6179014.0,706955.0,6179738.0,705900.0
O2023_84_41_1_0119_00153053.tif,2023,84,84-41,1,0119,00153053,,9740,7240,3,uint8,0.1,-0.1,25832,706713.0,6179911.0,706713.0,6179187.0,707687.0,6179911.0,705176.0
O2023_84_41_1_0119_00153056.tif,2023,84,84-41,1,0119,00153056,,9740,7250,3,uint8,0.1,-0.1,25832,706714.0,6180241.0,706714.0,6179516.0,707688.0,6180241.0,706150.0
O2023_84_41_1_0119_00153059.tif,2023,84,84-41,1,0119,00153059,,9740,7260,3,uint8,0.1,-0.1,25832,706715.0,6180570.0,706715.0,6179844.0,707689.0,6180570.0,707124.0
O2023_84_41_1_0119_00153732.tif,2023,84,84-41,1,0119,00153732,,9770,7290,3,uint8,0.1,-0.1,25832,706713.0,6223219.0,706713.0,6222490.0,707690.0,6223219.0,712233.0
O2023_84_41_1_0119_00153735.tif,2023,84,84-41,1,0119,00153735,,9760,7290,3,uint8,0.1,-0.1,25832,706707.0,6223552.0,706707.0,6222823.0,707683.0,6223552.0,711504.0
O2023_84_41_1_0119_00153739.tif,2023,84,84-41,1,0119,00153739,,9770,7280,3,uint8,0.1,-0.1,25832,706701.0,6223880.0,706701.0,6223152.0,707678.0,6223880.0,711256.0
O2023_84_41_1_0119_00153742.tif,2023,84,84-41,1,0119,00153742,,9760,7280,3,uint8,0.1,-0.1,25832,706702.0,6224211.0,706702.0,6223483.0,707678.0,6224211.0,710528.0
O2023_84_41_1_0119_00153746.tif,2023,84,84-41,1,0119,00153746,,9760,7270,3,uint8,0.1,-0.1,25832,706708.0,6224542.0,706708.0,6223815.0,707684.0,6224542.0,709552.0
O2023_84_41_1_0119_00153749.tif,2023,84,84-41,1,0119,00153749,,9750,7270,3,uint8,0.1,-0.1,25832,706717.0,6224873.0,706717.0,6224146.0,707692.0,6224873.0,708825.0
O2023_84_41_1_0119_00153753.tif,2023,84,84-41,1,0119,00153753,,9760,7270,3,uint8,0.1,-0.1,25832,706721.0,6225204.0,706721.0,6224477.0,707697.0,6225204.0,709552.0
O2023_84_41_1_0119_00153756.tif,2023,84,84-41,1,0119,00153756,,9760,7280,3,uint8,0.1,-0.1,25832,706723.0,6225545.0,706723.0,6224817.0,707699.0,6225545.0,710528.0
O2023_84_41_1_0119_00153800.tif,2023,84,84-41,1,0119,00153800,,9760,7280,3,uint8,0.1,-0.1,25832,706725.0,6225886.0,706725.0,6225158.0,707701.0,6225886.0,710528.0
O2023_84_41_1_0119_00153804.tif,2023,84,84-41,1,0119,00153804,,9750,7270,3,uint8,0.1,-0.1,25832,706729.0,6226228.0,706729.0,6225501.0,707704.0,6226228.0,708825.0
O2023_84_41_1_0119_00153807.tif,2023,84,84-41,1,0119,00153807,,9750,7270,3,uint8,0.1,-0.1,25832,706731.0,6226568.0,706731.0,6225841.0,707706.0,6226568.0,708825.0
O2023_84_41_1_0119_00153811.tif,2023,84,84-41,1,0119,00153811,,9760,7270,3,uint8,0.1,-0.1,25832,706730.0,6226908.0,706730.0,6226181.0,707706.0,6226908.0,709552.0
O2023_84_41_1_0119_00153815.tif,2023,84,84-41,1,0119,00153815,,9760,7280,3,uint8,0.1,-0.1,25832,706729.0,6227249.0,706729.0,6226521.0,707705.0,6227249.0,710528.0
O2023_84_41_1_0119_00153818.tif,2023,84,84-41,1,0119,00153818,,9760,7280,3,uint8,0.1,-0.1,25832,706729.0,6227590.0,706729.0,6226862.0,707705.0,6227590.0,710528.0
O2023_84_41_1_0124_00164834.tif,2023,84,84-41,1,0124,00164834,,9750,7240,3,uint8,0.1,-0.1,25832,710404.0,6189629.0,710404.0,6188905.0,711379.0,6189629.0,705900.0
O2023_84_41_1_0124_00164837.tif,2023,84,84-41,1,0124,00164837,,9750,7250,3,uint8,0.1,-0.1,25832,710410.0,6189302.0,710410.0,6188577.0,711385.0,6189302.0,706875.0
O2023_84_41_1_0124_00164841.tif,2023,84,84-41,1,0124,00164841,,9760,7250,3,uint8,0.1,-0.1,25832,710415.0,6188978.0,710415.0,6188253.0,711391.0,6188978.0,707600.0
O2023_84_41_1_0124_00164844.tif,2023,84,84-41,1,0124,00164844,,9760,7250,3,uint8,0.1,-0.1,25832,710418.0,6188654.0,710418.0,6187929.0,711394.0,6188654.0,707600.0
O2023_84_41_1_0124_00164847.tif,2023,84,84-41,1,0124,00164847,,9750,7250,3,uint8,0.1,-0.1,25832,710420.0,6188328.0,710420.0,6187603.0,711395.0,6188328.0,706875.0
O2023_84_41_1_0124_00164851.tif,2023,84,84-41,1,0124,00164851,,9750,7250,3,uint8,0.1,-0.1,25832,710420.0,6188002.0,710420.0,6187277.0,711395.0,6188002.0,706875.0
O2023_84_41_1_0124_00164854.tif,2023,84,84-41,1,0124,00164854,,9750,7240,3,uint8,0.1,-0.1,25832,710420.0,6187676.0,710420.0,6186952.0,711395.0,6187676.0,705900.0
O2023_84_41_1_0124_00164857.tif,2023,84,84-41,1,0124,00164857,,9740,7240,3,uint8,0.1,-0.1,25832,710420.0,6187348.0,710420.0,6186624.0,711394.0,6187348.0,705176.0
O2023_84_41_1_0124_00164901.tif,2023,84,84-41,1,0124,00164901,,9740,7240,3,uint8,0.1,-0.1,25832,710419.0,6187023.0,710419.0,6186299.0,711393.0,6187023.0,705176.0
O2023_84_41_1_0124_00164904.tif,2023,84,84-41,1,0124,00164904,,9740,7240,3,uint8,0.1,-0.1,25832,710418.0,6186697.0,710418.0,6185973.0,711392.0,6186697.0,705176.0
O2023_84_41_1_0124_00164907.tif,2023,84,84-41,1,0124,00164907,,9750,7240,3,uint8,0.1,-0.1,25832,710417.0,6186369.0,710417.0,6185645.0,711392.0,6186369.0,705900.0
O2023_84_41_1_0124_00164911.tif,2023,84,84-41,1,0124,00164911,,9740,7240,3,uint8,0.1,-0.1,25832,710417.0,6186039.0,710417.0,6185315.0,711391.0,6186039.0,705176.0
O2023_84_41_1_0124_00164914.tif,2023,84,84-41,1,0124,00164914,,9740,7240,3,uint8,0.1,-0.1,25832,710416.0,6185711.0,710416.0,6184987.0,711390.0,6185711.0,705176.0
O2023_84_41_1_0124_00164918.tif,2023,84,84-41,1,0124,00164918,,9740,7240,3,uint8,0.1,-0.1,25832,710414.0,6185381.0,710414.0,6184657.0,711388.0,6185381.0,705176.0
O2023_84_41_1_0124_00164921.tif,2023,84,84-41,1,0124,00164921,,9750,7240,3,uint8,0.1,-0.1,25832,710413.0,6185053.0,710413.0,6184329.0,711388.0,6185053.0,705900.0
O2023_85_45_1_0024_00001565.tif,2023,85,85-45,1,0024,00001565,,9660,7280,3,uint8,0.1,-0.1,25832,653623.0,6146030.0,653623.0,6145302.0,654589.0,6146030.0,703248.0
O2023_85_45_1_0024_00001566.tif,2023,85,85-45,1,0024,00001566,,9700,7270,3,uint8,0.1,-0.1,25832,653608.0,6145862.0,653608.0,6145135.0,654578.0,6145862.0,705190.0
O2023_85_45_1_0024_00001567.tif,2023,85,85-45,1,0024,00001567,,9720,7300,3,uint8,0.1,-0.1,25832,653595.0,6145697.0,653595.0,6144967.0,654567.0,6145697.0,709560.0
O2023_85_45_1_0024_00001568.tif,2023,85,85-45,1,0024,00001568,,9760,7300,3,uint8,0.1,-0.1,25832,653587.0,6145537.0,653587.0,6144807.0,654563.0,6145537.0,712480.0
O2023_85_45_1_0024_00001569.tif,2023,85,85-45,1,0024,00001569,,9760,7340,3,uint8,0.1,-0.1,25832,653577.0,6145380.0,653577.0,6144646.0,654553.0,6145380.0,716384.0
O2023_85_45_1_0024_00001570.tif,2023,85,85-45,1,0024,00001570,,9770,7330,3,uint8,0.1,-0.1,25832,653570.0,6145218.0,653570.0,6144485.0,654547.0,6145218.0,716141.0
O2023_85_45_1_0024_00001571.tif,2023,85,85-45,1,0024,00001571,,9750,7360,3,uint8,0.1,-0.1,25832,653566.0,6145061.0,653566.0,6144325.0,654541.0,6145061.0,717600.0
O2023_85_45_1_0024_00001572.tif,2023,85,85-45,1,0024,00001572,,9730,7340,3,uint8,0.1,-0.1,25832,653622.0,6144951.0,653622.0,6144217.0,654595.0,6144951.0,714182.0
O2023_85_45_1_0024_00001573.tif,2023,85,85-45,1,0024,00001573,,9710,7300,3,uint8,0.1,-0.1,25832,653573.0,6144806.0,653573.0,6144076.0,654544.0,6144806.0,708830.0
O2023_85_45_1_0025_00001584.tif,2023,85,85-45,1,0025,00001584,,9950,7500,3,uint8,0.1,-0.1,25832,654290.0,6144807.0,654290.0,6144057.0,655285.0,6144807.0,746250.0
O2023_85_45_1_0025_00001585.tif,2023,85,85-45,1,0025,00001585,,9960,7500,3,uint8,0.1,-0.1,25832,654298.0,6144964.0,654298.0,6144214.0,655294.0,6144964.0,747000.0
O2023_85_45_1_0025_00001586.tif,2023,85,85-45,1,0025,00001586,,9900,7480,3,uint8,0.1,-0.1,25832,654129.0,6145055.0,654129.0,6144307.0,655119.0,6145055.0,740520.0
O2023_85_45_1_0025_00001587.tif,2023,85,85-45,1,0025,00001587,,9910,7460,3,uint8,0.1,-0.1,25832,654079.0,6145240.0,654079.0,6144494.0,655070.0,6145240.0,739286.0
O2023_85_45_1_0025_00001588.tif,2023,85,85-45,1,0025,00001588,,9880,7450,3,uint8,0.1,-0.1,25832,654094.0,6145393.0,654094.0,6144648.0,655082.0,6145393.0,736060.0
O2023_85_45_1_0025_00001589.tif,2023,85,85-45,1,0025,00001589,,9870,7440,3,uint8,0.1,-0.1,25832,654109.0,6145550.0,654109.0,6144806.0,655096.0,6145550.0,734328.0
O2023_85_45_1_0025_00001590.tif,2023,85,85-45,1,0025,00001590,,9860,7420,3,uint8,0.1,-0.1,25832,654125.0,6145708.0,654125.0,6144966.0,655111.0,6145708.0,731612.0
O2023_85_45_1_0025_00001591.tif,2023,85,85-45,1,0025,00001591,,9840,7420,3,uint8,0.1,-0.1,25832,654140.0,6145868.0,654140.0,6145126.0,655124.0,6145868.0,730128.0
O2023_85_45_1_0025_00001592.tif,2023,85,85-45,1,0025,00001592,,9810,7430,3,uint8,0.1,-0.1,25832,654159.0,6146030.0,654159.0,6145287.0,655140.0,6146030.0,728883.0
O2023_85_45_1_0025_00001593.tif,2023,85,85-45,1,0025,00001593,,9800,7420,3,uint8,0.1,-0.1,25832,654172.0,6146188.0,654172.0,6145446.0,655152.0,6146188.0,727160.0
O2023_85_45_1_0026_00002140.tif,2023,85,85-45,1,0026,00002140,,9780,7370,3,uint8,0.1,-0.1,25832,654793.0,6179809.0,654793.0,6179072.0,655771.0,6179809.0,720786.0
O2023_85_45_1_0026_00002141.tif,2023,85,85-45,1,0026,00002141,,9770,7370,3,uint8,0.1,-0.1,25832,654794.0,6179652.0,654794.0,6178915.0,655771.0,6179652.0,720049.0
O2023_85_45_1_0026_00002142.tif,2023,85,85-45,1,0026,00002142,,9780,7350,3,uint8,0.1,-0.1,25832,654795.0,6179492.0,654795.0,6178757.0,655773.0,6179492.0,718830.0
O2023_85_45_1_0026_00002143.tif,2023,85,85-45,1,0026,00002143,,9760,7380,3,uint8,0.1,-0.1,25832,654790.0,6179330.0,654790.0,6178592.0,655766.0,6179330.0,720288.0
O2023_85_45_1_0026_00002144.tif,2023,85,85-45,1,0026,00002144,,9770,7350,3,uint8,0.1,-0.1,25832,654788.0,6179167.0,654788.0,6178432.0,655765.0,6179167.0,718095.0
O2023_85_45_1_0026_00002145.tif,2023,85,85-45,1,0026,00002145,,9780,7370,3,uint8,0.1,-0.1,25832,654787.0,6179009.0,654787.0,6178272.0,655765.0,6179009.0,720786.0
O2023_85_45_1_0026_00002146.tif,2023,85,85-45,1,0026,00002146,,9790,7370,3,uint8,0.1,-0.1,25832,654782.0,6178849.0,654782.0,6178112.0,655761.0,6178849.0,721523.0
O2023_85_45_1_0026_00002147.tif,2023,85,85-45,1,0026,00002147,,9790,7390,3,uint8,0.1,-0.1,25832,654781.0,6178692.0,654781.0,6177953.0,655760.0,6178692.0,723481.0
O2023_85_45_1_0026_00002148.tif,2023,85,85-45,1,0026,00002148,,9810,7360,3,uint8,0.1,-0.1,25832,654781.0,6178531.0,654781.0,6177795.0,655762.0,6178531.0,722016.0
O2023_85_45_1_0026_00002149.tif,2023,85,85-45,1,0026,00002149,,9790,7400,3,uint8,0.1,-0.1,25832,654779.0,6178374.0,654779.0,6177634.0,655758.0,6178374.0,724460.0
O2023_85_45_1_0026_00002150.tif,2023,85,85-45,1,0026,00002150,,9790,7370,3,uint8,0.1,-0.1,25832,654783.0,6178213.0,654783.0,6177476.0,655762.0,6178213.0,721523.0
O2023_85_45_1_0026_00002351.tif,2023,85,85-45,1,0026,00002351,,9710,7330,3,uint8,0.1,-0.1,25832,654796.0,6146324.0,654796.0,6145591.0,655767.0,6146324.0,711743.0
O2023_85_45_1_0026_00002352.tif,2023,85,85-45,1,0026,00002352,,9690,7290,3,uint8,0.1,-0.1,25832,654793.0,6146166.0,654793.0,6145437.0,655762.0,6146166.0,706401.0
O2023_85_45_1_0026_00002353.tif,2023,85,85-45,1,0026,00002353,,9710,7300,3,uint8,0.1,-0.1,25832,654793.0,6146008.0,654793.0,6145278.0,655764.0,6146008.0,708830.0
O2023_85_45_1_0026_00002354.tif,2023,85,85-45,1,0026,00002354,,9730,7350,3,uint8,0.1,-0.1,25832,654794.0,6145846.0,654794.0,6145111.0,655767.0,6145846.0,715155.0
O2023_85_45_1_0026_00002355.tif,2023,85,85-45,1,0026,00002355,,9770,7330,3,uint8,0.1,-0.1,25832,654787.0,6145686.0,654787.0,6144953.0,655764.0,6145686.0,716141.0
O2023_85_45_1_0026_00002356.tif,2023,85,85-45,1,0026,00002356,,9770,7370,3,uint8,0.1,-0.1,25832,654787.0,6145525.0,654787.0,6144788.0,655764.0,6145525.0,720049.0
O2023_85_45_1_0026_00002357.tif,2023,85,85-45,1,0026,00002357,,9810,7370,3,uint8,0.1,-0.1,25832,654791.0,6145369.0,654791.0,6144632.0,655772.0,6145369.0,722997.0
O2023_85_45_1_0026_00002358.tif,2023,85,85-45,1,0026,00002358,,9780,7380,3,uint8,0.1,-0.1,25832,654789.0,6145210.0,654789.0,6144472.0,655767.0,6145210.0,721764.0
O2023_85_45_1_0026_00002359.tif,2023,85,85-45,1,0026,00002359,,9780,7330,3,uint8,0.1,-0.1,25832,654791.0,6145051.0,654791.0,6144318.0,655769.0,6145051.0,716874.0
O2023_85_45_1_0026_00002360.tif,2023,85,85-45,1,0026,00002360,,9730,7340,3,uint8,0.1,-0.1,25832,654794.0,6144893.0,654794.0,6144159.0,655767.0,6144893.0,714182.0
O2023_85_45_1_0026_00002361.tif,2023,85,85-45,1,0026,00002361,,9710,7330,3,uint8,0.1,-0.1,25832,654793.0,6144735.0,654793.0,6144002.0,655764.0,6144735.0,711743.0
O2023_85_45_1_0027_00002375.tif,2023,85,85-45,1,0027,00002375,,9900,7470,3,uint8,0.1,-0.1,25832,655401.0,6145241.0,655401.0,6144494.0,656391.0,6145241.0,739530.0
O2023_85_45_1_0027_00002376.tif,2023,85,85-45,1,0027,00002376,,9900,7460,3,uint8,0.1,-0.1,25832,655401.0,6145393.0,655401.0,6144647.0,656391.0,6145393.0,738540.0
O2023_85_45_1_0027_00002377.tif,2023,85,85-45,1,0027,00002377,,9890,7480,3,uint8,0.1,-0.1,25832,655410.0,6145547.0,655410.0,6144799.0,656399.0,6145547.0,739772.0
O2023_85_45_1_0027_00002378.tif,2023,85,85-45,1,0027,00002378,,9870,7460,3,uint8,0.1,-0.1,25832,655411.0,6145700.0,655411.0,6144954.0,656398.0,6145700.0,736302.0
O2023_85_45_1_0027_00002379.tif,2023,85,85-45,1,0027,00002379,,9870,7470,3,uint8,0.1,-0.1,25832,655414.0,6145854.0,655414.0,6145107.0,656401.0,6145854.0,737289.0
O2023_85_45_1_0027_00002380.tif,2023,85,85-45,1,0027,00002380,,9860,7470,3,uint8,0.1,-0.1,25832,655417.0,6146008.0,655417.0,6145261.0,656403.0,6146008.0,736542.0
O2023_85_45_1_0027_00002381.tif,2023,85,85-45,1,0027,00002381,,9890,7460,3,uint8,0.1,-0.1,25832,655426.0,6146168.0,655426.0,6145422.0,656415.0,6146168.0,737794.0
O2023_85_45_1_0027_00002382.tif,2023,85,85-45,1,0027,00002382,,9880,7470,3,uint8,0.1,-0.1,25832,655430.0,6146327.0,655430.0,6145580.0,656418.0,6146327.0,738036.0
O2023_85_45_1_0027_00002583.tif,2023,85,85-45,1,0027,00002583,,9790,7400,3,uint8,0.1,-0.1,25832,655427.0,6178244.0,655427.0,6177504.0,656406.0,6178244.0,724460.0
O2023_85_45_1_0027_00002584.tif,2023,85,85-45,1,0027,00002584,,9770,7400,3,uint8,0.1,-0.1,25832,655432.0,6178401.0,655432.0,6177661.0,656409.0,6178401.0,722980.0
O2023_85_45_1_0027_00002585.tif,2023,85,85-45,1,0027,00002585,,9770,7400,3,uint8,0.1,-0.1,25832,655433.0,6178560.0,655433.0,6177820.0,656410.0,6178560.0,722980.0
O2023_85_45_1_0027_00002586.tif,2023,85,85-45,1,0027,00002586,,9800,7390,3,uint8,0.1,-0.1,25832,655436.0,6178721.0,655436.0,6177982.0,656416.0,6178721.0,724220.0
O2023_85_45_1_0027_00002587.tif,2023,85,85-45,1,0027,00002587,,9810,7430,3,uint8,0.1,-0.1,25832,655437.0,6178883.0,655437.0,6178140.0,656418.0,6178883.0,728883.0
O2023_85_45_1_0027_00002588.tif,2023,85,85-45,1,0027,00002588,,9830,7430,3,uint8,0.1,-0.1,25832,655438.0,6179044.0,655438.0,6178301.0,656421.0,6179044.0,730369.0
O2023_85_45_1_0027_00002589.tif,2023,85,85-45,1,0027,00002589,,9840,7420,3,uint8,0.1,-0.1,25832,655433.0,6179202.0,655433.0,6178460.0,656417.0,6179202.0,730128.0
O2023_85_45_1_0027_00002590.tif,2023,85,85-45,1,0027,00002590,,9820,7410,3,uint8,0.1,-0.1,25832,655430.0,6179360.0,655430.0,6178619.0,656412.0,6179360.0,727662.0
O2023_85_45_1_0027_00002591.tif,2023,85,85-45,1,0027,00002591,,9790,7400,3,uint8,0.1,-0.1,25832,655427.0,6179521.0,655427.0,6178781.0,656406.0,6179521.0,724460.0
O2023_85_45_1_0027_00002592.tif,2023,85,85-45,1,0027,00002592,,9770,7390,3,uint8,0.1,-0.1,25832,655428.0,6179677.0,655428.0,6178938.0,656405.0,6179677.0,722003.0
O2023_85_45_1_0027_00002593.tif,2023,85,85-45,1,0027,00002593,,9750,7400,3,uint8,0.1,-0.1,25832,655428.0,6179831.0,655428.0,6179091.0,656403.0,6179831.0,721500.0
O2023_85_45_1_0028_00002921.tif,2023,85,85-45,1,0028,00002921,,9920,7470,3,uint8,0.1,-0.1,25832,655991.0,6179806.0,655991.0,6179059.0,656983.0,6179806.0,741024.0
O2023_85_45_1_0028_00002922.tif,2023,85,85-45,1,0028,00002922,,9920,7470,3,uint8,0.1,-0.1,25832,655986.0,6179646.0,655986.0,6178899.0,656978.0,6179646.0,741024.0
O2023_85_45_1_0028_00002923.tif,2023,85,85-45,1,0028,00002923,,9900,7510,3,uint8,0.1,-0.1,25832,655981.0,6179488.0,655981.0,6178737.0,656971.0,6179488.0,743490.0
O2023_85_45_1_0028_00002924.tif,2023,85,85-45,1,0028,00002924,,9890,7460,3,uint8,0.1,-0.1,25832,655983.0,6179329.0,655983.0,6178583.0,656972.0,6179329.0,737794.0
O2023_85_45_1_0028_00002925.tif,2023,85,85-45,1,0028,00002925,,9880,7410,3,uint8,0.1,-0.1,25832,655982.0,6179169.0,655982.0,6178428.0,656970.0,6179169.0,732108.0
O2023_85_45_1_0028_00002926.tif,2023,85,85-45,1,0028,00002926,,9850,7420,3,uint8,0.1,-0.1,25832,655985.0,6179013.0,655985.0,6178271.0,656970.0,6179013.0,730870.0
O2023_85_45_1_0028_00002927.tif,2023,85,85-45,1,0028,00002927,,9860,7400,3,uint8,0.1,-0.1,25832,655982.0,6178853.0,655982.0,6178113.0,656968.0,6178853.0,729640.0
O2023_85_45_1_0028_00002928.tif,2023,85,85-45,1,0028,00002928,,9850,7450,3,uint8,0.1,-0.1,25832,655988.0,6178696.0,655988.0,6177951.0,656973.0,6178696.0,733825.0
O2023_85_45_1_0028_00002929.tif,2023,85,85-45,1,0028,00002929,,9840,7450,3,uint8,0.1,-0.1,25832,655991.0,6178539.0,655991.0,6177794.0,656975.0,6178539.0,733080.0
O2023_85_45_1_0028_00002930.tif,2023,85,85-45,1,0028,00002930,,9880,7400,3,uint8,0.1,-0.1,25832,655986.0,6178377.0,655986.0,6177637.0,656974.0,6178377.0,731120.0
O2023_85_45_1_0028_00002931.tif,2023,85,85-45,1,0028,00002931,,9840,7450,3,uint8,0.1,-0.1,25832,655987.0,6178220.0,655987.0,6177475.0,656971.0,6178220.0,733080.0
O2023_85_45_1_0029_00003366.tif,2023,85,85-45,1,0029,00003366,,9710,7330,3,uint8,0.1,-0.1,25832,656595.0,6178534.0,656595.0,6177801.0,657566.0,6178534.0,711743.0
O2023_85_45_1_0029_00003367.tif,2023,85,85-45,1,0029,00003367,,9730,7360,3,uint8,0.1,-0.1,25832,656598.0,6178696.0,656598.0,6177960.0,657571.0,6178696.0,716128.0
O2023_85_45_1_0029_00003368.tif,2023,85,85-45,1,0029,00003368,,9730,7370,3,uint8,0.1,-0.1,25832,656602.0,6178858.0,656602.0,6178121.0,657575.0,6178858.0,717101.0
O2023_85_45_1_0029_00003369.tif,2023,85,85-45,1,0029,00003369,,9730,7360,3,uint8,0.1,-0.1,25832,656602.0,6179016.0,656602.0,6178280.0,657575.0,6179016.0,716128.0
O2023_85_45_1_0029_00003370.tif,2023,85,85-45,1,0029,00003370,,9720,7370,3,uint8,0.1,-0.1,25832,656607.0,6179175.0,656607.0,6178438.0,657579.0,6179175.0,716364.0
O2023_85_45_1_0029_00003371.tif,2023,85,85-45,1,0029,00003371,,9720,7370,3,uint8,0.1,-0.1,25832,656608.0,6179332.0,656608.0,6178595.0,657580.0,6179332.0,716364.0
O2023_85_45_1_0029_00003372.tif,2023,85,85-45,1,0029,00003372,,9730,7370,3,uint8,0.1,-0.1,25832,656611.0,6179491.0,656611.0,6178754.0,657584.0,6179491.0,717101.0
O2023_85_45_1_0029_00003373.tif,2023,85,85-45,1,0029,00003373,,9720,7380,3,uint8,0.1,-0.1,25832,656614.0,6179651.0,656614.0,6178913.0,657586.0,6179651.0,717336.0
O2023_85_45_1_0029_00003374.tif,2023,85,85-45,1,0029,00003374,,9710,7380,3,uint8,0.1,-0.1,25832,656615.0,6179814.0,656615.0,6179076.0,657586.0,6179814.0,716598.0
O2023_85_48_1_0051_00004421.tif,2023,85,85-48,1,0051,00004421,,9780,7460,3,uint8,0.1,-0.1,25832,653203.0,6145022.0,653203.0,6144276.0,654181.0,6145022.0,729588.0
O2023_85_48_1_0051_00004422.tif,2023,85,85-48,1,0051,00004422,,9770,7470,3,uint8,0.1,-0.1,25832,653204.0,6145176.0,653204.0,6144429.0,654181.0,6145176.0,729819.0
O2023_85_48_1_0051_00004423.tif,2023,85,85-48,1,0051,00004423,,9770,7460,3,uint8,0.1,-0.1,25832,653203.0,6145332.0,653203.0,6144586.0,654180.0,6145332.0,728842.0
O2023_85_48_1_0051_00004424.tif,2023,85,85-48,1,0051,00004424,,9760,7460,3,uint8,0.1,-0.1,25832,653203.0,6145489.0,653203.0,6144743.0,654179.0,6145489.0,728096.0
O2023_85_48_1_0051_00004425.tif,2023,85,85-48,1,0051,00004425,,9760,7450,3,uint8,0.1,-0.1,25832,653203.0,6145645.0,653203.0,6144900.0,654179.0,6145645.0,727120.0
O2023_85_48_1_0051_00004426.tif,2023,85,85-48,1,0051,00004426,,9750,7450,3,uint8,0.1,-0.1,25832,653204.0,6145802.0,653204.0,6145057.0,654179.0,6145802.0,726375.0
O2023_85_48_1_0051_00004427.tif,2023,85,85-48,1,0051,00004427,,9740,7450,3,uint8,0.1,-0.1,25832,653201.0,6145958.0,653201.0,6145213.0,654175.0,6145958.0,725630.0
O2023_85_48_1_0052_00000180.tif,2023,85,85-48,1,0052,00000180,,9790,7430,3,uint8,0.1,-0.1,25832,653805.0,6144867.0,653805.0,6144124.0,654784.0,6144867.0,727397.0
O2023_85_48_1_0052_00000181.tif,2023,85,85-48,1,0052,00000181,,9790,7440,3,uint8,0.1,-0.1,25832,653807.0,6145027.0,653807.0,6144283.0,654786.0,6145027.0,728376.0
O2023_85_48_1_0052_00000182.tif,2023,85,85-48,1,0052,00000182,,9790,7430,3,uint8,0.1,-0.1,25832,653809.0,6145180.0,653809.0,6144437.0,654788.0,6145180.0,727397.0
O2023_85_48_1_0052_00000183.tif,2023,85,85-48,1,0052,00000183,,9770,7450,3,uint8,0.1,-0.1,25832,653814.0,6145337.0,653814.0,6144592.0,654791.0,6145337.0,727865.0
O2023_85_48_1_0052_00000184.tif,2023,85,85-48,1,0052,00000184,,9770,7420,3,uint8,0.1,-0.1,25832,653816.0,6145490.0,653816.0,6144748.0,654793.0,6145490.0,724934.0
O2023_85_48_1_0052_00000185.tif,2023,85,85-48,1,0052,00000185,,9750,7420,3,uint8,0.1,-0.1,25832,653820.0,6145648.0,653820.0,6144906.0,654795.0,6145648.0,723450.0
O2023_85_48_1_0052_00000186.tif,2023,85,85-48,1,0052,00000186,,9740,7400,3,uint8,0.1,-0.1,25832,653821.0,6145803.0,653821.0,6145063.0,654795.0,6145803.0,720760.0
O2023_85_48_1_0052_00000187.tif,2023,85,85-48,1,0052,00000187,,9720,7400,3,uint8,0.1,-0.1,25832,653821.0,6145959.0,653821.0,6145219.0,654793.0,6145959.0,719280.0
O2023_85_48_1_0052_00000188.tif,2023,85,85-48,1,0052,00000188,,9720,7380,3,uint8,0.1,-0.1,25832,653822.0,6146114.0,653822.0,6145376.0,654794.0,6146114.0,717336.0
O2023_85_48_1_0053_00000194.tif,2023,85,85-48,1,0053,00000194,,9760,7420,3,uint8,0.1,-0.1,25832,654420.0,6146271.0,654420.0,6145529.0,655396.0,6146271.0,724192.0
O2023_85_48_1_0053_00000195.tif,2023,85,85-48,1,0053,00000195,,9780,7430,3,uint8,0.1,-0.1,25832,654421.0,6146100.0,654421.0,6145357.0,655399.0,6146100.0,726654.0
O2023_85_48_1_0053_00000196.tif,2023,85,85-48,1,0053,00000196,,9790,7450,3,uint8,0.1,-0.1,25832,654422.0,6145933.0,654422.0,6145188.0,655401.0,6145933.0,729355.0
O2023_85_48_1_0053_00000197.tif,2023,85,85-48,1,0053,00000197,,9790,7440,3,uint8,0.1,-0.1,25832,654419.0,6145772.0,654419.0,6145028.0,655398.0,6145772.0,728376.0
O2023_85_48_1_0053_00000198.tif,2023,85,85-48,1,0053,00000198,,9780,7430,3,uint8,0.1,-0.1,25832,654423.0,6145616.0,654423.0,6144873.0,655401.0,6145616.0,726654.0
O2023_85_48_1_0053_00000199.tif,2023,85,85-48,1,0053,00000199,,9770,7440,3,uint8,0.1,-0.1,25832,654424.0,6145457.0,654424.0,6144713.0,655401.0,6145457.0,726888.0
O2023_85_48_1_0053_00000200.tif,2023,85,85-48,1,0053,00000200,,9780,7420,3,uint8,0.1,-0.1,25832,654423.0,6145297.0,654423.0,6144555.0,655401.0,6145297.0,725676.0
O2023_85_48_1_0053_00000201.tif,2023,85,85-48,1,0053,00000201,,9770,7430,3,uint8,0.1,-0.1,25832,654423.0,6145140.0,654423.0,6144397.0,655400.0,6145140.0,725911.0
O2023_85_48_1_0053_00000202.tif,2023,85,85-48,1,0053,00000202,,9790,7450,3,uint8,0.1,-0.1,25832,654419.0,6144983.0,654419.0,6144238.0,655398.0,6144983.0,729355.0
O2023_85_48_1_0053_00000203.tif,2023,85,85-48,1,0053,00000203,,9790,7460,3,uint8,0.1,-0.1,25832,654423.0,6144826.0,654423.0,6144080.0,655402.0,6144826.0,730334.0
O2023_85_48_1_0054_00000555.tif,2023,85,85-48,1,0054,00000555,,9730,7460,3,uint8,0.1,-0.1,25832,655021.0,6144710.0,655021.0,6143964.0,655994.0,6144710.0,725858.0
O2023_85_48_1_0054_00000556.tif,2023,85,85-48,1,0054,00000556,,9740,7450,3,uint8,0.1,-0.1,25832,655021.0,6144870.0,655021.0,6144125.0,655995.0,6144870.0,725630.0
O2023_85_48_1_0054_00000557.tif,2023,85,85-48,1,0054,00000557,,9720,7460,3,uint8,0.1,-0.1,25832,655022.0,6145028.0,655022.0,6144282.0,655994.0,6145028.0,725112.0
O2023_85_48_1_0054_00000558.tif,2023,85,85-48,1,0054,00000558,,9730,7440,3,uint8,0.1,-0.1,25832,655022.0,6145183.0,655022.0,6144439.0,655995.0,6145183.0,723912.0
O2023_85_48_1_0054_00000559.tif,2023,85,85-48,1,0054,00000559,,9720,7440,3,uint8,0.1,-0.1,25832,655026.0,6145342.0,655026.0,6144598.0,655998.0,6145342.0,723168.0
O2023_85_48_1_0054_00000560.tif,2023,85,85-48,1,0054,00000560,,9720,7430,3,uint8,0.1,-0.1,25832,655028.0,6145502.0,655028.0,6144759.0,656000.0,6145502.0,722196.0
O2023_85_48_1_0054_00000561.tif,2023,85,85-48,1,0054,00000561,,9720,7450,3,uint8,0.1,-0.1,25832,655031.0,6145663.0,655031.0,6144918.0,656003.0,6145663.0,724140.0
O2023_85_48_1_0054_00000562.tif,2023,85,85-48,1,0054,00000562,,9720,7450,3,uint8,0.1,-0.1,25832,655033.0,6145820.0,655033.0,6145075.0,656005.0,6145820.0,724140.0
O2023_85_48_1_0054_00000563.tif,2023,85,85-48,1,0054,00000563,,9720,7450,3,uint8,0.1,-0.1,25832,655036.0,6145978.0,655036.0,6145233.0,656008.0,6145978.0,724140.0
O2023_85_48_1_0054_00000564.tif,2023,85,85-48,1,0054,00000564,,9720,7440,3,uint8,0.1,-0.1,25832,655039.0,6146134.0,655039.0,6145390.0,656011.0,6146134.0,723168.0
O2023_85_48_1_0054_00000565.tif,2023,85,85-48,1,0054,00000565,,9710,7450,3,uint8,0.1,-0.1,25832,655041.0,6146293.0,655041.0,6145548.0,656012.0,6146293.0,723395.0
